Ticker,mean,std,Return,Risk,sharpe,beta,Volatility,Follows Market Direction ?,Name
BLFT11.SA,0.011144175393836098,0.0007757190105688715,14.22,0.003,14.366252782258805,0.0045469601868696145,0.005,Yes,BL03 Fundo Invest Financeiro
LLFT11.SA,0.011096912985095131,0.0008078155168371877,14.16,0.003,13.736939627679465,-0.0018740646343296113,0.002,No,BTG PACTUAL TEVA TESOURO SELIC FUNDO DE ÍNDICE
GLFT11.SA,0.0110883683782891,0.0008138128956314219,14.15,0.003,13.625206036684693,0.004504436841734717,0.005,Yes,Galapagos Teva Tesouro Selic Fundo De Indice
NLFA11.SA,0.011756052085701487,0.0008875285415511915,15.06,0.003,13.245829892022028,,,,NU LETRAS FINANCEIRAS ANBIMA CLASSE DE ÍNDICE - RESPONSABILIDADE LIMITADA
LFTI11.SA,0.011000370839950866,0.0008373976011697711,14.03,0.003,13.136377301038731,0.031924320750918445,0.032,Yes,IT NOW TEVA TESOURO SELIC FUNDO DE ÍNDICE RESPONSABILIDADE LIMITADA
NCDI11.SA,0.011182877206548734,0.0008825314863756835,14.28,0.003,12.671363434831957,0.0033061187140331284,0.003,Yes,Nu Cdi Tesouro Selic B3 Classe De Indice - Responsabilidade Limitada
GSRF11.SA,0.014727789025921553,0.0012255812800557337,19.18,0.004,12.01698268861597,0.007660895710723841,0.008,Yes,GALAPAGOS SP SURF FUNDO DE INVESTIMENTO IMOBILIÁRIO RESPONSABILIDADE LIMITADA
LFTX11.SA,0.01116976439302769,0.0009613339148466402,14.26,0.003,11.619026667554513,-0.003714016472099695,0.004,No,Trend Etf B3 Tesouro Selic Fundo De Indice - Responsabilidade Limitada
LFIN11.SA,0.011535257801710152,0.001023668388935377,14.76,0.004,11.26854939196365,0.013097089833985364,0.013,Yes,BTG PACTUAL TEVA LETRAS FINANCEIRAS DI QUALIDADE FUNDO DE ÍNDICE
LFIX11.SA,0.011576887303998779,0.0011493953031591984,14.81,0.004,10.072154699239542,0.011737069418873008,0.012,Yes,INVESTO V8 LETRA FINANCEIRA S1 DI B3 FUNDO DE ÍNDICE
RZLC11.SA,0.011760952737424151,0.0016161712299527064,15.06,0.006,7.277046218529895,0.010048243537147047,0.01,Yes,Riza Lecci Fundo De Investimento Imobiliario Responsabilidade
HOMS11.SA,0.010840948004999781,0.0015531799325607368,13.81,0.005,6.979840376334407,-0.015701995317393053,0.016,No,Fundo De Investimento Imobiliario Rooftop Iii Responsabilidade Limitada
CDIB11.SA,0.012019711479314384,0.0017829382739387996,15.42,0.006,6.741518567976497,,,,IT NOW TEVA ITBR SELIC IPCA TARGET 800 FUNDO DE ÍNDICE - RESP LIMITADA
LFTS11.SA,0.010182925933980845,0.0015768725264495133,12.93,0.005,6.45767223613739,0.0020972045426102337,0.002,Yes,INVESTO TEVA TESOURO SELIC ETF CLASSE DE ÍNDICE - RESPONSABILIDADE LIMITADA
ISET11.SA,0.011103207189951829,0.0021082211875335815,14.17,0.007,5.266623471772204,0.019852313418694076,0.02,Yes,Itaú Isento Setembro 28 Fundo De Investimento Em Cotas De Fiif Em Infra Rf Resp Limitada
ISNN11.SA,0.010102786849956868,0.0019229628214529413,12.82,0.007,5.253760882554901,-0.041167789645391986,0.041,No,Itau Isento Julho 28 Fic De Fundos Incentivados De Inv Financeiro Em Infra Rf Resp Limitada
MARG11.SA,0.012096661466723892,0.002308486402525627,15.52,0.008,5.240083482185295,0.01112608044399088,0.011,Yes,BTG PACTUAL MARGEM DEBÊNTURES ULTRA QUALIDADE DI B3 FUNDO DE ÍNDICE
LFTB11.SA,0.010722353568023485,0.0020701618014162563,13.65,0.007,5.179476097321484,0.026876862840690033,0.027,Yes,INVESTO ETF MARKETVECTOR BRAZIL TREASURY 760 DAY TARGET DURATION CLASSE DE ÍNDICE - RESP LIMITADA
PMRL11.SA,0.011934100340695405,0.002633783779561779,15.3,0.009,4.531161757963691,-0.03672402562561606,0.037,No,Permuta Residencial Fundo De Investimento Imobiliario Responsabilidade Limitada
ISNT11.SA,0.011025033518787386,0.0024636205835158877,14.06,0.009,4.4751345205329125,-0.016849044439514297,0.017,No,Itau Isento Marco 28 Fundo De Investimento E Cotas D F I D I Financeiro Em Infraestrutura Renda Fixa
GFDL11.SA,0.010139764155336304,0.0023360324255491515,12.87,0.008,4.340592212863938,-0.034457921763503194,0.034,No,Galapagos Feeder Desenvolvimento Logístico Fundo De Investimento Imobiliario Responsabilidade Ltd.
AUPO11.SA,0.01024847213743583,0.0023813173030373972,13.02,0.008,4.303698681550664,0.018169335638174033,0.018,Yes,BTG PACTUAL TEVA AUVP ITBR LIQUIDEZ FUNDO DE ÍNDICE
DEBB11.SA,0.011066982325961951,0.0026547019883387626,14.12,0.009,4.168822856416873,0.002964370323522563,0.003,Yes,BTG PACTUAL TEVA DEBÊNTURES DI FUNDO DE ÍNDICE
AFHF11.SA,0.013692732491312691,0.0036238777017830624,17.73,0.013,3.778475328948169,-0.016537579937978792,0.017,No,AF Invest Real Estate Multiestrategia Fundo De Investimento Imobiliario Responsabilidade Limitada
LTBX11.SA,0.010559614560359538,0.002865899124133058,13.43,0.01,3.684573009370611,0.04053294557371518,0.041,Yes,TREND ETF TEVA ITBR SELIC TARGET 760 CLASSE DE ÍNDICE - RESPONSABILIDADE LIMITADA
CCVA11.SA,0.005404870859170892,0.001600927083895904,6.68,0.006,3.3760880889203135,0.007689189952548466,0.008,Yes,Canuma Capital Renda Varejo Fundo De Investimento Imobiliario Responsabilidade Limitada
EIRA11.SA,0.011275045571981885,0.003603951190228259,14.4,0.012,3.1285233835999233,0.005346032298779932,0.005,Yes,Aroeira Fundo De Investimento Imobiliario Responsabilidade Limitada
EGDB11.SA,0.009716243039024115,0.0032059441297248633,12.3,0.011,3.0306963084406497,-0.019403516544484477,0.019,No,Fundo De Investimento Imobiliario De Desenvolvimento De Escritorios Boutique Res Limitada
POSB11.SA,0.011552161334381007,0.0038604476812668528,14.78,0.013,2.9924408483603706,0.0378596751614904,0.038,Yes,GALAPAGOS TEVA TESOURO SELIC & IPCA+ FUNDO DE ÍNDICE
COLO39.SA,0.07484810392444509,0.02587957419134295,137.77,0.09,2.8921690662701374,-0.5629162194695487,0.563,No,Global X Funds - Global X MSCI Colombia ETF
HGBR11.SA,0.009565527417861867,0.0034595272879521643,12.1,0.012,2.764981057144398,-0.009661258344148818,0.01,No,Nu Iboxx Investment Grade Hedge Carry Brl Classe De Índice Investimento No Exterior - RL
GCDL11.SA,0.009776926273758247,0.00359975414050343,12.38,0.012,2.715998341039739,-0.015405199357117736,0.015,No,Galapagos Desenvolvimento Logistico Fundo De Investimento Imobiliario Responsabilidade Limitada
GLPF11.SA,0.011925689343048955,0.004404369129506956,15.29,0.015,2.7076952436055164,0.005477084352821572,0.005,Yes,Galapagos Feeder Logistico Fundo De Investimento ImobiliãRio Responsabilidade Limitada
E2NO34.SA,0.062283189487147464,0.023044519373268426,106.48,0.08,2.7027332824044827,,,,Enovis Corporation
HYBR11.SA,0.00969066914470048,0.0037026842443663916,12.27,0.013,2.6172010641860064,-0.02287264825778421,0.023,No,Nu Iboxx High Yield Hedge Carry Brl Classe De Indice Investimento No Exterior- Resp Limitada
3PRE11.SA,0.009615902799045305,0.003785568234213611,12.17,0.013,2.5401477939659562,,,,GALAPAGOS TEVA TESOURO PRÉ FIXADO 3 ANOS FUNDO DE ÍNDICE
BOL511.SA,0.01041478580063829,0.0041191705450950395,13.24,0.014,2.52836965273017,0.02588735748869623,0.026,Yes,B-Index ETF Ima-B 5 P2 Fundo de Indice - Responsabilidade Limitada
PACC11.SA,0.010637698223099089,0.004232647943249895,13.54,0.015,2.5132490029235206,0.029495691836049654,0.029,Yes,BTG PACTUAL IMA-B 5 P2 FUNDO DE ÍNDICE
SFIX11.SA,0.010134624729937857,0.004041005230895429,12.86,0.014,2.5079464516536074,0.030116397321280318,0.03,Yes,Btg Pactual Teva Itbr Ipca 95-5 Fundo De Indice
GICP11.SA,0.010994136900384914,0.004951241424828927,14.02,0.017,2.22048087682672,-0.012253105139162172,0.012,No,Genial Teva Debentures Di Quality High Beta Fundo De Indice
DUOL34.SA,0.1019262107371695,0.04655265092375441,220.5,0.161,2.1894824186082955,1.6744413702987002,1.674,Yes,"Duolingo, Inc."
F2RS34.SA,0.16426513517162075,0.07685196327618803,520.33,0.266,2.1374227562839243,-1.8730404784808905,1.873,No,Freshworks Inc.
MAGM11.SA,0.010027082098543283,0.004692698297229953,12.72,0.016,2.1367412655661577,-0.016804935380848603,0.017,No,Mag Multiestrategia Classe De Investimento Imobiliario Responsabilidade Limitada
BGLC39.SA,0.029908604538763955,0.014538845852348523,42.42,0.05,2.0571512238664176,,,,BlackRock Institutional Trust Co NA
BISE11.SA,0.007968070709481584,0.003873718029896286,9.99,0.013,2.0569568171937695,0.10078446500750818,0.101,Yes,Bradesco Isento 2031 Fundo De Investimento Em Cotas De Fundos Incentivados De Inv Em Inf Re Fi R L
XETH11.SA,0.26198336583124804,0.12981085617547375,1531.71,0.45,2.0181930352351127,,,,TREND ETF BLOOMBERG ETHEREUM CLASSE DE ÍNDICE - RESPONSABILIDADE LIMITADA
N2ET34.SA,0.11962963461288581,0.06177275815756754,288.05,0.214,1.9366082749249953,-0.8100244770128596,0.81,No,"Cloudflare, Inc."
BECH39.SA,0.014704246824868173,0.008003119863927039,19.14,0.028,1.8373143317702314,,,,BlackRock Institutional Trust Co NA
CAUT11.SA,0.01287821306061408,0.007170174199088458,16.6,0.025,1.7960809184038071,0.03704040104401285,0.037,Yes,Smrt11 Fundo De Investimento Em Cotas De Fundo De Investimento Em Direitos Creditorios
V2RN34.SA,0.1566536974188171,0.08724695092142726,473.38,0.302,1.795520597159849,-0.5177719477262731,0.518,No,"Varonis Systems, Inc."
REME11.SA,0.015568276011038787,0.008851940758762158,20.37,0.031,1.7587415500525594,-0.011727357155971282,0.012,No,Rb Multiestrategia Imobiliaria Fundo De Investimento Imobiliario - Responsabilidade Limitada
ISEN11.SA,0.010858979612677844,0.006219077335071113,13.84,0.022,1.7460756680803802,0.005496750914387685,0.005,Yes,ITAÚ ISENTO MARÇO 29 FUNDO DE INVESTIMENTO EM COTAS DE FIIF EM INFRA RF - RESP LIMITADA
BDAP11.SA,0.009731278486816073,0.005635334845165484,12.32,0.02,1.726832345226916,0.027594283280655572,0.028,Yes,BB ETF ÍNDICE DAP5 B3 FUNDO DE ÍNDICE RESPONSABILIDADE LIMITADA
OXRL11.SA,0.010549978775065697,0.006476470895782296,13.42,0.022,1.6289703057163758,-0.017222291446774892,0.017,No,Oxrl - Oxigenio 2 Fundo De Investimento Imobiliario – Responsabilidade Limitada
C2OL34.SA,0.10689002084141895,0.07335563596649608,238.26,0.254,1.4571480354998096,0.9755310037341363,0.976,Yes,Grupo Cibest S.A.
NTNS11.SA,0.008406918523638307,0.005986823861887701,10.57,0.021,1.4042368236615415,0.05092476063777295,0.051,Yes,INVESTO TEVA TESOURO IPCA+ 0 A 4 ANOS ETF CLASSE DE ÍNDICE - RESPONSABILIDADE LIMITADA
BTML11.SA,0.00897769498635719,0.006469264855607464,11.32,0.022,1.3877457774163404,-0.011878574577230634,0.012,No,Barra Malls Fundo De Investimento Imobiliario
LPLP15.SA,0.011256572771493098,0.00900959029070734,14.38,0.031,1.2493989635803238,-0.08441176139480175,0.084,No,Lago Da Pedra Fundo Investimento Imobiliario
SPXH11.SA,0.018291727687229142,0.014856952312112547,24.3,0.051,1.2311897691369917,,,,TREND ETF S&P 500 QUANTO CLASSE DE ÍNDICE - RESPONSABILIDADE LIMITADA
KNCR11.SA,0.01259059339905223,0.010489996294856016,16.2,0.036,1.2002476497752705,0.01875122736049399,0.019,Yes,Kinea Rendimentos Imobiliários Fundo de Investimento Imobiliário - FII
BPRE11.SA,0.008502192210117814,0.0072970656509155005,10.69,0.025,1.1651522155417522,0.08863268254727029,0.089,Yes,"B-Index ETF Irf-M P2 Fundo de Índice - Responsabilidade, LTDA"
ERCR11.SA,0.1081097763767246,0.09416864889707027,242.76,0.326,1.1480442550990881,,,,Estoque Residencial E Comercial Rio De Janeiro Fundo De Investimento Imobiliario
A2RR34.SA,0.046181942087985754,0.040609643153294205,71.9,0.141,1.1372161511899306,-0.43828505867613243,0.438,No,"Arrowhead Pharmaceuticals, Inc."
T2ND34.SA,0.12848442246703815,0.11616646398824562,326.53,0.402,1.106037130303277,4.053474420307823,4.053,Yes,"Tandem Diabetes Care, Inc."
F2RT34.SA,0.045510475311033555,0.041610142898971865,70.58,0.144,1.0937351362030066,1.1181329961303303,1.118,Yes,"First Industrial Realty Trust, Inc."
TOPY11.SA,0.059792594408588334,0.05523192147007008,100.75,0.191,1.0825731355551274,,,,BUENA VISTA DEX VETTAFI NEOS MULTI HIGH INCOME FUNDO DE ÍNDICE DE RESPONSABILIDADE LIMITAD
SPYR11.SA,0.019036168022267826,0.017752639835124435,25.39,0.061,1.0723006943792026,,,,B-INDEX ETF S&P 500 BRL FUNDO DE ÍNDICE - RESPONSABILIDADE LIMITADA
ISTT11.SA,0.011219379507989605,0.010803289466388586,14.33,0.037,1.0385151247585809,0.04890136526546081,0.049,Yes,Itau Isento Setembro 29 Fundo De Investimento Em Cotas De Fundos Incentivados De Inv Fi Em IRFRL
BAGY39.SA,0.0036329421034437324,0.0035397054752263914,4.45,0.012,1.0263402220523383,-0.01319229610135294,0.013,No,WisdomTree Trust
KNPR11.SA,0.05287868555838307,0.051597925385765436,85.58,0.179,1.02482193156105,,,,Kinea Premium Properties Fundo De Investimento Imobiliario
XBIT11.SA,0.16673964573848646,0.1696938999958292,536.34,0.588,0.9825906867753328,,,,TREND ETF BLOOMBERG BITCOIN CLASSE DE ÍNDICE - RESPONSABILIDADE LIMITADA
R2NG34.SA,0.1892832326470164,0.19460895826710956,700.61,0.674,0.9726337077824375,7.631399866211441,7.631,Yes,"RingCentral, Inc."
E2XE34.SA,0.05614871494929005,0.058499076067715594,92.62,0.203,0.9598222523086538,-0.6573238942453437,0.657,No,"Exelixis, Inc."
LSOP11.SA,0.013890084326134342,0.014486155430116847,18.0,0.05,0.958852360320305,0.08233958528899041,0.082,Yes,LCP Special Opportunities III Fundo De Investimento Imobiliario Responsabilidade Limitada
F2IV34.SA,0.22400052535997317,0.2368473243994689,1030.78,0.82,0.945759154881445,-2.5896230009086207,2.59,No,"Five9, Inc."
EVTC31.SA,0.07858304141885443,0.08443331898955656,147.88,0.292,0.9307112684812765,-0.6213484752795453,0.621,No,"EVERTEC, Inc."
CIXF11.SA,0.007633651920697857,0.008341519176549092,9.55,0.029,0.9151392880758106,0.05140294199599187,0.051,Yes,Cix Retrofit Fundo De Investimento Imobiliario Responsabilidade Limitada
A2LC34.SA,0.06465461455674752,0.07123223967533204,112.08,0.247,0.907659436954888,,,,Alcon Inc.
GOLB11.SA,0.06216055522283662,0.06849665299003692,106.2,0.237,0.9074977025793961,,,,BTG PACTUAL FUTURO DE OURO B3 FUNDO DE ÍNDICE
EXIF11.SA,0.013259333480539141,0.014720593878278548,17.12,0.051,0.9007335974470693,0.005028119311595594,0.005,Yes,EXES FIC FI INFRAESTRUTURA RENDA FIXA CRÉDITO PRIVADO LONGO PRAZO - RESPONSABILIDADE LIMITADA
D2OC34.SA,0.16336420096162008,0.18317633841426723,514.59,0.635,0.8918411754260505,,,,"Doximity, Inc."
SPDE11.SA,0.012194155208776522,0.013862238815696901,15.66,0.048,0.8796670848700482,-0.08040207277131609,0.08,No,Whg Finvest Sp Realty Fundo De Investimento Imobiliario
IDKA11.SA,0.007223974840907665,0.008423152796715122,9.02,0.029,0.8576331232795498,0.09549337356548987,0.095,Yes,IT NOW IRFM P3 FUNDO DE ÍNDICE RESPONSABILIDADE LIMITADA
S2EI34.SA,0.04559809492711776,0.0546252355019919,70.76,0.189,0.8347441344294989,0.8353566341599142,0.835,Yes,SEI Investments Company
A2XO34.SA,0.11094746069347694,0.13335017367719298,253.45,0.462,0.8320008713453396,-1.6501755609032167,1.65,No,"Axon Enterprise, Inc."
KNUQ11.SA,0.011974470666266708,0.014886659081405455,15.35,0.052,0.8043759584192878,-0.04182918806923383,0.042,No,Kinea Unique Hy Cdi Fundo De Investimento Imobiliario
FLCR11.SA,0.00797254756260128,0.010052594787971561,10.0,0.035,0.7930835501437735,-0.04871740694501893,0.049,No,Faria Lima Capital Recebiveis Imobiliarios I FII
P2AN34.SA,0.1276656181838365,0.1613470137842856,322.83,0.559,0.7912487203173172,-6.675127189767351,6.675,No,"Palo Alto Networks, Inc."
RCRI11.SA,0.010305697286913825,0.01332467754076403,13.09,0.046,0.773429394849198,0.08644270837054009,0.086,Yes,Real Investor Recebiveis Imobiliários Fundo De Investimento Imobiliario Responsabilidade Limitada
PACG11.SA,0.007551821650735539,0.009977746153635551,9.45,0.035,0.7568664841191527,0.07071822714673633,0.071,Yes,BTG PACTUAL IMA-B FUNDO DE ÍNDICE
BONY34.SA,0.04297816940175391,0.05769875241641072,65.69,0.2,0.7448717277555906,-0.3071081868681963,0.307,No,The Bank of New York Mellon Corporation
GOAT11.SA,0.009333835994478193,0.013129910065145812,11.79,0.045,0.7108834674546217,-0.05798368149423349,0.058,No,IT NOW S&P IMA-B FUNDO DE ÍNDICE - RESPONSABILIDADE LIMITADA
VHFA11.SA,0.03091478021435244,0.043601449004693746,44.1,0.151,0.7090310280978146,-0.8638545599278785,0.864,No,Valora Hedge Fund Agro - Fiagro-Imobiliario
W2EX34.SA,0.10745473896299224,0.15196394918272427,240.34,0.526,0.7071067811865476,,,,WEX Inc.
A1GT34.SA,0.0016904735225430785,0.002390690582413042,2.05,0.008,0.7071067811865475,,,,"AGNT, Inc"
D2NL34.SA,0.19313521596716546,0.27313444179262214,732.29,0.946,0.7071067811865475,,,,Denali Therapeutics Inc.
E2LS34.SA,0.007599222057373564,0.01074692289702247,9.51,0.037,0.7071067811865475,,,,"Equity LifeStyle Properties, Inc."
BHVN34.SA,0.01567946971718405,0.02217411872485992,20.53,0.077,0.7071067811865475,,,,Biohaven Ltd.
K1RG34.SA,0.003670911877121498,0.005299790135027362,4.5,0.018,0.6926523095432996,0.060749832743035,0.061,Yes,Kite Realty Group Trust
NEXG11.SA,0.010740772088076505,0.015550457202661025,13.68,0.054,0.690704584958346,0.04549802610118825,0.045,Yes,Nex Credito Agro Fundo De Investimento Nas Cadeias Produtivas Do Agronegocio - Fiagro Imobiliario
BEUW39.SA,0.023741118768183994,0.03530326053901174,32.52,0.122,0.6724908239551686,-1.4405548884227068,1.441,No,BlackRock Institutional Trust Co NA
ICLR34.SA,0.06784830264202545,0.10352694974162634,119.84,0.359,0.6553685085029107,3.850960520000502,3.851,Yes,ICON Public Limited Company
A2ZT34.SA,0.09573911402459008,0.14653844902048013,199.56,0.508,0.6533378418056659,2.9845549127092132,2.985,Yes,"Azenta, Inc."
LTNB11.SA,0.00642841499859273,0.009867013700997625,7.99,0.034,0.6515056321390099,0.10729914256092137,0.107,Yes,BTG PACTUAL IRF-M P2 FUNDO DE ÍNDICE
GDIV11.SA,0.013418673360408273,0.020732932082005363,17.35,0.072,0.6472154207293564,-0.7657573315523678,0.766,No,BUENA VISTA DEX NEOS INTERNATIONAL HIGH INCOME FUNDO DE ÍNDICE DE RESPONSABILIDADE LIMITADA
BCSA34.SA,0.04651454286359971,0.07271848577814237,72.56,0.252,0.639652247511196,-0.09596353193925086,0.096,No,"Banco Santander, S.A."
H1SB34.SA,0.035978753126902525,0.05635439951701196,52.83,0.195,0.6384373435838218,-0.07930577481207514,0.079,No,HSBC Holdings plc
BILB34.SA,0.045145971091827844,0.07139899357033853,69.87,0.247,0.6323054266493604,0.0879524893882275,0.088,Yes,"Banco Bilbao Vizcaya Argentaria, S.A."
WEJR11.SA,0.008546457242517794,0.013517826218475186,10.75,0.047,0.6322360640231575,0.0763622185599475,0.076,Yes,Btg Pactual Teva Itbr Ipca Fundo De - Cotas Fund
VGIR11.SA,0.011675004361774906,0.01874119967185652,14.95,0.065,0.6229592857551777,0.0933118871211405,0.093,Yes,Valora Re III Fundo De Investimento Imobiliario
BINC11.SA,0.018207827777396855,0.029462317416327512,24.18,0.102,0.6180039241348472,0.19993334891356124,0.2,Yes,Brad Fic Firf Invest Infra Cdi Cp Resp Ltda
XB3011.SA,0.006450261109772451,0.010661502633911623,8.02,0.037,0.6050048788859981,0.3362323183225826,0.336,Yes,TREND ETF IDEX B30 CLASSE DE ÍNDICE - RESPONSABILIDADE LIMITADA
DBAG34.SA,0.04301262817508715,0.07240558977182544,65.76,0.251,0.5940512094526752,-0.1962661899411152,0.196,No,Deutsche Bank Aktiengesellschaft
AURA33.SA,0.0925554095512701,0.1562366260834496,189.28,0.541,0.5924053269163283,0.6710126353180512,0.671,Yes,Aura Minerals Inc.
GEPA4.SA,0.02853334848850698,0.048753342353112426,40.16,0.169,0.585259330157195,0.043328921426812037,0.043,Yes,Rio Paranapanema Energia S.A.
OROF11.SA,0.05418226673109289,0.09344500883644696,88.36,0.324,0.5798305057247726,,,,GALAPAGOS OURO FÍSICO DEX FUNDO DE ÍNDICE
S2FM34.SA,0.009640807688698254,0.016721823367754532,12.2,0.058,0.5765404571423156,,,,"Sprouts Farmers Market, Inc."
N1WG34.SA,0.0425458169653369,0.07433592805524883,64.87,0.258,0.5723452720428202,-0.2668983208089723,0.267,No,NatWest Group plc
IMMB11.SA,0.020786015896694845,0.0363982027225656,28.0,0.126,0.5710725899058815,-0.10176259489491693,0.102,No,Immobinvest Fundo De Investimento Imobiliário Responsabilidade Limitada
INGG34.SA,0.03570089630949136,0.06252286538794126,52.34,0.217,0.5710054407771428,-0.02850918106632263,0.029,No,ING Groep N.V.
EXES11.SA,0.014314761511808336,0.025160005175931515,18.6,0.087,0.5689490686393848,-0.031077029468510375,0.031,No,Exes Fundo De Investimento Imobiliario
W1EL34.SA,0.0344474024177957,0.0605637971802959,50.14,0.21,0.5687787757964915,-0.09527933731077592,0.095,No,Welltower Inc.
BPAR3.SA,0.0050358041896016404,0.0089662957670253,6.21,0.031,0.5616370818506182,-0.044787958446434246,0.045,No,Banco do Estado do Pará S.A
RZAT11.SA,0.014703719111436364,0.02650217772805152,19.14,0.092,0.5548117314100212,0.11501781848412371,0.115,Yes,Riza Arctium Real Estate Fundo De Investimento Imobiliario
TSMC34.SA,0.051454003302418574,0.09293772898341264,82.59,0.322,0.5536395591461245,-0.32418042473968267,0.324,No,Taiwan Semiconductor Manufacturing Company Limited
EMBJ3.SA,0.054312401771640546,0.0994830950319349,88.64,0.345,0.545946039919705,0.19488389778007748,0.195,Yes,Embraer S.A.
AVUR11.SA,0.013726535956694255,0.025152748195619933,17.77,0.087,0.5457270851653727,-0.16420517058818,0.164,No,Arch Vanguarda Unidades Residenciais Fundo De Investimento Imobiliario Responsabilidade Limitada
B1CS34.SA,0.04240290103541281,0.07794712381404306,64.6,0.27,0.543995710945956,-0.08754016499869663,0.088,No,Barclays PLC
GSGI34.SA,0.03786072692603426,0.06982880264832338,56.2,0.242,0.5421935575311388,-0.17483386830688014,0.175,No,"The Goldman Sachs Group, Inc."
AFHI11.SA,0.008894088629245574,0.01646250314640307,11.21,0.057,0.5402634429375258,0.08704991903588506,0.087,Yes,Af Invest Cri Fundo De Investimento Imobiliario - Recebiveis Imobiliarios
K2RC34.SA,0.033944936643881644,0.06291692364357626,49.27,0.218,0.5395199682072723,-0.28516778243735313,0.285,No,Kilroy Realty Corporation
SPXR11.SA,0.021212208952056236,0.03940146157087357,28.64,0.136,0.5383609669885132,-0.21882730002252782,0.219,No,IT NOW S&P 500 FUTURES QUANTO BRL FUNDO DE ÍNDICE - RESPONSABILIDADE LIMITADA
RYTT34.SA,0.035809644176411325,0.06657289475672495,52.53,0.231,0.5379012630781533,-0.3263088655669203,0.326,No,RTX Corporation
CLSC4.SA,0.034681507609869336,0.06505603164721624,50.55,0.225,0.5331021080095864,0.42181422994262285,0.422,Yes,Centrais Elétricas de Santa Catarina S.A.
GOLD11.SA,0.027123930233896885,0.050993039814109346,37.87,0.177,0.5319143618967371,0.13302352459555716,0.133,Yes,TREND ETF LBMA OURO CLASSE DE ÍNDICE INVESTIMENTO NO EXTERIOR - RESPONSABILIDADE LIMITADA
XB3511.SA,0.0058464331236860075,0.011002458707033095,7.25,0.038,0.5313751479884034,0.029489640746261526,0.029,Yes,Trend Etf Idex B35 Classe De Ã?Ndice - Responsabilidade Limitada
CLSC3.SA,0.03303620639603431,0.06306918566515682,47.7,0.218,0.5238089892491743,0.16023766910127543,0.16,Yes,Centrais Elétricas de Santa Catarina S.A.
CTGP34.SA,0.039262964305690866,0.07565506683750745,58.75,0.262,0.518973360898883,-0.32955779523619755,0.33,No,Citigroup Inc.
A1PH34.SA,0.04310971131347245,0.08320613443200747,65.94,0.288,0.5181073680174373,-0.26411838667290555,0.264,No,Amphenol Corporation
B1SA34.SA,0.023115057842517123,0.04509240443600969,31.55,0.156,0.5126153313762529,0.44536303578658637,0.445,Yes,Banco Santander-Chile
KNOX11.SA,0.010228216693031207,0.020244145441586037,12.99,0.07,0.5052431935220217,0.11091593069198605,0.111,Yes,Fip Knox Debt Infraestrutura
PHIP11.SA,0.006704221771851819,0.01329843020763719,8.35,0.046,0.5041363279104653,0.125372994856274,0.125,Yes,PHRONESIS TEVA IPCA DYNAMIC SELECTION YIELD FUNDO DE ÍNDICE
ACWI11.SA,0.018061921695476726,0.03593119780313599,23.96,0.124,0.5026807565513534,-0.19750168906082394,0.198,No,TREND ETF BLOOMBERG ALL COUNTRIES CLASSE DE ÍNDICE - RESPONSABILIDADE LIMITADA
GEPA3.SA,0.029153321335033767,0.058236290130498095,41.18,0.202,0.5006040266250803,0.2686579104517313,0.269,Yes,Rio Paranapanema Energia S.A.
RDIV11.SA,0.0016195088128338237,0.003301095603237104,1.96,0.011,0.490597367506021,0.023175119799390874,0.023,Yes,Fundo De Investimento Imobiliário - Fii Rbr Desenvolvimento Iv
JPMC34.SA,0.029957576028595705,0.06122603625944642,42.51,0.212,0.4892947160853259,-0.17527358086682604,0.175,No,JPMorgan Chase & Co.
CSMG3.SA,0.0462440905663113,0.09499323923549989,72.03,0.329,0.486814545313762,1.0941353272177303,1.094,Yes,Companhia de Saneamento de Minas Gerais
SEED11.SA,0.009638132049248689,0.019848060240501533,12.2,0.069,0.48559566690458345,-0.023985057619351793,0.024,No,Hedge Seed Fundo De Investimeto Imobiliario
ARNC34.SA,0.055116235464381234,0.11387579629412536,90.37,0.394,0.4840030740336046,-0.3319380192318782,0.332,No,Howmet Aerospace Inc.
A1SU34.SA,0.02450116791179011,0.05065867535209515,33.71,0.175,0.4836519656603454,-0.1764525589907008,0.176,No,"Assurant, Inc."
COLD34.SA,0.06211470380381989,0.12883926525675246,106.09,0.446,0.4821100437047429,1.023161292251574,1.023,Yes,"Americold Realty Trust, Inc."
M1UF34.SA,0.03377558731534554,0.07018611294532894,48.98,0.243,0.4812289197672884,-0.16694556339854708,0.167,No,"Mitsubishi UFJ Financial Group, Inc."
BRZP11.SA,0.02981703841696907,0.06199704386513649,42.27,0.215,0.48094290562999614,0.5325815355623744,0.533,Yes,Brz Infra Portos Fundo De Investimento Em Participacoes Em Infraestrutura
L1YG34.SA,0.037001397125211034,0.07715916230478963,54.65,0.267,0.47954638204922795,0.301434959124783,0.301,Yes,Lloyds Banking Group plc
WRLD11.SA,0.017905371133528938,0.03738665067928798,23.73,0.13,0.47892418304933704,-0.1693517136378191,0.169,No,INVESTO FTSE GLOBAL EQUITIES ETF CLASSE DE ÍNDICE - IE - RESPONSABILIDADE LIMITADA
KNHY11.SA,0.009556273456984841,0.020181169649274546,12.09,0.07,0.4735242616291252,-0.005568398590753112,0.006,No,Kinea High Yield Cri Fundo Investimento Imobiliario FII
A1TM34.SA,0.015946021148786054,0.03396974797207344,20.91,0.118,0.4694182942391946,0.03597871496870282,0.036,Yes,Atmos Energy Corporation
K1BF34.SA,0.040080170046809326,0.08575645539000058,60.25,0.297,0.4673720463903732,0.08322996803448994,0.083,Yes,KB Financial Group Inc.
ITUB3.SA,0.031214646910949963,0.0673589196084199,44.61,0.233,0.46340777275543055,1.2334267962107144,1.233,Yes,Itaú Unibanco Holding S.A.
TELM11.SA,0.01191010996822424,0.02582613809245616,15.27,0.089,0.46116496107883803,0.02867758639015586,0.029,Yes,Tellus Multiestrategia Fundo De Investimento Imobiliario
NVDC34.SA,0.054858648669079274,0.11905431966323811,89.82,0.412,0.4607867133612176,-0.9567325797041812,0.957,No,NVIDIA Corporation
A1EG34.SA,0.024465990595503737,0.05338110985096593,33.65,0.185,0.45832675011460117,0.14706272175929327,0.147,Yes,Aegon Ltd.
CPOF11.SA,0.008941557119544431,0.019522643807914353,11.27,0.068,0.4580095404864981,-0.0664596584460795,0.066,No,Capitania Office Properties FII - Fundo De Investimento Imobiliario
SPXU11.SA,0.019384346510480616,0.04254147318491869,25.91,0.147,0.45565762206261656,-0.291865548206774,0.292,No,TREND ETF CRSP U.S. LARGE CAP CLASSE DE ÍNDICE - RESPONSABILIDADE LIMITADA
IVVB11.SA,0.019071525726502617,0.0419441195797301,25.45,0.145,0.45468890317867383,-0.28588383480882185,0.286,No,ISHARES S&P 500 CLASSE DE ÍNDICE EM COTAS DE CLASSES DE ÍNDICE IE - RESPONSABILIDADE LIMITADA
G2EV34.SA,0.06955157737103738,0.15330438056272233,124.09,0.531,0.45368290922764165,-0.7907146614565199,0.791,No,GE Vernova Inc.
T1EC34.SA,0.042475508879840494,0.09368197525661272,64.74,0.325,0.4534010813018407,0.1733053424441501,0.173,Yes,TechnipFMC plc
KNIP11.SA,0.008835517087472291,0.01961530916782046,11.13,0.068,0.45043985857573116,0.1431991226211443,0.143,Yes,Kinea Indices Precos Fundo Investimento Imobiliario - FII
SLVR11.SA,0.06811814210150102,0.15132029942530634,120.51,0.524,0.4501586526077753,,,,TREND ETF LBMA PRATA CLASSE DE ÍNDICE - RESPONSABILIDADE LIMITADA
BTAL11.SA,0.01610785228462698,0.03585259106989153,21.14,0.124,0.44928000470666435,0.27550591570260063,0.276,Yes,FII Btg Pactual Agro Logistica
P1HC34.SA,0.030599169084448003,0.06831911735824026,43.57,0.237,0.44788589589056377,0.27855930354757563,0.279,Yes,Parker-Hannifin Corporation
SPXB11.SA,0.018833175292062833,0.04213883219039737,25.09,0.146,0.44693159048566494,-0.2966214301892901,0.297,No,BTG PACTUAL S&P 500 FUNDO DE ÍNDICE
Q1UA34.SA,0.043497452107966336,0.09801951204434649,66.69,0.34,0.4437631977629821,-0.5217210483675903,0.522,No,"Quanta Services, Inc."
RZAK11.SA,0.009919635903337014,0.02238887477999053,12.57,0.078,0.4430609399004915,0.2449436699957025,0.245,Yes,Riza Akin Fundo De Investimento Imobiliario – FII
N2VC34.SA,0.1176563747637077,0.2658029607357991,279.93,0.921,0.4426450873158442,-1.9401762940148954,1.94,No,NovoCure Limited
BIXU39.SA,0.014078078757231417,0.032009112298138576,18.27,0.111,0.4398147198243326,-0.13291049166017643,0.133,No,Ishares Core Msci Total International Stock Etf Option
P2LT34.SA,0.09155588855062473,0.20828682198897927,186.12,0.722,0.4395664001991882,-0.8550796626398977,0.855,No,Palantir Technologies Inc.
W1MB34.SA,0.028021563645894997,0.06384077721009178,39.32,0.221,0.4389289239646886,-0.011508969985037462,0.012,No,"The Williams Companies, Inc."
AZIN11.SA,0.013875440710806269,0.03180360782564814,17.98,0.11,0.4362851154143703,0.06265144292979864,0.063,Yes,Az Quest Infra-Yield Ii Fundo De Investimento Em Participacoes Em Infraestrutura
GDBR34.SA,0.017917176596514494,0.041628511661639805,23.75,0.144,0.43040637008949245,-0.2396817474808649,0.24,No,General Dynamics Corporation
A1NE34.SA,0.04970865673261411,0.11604232610346271,78.99,0.402,0.4283666003755745,-0.6049990316486047,0.605,No,"Arista Networks, Inc."
BMGB4.SA,0.037309958455364764,0.08737017313804461,55.2,0.303,0.4270331294458481,0.7686820840347298,0.769,Yes,Banco BMG S.A.
TRXB11.SA,0.026979890912554674,0.06331098096964043,37.64,0.219,0.4261486790971122,0.44109705636965746,0.441,Yes,Trx Real Estate II Fundo De Investimento Imobiliario - Fii
SPUB11.SA,0.019743893980813755,0.046373049835822445,26.44,0.161,0.4257622487784254,0.7559810133914485,0.756,Yes,SAFRA ETF IBOVESPA EMPRESAS ESTATAIS FUNDO DE INDICE - RESPONSABILIDADE LIMITADA
PINE4.SA,0.04211873211622103,0.09924813102060397,64.06,0.344,0.4243780883639729,0.8419686809588723,0.842,Yes,Banco Pine S.A.
TECK11.SA,0.030148427001186084,0.07133342532877873,42.82,0.247,0.42264095495527837,-0.5328098980032131,0.533,No,IT NOW NYSE FANG+T FUNDO DE ÍNDICE RESPONSABILIDADE LIMITADA
B2LN34.SA,0.020955370051435315,0.04964284866096047,28.26,0.172,0.4221226343103631,1.9571689378600856,1.957,Yes,"BlackLine, Inc."
CXSE3.SA,0.02502039867347908,0.05928645993050533,34.52,0.205,0.42202551312403547,0.5407256752778453,0.541,Yes,Caixa Seguridade Participações S.A.
B1TI34.SA,0.024801260777112723,0.0589642536457782,34.18,0.204,0.42061519045257134,-0.025872086057319523,0.026,No,British American Tobacco p.l.c.
T1EV34.SA,0.05194536217195277,0.12400026305946425,83.62,0.43,0.41891332236160184,-0.3602719371774673,0.36,No,Teva Pharmaceutical Industries Limited
COCA34.SA,0.017341051504528318,0.041416434210701,22.91,0.143,0.4186997706347161,-0.030025506397213336,0.03,No,The Coca-Cola Company
J1CI34.SA,0.03152507689339097,0.07537983750051097,45.13,0.261,0.41821630211364247,-0.12888498226705306,0.129,No,Johnson Controls International plc
V1OD34.SA,0.022910701931907966,0.05489546188555632,31.24,0.19,0.41735147396466404,0.14386491386401656,0.144,Yes,Vodafone Group Public Limited Company
MSBR34.SA,0.03334397848948212,0.07997805291592856,48.23,0.277,0.41691410673041374,-0.15815398845341203,0.158,No,Morgan Stanley
TECN3.SA,0.038607393034466975,0.09265937128412455,57.55,0.321,0.41665934594012977,0.5542512985063018,0.554,Yes,Technos S.A.
PQDP11.SA,0.015513729243974853,0.03725081168282134,20.29,0.129,0.4164668779856197,0.047878048889340094,0.048,Yes,Parque Dom Pedro Shopping Center Fund
T10R11.SA,0.005943233155185786,0.014348999954923081,7.37,0.05,0.4141914540285916,0.00423367262109236,0.004,Yes,IT NOW S&P TESOURO AMERICANO 10 ANOS BRL FUNDO DE ÍNDICE - RESPONSABILIDADE LIMITADA
S1PO34.SA,0.042318408801790615,0.10314569965898926,64.44,0.357,0.4102779751526221,-0.5997989336218718,0.6,No,Spotify Technology S.A.
ITSA3.SA,0.024159213008856185,0.059070092059865575,33.17,0.205,0.40899230331944675,1.1190323868251624,1.119,Yes,Itaúsa S.A.
BOAC34.SA,0.02810109402737868,0.06873964677732373,39.45,0.238,0.40880474871233763,-0.19480194893615496,0.195,No,Bank of America Corporation
WTSP11.SA,0.037096392978003,0.09097323665126551,54.82,0.315,0.4077725971233426,0.11870355368743585,0.119,Yes,Fundo De Investimento Imobiliario Ourinvest Re I
BSIL39.SA,0.050366211282443216,0.12433506369265243,80.34,0.431,0.4050845335708756,0.49387952875639235,0.494,Yes,Global X Funds
CLOB11.SA,0.010285117043818374,0.025405876375083104,13.06,0.088,0.4048322085793323,-1.0460925093035627,1.046,No,BTG PACTUAL DYNAMIC BALANCED CLO FUNDO DE ÍNDICE
A1SN34.SA,0.0321660621882869,0.07951356446082204,46.22,0.275,0.40453553310562224,0.2355066263080962,0.236,Yes,Ascendis Pharma A/S
LASC11.SA,0.01363826133008097,0.03376204488760113,17.65,0.117,0.4039524672005138,-0.025636497482108295,0.026,No,Legatus Shoppings Fundo De Investimento Imobiliario - FII
CPLE3.SA,0.022769301650288492,0.05647946206938882,31.02,0.196,0.4031430331669036,0.8733663895295364,0.873,Yes,Companhia Paranaense de Energia - COPEL
SIMN34.SA,0.025765615522028933,0.06483300372209023,35.7,0.225,0.39741511333447505,-0.03771764547260331,0.038,No,"Simon Property Group, Inc."
NASD11.SA,0.022351384093718604,0.05624899678193561,30.38,0.195,0.3973650264442896,-0.43175360097985205,0.432,No,TREND ETF NASDAQ 100 CLASSE DE ÍNDICE INVESTIMENTO NO EXTERIOR - RESPONSABILIDADE LIMITADA
KNSC11.SA,0.010329604298122746,0.026014240687280796,13.12,0.09,0.39707498759220844,0.07425620198477725,0.074,Yes,Kinea Securities Fundo De Investimento Imobiliario – Fii
GEOO34.SA,0.07126918047888361,0.17991688257890298,128.45,0.623,0.3961228065833585,-0.7532139312854338,0.753,No,General Electric Company
UTEC11.SA,0.027529571852606568,0.06976833296564576,38.53,0.242,0.39458549004119464,-0.5882241923822766,0.588,No,TREND ETF BLOOMBERG US 3000 TECHNOLOGY CLASSE DE ÍNDICE - RESPONSABILIDADE LIMITADA
SNEL11.SA,0.011025536321182638,0.027994904181907115,14.06,0.097,0.39384083080049814,0.08168606602463273,0.082,Yes,Fundo De Investimento Imobiliario Suno Energias Limpas
CXCE11.SA,0.009596311653651414,0.024367537410213594,12.14,0.084,0.3938154066249281,0.22836606268057702,0.228,Yes,Fundo de Investimento Caixa Cedae
N1EM34.SA,0.04245227940967988,0.10833854368777379,64.69,0.375,0.3918483483775193,0.7391185758539448,0.739,Yes,Newmont Corporation
IFRI11.SA,0.010022916982150845,0.025620134723426634,12.71,0.089,0.3912125010406777,0.12743174214440095,0.127,Yes,Itau Fundo De Investimento Em Cotas De FIDIFEI Cdi Renda Fixa Credito Privado - Resp Limitada
GLCR11.SA,0.004484709914807775,0.011472556102819149,5.52,0.04,0.39090764731198374,0.03516145110887923,0.035,Yes,Galapagos Credito Estruturado Prazo Determinado Fundo De Investimento Imobiliario Respon Ltd.
USTK11.SA,0.02715140431377821,0.06975079101845875,37.92,0.242,0.3892630308177136,-0.5895452463284518,0.59,No,INVESTO ETF MSCI US TECHNOLOGY CLASSE DE ÍNDICE - INVESTIMENTO NO EXTERIOR - RESP LIMITADA
BTLG11.SA,0.007384614835619388,0.019026716270482132,9.23,0.066,0.3881181981504507,0.21018954587932906,0.21,Yes,BTG Pactual Logística Fundo de Investimento Imobiliário
AVGO34.SA,0.05356458945808686,0.1384344269719787,87.04,0.48,0.3869311314369017,-0.6400326075147482,0.64,No,Broadcom Inc.
CDII11.SA,0.008745924783778291,0.022624406398807455,11.01,0.078,0.38657035369729276,0.09920869648341353,0.099,Yes,Sparta Infra Cdi Fd De Invest Em Cotas De Fd Incentivados De Inv Em Infraestrutura Renda Fixa Cr Pri
R1LC34.SA,0.042714859061222,0.11067613206980313,65.19,0.383,0.3859446319851678,-0.4958362011364853,0.496,No,Ralph Lauren Corporation
FCFL11.SA,0.009034643162241387,0.023557901257705113,11.4,0.082,0.38350798160708033,0.029073567372888832,0.029,Yes,Fundo De Investimento Imobiliario Campus Faria Lima - Inicio De Negociacao
TPRY34.SA,0.05421092005847358,0.14155443292301803,88.42,0.49,0.3829687205059503,-0.38744685546398183,0.387,No,"Tapestry, Inc."
PHMO34.SA,0.026841995840037276,0.07035529690086968,37.42,0.244,0.3815206107062207,0.05918534533076658,0.059,Yes,Philip Morris International Inc.
KMIC34.SA,0.024851849898388786,0.06521049222199747,34.26,0.226,0.38110201367266333,-0.09443388701103383,0.094,No,"Kinder Morgan, Inc."
E1VR34.SA,0.017623408984421846,0.046253424524757496,23.32,0.16,0.3810184686971401,-0.18787848254023043,0.188,No,"Evergy, Inc."
FPNG11.SA,0.057992242207451396,0.15241872990198377,96.69,0.528,0.38047976285292884,0.1569736611836659,0.157,Yes,Fundo Investimento Imobiliario Pedra Negra Renda Imobiliaria
N1SC34.SA,0.016673808904578456,0.04386609055446759,21.95,0.152,0.3801070187432122,-0.06286083504468946,0.063,No,Norfolk Southern Corporation
A1TT34.SA,0.028535855912198566,0.07514307441698313,40.16,0.26,0.3797536384237848,-0.1300603972439079,0.13,No,The Allstate Corporation
AXPB34.SA,0.027216899322659586,0.07221743044754372,38.02,0.25,0.37687437996605283,-0.2825294219145343,0.283,No,American Express Company
RNGO11.SA,0.014020933058817372,0.03728356715301305,18.19,0.129,0.3760620061185395,0.14119544827768318,0.141,Yes,Fundo de Investimento Imobiliário Rio Negro
JOGO11.SA,0.02030746636275819,0.05403323162298296,27.28,0.187,0.3758329041737426,-0.2851428928262223,0.285,No,INVESTO ETF GLOBAL VIDEO GAMING & ESPORTS CLASSE DE ÍNDICE - IE - RESPONSABILIDADE LIMITADA
PSSA3.SA,0.02430691390536193,0.06477704146107417,33.4,0.224,0.37523964289058254,0.6171919398858633,0.617,Yes,Porto Seguro S.A.
BTSI11.SA,0.008439632269429585,0.0224934767782945,10.61,0.078,0.37520354690447705,-0.012957648110895646,0.013,No,Btsp II Fundo De Investimento Imobiliario - Fii
CAPE11.SA,0.017978142696056548,0.04797100477008996,23.84,0.166,0.3747710264194,0.9415939723703389,0.942,Yes,ISHARES BOVESPA BR+ CAP 5% B3 CLASSE DE ÍNDICE - RESPONSABILIDADE LIMITADA
CEBR6.SA,0.03198051923190058,0.08542973111368296,45.9,0.296,0.37434882230102656,0.3241850009261313,0.324,Yes,Companhia Energética de Brasília - CEB
WALM34.SA,0.02284839242981134,0.06104153610111777,31.14,0.211,0.3743089359999404,-0.2092467007600907,0.209,No,Walmart Inc.
BTHF11.SA,0.018193978634161424,0.04890769705440733,24.16,0.169,0.3720064474498062,0.33502578585852105,0.335,Yes,Btg Pactual Real Estate Hedge Fund Fii Fundo De Investimento Imobiliario
ENDD11.SA,0.013061232735125775,0.03516539337786687,16.85,0.122,0.3714229098698644,0.051056774385343236,0.051,Yes,Endurance Debt Fundo De Investimento Em Participacoes Em Infraestrutura
DIVD11.SA,0.014330428951099133,0.03863564300205694,18.62,0.134,0.37091213805697987,0.8515104918094032,0.852,Yes,It Now Idiv Renda Dividendos Fundo De Indice – Responsabilidade Limitada
G1FI34.SA,0.0554577202864412,0.14969707456933432,91.11,0.519,0.37046629298527256,0.5901537477899592,0.59,Yes,Gold Fields Limited
BVBR11.SA,0.007381873719375771,0.019955040214207,9.23,0.069,0.3699252740227626,0.8112734917922892,0.811,Yes,INVESTO CONSTÂNCIA FATORES DEFENSIVIDADE FUNDO DE ÍNDICE
V1TA34.SA,0.027456971498528965,0.07427598628401506,38.41,0.257,0.36966148646669644,-0.3146387641179885,0.315,No,"Ventas, Inc."
H1LT34.SA,0.025245772085695492,0.06831815320186124,34.88,0.237,0.369532414190138,-0.34267305308669727,0.343,No,Hilton Worldwide Holdings Inc.
BMOB3.SA,0.03228751319393781,0.08760246849164123,46.42,0.303,0.3685685317990621,0.9277239963496836,0.928,Yes,Bemobi Mobile Tech S.A.
BMEB4.SA,0.06109225654274749,0.16580961967571042,103.72,0.574,0.36844820380283966,0.8181052983365502,0.818,Yes,Banco Mercantil do Brasil S.A.
PORD11.SA,0.0094443084490985,0.02564640052699691,11.94,0.089,0.36825083657088115,0.041770199699704726,0.042,Yes,Polo Credito Imobiliario - Fundo de Investimento Imobiliario
BBSE3.SA,0.01756028982587866,0.047754798616033316,23.23,0.165,0.367717807106047,0.28171927668828123,0.282,Yes,BB Seguridade Participações S.A.
FTCE11.SA,0.002702950663151666,0.007370292737564518,3.29,0.026,0.3667358623864979,0.03871950310492829,0.039,Yes,Fundo de Investimento Imobiliário Trade Center
BMLC11.SA,0.011131499011100724,0.030488092040273588,14.21,0.106,0.3651097286244231,0.01018615954806636,0.01,Yes,Fundo de Investimento Imobiliário Rio Bravo Renda Corporativa
ITSA4.SA,0.02391416305382278,0.06555969968856125,32.79,0.227,0.3647692586669259,1.2607880451696263,1.261,Yes,Itaúsa S.A.
CEBR5.SA,0.03003353272836033,0.08238694243039278,42.63,0.285,0.36454238793647564,0.46519126752572076,0.465,Yes,Companhia Energética de Brasília - CEB
IBKR34.SA,0.02506095784874959,0.06912376901690336,34.58,0.239,0.36255195868473616,-0.36548510050740546,0.365,No,"Interactive Brokers Group, Inc."
R1CL34.SA,0.04017660521478933,0.11093920571425757,60.43,0.384,0.36214974639597547,-0.03923583264206388,0.039,No,Royal Caribbean Cruises Ltd.
C1FG34.SA,0.03493483031823837,0.09653088240703589,50.99,0.334,0.36190314899361226,0.22404448280219239,0.224,Yes,"Citizens Financial Group, Inc."
MIDB11.SA,0.0042915625135843335,0.011885397374455318,5.27,0.041,0.36107858899257095,0.09400410048439352,0.094,Yes,Btg Pactual Teva Itbr Tesouro Ipca 2035 Fundo De Índice
LVOL11.SA,0.015533665527827126,0.04302433608360739,20.32,0.149,0.3610437008868935,0.8308818449549916,0.831,Yes,NU IBOV SMART LOW VOLATILITY B3 CLASSE DE ÍNDICE - RESPONSABILIDADE LIMITADA
GXUS11.SA,0.014365004206206164,0.039943436573238254,18.67,0.138,0.3596336579569768,-1.3635127807308896,1.364,No,GALAPAGOS FTSE GLOBAL EQUITIES EX US FUNDO DE ÍNDICE
DIVO11.SA,0.01393331511274773,0.03883867472282967,18.06,0.135,0.35874846946200306,0.818920107658649,0.819,Yes,IT NOW IDIV FUNDO DE ÍNDICE RESPONSABILIDADE LIMITADA
VWRA11.SA,0.012994819061224676,0.03644230058162997,16.76,0.126,0.35658613352679425,-0.3823176257469769,0.382,No,Investo FTSE All-World Fundo De Indice
GMCO34.SA,0.033304453484705586,0.09346386343512753,48.16,0.324,0.3563350824655555,-0.0860997082970873,0.086,No,General Motors Company
SEQR11.SA,0.009323787935978005,0.026237792502128068,11.78,0.091,0.3553571793519512,0.27356274135890707,0.274,Yes,Sequoia III Renda Imobiliaria - Fundo De Investimento Imobiliaria
SBSP3.SA,0.02693220853130336,0.07642111458056301,37.56,0.265,0.3524184209968761,1.1470970500966715,1.147,Yes,Companhia de Saneamento Básico do Estado de São Paulo - SABESP
GOGL34.SA,0.03271091885387342,0.09287265997025006,47.14,0.322,0.35221257649292836,-0.14907351171748082,0.149,No,Alphabet Inc.
SNAG11.SA,0.01006218001154971,0.028574226400577506,12.77,0.099,0.35214181726180854,0.22088202144791824,0.221,Yes,Suno Agro - Fiagro-Imobiliario
H2TA34.SA,0.016445903295004338,0.04670573194296415,21.62,0.162,0.35211745134596445,1.883168712083962,1.883,Yes,Healthcare Realty Trust Incorporated
ROST34.SA,0.024131626090428532,0.06883504371719525,33.13,0.238,0.35057181324053355,0.23700285377220698,0.237,Yes,"Ross Stores, Inc."
MANA11.SA,0.009679477046267398,0.027631413174933037,12.25,0.096,0.35030698520510456,0.0727987114666207,0.073,Yes,Manati Capital Hedge Fund Fundo De Investimento Imobiliario
A1LL34.SA,0.04219645624896167,0.12075800533293053,64.21,0.418,0.3494298877546527,-0.4187525965632121,0.419,No,"Bread Financial Holdings, Inc."
CRAA11.SA,0.009755874762568366,0.027936881359292894,12.36,0.097,0.34921130376362436,0.12231072905929072,0.122,Yes,Sparta Fiagro Fundo De Investimento Nas Cadeias Produtivas Agroindustriais - Imobiliario
JNJB34.SA,0.019749227529023566,0.056974921752921924,26.45,0.197,0.3466301825681882,0.13657984853552646,0.137,Yes,Johnson & Johnson
NMRH34.SA,0.03258936755034336,0.09418683278169677,46.94,0.326,0.3460076805627168,-0.30834096158673824,0.308,No,"Nomura Holdings, Inc."
C1AH34.SA,0.034214987182026375,0.09907765359414379,49.74,0.343,0.3453350573095196,0.07677384184101528,0.077,Yes,"Cardinal Health, Inc."
ENEV3.SA,0.024929717774130347,0.07270991077209904,34.38,0.252,0.34286547059959566,0.9801900881134072,0.98,Yes,Eneva S.A.
WFCO34.SA,0.026202108334716357,0.07709607424522315,36.39,0.267,0.3398630681424072,-0.28329289388007617,0.283,No,Wells Fargo & Company
ITUB4.SA,0.023136793569206913,0.06812152962347696,31.58,0.236,0.3396399595999852,1.2690286966628417,1.269,Yes,Itaú Unibanco Holding S.A.
GOGL35.SA,0.03237002628576272,0.09568602402724978,46.56,0.331,0.33829419306360015,-0.1400479400549841,0.14,No,Alphabet Inc.
I2NG34.SA,0.00454475941938765,0.013445718535160616,5.59,0.047,0.33800792479056313,0.5551799829941559,0.555,Yes,Ingredion Incorporated
VPSI11.SA,0.04324411828454961,0.12809206798376782,66.2,0.444,0.3376018434648867,0.25857870702116403,0.259,Yes,VERITAS FUNDO DE INVESTIMENTO FINANCEIRO MULTIMERCADO
EBAY34.SA,0.030127717513335973,0.08925789891781756,42.79,0.309,0.3375355893272311,-0.2558465091049504,0.256,No,eBay Inc.
LAFI11.SA,0.007938076706955432,0.023580967742211207,9.95,0.082,0.3366306588319463,0.4852652068653129,0.485,Yes,Lavoura I Fiagro Imobiliario
L1YV34.SA,0.027445891368874573,0.08165111649028989,38.39,0.283,0.3361361430022637,-0.3466547692191519,0.347,No,"Live Nation Entertainment, Inc."
UBSG34.SA,0.030217882426555803,0.09001194760904249,42.94,0.312,0.3357096833167528,-0.127253231158273,0.127,No,UBS Group AG
Q1UE34.SA,0.019931782539141504,0.059479505947598536,26.72,0.206,0.33510336411841435,0.1210933184722785,0.121,Yes,Quest Diagnostics Incorporated
MOOO34.SA,0.021150759853371413,0.06369995878300173,28.55,0.221,0.3320372612080162,-0.1171335509032718,0.117,No,"Altria Group, Inc."
N1TR34.SA,0.03159055967467312,0.09521821945268101,45.24,0.33,0.3317701155961244,-0.136794885781027,0.137,No,Northern Trust Corporation
D2AS34.SA,0.040232603031744606,0.12182519034161689,60.53,0.422,0.3302486367468509,-0.3258667416556071,0.326,No,"DoorDash, Inc."
PACL11.SA,0.004959203394130371,0.015040304897831924,6.12,0.052,0.3297275838367642,0.10010774077285585,0.1,Yes,BTG PACTUAL IMA-B 5+ FUNDO DE ÍNDICE
BPML11.SA,0.013362113111831471,0.040554842894823646,17.27,0.14,0.32948255147936945,0.4809748797842,0.481,Yes,Fundo De Investimento Imobiliario BTG Pactual Shoppings
EXGR34.SA,0.04094851908242855,0.12429236833833322,61.86,0.431,0.32945320480951484,0.02064116755651777,0.021,Yes,"Expedia Group, Inc."
GILD34.SA,0.024308927818980586,0.07387463291027989,33.4,0.256,0.3290564955971229,-0.3231841683173527,0.323,No,"Gilead Sciences, Inc."
KNDI11.SA,0.009113135728565407,0.02771632793374936,11.5,0.096,0.3288002563091559,0.0843852387007915,0.084,Yes,Kinea Estrategia Infra Cdi Fundo De Investimento Em Participacoes Em Infraestrutura Resp Limitada
FAED11.SA,0.011095677398137688,0.03374899843338954,14.16,0.117,0.3287705684077483,0.3328668605416901,0.333,Yes,Fundo de Investimento Imobiliário - FII Anhanguera Educacional
CURY3.SA,0.0339059896335094,0.10346466524573211,49.2,0.358,0.3277059810997457,1.1533033961397259,1.153,Yes,Cury Construtora e Incorporadora S.A.
MILL11.SA,0.020011354493446064,0.06123929285764374,26.84,0.212,0.3267731150972671,-0.6515323046480493,0.652,No,IT NOW MORNINGSTAR US DIGITAL LIFESTYLE FUNDO DE ÍNDICE RESPONSABILIDADE LIMITADA
BTCI11.SA,0.008130584304470105,0.024914648808685522,10.21,0.086,0.3263375039681753,0.1285734531314523,0.129,Yes,Fundo Infestimento Imobiliario Btg Pactual Credito Imobiliario
A1EP34.SA,0.018063272093077107,0.05547704285336774,23.96,0.192,0.32559904356871416,-0.05919774834893974,0.059,No,"American Electric Power Company, Inc."
BMKS3.SA,0.020177115936780496,0.061982569328880285,27.09,0.215,0.3255288729597585,0.41798723773171975,0.418,Yes,Bicicletas Monark S.A.
N2LY34.SA,0.016446509986379827,0.050581228510088866,21.62,0.175,0.3251504653173741,0.35953230417233434,0.36,Yes,"Annaly Capital Management, Inc."
G1RM34.SA,0.0393778946330488,0.12155464980283359,58.96,0.421,0.3239521869128107,0.33452684401031124,0.335,Yes,Garmin Ltd.
SILK11.SA,0.01079843502459371,0.03341170302545794,13.76,0.116,0.32319319420401516,-0.3576475563514256,0.358,No,IT NOW ETF CONNECT E FUND MSCI CHINA A50 FUNDO DE ÍNDICE RESPONSABILIDADE LIMITADA
TRVC34.SA,0.027747151614608213,0.08590404881357779,38.88,0.298,0.3230016745173781,-0.09726978240871034,0.097,No,"The Travelers Companies, Inc."
T1WL34.SA,0.05419772534517897,0.16830811067748325,88.39,0.583,0.3220149351508923,-0.5909175806398795,0.591,No,Twilio Inc.
MCRE11.SA,0.013509022313511901,0.04227078949617421,17.47,0.146,0.3195829194232239,0.28145195883504665,0.281,Yes,Maua Capital Real Estate Fundo De Investimento Imobiliario
NSDV11.SA,0.013380268190979398,0.04200580467180601,17.29,0.146,0.3185337906396574,0.864703175700861,0.865,Yes,NU IBOV SMART DIVIDENDOS CLASSE DE ÍNDICE - RESPONSABILIDADE LIMITADA
LKDV11.SA,0.006857575132866717,0.02154303945702933,8.55,0.075,0.3183197592217723,0.04141888312134902,0.041,Yes,Fundo De Investimento Imobiliario Development V1
PATA11.SA,0.006708420093562415,0.021082939559391233,8.35,0.073,0.31819187616909905,0.09870738712798188,0.099,Yes,Patagonia Capital Multiestrategia Fundo De Investimento Imobiliario
FLMA11.SA,0.010980876284512744,0.03458600796762672,14.0,0.12,0.31749475957997497,0.17821527452839406,0.178,Yes,Unitas DTVM S.A.
SHPH11.SA,0.013534180383889793,0.04264884817642368,17.51,0.148,0.31733988050283385,0.008134466534285529,0.008,Yes,FDO INV Imob Shopping Patio Higienopolis
ATTB34.SA,0.022833354216343114,0.07204668679735272,31.12,0.25,0.3169244170875891,-0.16013875131578706,0.16,No,AT&T Inc.
N1DA34.SA,0.025104555635278792,0.07926290156148036,34.65,0.275,0.31672516575495807,-0.2230467055287758,0.223,No,"Nasdaq, Inc."
GAME11.SA,0.007260617461205507,0.02302155208347053,9.07,0.08,0.31538349086457246,0.20980296146630026,0.21,Yes,Fundo De Investimento Imobiliario Guardian Multiestrategia Imobiliaria I
RINV11.SA,0.007783219214171933,0.02469956889010972,9.75,0.086,0.3151155896202105,0.22374947809059212,0.224,Yes,Real Investor Fundo De Investimento Imobiliario Responsabilidade Limitada
A1PO34.SA,0.03370977638962155,0.1070402948106243,48.86,0.371,0.31492604209714564,1.609163563216565,1.609,Yes,"Apollo Global Management, Inc."
BRAZ11.SA,0.013688496381036844,0.043789726840322965,17.72,0.152,0.31259606690288927,0.8793344952509029,0.879,Yes,BB ETF ÍNDICE BOVESPA B3 BR+ FUNDO DE ÍNDICE RESPONSABILIDADE LIMITADA
CEBR3.SA,0.031179862621445613,0.10010634158496491,44.55,0.347,0.31146740683737617,0.704949955873923,0.705,Yes,Companhia Energética de Brasília - CEB
N1RG34.SA,0.03960107301317984,0.12714394225569361,59.37,0.44,0.3114664553466484,-0.31023882555246857,0.31,No,"NRG Energy, Inc."
JBSS32.SA,0.05907446047581158,0.1901542163202275,99.12,0.659,0.31066605631466915,1.0001718503997252,1.0,Yes,JBS N.V.
RZAG11.SA,0.008449274638582369,0.027235528430879334,10.62,0.094,0.3102298771263302,0.17363389244140912,0.174,Yes,Fundo De Investimento Nas Cadeias Produtivas Agroindustriais Riza Agro - Fiagro - Imobiliario
USBC34.SA,0.027142879650426437,0.0875751834967511,37.9,0.303,0.30993802772258416,0.46965170848834453,0.47,Yes,U.S. Bancorp
MXRF11.SA,0.005404464230197771,0.01743975293675164,6.68,0.06,0.30989339412077793,0.07361685618250399,0.074,Yes,Maxi Renda Fundo De Investimento Imobiliaro - FII
B1AM34.SA,0.02349136597466087,0.07583377690080507,32.13,0.263,0.3097744426654223,-0.1140171704350488,0.114,No,Brookfield Corporation
EQIR11.SA,0.00849632256188307,0.027438111087111385,10.69,0.095,0.3096540623699888,0.1364482353691993,0.136,Yes,Eqi Recebiveis Imobiliarios Fundo De Investimento Imobiliario
PIBB11.SA,0.013907636315414286,0.04513246482937566,18.03,0.156,0.30815149068397724,0.9860785947256845,0.986,Yes,IT NOW PIBB IBRX-50 FUNDO DE ÍNDICE RESPONSABILIDADE LIMITADA
OBAL11.SA,0.01749746817210622,0.05679198788591634,23.14,0.197,0.30809747683520267,0.42895840914332856,0.429,Yes,Opportunity Balassiano Fundo De Investimento Imobiliario
D1OM34.SA,0.016311368045381625,0.052967159627966075,21.43,0.183,0.30795247772299655,0.08726324538408903,0.087,Yes,"Dominion Energy, Inc."
MDNE3.SA,0.038645583997950275,0.12549259797741652,57.62,0.435,0.3079511032587347,1.7381888893184867,1.738,Yes,Moura Dubeux Engenharia S.A.
F1LS34.SA,0.026806688464055435,0.08705603368950593,37.36,0.302,0.3079245323726116,0.13863614356489276,0.139,Yes,Flowserve Corporation
BMEB3.SA,0.046406104708148224,0.15099227893297767,72.35,0.523,0.3073409119730349,1.1362434462751454,1.136,Yes,Banco Mercantil do Brasil S.A.
AAPL34.SA,0.021300833404250742,0.06932063285065558,28.78,0.24,0.30727984624925847,-0.45038274331736444,0.45,No,Apple Inc.
VISA34.SA,0.017137614650322024,0.05586964569176973,22.62,0.194,0.3067428554114959,-0.4527249193156924,0.453,No,Visa Inc.
ABBV34.SA,0.02091621488868927,0.06835208420167525,28.2,0.237,0.3060069803720284,-0.1648076830561801,0.165,No,AbbVie Inc.
JHSF3.SA,0.03702467329417303,0.12149073000747213,54.69,0.421,0.30475307286322073,1.6316632598129033,1.632,Yes,JHSF Participações S.A.
C1BL34.SA,0.01692369415720087,0.055555531578892564,22.31,0.192,0.30462662630035486,-0.11304786210207182,0.113,No,Chubb Limited
SCHW34.SA,0.025065107794734528,0.08242567589301696,34.59,0.286,0.30409344567907903,0.09459039274287273,0.095,Yes,The Charles Schwab Corporation
CMIG4.SA,0.01573777127783957,0.05177553901844972,20.61,0.179,0.3039615149584742,0.3568591901203711,0.357,Yes,Companhia Energética de Minas Gerais - CEMIG
MCCI11.SA,0.010954365484688835,0.03605938134092473,13.97,0.125,0.30378683930044137,0.1161665332296775,0.116,Yes,Fundo De Investimento Imobiliario Maua Capital Recebiveis Imobiliarios
CAON34.SA,0.028490787575952737,0.09381070798489177,40.09,0.325,0.3037050693673603,-0.23014046872820537,0.23,No,Capital One Financial Corporation
I1VZ34.SA,0.034246597358585366,0.11286282191649366,49.79,0.391,0.303435593555548,-0.24914964462445327,0.249,No,Invesco Ltd.
EGAF11.SA,0.009486565867432625,0.031310257627528724,12.0,0.108,0.3029858770338514,0.38424487912456257,0.384,Yes,Ecoagro I Fundo De Investimento Nas Cadeias Produtivas Agroindustriais Fiagro Imobiliario
BALM4.SA,0.02939250393454767,0.09702783703423767,41.57,0.336,0.30292857011927515,0.7100163557402569,0.71,Yes,Baumer S.A.
IBOB11.SA,0.013438258166760295,0.04436680938777044,17.37,0.154,0.30288989341804023,0.9716732621584354,0.972,Yes,BTG PACTUAL B3 IBOVESPA FUNDO DE ÍNDICE
K1TC34.SA,0.020642859139764245,0.0681627934109146,27.79,0.236,0.30284643728317034,0.4037621139841723,0.404,Yes,KT Corporation
F1EC34.SA,0.013290301692120074,0.043931502159213834,17.17,0.152,0.30252327006607205,0.1447602395033866,0.145,Yes,FirstEnergy Corp.
BRAX11.SA,0.013396027889604962,0.04429159824228604,17.31,0.153,0.30245076766761414,0.967921498937193,0.968,Yes,ISHARES IBRX - ÍNDICE BRASIL (IBrX-100) CLASSE DE ÍNDICE - RESPONSABILIDADE LIMITADA
K1EY34.SA,0.02933261326018996,0.09725272889187798,41.47,0.337,0.3016122384884529,0.305453926671628,0.305,Yes,KeyCorp
S2GI34.SA,0.029447333413624235,0.0984486410755632,41.66,0.341,0.2991136606042358,-0.21868798954503968,0.219,No,Somnigroup International Inc.
AREA11.SA,0.004090802776381192,0.013687182979540974,5.02,0.047,0.29887835813227254,0.08172403174683712,0.082,Yes,BTG PACTUAL TEVA AUVP RENDA AUTOMÁTICA ITBR IPCA RENDIMENTO FUNDO DE ÍNDICE
C1HR34.SA,0.025868087453088582,0.0866746984828232,35.86,0.3,0.29845027333109214,0.21417263745342982,0.214,Yes,"C.H. Robinson Worldwide, Inc."
BOVX11.SA,0.013621198445645338,0.04567780901728785,17.63,0.158,0.2982016593766586,1.0011821070424956,1.001,Yes,TREND ETF IBOVESPA CLASSE DE ÍNDICE - RESPONSABILIDADE LIMITADA
HLOG11.SA,0.008428841417917225,0.02841032538954239,10.6,0.098,0.29668232596237043,0.1982648015387922,0.198,Yes,Hedge Logistica Fundo Investimento Imobiliario
BOVV11.SA,0.013512829250027218,0.045570480400177006,17.48,0.158,0.2965259337045464,0.9990260128272912,0.999,Yes,IT NOW IBOVESPA FUNDO DE ÍNDICE RESPONSABILIDADE LIMITADA
DIRR3.SA,0.029189435186977895,0.0984464997562372,41.24,0.341,0.29650048766846643,0.8997114194541378,0.9,Yes,Direcional Engenharia S.A.
LRDI11.SA,0.09162956578714349,0.3091016360889773,186.35,1.071,0.29643830730409726,2.7004211281659933,2.7,Yes,Fundo De Investimento Imobiliario - Leblon Realty Desenvolvimento I
BLAK34.SA,0.020764153797524134,0.07009095718312272,27.97,0.243,0.29624583016143996,0.1773714685967855,0.177,Yes,"BlackRock, Inc."
S1YF34.SA,0.03281150275187937,0.11093592306667967,47.32,0.384,0.29576986286180296,-0.2598198219685077,0.26,No,Synchrony Financial
ABCP11.SA,0.015671125650751513,0.0529961017398448,20.51,0.184,0.2957033656490487,0.0421281043605415,0.042,Yes,FII ABC Plaza Shopping Fund
M1CK34.SA,0.023405353866390175,0.07932705869816582,32.0,0.275,0.29504880491593655,-0.15780094576472384,0.158,No,McKesson Corporation
BMMT11.SA,0.014905389704004209,0.05052044253184552,19.43,0.175,0.29503680009549815,0.9058219585901298,0.906,Yes,FI DE ÍNDICE - CLASSE DE INVESTIMENTO B-INDEX MORNINGSTAR BRASIL MOMENTO - RESP LIMITADA
BTRA11.SA,0.022757941587069844,0.07727967248102656,31.0,0.268,0.2944880698434287,0.6327369903097706,0.633,Yes,Fundo De Investimento Imobiliario Btg Pactual Terras Agricolas
AMZO34.SA,0.024784453578628556,0.08417029685398382,34.15,0.292,0.2944560552236605,-0.43747286445507444,0.437,No,"Amazon.com, Inc."
BOVB11.SA,0.013445111542016802,0.04569351516944782,17.38,0.158,0.2942455070956468,1.0017115296787216,1.002,Yes,FUNDO DE INVESTIMENTO DE ÍNDICE - CLASSE DE INVESTIMENTO ETF BRADESCO IBOVESPA - RESP LIMITADA
S2EA34.SA,0.03582293536107858,0.12190659758323835,52.55,0.422,0.2938555916681911,-0.7240819029173381,0.724,No,Sea Limited
AUVP11.SA,0.01599467748817837,0.05450026470442805,20.98,0.189,0.29347889546816885,1.0720526352035447,1.072,Yes,BTG PACTUAL TEVA AUVP AÇÕES FUNDAMENTOS FUNDO DE ÍNDICE
AHEB6.SA,0.04067608234373197,0.13860418543780925,61.36,0.48,0.2934693654109244,0.5526240811838391,0.553,Yes,São Paulo Turismo S.A.
SPVT11.SA,0.014273854491985366,0.048654640206676446,18.54,0.169,0.2933708775021769,0.9393612646705053,0.939,Yes,SAFRA ETF IBOVESPA EMPRESAS PRIVADAS FUNDO DE INDICE - RESPONSABILIDADE LIMITADA
GPUS11.SA,0.011744527066496747,0.040046881997733014,15.04,0.139,0.29326945021990936,-0.5060019667951421,0.506,No,INVESTO GP ETF S&P 500 FUNDO DE ÍNDICE
OIAG11.SA,0.008485512153452354,0.028956631985904067,10.67,0.1,0.29304209680128046,0.26871343883734,0.269,Yes,Ourinvest Innovation - Fiagro Imobiliario
MMMC34.SA,0.022928480754842797,0.07834559854734795,31.26,0.271,0.2926581860369097,0.12010084691494584,0.12,Yes,3M Company
C1BO34.SA,0.027767555739429465,0.09498749905965281,38.91,0.329,0.2923285275885751,0.049254072901892015,0.049,Yes,"Cboe Global Markets, Inc."
BOVA11.SA,0.013508966529961504,0.046217892777709775,17.47,0.16,0.29228867259124985,1.0128736785002024,1.013,Yes,ISHARES IBOVESPA CLASSE DE ÍNDICE - RESPONSABILIDADE LIMITADA
G1WW34.SA,0.021526643488004423,0.07367735121687588,29.12,0.255,0.2921745031880804,-0.3439420390805549,0.344,No,"W.W. Grainger, Inc."
BBOV11.SA,0.013516213294451003,0.04640105944014772,17.48,0.161,0.2912910493322989,1.0154402110589908,1.015,Yes,BB ETF IBOVESPA FUNDO DE ÍNDICE RESPONSABILIDADE LIMITADA
CEEB3.SA,0.013581299992110886,0.04664135878387311,17.57,0.162,0.2911857704455816,0.36192243348496195,0.362,Yes,Companhia de Eletricidade do Estado da Bahia - COELBA
VCRI11.SA,0.013122472289942509,0.045069062400840416,16.93,0.156,0.2911636406640181,0.27749705470925357,0.277,Yes,Vinci Credit Securities Fundo De Investimento Imobiliario
RELG11.SA,0.02110046760209975,0.07250819635206264,28.48,0.251,0.2910080330732086,0.559654224139156,0.56,Yes,Fundo De Investimento Imobiliario Rec Logistaca
ICRI11.SA,0.010060646253140872,0.03463281534405325,12.76,0.12,0.2904946119221108,0.24778147774917675,0.248,Yes,Itau Credito Imobiliario Ipca Fundo De Investimento Imobiliario
XBOV11.SA,0.012878898774499532,0.044376731276928975,16.6,0.154,0.2902173820358676,0.972649384153976,0.973,Yes,CAIXA ETF IBOVESPA FUNDO DE ÍNDICE - RESPONSABILIDADE LIMITADA
H1EI34.SA,0.028014790910298612,0.09660813687862858,39.31,0.335,0.28998376136261017,-0.5777470210565888,0.578,No,HEICO Corporation
TVRI11.SA,0.009309523254193383,0.032167907675941756,11.76,0.111,0.2894040653180541,0.27202208898670316,0.272,Yes,BB Progressivo II Fundo de Investimento Imobiliário - FII
U1RI34.SA,0.030638829711217477,0.10600631491557101,43.64,0.367,0.28902834454362314,-0.10768416929186556,0.108,No,"United Rentals, Inc."
GLDX11.SA,0.019347587642729015,0.06701981055748428,25.85,0.232,0.2886846065632219,0.48879332960027644,0.489,Yes,CLASSE A DA INVESTO ETF SOLACTIVE GOLD SPOT INDEX DE FUNDO DE ÍNDICE RESPONSABILIDADE LIMITADA
BGIP4.SA,0.021655868161831165,0.07517746148031709,29.32,0.26,0.288063306946073,0.5005465031888491,0.501,Yes,Banco do Estado de Sergipe S.A.
GSFI11.SA,0.010548862617527804,0.03667277268951457,13.42,0.127,0.2876483517305448,0.034562450733739175,0.035,Yes,General Shopping E Outlets Do Brasil Fundo De Investimento Imobiliario FII
BOVS11.SA,0.013067072147488333,0.04550876937407485,16.86,0.158,0.28713305868763617,0.9973071753051423,0.997,Yes,SAFRA ETF IBOVESPA FUNDO DE INDICE - RESPONSABILIDADE LIMITADA
^BVSP,0.01305671853044633,0.04560738369730452,16.84,0.158,0.28628519051001833,1.0,1.0,Yes,BOVESPA
CXAG11.SA,0.005881960998003558,0.020577383143017793,7.29,0.071,0.2858459191395964,0.17860945310451587,0.179,Yes,Fundo De Investimento Imobiliario Caixa Agencias
EURO11.SA,0.014581192207182792,0.051080194627255354,18.97,0.177,0.28545686471215137,0.18694638852598194,0.187,Yes,Coinvalores Dtvm Ltda.
D1TE34.SA,0.012325252525489707,0.04329249498923868,15.84,0.15,0.2846972097254599,-0.046919994168694586,0.047,No,DTE Energy Company
HOOT4.SA,0.043809316338278496,0.15394134474829615,67.28,0.533,0.2845844721566484,0.7907276955191832,0.791,Yes,Hotéis Othon S.A.
Y2PF34.SA,0.054945545655500236,0.19374765515613762,90.0,0.671,0.28359334522640106,-0.855629257218713,0.856,No,YPF Sociedad Anónima
BIPD11.SA,0.0044153609482693885,0.015575564729215818,5.43,0.054,0.2834799909365269,-0.04007487396282544,0.04,No,Brio Real Estate IV - Fundo De Investimento Imobiliario - Fund
GOVE11.SA,0.012777595495398706,0.045119370933684844,16.46,0.156,0.2831953378556374,0.9839892166379787,0.984,Yes,It Now IGCT Index Fund
CTKA3.SA,0.031121447417974832,0.1099526793955762,44.45,0.381,0.2830440111969383,-0.1885574908623972,0.189,No,Karsten S.A.
GTWR11.SA,0.009287397798794386,0.0328322735168995,11.73,0.114,0.2828740383761105,0.34116541004975276,0.341,Yes,Fundo Investimento Imobiliario Green Towers
A1ME34.SA,0.017029762738354628,0.0603038858451117,22.46,0.209,0.2823990941826692,-0.0874374577250038,0.087,No,"AMETEK, Inc."
LOGG3.SA,0.019284624947526818,0.06837820435991918,25.76,0.237,0.2820288296255812,0.7600798076001694,0.76,Yes,LOG Commercial Properties e Participações S.A.
BREW11.SA,0.014934646198671537,0.05295953640096279,19.47,0.183,0.2820010750396227,0.9951545222840742,0.995,Yes,FUNDO DE INVESTIMENTO DE ÍNDICE - CI B-INDEX MORNINGSTAR BRASIL PESOS IGUAIS - RESP LIMITADA
LILY34.SA,0.028566503339935212,0.10155887913341667,40.21,0.352,0.2812802148240307,-0.33714945243146927,0.337,No,Eli Lilly and Company
M1TT34.SA,0.019746060888657706,0.07042801815467853,26.45,0.244,0.28037223545450535,-0.24659407508408826,0.247,No,"Marriott International, Inc."
F1TN34.SA,0.03981292204151826,0.14210331864567438,59.76,0.492,0.2801688406784451,-1.3062020345772383,1.306,No,"Fortinet, Inc."
L2PL34.SA,0.050282771737494354,0.17961934581752548,80.17,0.622,0.27994073527345104,4.048036275746898,4.048,Yes,LPL Financial Holdings Inc.
BGRB11.SA,0.014966070914172505,0.05351172361749685,19.51,0.185,0.2796783564878298,-0.06511406971104501,0.065,No,Bgr B32 Fundo De Investimento Imobiliario
DEAI34.SA,0.033289109301489796,0.11917905120825685,48.14,0.413,0.27932014027632646,-0.7683291883178915,0.768,No,"Delta Air Lines, Inc."
MNPR3.SA,0.03877614943428891,0.13909732130017638,57.86,0.482,0.27876992217994456,0.6761837030881868,0.676,Yes,Minupar Participações S.A.
F1FI34.SA,0.034910190443166594,0.12531402925707974,50.95,0.434,0.27858166120849004,-0.2372606629135444,0.237,No,"F5, Inc."
M1NS34.SA,0.01917770140881678,0.0689822279030503,25.6,0.239,0.2780093074953987,-0.12211300093220843,0.122,No,Monster Beverage Corporation
BMLT11.SA,0.0059131485856903435,0.02131417982944734,7.33,0.074,0.277427920426984,-0.034905024478889476,0.035,No,Fundo De Investimentos Imobiliarios De Permuta Financeira Lote5 Mezanino Rl
E1RI34.SA,0.028383284027999445,0.10231916583744835,39.91,0.354,0.27739948616363025,0.24602935733540585,0.246,Yes,Telefonaktiebolaget LM Ericsson (publ)
IVWO11.SA,0.01256881248506655,0.04545428227444414,16.17,0.157,0.276515475685624,-1.6759095229344438,1.676,No,Investo Ftse Emerging Markets All Cap China A Inclusion Classe De Índice Respons Limitadada
NFLX34.SA,0.027940344581239784,0.10114335247798978,39.19,0.35,0.27624499185272705,-0.26681377638447584,0.267,No,"Netflix, Inc."
CPUR11.SA,0.012047164111898127,0.043788979997370255,15.45,0.152,0.2751186283083465,-0.13338877827818618,0.133,No,Capitania HBC Renda Urbana Fundo De Investimento Imobiliario
MBRF3.SA,0.04227830608997433,0.15391994246039076,64.36,0.533,0.2746772472374987,1.277915662547126,1.278,Yes,MBRF Global Foods Company S.A.
EKTR3.SA,0.02768902704339453,0.10089619409446741,38.78,0.35,0.274430837475096,-0.26078365644635276,0.261,No,Elektro Redes S.A.
UTLL11.SA,0.015716012216188555,0.05739826971547028,20.58,0.199,0.27380637594294405,0.8209533381427669,0.821,Yes,Investo B3 Utilidade Pública Fundo De Índice
W1EC34.SA,0.013631867566173425,0.04983343281177182,17.64,0.173,0.27354863586586514,-0.1651646554579116,0.165,No,"WEC Energy Group, Inc."
B1BT34.SA,0.025870870405288626,0.09511346498279968,35.87,0.329,0.272000083373759,0.0472938642621135,0.047,Yes,Truist Financial Corporation
CGRA3.SA,0.01610640279802108,0.059657151762520066,21.14,0.207,0.2699827652204478,0.20115920391375708,0.201,Yes,Grazziotin S.A.
DUKB34.SA,0.011835387488609699,0.043858733145601264,15.16,0.152,0.26985247041493055,-0.011557129903015245,0.012,No,Duke Energy Corporation
QBTC11.SA,0.04177060242286881,0.1552180944926636,63.4,0.538,0.2691091045757111,-0.8503210901383659,0.85,No,QR CME CF BITCOIN REFERENCE RATE FUNDO DE ÍNDICE - INVESTIMENTO NO EXTERIOR
TEND3.SA,0.03957969027963066,0.14714800061324218,59.33,0.51,0.2689787840451894,1.2577222643135861,1.258,Yes,Construtora Tenda S.A.
RBRD11.SA,0.01209760707824764,0.04512233780101222,15.52,0.156,0.2681068328418094,0.3416356580063256,0.342,Yes,RB Capital Renda II Fundo de Investimento Imobiliário - FII
UGPA3.SA,0.026733961311797172,0.0998164208581304,37.24,0.346,0.26783129551193074,1.47759006778336,1.478,Yes,Ultrapar Participações S.A.
I1RM34.SA,0.026015071252810863,0.09717819943645235,36.1,0.337,0.2677048083178663,0.09797433024824892,0.098,Yes,Iron Mountain Incorporated
M1SI34.SA,0.02113902379855157,0.07908452066762436,28.53,0.274,0.26729660393839205,0.06967022333967217,0.07,Yes,"Motorola Solutions, Inc."
M1TA34.SA,0.02332732309982217,0.0876122011853537,31.88,0.303,0.26625655769646206,-0.3448337720837897,0.345,No,"Meta Platforms, Inc."
C1MS34.SA,0.00977103095593596,0.03671865855481868,12.38,0.127,0.26610533555708243,0.15683334873232374,0.157,Yes,CMS Energy Corporation
ELAS11.SA,0.013700372994330193,0.051670640925348614,17.74,0.179,0.2651481140735968,1.0714682652110563,1.071,Yes,SAFRA ETF MULHERES NA LIDERANÇA FUNDO DE ÍNDICE DE AÇÕES INVESTIMENTO SUSTENTÁVEL - RESP LIMITADA
PNCS34.SA,0.027593559228540863,0.10413378395768363,38.63,0.361,0.26498181646557595,-0.31328579905187387,0.313,No,"The PNC Financial Services Group, Inc."
BITH11.SA,0.041723606326761815,0.157643634953043,63.32,0.546,0.26467041526408563,-0.8981078215797464,0.898,No,HASHDEX NASDAQ BITCOIN REFERENCE PRICE FUNDO DE ÍNDICE - RESPONSABILIDADE LIMITADA
REVE11.SA,0.01464995837079625,0.05543245761176001,19.07,0.192,0.2642848432483762,-0.31890411484789627,0.319,No,IT NOW RUSSELL 1000 GREEN REVENUES 50 FUNDO DE ÍNDICE INVESTIMENTO SUSTENTÁVEL RESP LIMITADA
U2NF34.SA,0.02384772266637929,0.09030297499523485,32.69,0.313,0.2640856812041652,,,,"United Natural Foods, Inc."
BPAC11.SA,0.021862272301876196,0.08298777442736936,29.63,0.287,0.26343967473196894,1.5925848208026314,1.593,Yes,Banco BTG Pactual S.A.
A1MP34.SA,0.019712369758954018,0.07495839870644062,26.4,0.26,0.26297746615630785,-0.030450820590369538,0.03,No,"Ameriprise Financial, Inc."
RBIR11.SA,0.00839010980702705,0.031916951658556014,10.55,0.111,0.2628731558321581,0.3114166547498464,0.311,Yes,Rb Capital Desenvolvimento Residencial IV Fundo De Investimento Imobiliario - FII
ALPA4.SA,0.028383221930750727,0.10803879132789218,39.91,0.374,0.26271324939770113,1.1089589701291414,1.109,Yes,Alpargatas S.A.
MRSA3B.SA,0.022582639900988695,0.08661349569707474,30.73,0.3,0.26072888202053474,0.11668907216927359,0.117,Yes,MRS Logística S.A.
TAEE4.SA,0.01202760313166156,0.046280716421113186,15.43,0.16,0.25988368508000426,0.6744467050943623,0.674,Yes,Transmissora Aliança de Energia Elétrica S.A.
ERPA11.SA,0.004429595947627918,0.01705476526377623,5.45,0.059,0.2597277581437158,0.057009889542843036,0.057,Yes,Europa 105 Fundo Investimento Imobiliario
SNEC34.SA,0.02143272195534241,0.08257147136753025,28.98,0.286,0.25956570229860826,-0.33642481962693543,0.336,No,Sony Group Corporation
BBOI11.SA,0.013543091164073845,0.0522178605536188,17.52,0.181,0.2593574501231702,0.33912196908455766,0.339,Yes,BB ETF ÍNDICE FUTURO DE BOI GORDO B3 FUNDO DE ÍNDICE RESPONSABILIDADE LIMITADA
BXPO11.SA,0.012264095098546146,0.047295930709679794,15.75,0.164,0.259305502915838,0.745581621553413,0.746,Yes,INVESTO MARKETVECTOR BRAZIL GLOBAL EXPOSURE ETF CLASSE DE ÍNDICE - RESPONSABILIDADE LIMITADA
HYPI11.SA,0.34189652399610043,1.3185336254437288,3309.01,4.568,0.25930057254401934,7.546453517209638,7.546,Yes,Fii Hire Properties I – Fundo De Investimento Imobiliario
N1GG34.SA,0.013999483947114316,0.054108926543456025,18.16,0.187,0.2587278078021199,0.4428588766241082,0.443,Yes,National Grid plc
U1AL34.SA,0.040637378769182775,0.15763523433267082,61.28,0.546,0.2577937536694513,-1.0862802029395477,1.086,No,"United Airlines Holdings, Inc."
FGAA11.SA,0.00785004666162427,0.03048587282479878,9.84,0.106,0.2574978484866813,0.2901217924200776,0.29,Yes,FG/Agro Fundo De Investimento Nas Cadeias Produtivas Agroindustriais - Fiagro-Imobiliario
BDEF11.SA,0.014484542915271967,0.056341607358103334,18.84,0.195,0.2570843040243638,0.980912944169472,0.981,Yes,FI DE ÍNDICE - CI B-INDEX MORNINGSTAR SETORES DEFENSIVOS BRASIL - RESPONSABILIDADE LIMITADA
DVLP11.SA,0.017202482105501994,0.06701382544374372,22.71,0.232,0.2567004941382284,-0.24712894612773523,0.247,No,Speciale Real Estate Development Fundo De Investimento Imobiliario
P1NW34.SA,0.011263598794508507,0.044025960198311176,14.39,0.153,0.2558399349786487,-0.2443069954003925,0.244,No,Pinnacle West Capital Corporation
TAEE3.SA,0.011702846890534389,0.045744070345103055,14.98,0.158,0.25583309054584796,0.685306148784471,0.685,Yes,Transmissora Aliança de Energia Elétrica S.A.
DEEC34.SA,0.02023069811087925,0.07926032318693776,27.17,0.275,0.2552436994631546,-0.11371739292545646,0.114,No,Deere & Company
VGIA11.SA,0.012194495468778032,0.0478099101459035,15.66,0.166,0.25506208716066564,0.1948080399577683,0.195,Yes,Valora Cra Fundo De Investimento In Agroindustrial Production Chains - Fiagro-Imobiliário
XPCI11.SA,0.008119535239696092,0.03196658113890657,10.19,0.111,0.2540007392224311,0.06378687651350129,0.064,Yes,Xp Credito Imobiliario ae Fundo De Investimento Imobiliario
TGMA3.SA,0.0185698224324295,0.07314077798563218,24.71,0.253,0.2538915081827181,0.7059611478447602,0.706,Yes,Tegma Gestão Logística S.A.
UPAC34.SA,0.015235687559253492,0.06008828888799068,19.9,0.208,0.25355502446831224,-0.10545231492443831,0.105,No,Union Pacific Corporation
SHPP11.SA,0.022512915084843457,0.08882368851464999,30.62,0.308,0.25345620589861373,-0.4988850604496723,0.499,No,Shopping Patio Paulista Fundo De Investimento Imobiliario Responsabilidade Limitada
MSCD34.SA,0.014406578301160372,0.056962623288788,18.73,0.197,0.25291283071922765,-0.32533944559274347,0.325,No,Mastercard Incorporated
T1SO34.SA,0.01225685418750985,0.048657197123679864,15.74,0.169,0.2519021832752639,-0.15560144109465696,0.156,No,The Southern Company
AHEB5.SA,0.04669207278282738,0.18549603951282237,72.91,0.643,0.25171466143135524,0.550988495129899,0.551,Yes,São Paulo Turismo S.A.
S2HO34.SA,0.04076968717476984,0.1620008437371868,61.53,0.561,0.2516634249196277,0.24305146307682116,0.243,Yes,Shopify Inc.
BRSR3.SA,0.017481584611303173,0.06953063460938085,23.12,0.241,0.2514227679570843,0.9033379010795872,0.903,Yes,Banco do Estado do Rio Grande do Sul S.A.
D1LR34.SA,0.017921463851594932,0.07128253701650134,23.76,0.247,0.25141450629691053,-0.29989010916141545,0.3,No,"Digital Realty Trust, Inc."
GARE11.SA,0.006928901117145826,0.027566200318585164,8.64,0.095,0.2513549577768378,0.0793423057828195,0.079,Yes,Guardian Logistica Fundo De Investimento Imobiliario
G1SK34.SA,0.0156706339166081,0.06236150915169434,20.51,0.216,0.2512869577689227,0.15923375797475495,0.159,Yes,GSK plc
T2YL34.SA,0.035487610315979815,0.1413441917251534,51.96,0.49,0.2510722929809962,1.3789974155889841,1.379,Yes,"Tyler Technologies, Inc."
F2NV34.SA,0.024203303444288574,0.096786632899212,33.24,0.335,0.25006865844266424,0.24158049122281464,0.242,Yes,Franco-Nevada Corporation
A1RG34.SA,0.026570654750698232,0.106457070659478,36.98,0.369,0.24959032393150501,-0.713508511211485,0.714,No,argenx SE
ORVR3.SA,0.020045927522977767,0.08032866929363137,26.89,0.278,0.24954885595953785,0.8390255658874728,0.839,Yes,Orizon Valorização de Resíduos S.A.
XB5011.SA,0.004891626750097067,0.01964288028679902,6.03,0.068,0.24902797750004518,0.1582796135385065,0.158,Yes,Trend Etf Idex B50 Classe De Índice - Responsabilidade Limitada
WHGR11.SA,0.007588016816155289,0.030512110851213022,9.5,0.106,0.24868868801496322,0.12123405343675944,0.121,Yes,Whg Real Estate Fundo De Investimento Imobiliario – Fii
Z1IO34.SA,0.029802997964737215,0.12010707068714939,42.25,0.416,0.24813691478969627,-0.42753237070089506,0.428,No,"Zions Bancorporation, National Association"
AMGN34.SA,0.019163652788761188,0.07746393787049514,25.58,0.268,0.24738805327453328,-0.02069447927306231,0.021,No,Amgen Inc.
W1BD34.SA,0.03964698424678101,0.16026297549388738,59.45,0.555,0.24738704697450967,-0.519348709192016,0.519,No,"Warner Bros. Discovery, Inc."
TJKB11.SA,0.008784963300137835,0.035524511210195765,11.07,0.123,0.24729300983644478,0.15980075527577445,0.16,Yes,Tjk Renda Imobiliaria Fundo De Investimento Imobiliario
B1ME34.SA,0.025892179712987257,0.10479452466756996,35.9,0.363,0.2470756921234448,0.043378370614727144,0.043,Yes,BeOne Medicines AG
AWII34.SA,0.039454992850800716,0.1596902837884601,59.1,0.553,0.2470719690314177,-0.5205748665855606,0.521,No,"Armstrong World Industries, Inc."
U1NM34.SA,0.024387503938287553,0.09878032102282995,33.53,0.342,0.2468862591836602,-0.6990048853721972,0.699,No,Unum Group
TAEE11.SA,0.011902919004399022,0.048368019691473835,15.26,0.168,0.24609068306547255,0.6987418285963232,0.699,Yes,Transmissora Aliança de Energia Elétrica S.A.
NCRI11.SA,0.011955649905853226,0.04862717406624761,15.33,0.168,0.24586355541791002,-0.18399515378596418,0.184,No,Navi Credito Imobiliario - Fundo De Investimento Imobiliario
CTKA4.SA,0.025184473978455982,0.10262917678090458,34.78,0.356,0.2453929259534104,1.1964443221989494,1.196,Yes,Karsten S.A.
NBOV11.SA,0.01061418294448992,0.04327784867594078,13.51,0.15,0.24525671375136085,0.918908647975771,0.919,Yes,Nu Ibovespa B3 BR + Classe De Indice Ibovespa B3 BR + Responsabilidade Limitada
PFRM3.SA,0.033445624932698675,0.13639196229367515,48.41,0.472,0.24521697884721788,1.8250439350838987,1.825,Yes,Profarma Distribuidora de Produtos Farmacêuticos S.A.
G1DS34.SA,0.05348365852483723,0.2189231643138417,86.87,0.758,0.24430333214152092,0.06851269515532397,0.069,Yes,GDS Holdings Limited
OPCT3.SA,0.02127654935817057,0.08725276683321524,28.74,0.302,0.24384956638499453,1.05609505720464,1.056,Yes,OceanPact Serviços Marítimos S.A.
PRAF11.SA,0.043299341552925016,0.17795658575062817,66.31,0.616,0.2433140721951178,,,,GALAPAGOS PRATA FÍSICA DEX FUNDO DE ÍNDICE
L1OE34.SA,0.023242676654239673,0.09554701621154306,31.75,0.331,0.24325905272415738,0.34619894486553116,0.346,Yes,Loews Corporation
C1CO34.SA,0.015051284167631475,0.06191334302218063,19.63,0.214,0.24310243047672794,0.18963354756668233,0.19,Yes,"Cencora, Inc."
VSHO11.SA,0.008381330501872819,0.03451097334216256,10.53,0.12,0.24285987007017343,0.33703125555327323,0.337,Yes,FII Votorantim shopping
FIND11.SA,0.015746299228859045,0.06498908729703715,20.62,0.225,0.24229143512801601,1.3297212660911508,1.33,Yes,IT NOW IFNC FUNDO DE ÍNDICE - RESPONSABILIDADE LIMITADA
P1AC34.SA,0.01892189409440694,0.07815464169706098,25.22,0.271,0.24210838516477393,0.16810080510728947,0.168,Yes,PACCAR Inc
FIGE3.SA,0.037908661329502095,0.15671336460092375,56.28,0.543,0.24189807567489774,0.3746292431113388,0.375,Yes,Investimentos Bemge S.A.
TJXC34.SA,0.014991322994886565,0.06201918519102258,19.55,0.215,0.24172073445841713,-0.3093592446745113,0.309,No,"The TJX Companies, Inc."
CCTY3.SA,2.003588171675882,8.306797281207183,53911798.36,28.776,0.24119863574962686,-3.713526889323527,3.714,No,RDVC City S.A.
HGCR11.SA,0.006791437219004178,0.02823499526401468,8.46,0.098,0.24053261406633988,-0.050971190735872224,0.051,No,CSHG Recebiveis Imobiliarios BC Fundo de Investimento Imobiliario - FII
C1TV34.SA,0.017777374010035003,0.07399971823088657,23.55,0.256,0.24023569866263284,-0.11829645978014314,0.118,No,"Corteva, Inc."
R2RX34.SA,0.01361221593547707,0.05700450448857013,17.61,0.197,0.238791935086576,0.4442410801020832,0.444,Yes,Regal Rexnord Corporation
MMAQ4.SA,1.1985609680605325,5.022342668242004,1275346.25,17.398,0.2386457968388825,-22.544586627900248,22.545,No,Minasmáquinas S/A
ABCB4.SA,0.01368286596880805,0.05737033767912491,17.71,0.199,0.23850070476030638,0.9995673027658133,1.0,Yes,Banco ABC Brasil S.A.
BERK34.SA,0.012918374360078904,0.05427566210882748,16.65,0.188,0.2380141274771817,-0.17075415328354748,0.171,No,Berkshire Hathaway Inc.
FRIO3.SA,0.08521631094570314,0.36080356268899716,166.81,1.25,0.23618478240792007,0.36368334608608394,0.364,Yes,Metalfrio Solutions S.A.
CALI3.SA,0.03200207013947734,0.13582258487616844,45.94,0.471,0.235616706666672,-0.558314243940618,0.558,No,Construtora Adolpho Lindenberg S.A.
PPEI11.SA,0.00829594424432492,0.035253415583074474,10.42,0.122,0.23532313414499012,0.15578636766664766,0.156,Yes,Prisma Proton Energia Fundo De Investimento Em Participacoes Em Infraestrutura
CGRA4.SA,0.010556277482295193,0.044876877442401195,13.43,0.155,0.2352275399696429,0.26429753339889,0.264,Yes,Grazziotin S.A.
R1SG34.SA,0.014446839616236521,0.06166348480457522,18.78,0.214,0.23428516344837869,-0.09645284904211257,0.096,No,"Republic Services, Inc."
VGIP11.SA,0.006744379448900198,0.028829122711657138,8.4,0.1,0.23394327730177822,0.07030629279451331,0.07,Yes,Valora Cri Indice De Preco Fundo De Investimento Imobiliario
ECOO11.SA,0.013334806083239685,0.057195915299608116,17.23,0.198,0.23314262938862437,1.1786042096838694,1.179,Yes,ISHARES INDICE CARBONO EFICIENTE (ICO2) BRASIL IS CLASSE DE ÍNDICE - RESPONSABILIDADE LIMITADA
PINE3.SA,0.051154467574516686,0.22002138009742994,81.97,0.762,0.2324977125035051,0.9057808279484473,0.906,Yes,Banco Pine S.A.
BLMO11.SA,0.007864800712642355,0.03385384363706856,9.86,0.117,0.23231633007339594,0.10117733837893433,0.101,Yes,Bluemacaw Office Fund Ii - Fundo De Investimento Imobiliario
CYCR11.SA,0.008526853197045778,0.0367328381229622,10.73,0.127,0.23213161935656493,0.1582739776414021,0.158,Yes,Cyrela Credito - Fundo De Investimento Imobiliario
SAPR3.SA,0.022435599283089098,0.0966679261416366,30.51,0.335,0.23208938247228708,0.958406863481504,0.958,Yes,Companhia de Saneamento do Paraná - SANEPAR
BIDB11.SA,0.007100757936701249,0.03071742255629493,8.86,0.106,0.2311638590017732,0.14410405155123343,0.144,Yes,Inter Infra FI Cotas Fundos Incentivados De Investimento Infraestrutura Renda Fixa Credito Privado
BDIV11.SA,0.010915634121366249,0.04724855255903933,13.91,0.164,0.23102578873134033,-0.14669485157555212,0.147,No,Btg Pactual Infraestrutura Dividendos Fundo De Investimento Em Participacoes Em Infraestrutura
S1NA34.SA,0.017904235721733018,0.07776202957155377,23.73,0.269,0.23024393550914454,0.1658492654009015,0.166,Yes,Snap-on Incorporated
A1EE34.SA,0.012302594529506227,0.05348625537860871,15.8,0.185,0.2300141305915113,-0.10049802808132231,0.1,No,Ameren Corporation
VIVT3.SA,0.017341972931188436,0.07543898994209823,22.91,0.261,0.22988076781646916,1.1581513468469944,1.158,Yes,Telefônica Brasil S.A.
G1LL34.SA,0.020413740628734273,0.0892923263251749,27.44,0.309,0.22861696484862284,-0.04753319352860433,0.048,No,Globe Life Inc.
EKTR4.SA,0.014401737112164538,0.06311590412411652,18.72,0.219,0.2281792095355828,-0.09897660182355796,0.099,No,Elektro Redes S.A.
R1IN34.SA,0.011195526544229324,0.04914604419880784,14.29,0.17,0.22780117355815382,0.5014584488344481,0.501,Yes,Realty Income Corporation
HASH11.SA,0.0369095231340558,0.1621409270734957,54.49,0.562,0.22763853519429642,-0.9384249497738522,0.938,No,HASHDEX NASDAQ CME CRYPTO INDEX FUNDO DE ÍNDICE - RESPONSABILIDADE LIMITADA
HGLG11.SA,0.0047750787884137036,0.021006233577581166,5.88,0.073,0.2273172280398658,0.14947291673547355,0.149,Yes,Cshg Logistica - Fundo De Investimento Imobiliario
L1MN34.SA,0.09219742441105604,0.40649028381057567,188.15,1.408,0.2268133534380369,0.6739347722701998,0.674,Yes,"Lumen Technologies, Inc."
FIQE3.SA,0.022050820393026548,0.09727103029489644,29.92,0.337,0.2266946317539262,1.006250796718779,1.006,Yes,Unifique Telecomunicações S.A.
F2IC34.SA,0.033972412779469385,0.15005634374745758,49.32,0.52,0.22639771122668703,-3.3091039942303664,3.309,No,Fair Isaac Corporation
VERE11.SA,0.027834720575863985,0.12335599803403212,39.02,0.427,0.22564545720901866,0.03639643754924263,0.036,Yes,Vc6 Fundo Invest Imobiliario FII
WIZC3.SA,0.01980058043828442,0.08775787022238281,26.53,0.304,0.22562740399361067,1.1168610151108342,1.117,Yes,Wiz Co Participações e Corretagem de Seguros S.A.
R1FC34.SA,0.024381249160953838,0.1080846129047669,33.52,0.374,0.2255755792217723,-0.31903678675625013,0.319,No,Regions Financial Corporation
HPDP11.SA,0.008842925573976817,0.039347003218506954,11.14,0.136,0.2247420349872421,0.20173808823211503,0.202,Yes,Hedge Real Estate I Fundo De Investimento Imobliario
XFIX11.SA,0.004628688972308499,0.020596685892662232,5.7,0.071,0.224729793736259,0.1998475124445238,0.2,Yes,TREND ETF IFIX-L CLASSE DE ÍNDICE - RESPONSABILIDADE LIMITADA
P1GR34.SA,0.018610944819003914,0.08309602518897667,24.77,0.288,0.22396913422367642,-0.30915421302244867,0.309,No,The Progressive Corporation
SAPP34.SA,0.02173971823895148,0.09709653103925614,29.44,0.336,0.22389799106378072,-0.4641181152160973,0.464,No,SAP SE
METB34.SA,0.016428212319815023,0.07369520213763524,21.6,0.255,0.22292105650423796,-0.31585478992794264,0.316,No,"MetLife, Inc."
SVAL11.SA,0.015877879971258724,0.07126500141327992,20.81,0.247,0.22280052839934344,0.062106333523100264,0.062,Yes,INVESTO ETF S&P SMALLCAP 600 VALUE CLASSE DE ÍNDICE - RESPONSABILIDADE LIMITADA
LAVV3.SA,0.02333103562061517,0.10482325064527619,31.88,0.363,0.2225750058025564,1.284339766274415,1.284,Yes,Lavvi Empreendimentos Imobiliários S.A.
BKNG34.SA,0.018932728104706458,0.08516792086382766,25.24,0.295,0.22229881759092615,-0.5139483500203492,0.514,No,Booking Holdings Inc.
IB5M11.SA,0.004229915528193804,0.019030243787986772,5.2,0.066,0.22227332320692728,0.26981186392332185,0.27,Yes,IT NOW IMA-B5+ FUNDO DE ÍNDICE RESPONSABILIDADE LIMITADA
EUCA3.SA,0.02040987388123003,0.09185317514581968,27.44,0.318,0.22220107088109625,0.5201835334609846,0.52,Yes,Eucatex S.A. Indústria e Comércio
PRIF11.SA,0.013174707783899313,0.05947542373422101,17.01,0.206,0.2215151562899894,-0.26518903781530323,0.265,No,Patria Credito Infra Renda Fundo De Invest Fin Em Cotas De Fundos Ince De Invest Em Infra Renda Fixa
FRAS3.SA,0.014631089864711504,0.0662981923316661,19.04,0.23,0.22068610545997097,0.5232198525724048,0.523,Yes,Frasle Mobility S.A.
FOXC34.SA,0.02721466761104676,0.12370612569274139,38.02,0.429,0.21999450276732427,-0.7315911642168739,0.732,No,Fox Corporation
KOPA11.SA,0.012532128069850736,0.057012130120693436,16.12,0.197,0.2198151172973277,0.09287685146487584,0.093,Yes,Kinea Oportunidades Agro I Fiagro - Responsabilidade Limitada
EMAE3.SA,0.09578441426104811,0.43601045672453664,199.71,1.51,0.21968375479022728,-1.82661543918318,1.827,No,Empresa Metropolitana de Águas e Energia S.A.
E2NP34.SA,0.14236893715401114,0.6486934493603597,393.94,2.247,0.2194702864571751,-13.301060813257617,13.301,No,"Enphase Energy, Inc."
SAPR11.SA,0.017830374151918373,0.08141323378747667,23.62,0.282,0.21901075933752084,0.9550820246190536,0.955,Yes,Companhia de Saneamento do Paraná - SANEPAR
ZAVC11.SA,0.011935592774489997,0.05470094674799956,15.3,0.189,0.21819718824019232,-0.06097241273076165,0.061,No,Zavit Credito Imobiliario - Fundo De Investimento Imobiliario
SNFZ11.SA,0.0053908310938284515,0.024783328812062765,6.66,0.086,0.21751844293025632,-0.1253272767829376,0.125,No,Suno Fazendas Fiagro - Imobiliario
CHME34.SA,0.014805519699347245,0.06809391485547862,19.29,0.236,0.2174279409660941,-0.15557530096258587,0.156,No,CME Group Inc.
ENGI4.SA,0.0130418774319176,0.06000148814431731,16.82,0.208,0.2173592328335074,1.0335214933035632,1.034,Yes,Energisa S.A.
BTHI11.SA,0.00846555811579222,0.03903057285893311,10.65,0.135,0.21689556405920563,-0.04255394353957318,0.043,No,Btg Pactual Hoteis Fundo De Investimento Imobiliario
SAPR4.SA,0.016820700032316338,0.07756966927830965,22.16,0.269,0.21684635488087367,0.9503883766144848,0.95,Yes,Companhia de Saneamento do Paraná - SANEPAR
IBMB34.SA,0.02340492850573291,0.10801828008077503,32.0,0.374,0.21667562646091873,-0.6490820656479881,0.649,No,International Business Machines Corporation
ALUP11.SA,0.010125950412952184,0.046839801476983994,12.85,0.162,0.21618260739059375,0.7436234606390404,0.744,Yes,Alupar Investimento S.A.
MSFT34.SA,0.01847884222872248,0.08558395011901533,24.57,0.296,0.21591480882835284,-0.6697390159648999,0.67,No,Microsoft Corporation
CMIG3.SA,0.014021002197661328,0.06494457731818382,18.19,0.225,0.21589180770194327,0.3144402844988263,0.314,Yes,Companhia Energética de Minas Gerais - CEMIG
TGTB34.SA,0.0169297872440184,0.07842613428302718,22.32,0.272,0.21586920481024283,0.09075454630471451,0.091,Yes,Target Corporation
C2OI34.SA,0.05582932244955001,0.2590643550947421,91.92,0.897,0.21550368219947794,0.08013385159032888,0.08,Yes,"Coinbase Global, Inc."
HREC11.SA,0.007662508556496094,0.035595495596407775,9.59,0.123,0.2152662416440517,0.20182837562918893,0.202,Yes,Hedge Recebiveis Fundo De Investimento Imobiliario
BBSD11.SA,0.009060873747597127,0.042106869518804504,11.43,0.146,0.21518754187011296,0.8159192057738449,0.816,Yes,BB ETF S&P DIVIDENDOS BRASIL FUNDO DE ÍNDICE RESPONSABILIDADE LIMITADA
PACB11.SA,0.004048706723368717,0.01883895018080903,4.97,0.065,0.21491148309809094,0.15434449918485896,0.154,Yes,BTG PACTUAL TEVA TESOURO IPCA ULTRA LONGO CE FUNDO DE ÍNDICE
SAPI11.SA,0.008535005921628168,0.03973046531771236,10.74,0.138,0.2148227022607548,0.0064933535583295305,0.006,Yes,Santander Títulos Imobiliarios Fundo De Investimento Imobiliario
X1EL34.SA,0.013328901202140715,0.062311979898545526,17.22,0.216,0.21390591702979792,-0.18358724292788764,0.184,No,Xcel Energy Inc.
ALUP4.SA,0.009352053423982837,0.04389697377051718,11.82,0.152,0.2130455159135371,0.6812755421530041,0.681,Yes,Alupar Investimento S.A.
CPSH11.SA,0.006619401283741426,0.03115359434296855,8.24,0.108,0.21247632651528836,0.30246772781439835,0.302,Yes,Capitania Shoppings Fundo De Investimento Imobiliario
D1RI34.SA,0.013127075715792877,0.06186079559411287,16.94,0.214,0.21220347377882973,-0.1431600871952177,0.143,No,"Darden Restaurants, Inc."
CRPT11.SA,0.03468485365617901,0.16358679208017224,50.56,0.567,0.21202722551818431,-0.882208143073739,0.882,No,EMPIRICUS TEVA CRIPTOMOEDAS TOP20 FUNDO DE ÍNDICE
EQIX34.SA,0.015173169331332738,0.0717771212627834,19.81,0.249,0.21139283750015841,-0.1865882745381349,0.187,No,"Equinix, Inc."
E1MR34.SA,0.020077883141033613,0.09509548471196771,26.94,0.329,0.2111339271454055,-0.6536479213076902,0.654,No,Emerson Electric Co.
MRCK34.SA,0.015707645179420117,0.07441055788680423,20.57,0.258,0.21109430738733473,-0.12050974665742097,0.121,No,"Merck & Co., Inc."
NEWU11.SA,0.015396385061800586,0.07297075122330737,20.12,0.253,0.21099392295803682,0.2389153331986424,0.239,Yes,Renda de Escritorios Fundo de Investimento Imobiliario - Cotas Fundo
ISAE4.SA,0.012784964712296476,0.060860289291762834,16.47,0.211,0.21007071870798458,0.8367324890922972,0.837,Yes,ISA Energía Brasil S.A.
I1LM34.SA,0.10437328459069498,0.4985288557255063,229.15,1.727,0.20936257428629904,-0.104011098692947,0.104,No,"Illumina, Inc."
ALUP3.SA,0.01049574745128388,0.05022313615144027,13.35,0.174,0.20898231881887147,0.7689865790825011,0.769,Yes,Alupar Investimento S.A.
JURO11.SA,0.006727473439068325,0.03223576269572028,8.38,0.112,0.20869595990547124,0.2195331324994928,0.22,Yes,Sparta Infra Fundo Investimento Cotas Fundos Incentivados Investimento Infraestrutura Renda Fi Cr Pr
VRTX34.SA,0.016885610255099128,0.08097816751062688,22.25,0.281,0.20852052811497873,-0.31394742041165713,0.314,No,Vertex Pharmaceuticals Incorporated
COLG34.SA,0.01118066204061973,0.05399238780587342,14.27,0.187,0.20707848819020877,-0.025706327488735095,0.026,No,Colgate-Palmolive Company
B1KR34.SA,0.02276697894574967,0.10997251145785458,31.01,0.381,0.20702427037391788,0.06832154420869277,0.068,Yes,Baker Hughes Company
RBRY11.SA,0.00595003357168171,0.028748147273623723,7.38,0.1,0.20697102721262442,0.06701564637115977,0.067,Yes,Fundo Investimeto Imobiliario Rbr Private Credito Imobiliario
CLIN11.SA,0.007549022105869907,0.03648829761243203,9.44,0.126,0.20688885477895955,0.29318355948480423,0.293,Yes,Clave Indices De Precos Fundo De Investimento Imobiliario
FLRP11.SA,0.007843207965185572,0.03798745754100822,9.83,0.132,0.20646835752876253,0.14943898727679975,0.149,Yes,Fundo de Investimento Imobiliário - FII Floripa Shopping
C1BR34.SA,0.023632449187582377,0.1156539358865791,32.35,0.401,0.20433761295213101,-0.4020906371200363,0.402,No,"CBRE Group, Inc."
ALOS3.SA,0.013834085288897884,0.06795732146995791,17.92,0.235,0.2035701965536349,1.1404246240903568,1.14,Yes,Allos S.A.
RECR11.SA,0.006332344001544681,0.03126032794777839,7.87,0.108,0.2025680604542317,0.18592969223809805,0.186,Yes,Fundo Investimento Imobiliario Fii Ubs (Br) Recebveis Imobiliarios
SYNE3.SA,0.0312723875392859,0.1544221288688145,44.7,0.535,0.20251234566162846,0.7343432444062044,0.734,Yes,Syn Prop & Tech S.A.
J1EG34.SA,0.018440040927113616,0.09141902908784816,24.52,0.317,0.20170899987784657,-0.491124755555015,0.491,No,Jacobs Solutions Inc.
N1WS34.SA,0.01578476571434245,0.07835996565727413,20.68,0.271,0.20143916069821752,-0.28172051694295663,0.282,No,News Corporation
EWBZ11.SA,0.008628953749762731,0.04299036801195297,10.86,0.149,0.20071830386200815,0.8623124670780632,0.862,Yes,ISHARES BOVESPA BR+ EQUAL WEIGHT B3 CLASSE DE ÍNDICE - RESPONSABILIDADE LIMITADA
SAUD3.SA,0.015667149513711447,0.0781049925618664,20.51,0.271,0.20059088413972526,0.48514093120602775,0.485,Yes,Bradsaúde S.A.
ABUD34.SA,0.014510806003667432,0.07237616180979796,18.87,0.251,0.20049151047552544,0.20005143074313458,0.2,Yes,Anheuser-Busch InBev SA/NV
C1HT34.SA,0.01147661457402555,0.05725791954188812,14.68,0.198,0.20043715639422796,-0.20197401081050925,0.202,No,"Chunghwa Telecom Co., Ltd."
CPFE3.SA,0.011989719672502206,0.05987406827392845,15.38,0.207,0.2002489561532435,0.7011299182633902,0.701,Yes,CPFL Energia S.A.
RIAA3.SA,0.027693807876102334,0.13839774908752947,38.79,0.479,0.20010302233013502,1.7809294695168438,1.781,Yes,Guararapes Confecções S.A.
EALT3.SA,0.015288297426003227,0.0764505741333471,19.97,0.265,0.19997622776955182,0.5268478621994981,0.527,Yes,Electro Aço Altona S.A.
T1TW34.SA,0.0171925304152196,0.08608133419828802,22.7,0.298,0.19972425584873804,-0.4439353370756302,0.444,No,"Take-Two Interactive Software, Inc."
SEER3.SA,0.037090124549838226,0.186209526019151,54.81,0.645,0.19918489318330382,2.061018861675644,2.061,Yes,Ser Educacional S.A.
I1CE34.SA,0.015392343585776366,0.077432073988369,20.12,0.268,0.19878511310556443,0.14706505537065517,0.147,Yes,"Intercontinental Exchange, Inc."
MILS3.SA,0.016943787396462014,0.08555162759883826,22.34,0.296,0.19805336113432517,0.9393512324275,0.939,Yes,"Mills Locação, Serviços e Logística S.A."
PRNR3.SA,0.01935734070226698,0.09817703275416678,25.87,0.34,0.19716770979152887,0.9399792589409015,0.94,Yes,Priner Serviços Industriais S.A.
SNCI11.SA,0.005629111784833637,0.028595513593260527,6.97,0.099,0.1968529701862156,0.26480087949881315,0.265,Yes,Suno Recebiveis Imobiliarios Fundo De Investimento Imobiliario
TIMS3.SA,0.01604072092968675,0.08177667943130582,21.04,0.283,0.19615275456569867,1.210000433184333,1.21,Yes,TIM S.A.
ORLY34.SA,0.014123467698497429,0.07207368074448656,18.33,0.25,0.19595874045294734,-0.07190679691002663,0.072,No,"O'Reilly Automotive, Inc."
S1YM34.SA,0.024068285278054262,0.1228533395272022,33.03,0.426,0.19591071248596428,-0.5520423002691519,0.552,No,Gen Digital Inc.
C1NP34.SA,0.012887484992734375,0.06580429365584138,16.61,0.228,0.19584565499838574,-0.11251938314033504,0.113,No,"CenterPoint Energy, Inc."
POMO3.SA,0.02039152047642783,0.10413550848997745,27.41,0.361,0.195817169110865,0.9028735715174133,0.903,Yes,Marcopolo S.A.
WABC34.SA,0.022015095227231777,0.11245106329128357,29.86,0.39,0.19577489605594717,0.3999236783197163,0.4,Yes,Western Alliance Bancorporation
R1JF34.SA,0.024054183576004674,0.12293042772051985,33.01,0.426,0.19567314636447403,-0.5393069486601508,0.539,No,"Raymond James Financial, Inc."
AXIA3.SA,0.018434758015625965,0.09453097536292386,24.51,0.327,0.1950128827598693,1.4125222259878298,1.413,Yes,AXIA Energia SA
NEWL11.SA,0.009014615680967925,0.046252316418752416,11.37,0.16,0.19490084776193095,0.200599723608417,0.201,Yes,Newport Logastica Fundo De Investimento Imobiliario
IFRA11.SA,0.006881682848920134,0.03531005998280566,8.58,0.122,0.19489298098817134,0.38520408013268603,0.385,Yes,Itau FDI Em Cotas De Fundos Incentivados De Investimento Em Infraestrutura Renda Fixa Credito Pr
KMPR34.SA,0.02236321241278392,0.11480432740935188,30.4,0.398,0.19479415904806935,-0.7160795990122943,0.716,No,Kemper Corporation
E1SS34.SA,0.01327705004815048,0.06834786407712735,17.15,0.237,0.19425698560481647,-0.26378074753386527,0.264,No,"Essex Property Trust, Inc."
BMIN4.SA,0.01100249394472273,0.05666169166805739,14.03,0.196,0.19417870559140585,0.02786988489049987,0.028,Yes,Banco Mercantil de Investimentos S.A.
RDOR3.SA,0.017357069751671166,0.08940223823072978,22.94,0.31,0.19414580770199452,1.3777862206228968,1.378,Yes,Rede D'Or São Luiz S.A.
S1BS34.SA,0.03648312702833904,0.1885902104064232,53.73,0.653,0.19345186025147176,0.7195298980217226,0.72,Yes,Sibanye Stillwater Limited
HSAF11.SA,0.007124208627183675,0.03704121726587425,8.89,0.128,0.1923319251645422,0.13365196561008272,0.134,Yes,Hsi Ativos Financeiros Fundos Investimentos Imoliarios
S1LG34.SA,0.02267508590238559,0.11930633470539874,30.87,0.413,0.1900576860262854,0.056537074646478794,0.057,Yes,SL Green Realty Corp.
PIPE11.SA,0.008023043267692253,0.04223684712368491,10.06,0.146,0.18995364981192495,-1.7396803832128835,1.74,No,BUENA VISTA DEX VETTAFI NEOS ENERGY INFRASTRUCTURE HIGH INCOME FUNDO DE ÍNDICE DE RESP LIMITADA
S2NW34.SA,0.040905583734056984,0.21574696370543653,61.78,0.747,0.18959981188845912,-1.3123333421946153,1.312,No,Snowflake Inc.
FATN11.SA,0.006028850456428724,0.0319814634811587,7.48,0.111,0.1885107746861088,0.1856951548685229,0.186,Yes,BRC Renda Corporativa FII - FII Athena I
ALZR11.SA,0.0038431895917791026,0.02051405202370426,4.71,0.071,0.18734424517098067,0.20104349478654931,0.201,Yes,Alianza Trust Renda Imobiliaria Fundo Investimento Imobiliario
USDB11.SA,0.004904876120686952,0.02622667483296883,6.05,0.091,0.18701860422355818,-0.1603419821856753,0.16,No,INVESTO BLOOMBERG US BOND ETF CLASSE DE ÍNDICE - RESPONSABILIDADE LIMITADA
KNHF11.SA,0.006437535424786704,0.03450250904839747,8.0,0.12,0.1865816603585735,0.2169940262283807,0.217,Yes,Kinea Hedge Fund Fundo De Investimento Imobiliario
BBDC3.SA,0.01671232275790132,0.08957254006172209,22.0,0.31,0.1865786405787454,1.5973275330349108,1.597,Yes,Banco Bradesco S.A.
XINA11.SA,0.010128758729124077,0.05443272605879525,12.86,0.189,0.1860784763596728,-0.2888572432457215,0.289,No,TREND ETF BLOOMBERG CHINA CLASSE DE ÍNDICE - RESPONSABILIDADE LIMITADA INVESTIMENTO NO EXTERIOR
P1KG34.SA,0.02093081938922241,0.11268913328465074,28.22,0.39,0.18573946554679352,-0.2847392161120596,0.285,No,Packaging Corporation of America
C1CL34.SA,0.027226049733608024,0.14697254853016434,38.04,0.509,0.185245816350665,0.023828733989405784,0.024,Yes,Carnival Corporation Ltd.
MRSA5B.SA,0.019724030313225803,0.1072204532485272,26.41,0.371,0.18395772183043568,0.17777895289515908,0.178,Yes,MRS Logística S.A.
P1DT34.SA,0.01268924552037133,0.06900107695609595,16.34,0.239,0.18389923868065497,0.014907509417992387,0.015,Yes,"Prudential Financial, Inc."
BCRI11.SA,0.006637851072319645,0.03620853707282078,8.26,0.125,0.18332281856540997,0.36318711765984735,0.363,Yes,Banestes Recebiveis Imobiliarios Fundo Investimento Imobiliario FII
THGI34.SA,0.021763246793623164,0.118982349467845,29.48,0.412,0.18291155697429462,0.23337261770728046,0.233,Yes,"The Hanover Insurance Group, Inc."
ABEV3.SA,0.010741399170208454,0.05938230364496412,13.68,0.206,0.18088552499460622,0.5020820541154479,0.502,Yes,Ambev S.A.
CINF34.SA,0.020020288680444285,0.11073744259284604,26.85,0.384,0.1807905999243083,-0.531194593863129,0.531,No,Cincinnati Financial Corporation
WEGE3.SA,0.014717392734124233,0.08148496202404952,19.16,0.282,0.1806148320935651,0.6796355243103163,0.68,Yes,WEG S.A.
BBDC4.SA,0.016972514645472035,0.09416776111562548,22.38,0.326,0.18023699878169605,1.6538156334805354,1.654,Yes,Banco Bradesco S.A.
LMTB34.SA,0.01440870327233798,0.08054588548678093,18.73,0.279,0.17888813544302912,0.4138404340944151,0.414,Yes,Lockheed Martin Corporation
ETHY11.SA,0.04158008139511643,0.23293420633130119,63.05,0.807,0.17850569072700848,3.946647184559967,3.947,Yes,BUENA VISTA DEX VETTAFI NEOS ETHEREUM HIGH INCOME FUNDO DE ÍNDICE DE RESPONSABILIDADE LIMITADA
MELI34.SA,0.017297893749453473,0.0969401645122255,22.85,0.336,0.17843887346892184,0.467735489431366,0.468,Yes,"MercadoLibre, Inc."
D1OV34.SA,0.017134017251296735,0.09637561589848909,22.61,0.334,0.17778373804992048,-0.4746983021716621,0.475,No,Dover Corporation
E1XC34.SA,0.008312348343675549,0.04678193849249586,10.44,0.162,0.17768285392895605,-0.2259657163204397,0.226,No,Exelon Corporation
I1TW34.SA,0.008062489746174838,0.045546099800170894,10.12,0.158,0.1770182250850947,-0.1279661663917616,0.128,No,Illinois Tool Works Inc.
D1OC34.SA,0.023123319029287156,0.13069540127116638,31.56,0.453,0.17692526901777492,-0.555706058755248,0.556,No,"DocuSign, Inc."
BRSR6.SA,0.013698874298886733,0.07749680826882767,17.74,0.268,0.1767669482769779,1.114975660656252,1.115,Yes,Banco do Estado do Rio Grande do Sul S.A.
HOFC11.SA,0.020014947732383576,0.11324340816012571,26.85,0.392,0.1767427178108462,-0.11341275129186067,0.113,No,Hedge Office Income Fundo De Investimento Imobiliario
K1RC34.SA,0.011454524004905554,0.06490191922908461,14.65,0.225,0.17648975779089776,-0.31331154764060515,0.313,No,The Kroger Co.
KNCA11.SA,0.005811946056258357,0.03298624515009557,7.2,0.114,0.17619301711402935,0.1805727940650308,0.181,Yes,Kinea Credito Agro Fiagro-Imobiliario
BTAG11.SA,0.23247949291298817,1.3206388985956306,1128.45,4.575,0.1760356242423324,-4.422343667688479,4.422,No,Btg Pactual Credito Agrocola Fundo De Investimento Em Cotas Fiagro Direitos Creditorios
W1RB34.SA,0.15215167067861604,0.8682513163864667,447.16,3.008,0.17523920529351886,1.2079031217449754,1.208,Yes,W. R. Berkley Corporation
CHVX34.SA,0.013344665782507056,0.07632659473063551,17.24,0.264,0.17483638343360883,0.019065759889251792,0.019,Yes,Chevron Corporation
CPTI11.SA,0.005986475710567082,0.03427529195134571,7.43,0.119,0.17465863512016103,0.12534916320221906,0.125,Yes,Capitania Infra Fic Fi Infra Rf Cp
BRXC11.SA,0.007623253972603949,0.0437102074675239,9.54,0.151,0.17440443352431864,0.8115656019442281,0.812,Yes,BTG PACTUAL TEVA IABR SELECTOR FUNDO DE ÍNDICE
RZTR11.SA,0.005090221520066356,0.029200053668523043,6.28,0.101,0.17432233439877176,0.2050074478850445,0.205,Yes,Fundo De Investimento Imobiliario Riza Terrax
NSLU11.SA,0.00885138332671716,0.050970106497901256,11.15,0.177,0.1736583251416519,0.3129330983159223,0.313,Yes,Hospital Nossa Senhora De Lourde Fund
Z1BR34.SA,0.021595648177478825,0.12443973849378731,29.23,0.431,0.17354302121550177,-0.5662272205915261,0.566,No,Zebra Technologies Corporation
E2ST34.SA,0.035457043098030626,0.20487608032504387,51.91,0.71,0.17306580173623318,-1.7947545470560318,1.795,No,Elastic N.V.
BDOM11.SA,0.009530497863074302,0.05523772863883866,12.06,0.191,0.1725360201790273,1.119904935255431,1.12,Yes,INVESTO MARKETVECTOR BRAZIL DOMESTIC EXPOSURE ETF CLASSE DE ÍNDICE - RESPONSABILIDADE LIMITADA
BRCO11.SA,0.005936074346418937,0.034470300559631704,7.36,0.119,0.1722083721361773,0.1491032706918083,0.149,Yes,Bresco - Fundo De Investimento Imobiliario
BRAP4.SA,0.01143218571081833,0.0666776004626793,14.61,0.231,0.17145466590713832,1.0412504609830207,1.041,Yes,Bradespar S.A.
DIVS11.SA,0.005629713588503091,0.032857180430302314,6.97,0.114,0.1713389132839629,0.31415101998985173,0.314,Yes,Sparta Infra Inflacao Longa In Fundo De I Em Cotas De Fundos De In Em Infraestrutura Renda Fixa
B1LL34.SA,0.011542516210022925,0.0675945857010049,14.77,0.234,0.1707609580015715,0.36802173350109935,0.368,Yes,Ball Corporation
IGTI4.SA,0.011634679006678582,0.06815643518102374,14.89,0.236,0.1707055096965801,1.1974805266145474,1.197,Yes,Iguatemi S.A.
R1OK34.SA,0.015514427923452031,0.0911781791791497,20.29,0.316,0.1701550531401686,-0.7288968664982333,0.729,No,"Rockwell Automation, Inc."
KNRI11.SA,0.006197937213750805,0.03646703539432317,7.7,0.126,0.1699599966581226,0.359679476524806,0.36,Yes,Kinea Renda Imobiliária Fundo de Investimento Imobiliário
BEST11.SA,0.009690429435565008,0.057228837569022944,12.27,0.198,0.16932773488326597,0.9651338873684939,0.965,Yes,INVESTO BRAZIL BESST QUALITY FUNDO DE ÍNDICE
GRUL11.SA,0.008557074454219637,0.050791721707019545,10.77,0.176,0.16847380176594856,0.3313342257562486,0.331,Yes,Icatu Vanguarda Gru Logistico Fundo De Investimento Imobiliario Responsabilidade Limitada
C1DN34.SA,0.01572976986138826,0.09351857830652531,20.6,0.324,0.1681994117771004,-0.7357705511544286,0.736,No,"Cadence Design Systems, Inc."
K2CG34.SA,0.05370553037735131,0.3197736587164783,87.34,1.108,0.16794857522948248,-1.61320878451185,1.613,No,Kingsoft Cloud Holdings Limited
VRTA11.SA,0.005129000948005156,0.030547516749659245,6.33,0.106,0.16790238597912774,0.18357103779484898,0.184,Yes,Fator Veritá Fundo de Investimento Imobiliário - FII
BRBI11.SA,0.014126605018939834,0.08435859104121417,18.33,0.292,0.16745899670180778,1.2335222302907496,1.234,Yes,BRBI BR Partners S.A.
NDIV11.SA,0.006999840099106504,0.04183928990347879,8.73,0.145,0.16730303299254828,0.8487152058053872,0.849,Yes,NU RENDA IBOV SMART DIVIDENDOS CLASSE DE ÍNDICE - RESPONSABILIDADE LIMITADA
A2MB34.SA,0.027655003281301764,0.16544269329922223,38.73,0.573,0.16715759837930402,-1.0729931041337246,1.073,No,"Ambarella, Inc."
NOCG34.SA,0.011200872090459224,0.06713917419792184,14.3,0.233,0.16683065027639146,0.2177928954911524,0.218,Yes,Northrop Grumman Corporation
FAMB11.SA,0.050743271980835114,0.30586183536944056,81.12,1.06,0.1659025942858937,1.3516636991120847,1.352,Yes,Fundo de Investimento Imobiliario Edificio Almirante Barroso
JASC11.SA,0.007153544284435751,0.04334325782829,8.93,0.15,0.16504399168090814,0.02323322468863925,0.023,Yes,Jasc Renda Varejo Essencial Fundo De Investimento Imobiliario - FII
AZPL11.SA,0.007021402738271679,0.04268828405420091,8.76,0.148,0.16448079124840603,0.27846417537632584,0.278,Yes,Az Quest Panorama Logistica Fundo De Investimento Imobiliario Renda
TEPP11.SA,0.005967269347976675,0.03630000428162884,7.4,0.126,0.16438756595399812,0.23668523838637096,0.237,Yes,SDI Properties Fundo De Investimento Imobiliario
GLDI11.SA,0.01417995599202929,0.08626416156558511,18.41,0.299,0.16437829725208097,0.9470852131149379,0.947,Yes,It Now Gold Brl Fundo De Indice Responsabilidade Limitada
EALT4.SA,0.012610425824610142,0.07712700857244915,16.23,0.267,0.16350207350210602,0.47506841268327354,0.475,Yes,Electro Aço Altona S.A.
V1NO34.SA,0.01949893998675517,0.11931720738679759,26.08,0.413,0.1634210221124629,0.08372322832563359,0.084,Yes,Vornado Realty Trust
R1YA34.SA,0.019157127700043373,0.11734863705093429,25.57,0.407,0.16324968215632846,0.26789514567459627,0.268,Yes,Ryanair Holdings plc
CMIN3.SA,0.021361376871033934,0.1311757643907464,28.87,0.454,0.1628454537333791,1.4091039149406681,1.409,Yes,CSN Mineração S.A.
N1IS34.SA,0.02260050177899878,0.13894649883758267,30.76,0.481,0.16265614440142862,0.1888689487562341,0.189,Yes,NiSource Inc.
BRIP11.SA,0.015406831603788612,0.09484158540064011,20.14,0.329,0.162448060507481,-0.3171414295317504,0.317,No,Brio Real Estate III - Fundo De Investimento Imobiliario
T1MU34.SA,0.01168705760079344,0.0720616727459918,14.96,0.25,0.16218132545977423,-0.27834801862271985,0.278,No,"T-Mobile US, Inc."
J1EF34.SA,0.022638785594334587,0.13991680870756756,30.82,0.485,0.16180175779774014,-0.5239158609636407,0.524,No,Jefferies Financial Group Inc.
S1HW34.SA,0.012586052672732745,0.0779890828652893,16.19,0.27,0.16138223723534048,0.41513949074423956,0.415,Yes,The Sherwin-Williams Company
NVHO11.SA,0.011501520340953194,0.07163041662323474,14.71,0.248,0.1605675477423155,-0.03426157691042811,0.034,No,Fundo De Investimento Imobiliario Novo Horizonte
TAKP34.SA,0.009767799664726245,0.061058926897708775,12.37,0.212,0.1599733267682564,0.4793294922941716,0.479,Yes,Takeda Pharmaceutical Company Limited
CEAB3.SA,0.028105884873548974,0.17648657271937976,39.46,0.611,0.15925225608091093,1.7367818360181762,1.737,Yes,C&A Modas S.A.
Z1OM34.SA,0.014459688763925246,0.09196449961965453,18.8,0.319,0.157231201428023,0.3980035712612795,0.398,Yes,"Zoom Communications, Inc."
ISUS11.SA,0.00862812049857153,0.05490982028001416,10.86,0.19,0.15713255761122855,1.1211270390801955,1.121,Yes,IT NOW ISE FUNDO DE ÍNDICE INVESTIMENTO SUSTENTÁVEL - RESPONSABILIDADE LIMITADA
EQMA3B.SA,0.008599687889151076,0.05515166588741645,10.82,0.191,0.15592798061088492,0.3310627046543199,0.331,Yes,Equatorial Maranhão Distribuidora de Energia S.A.
B3SA3.SA,0.015883853707209808,0.10225052986718186,20.82,0.354,0.15534250754340453,1.8050753247965514,1.805,Yes,"B3 S.A. - Brasil, Bolsa, Balcão"
AIGB34.SA,0.010341905697773207,0.06660182514711267,13.14,0.231,0.15527961395847048,-0.28425935626646964,0.284,No,"American International Group, Inc."
SNFF11.SA,0.0051910287889473826,0.033564342980122286,6.41,0.116,0.15465903181902446,0.3577707856011524,0.358,Yes,Suno Fundo De Fundos De Investimento Imobiliario
T1EL34.SA,0.02400714531621136,0.15529743925746872,32.93,0.538,0.15458815954080057,0.5629360263553419,0.563,Yes,TE Connectivity plc
PATI3.SA,0.02639815657459757,0.17083206683527835,36.71,0.592,0.1545269401912201,1.3644474686607484,1.364,Yes,Panatlântica S.A.
GOAU3.SA,0.011115887244820268,0.0719761216568126,14.19,0.249,0.15443854140712987,0.5041100979937335,0.504,Yes,Metalurgica Gerdau S.A.
ETHE11.SA,0.034189843329503894,0.22178785864988612,49.69,0.768,0.15415561310538606,-1.1913481706243616,1.191,No,HASHDEX NASDAQ ETHEREUM REFERENCE PRICE FUNDO DE ÍNDICE - RESPONSABILIDADE LIMITADA
P1SA34.SA,0.010537531367702463,0.06855674588349742,13.4,0.237,0.15370524420178172,0.44028324657635,0.44,Yes,Public Storage
AXIA7.SA,0.013306029753517528,0.08659645161545103,17.19,0.3,0.1536556002618402,1.0341264984728527,1.034,Yes,AXIA Energia SA
CPRL34.SA,0.009366474448231348,0.06096905726875626,11.84,0.211,0.15362668979681304,-0.14565061548012773,0.146,No,Canadian Pacific Kansas City Limited
P1LD34.SA,0.011839527908609657,0.07723888823327865,15.17,0.268,0.15328454589936152,0.37741330925648386,0.377,Yes,"Prologis, Inc."
F1AN34.SA,0.014652369903094115,0.09568408674315425,19.07,0.331,0.15313277684747745,-0.47463756708524124,0.475,No,"Diamondback Energy, Inc."
PCIP11.SA,0.004661720686717863,0.03056327274551266,5.74,0.106,0.15252688170975745,0.06304398125409867,0.063,Yes,Fundo De Investimento Imobiliario VBI Credito
HAAA11.SA,0.021084635382291286,0.13840073321527221,28.45,0.479,0.15234482428279972,0.5292201891491479,0.529,Yes,Hedge Aaa Fundo De Investimento Imobiliario
HSML11.SA,0.006189110097084629,0.04069268697788947,7.69,0.141,0.15209391555901694,0.48574136544391966,0.486,Yes,Hsi Malls Fundo De Investimento Imobiliario
YUMR34.SA,0.008125967411082008,0.05346838517960445,10.2,0.185,0.15197704931215436,0.07220724414595509,0.072,Yes,"Yum! Brands, Inc."
ORCL34.SA,0.024192984971357905,0.1592846604235405,33.22,0.552,0.15188521548169398,-1.516482944944547,1.516,No,Oracle Corporation
DISB34.SA,0.013828870141486987,0.09154965618156634,17.92,0.317,0.1510532176555727,-0.5055961608810784,0.506,No,The Walt Disney Company
QETH11.SA,0.03302212055145886,0.2189371583834974,47.68,0.758,0.15082921873689548,-1.1657929940490246,1.166,No,QR CME CF ETHER REFERENCE RATE FUNDO DE ÍNDICE - INVESTIMENTO NO EXTERIOR
TSLA34.SA,0.02504751856060982,0.16607471814888256,34.56,0.575,0.15082078018735662,-0.2875034189194,0.288,No,"Tesla, Inc."
E1SE34.SA,0.010051035260690204,0.06680093361642615,12.75,0.231,0.1504624968028693,0.18943017310812074,0.189,Yes,Eversource Energy
N1BI34.SA,0.014463996821991797,0.09613135412543702,18.81,0.333,0.15046076229321026,-0.4198612500297144,0.42,No,"Neurocrine Biosciences, Inc."
IGTI11.SA,0.010015252909307623,0.06663953460887169,12.7,0.231,0.15028995877732762,1.2227735330853022,1.223,Yes,Iguatemi S.A.
INBR32.SA,0.01725558586700762,0.11487651911800624,22.79,0.398,0.15020986011320483,1.2930770053759761,1.293,Yes,"Inter & Co, Inc."
BRAP3.SA,0.008802936173833913,0.058700114123219425,11.09,0.203,0.14996454956382824,0.8615453700075895,0.862,Yes,Bradespar S.A.
FMOF11.SA,0.023566342995558723,0.15808551566375284,32.25,0.548,0.1490733853548242,0.6565954635473951,0.657,Yes,Fundos de Investimento Imobiliário Memorial Office Of Cotas
ENGI11.SA,0.009023324668203082,0.060962198952759936,11.38,0.211,0.1480150785767312,1.0983607608491908,1.098,Yes,Energisa S.A.
TRIS3.SA,0.018094415025408872,0.12237392849167683,24.01,0.424,0.14786168302703095,1.5804716250851323,1.58,Yes,Trisul S.A.
L1RC34.SA,0.032258049153051915,0.21841972249755168,46.37,0.757,0.14768835334187141,0.5775756354207925,0.578,Yes,Lam Research Corporation
TD3511.SA,0.0026938824342996517,0.01829518912575194,3.28,0.063,0.14724539963939465,0.19373032270511104,0.194,Yes,IT NOW NTN-B 2035 FUNDO DE ÍNDICE RESPONSABILIDADE LIMITADA
CSED3.SA,0.01991541244778769,0.1355588276833469,26.7,0.47,0.1469134307823042,1.6450847271944848,1.645,Yes,Cruzeiro do Sul Educacional S.A.
CGAS3.SA,0.01153257703204434,0.07875699793446994,14.75,0.273,0.14643241025565834,0.24655266645318694,0.247,Yes,Companhia de Gás de São Paulo - COMGÁS
A1ZN34.SA,0.01001515575332168,0.06849395628810073,12.7,0.237,0.14621955419242713,0.08554014893573778,0.086,Yes,AstraZeneca PLC
CYRE3.SA,0.015155121622306877,0.10376715262511929,19.78,0.359,0.14604931559660259,1.4961104596109775,1.496,Yes,Cyrela Brazil Realty S.A. Empreendimentos e Participações
APTO11.SA,0.00450264585329999,0.030906872799674703,5.54,0.107,0.14568429107934144,0.043677808232616334,0.044,Yes,Navi Residencial Fundo De Investimento Imobiliario
MDTC34.SA,0.009257534221824024,0.06397947344115627,11.69,0.222,0.14469538000087542,0.30099778736433,0.301,Yes,Medtronic plc
FIXX11.SA,0.0038241408056876266,0.026443362085285277,4.69,0.092,0.14461628568084448,-0.35143936504988704,0.351,No,BUENA VISTA NEOS ENCHANCED INCOME 1-3 MONTH T-BILL ETF BR INDEX FUNDO DE ÍNDICE - RESP LIMITADA
BOXP34.SA,0.011668401780190393,0.08103760739840932,14.94,0.281,0.1439874911758492,-0.1492661560443949,0.149,No,"BXP, Inc."
CEOC11.SA,0.005674349746704867,0.03954375184339013,7.03,0.137,0.14349548240080193,0.21053726202163586,0.211,Yes,Fundo de Investimento Imobiliário FII CEO Cyrela Fund
BCIA11.SA,0.005891562124302512,0.04111192157955923,7.3,0.142,0.14330544275098506,0.27476522094132,0.275,Yes,Bradesco Carteira Imobiliaria Ativa Fundos de Investimento Imobiliario
NETE34.SA,0.012777984197907492,0.08921885894181883,16.46,0.309,0.14322066376392728,-0.7018184420750025,0.702,No,"NetEase, Inc."
SPXS11.SA,0.005090514988412032,0.03557846630265024,6.28,0.123,0.1430785392801724,0.03215516163311922,0.032,Yes,Fundo De Investimento Imobiliario - Spx Syn Multiestrategia
PATI4.SA,0.018819000561969425,0.13180165352194256,25.07,0.457,0.14278273495890859,0.6126964670813884,0.613,Yes,Panatlântica S.A.
U1LT34.SA,0.014487619388087809,0.10185751626750444,18.84,0.353,0.14223417101630023,0.08886751519656033,0.089,Yes,"Ulta Beauty, Inc."
N1WS35.SA,0.015985850739332858,0.11289266999307211,20.96,0.391,0.14160220269671947,0.08197729844381592,0.082,Yes,News Corporation
BABA34.SA,0.017489312615355163,0.12410266760382721,23.13,0.43,0.1409261618064994,-0.027435173968156812,0.027,No,Alibaba Group Holding Limited
F1SL34.SA,0.03563237910231028,0.2540168609930782,52.22,0.88,0.14027564533710712,1.0268846365783504,1.027,Yes,"Fastly, Inc."
V2EE34.SA,0.018784158705977733,0.134603426070612,25.02,0.466,0.1395518617492225,-1.0648672729622077,1.065,No,Veeva Systems Inc.
KNRE11.SA,0.1343495124101182,0.9633170231383894,353.9,3.337,0.13946552296192283,1.9297123197748833,1.93,Yes,Kinea II Real Estate Equity Fundo de Investimento Imobiliário
PQAG11.SA,0.004622385338818393,0.0332647315762742,5.69,0.115,0.1389575421109146,-0.12081881430681556,0.121,No,Rb Capital Anhanguera Fundo De Investimento Imobiliario
DMVF3.SA,0.012841208136576451,0.09314984431808268,16.55,0.323,0.13785539021114238,0.8051610677038509,0.805,Yes,d1000 Varejo Farma Participações S.A.
M1DB34.SA,0.024962985791853295,0.18168797424460212,34.43,0.629,0.1373948160060733,-0.1763342553653039,0.176,No,"MongoDB, Inc."
PNRC11.SA,0.03189129977569257,0.23218612848143505,45.75,0.804,0.13735230430978357,1.9587361029093844,1.959,Yes,Panorama Real Estate Credito Fundo De Investimento Imobiliario
TOTS3.SA,0.013753620029154815,0.10017915456873004,17.81,0.347,0.13729023855675335,0.8928833074067921,0.893,Yes,TOTVS S.A.
VISC11.SA,0.004049232823927105,0.02953920834429564,4.97,0.102,0.13707993717133785,0.27365489743514093,0.274,Yes,Vinci Shopping Centers Fundo Investimento Imobiliario - Fii
POMO4.SA,0.014587063772578924,0.10653418747792805,18.98,0.369,0.1369237811627474,0.764960282159051,0.765,Yes,Marcopolo S.A.
KEVE11.SA,0.008852103118605199,0.06466905582763764,11.16,0.224,0.13688313530042404,0.24562285316973684,0.246,Yes,Even II Kinea Fundo De Investimento Imobiliario
ADPR34.SA,0.009999928811619159,0.07315709164826367,12.68,0.253,0.1366911749266689,-0.49924942547592066,0.499,No,"Automatic Data Processing, Inc."
BMYB34.SA,0.011351467012770245,0.08306016059642865,14.51,0.288,0.13666560395813063,-0.012868324120803422,0.013,No,Bristol-Myers Squibb Company
MKLC34.SA,0.008619904471700792,0.06317873222347717,10.85,0.219,0.13643680663312902,-0.5180449109711681,0.518,No,Markel Group Inc.
MNDL3.SA,0.011178960480782,0.08217458443157682,14.27,0.285,0.13603914833412062,0.2716450876797716,0.272,Yes,Mundial S.A. - Produtos de Consumo
RBRR11.SA,0.00505327904958592,0.03715559815364986,6.24,0.129,0.13600316777808427,0.110113225491523,0.11,Yes,Fundo Investimento Imobiliario - FII RBR Rendimento High Grade
NUCL11.SA,0.013838114286583133,0.10191434041003423,17.93,0.353,0.1357818166796541,0.38679153484062617,0.387,Yes,INVESTO MVIS GLOBAL URANIUM & NUCLEAR ENERGY ETF CLASSE DE ÍNDICE - RESPONSABILIDADE LIMITADA
P1EG34.SA,0.0180438363534633,0.13321487370599397,23.94,0.461,0.135449112035989,0.522701899958773,0.523,Yes,Public Service Enterprise Group Incorporated
S1SN34.SA,0.010090175209680464,0.07463675612540668,12.8,0.259,0.13519043074067527,0.45735020288078077,0.457,Yes,"SS&C Technologies Holdings, Inc."
IGTI3.SA,0.010009667113396263,0.07405252201983885,12.7,0.257,0.135169834063378,0.9106639621606265,0.911,Yes,Iguatemi S.A.
P1EA34.SA,0.011259780252857631,0.0834400209123916,14.38,0.289,0.13494460008201475,0.06765249392025127,0.068,Yes,"Healthpeak Properties, Inc."
AAZQ11.SA,0.007176940320553137,0.053245846666388305,8.96,0.184,0.1347887350823856,0.19602330073363583,0.196,Yes,Az Quest Sole Fundo De Investimento Nas Cadeias Produtivas Do Agronegocio - Fiagro - Imobiliario
CORN11.SA,0.007834150950997636,0.05836855092780709,9.82,0.202,0.13421869870792705,0.3639435709526282,0.364,Yes,BB ETF ÍNDICE FUTURO DE MILHO B3 FUNDO DE ÍNDICE RESPONSABILIDADE LIMITADA
HUSC11.SA,0.005345856642328509,0.03987301847613361,6.61,0.138,0.13407203283414135,0.18749437047098955,0.187,Yes,Fundo Investimento Imobiliario Hospital Unimed Sul Capixaba
CXCO11.SA,0.005355424846178678,0.04000199622880143,6.62,0.139,0.13387893982957713,0.4546234475714305,0.455,Yes,Fundo De Investimento Imobiliario Caixa Imoveis Corporativos
M1RN34.SA,0.042911168815600295,0.32144286850264264,65.56,1.114,0.13349547624276353,-0.239194751758809,0.239,No,"Moderna, Inc."
G2DD34.SA,0.01639028980559515,0.12288631905018782,21.54,0.426,0.13337766101449597,-0.4778726368908533,0.478,No,GoDaddy Inc.
MOTV3.SA,0.01001928134826029,0.07516290098772384,12.71,0.26,0.13330088669537532,1.2413078633070707,1.241,Yes,Motiva Infraestrutura de Mobilidade S.A.
GBIT11.SA,0.03324689602789705,0.2496725204514818,48.06,0.865,0.13316201545839657,1.981021395540763,1.981,Yes,GALAPAGOS BITCOIN CME CF FUNDO DE ÍNDICE
CGAS5.SA,0.007458606248208006,0.05621054226215195,9.33,0.195,0.13269052295249043,0.22841532842361423,0.228,Yes,Companhia de Gás de São Paulo - COMGÁS
C2RS34.SA,0.0320491053052101,0.2416983816357618,46.02,0.837,0.13259958584872916,,,,CRISPR Therapeutics AG
C2PT34.SA,0.009016813963694428,0.06820845170161506,11.37,0.236,0.13219496614788173,-0.17346576791869778,0.173,No,Camden Property Trust
A1LN34.SA,0.0221883798273657,0.1682125858371824,30.13,0.583,0.13190677568468298,-0.10309983261523353,0.103,No,"Alnylam Pharmaceuticals, Inc."
S1YK34.SA,0.008478856528243253,0.06450329637665504,10.66,0.223,0.13144842208888893,-0.15667934000885886,0.157,No,Stryker Corporation
A1GI34.SA,0.012136444446045877,0.09284650854294757,15.58,0.322,0.1307151408976459,-0.3367614325032032,0.337,No,"Agilent Technologies, Inc."
CNIC34.SA,0.007534830851856095,0.057683553428323105,9.43,0.2,0.13062355565904563,0.107334717776739,0.107,Yes,Canadian National Railway Company
DOLX11.SA,0.0038841655529474363,0.02980955717437297,4.76,0.103,0.13029933756569256,,,,TREND ETF S&P / B3 DOLAR CLASSE DE ÍNDICE - RESPONSABILIDADE LIMITADA
MULT3.SA,0.009771310980310527,0.07502375076012746,12.38,0.26,0.1302429014986497,1.3125898420674704,1.313,Yes,Multiplan Empreendimentos Imobiliários S.A.
O2LE34.SA,0.011382407240947578,0.08740659465014332,14.55,0.303,0.13022366660670398,-1.6380949853053433,1.638,No,Universal Display Corporation
EQTL3.SA,0.007884191590200292,0.06057698165116081,9.88,0.21,0.13015160833866357,0.9795322731055093,0.98,Yes,Equatorial S.A.
SNME11.SA,0.004569404992922369,0.03524214985014448,5.62,0.122,0.12965738504467644,0.22465331632366553,0.225,Yes,Suno Multiestrategia Fundo De Investimento Imobiliario
I1SR34.SA,0.01258494277508521,0.09720834670856485,16.19,0.337,0.129463602676172,-0.11168408261392417,0.112,No,"Intuitive Surgical, Inc."
PLRI11.SA,0.026653968332760233,0.20703863663851652,37.12,0.717,0.12873910283372514,-0.533818260780857,0.534,No,Polo Fundo de Investimento Imobiliario – FII Recebiveis Imobiliarios IMO - Cotas Fund
BROF11.SA,0.00776502946490752,0.060802894508411115,9.73,0.211,0.12770822059850048,0.45851364170636855,0.459,Yes,Brpr Corporate Offices Fundo De Investimento Imobiliario
DOTZ3.SA,0.039595272316203925,0.31337681018231883,59.36,1.086,0.12635035851302423,0.7422242896886037,0.742,Yes,Dotz S.A.
S1WK34.SA,0.012386767625669811,0.09825468484828787,15.92,0.34,0.12606795945451202,-0.06021431059442654,0.06,No,"Stanley Black & Decker, Inc."
E1VE34.SA,0.00652722388255772,0.0517922377294832,8.12,0.179,0.1260270683157225,-0.17100489632305305,0.171,No,"Everest Group, Ltd."
N1OW34.SA,0.018684906575139746,0.1491088213518408,24.88,0.517,0.1253105376713453,-1.081669628476839,1.082,No,"ServiceNow, Inc."
SPGI34.SA,0.008881937829311973,0.07103350771805463,11.19,0.246,0.12503870517792895,-0.06863617185896817,0.069,No,S&P Global Inc.
AJFI11.SA,0.005113317597157814,0.04130609110013781,6.31,0.143,0.12379088558057129,0.2229311422952856,0.223,Yes,Capitania Malls Fundo De Investimento Imobiliario
BBYY34.SA,0.013171144803649162,0.10713810175471025,17.0,0.371,0.12293614118536594,-0.3552316954985708,0.355,No,"Best Buy Co., Inc."
RPAD5.SA,0.012444536976642153,0.10131027946662444,16.0,0.351,0.12283587649900689,-0.3216207910695786,0.322,No,Alfa Holdings S.A.
TMOS34.SA,0.010319498904963339,0.08402279653219463,13.11,0.291,0.1228178462378274,-0.028047286823125114,0.028,No,Thermo Fisher Scientific Inc.
A1UT34.SA,0.011696963259628693,0.09553183197000009,14.98,0.331,0.12244047893169155,-0.13669310419364145,0.137,No,"Autodesk, Inc."
U1HS34.SA,0.016338291284250423,0.13368806175410178,21.47,0.463,0.12221204399164787,0.6997310037508567,0.7,Yes,"Universal Health Services, Inc."
I1PC34.SA,0.01354614812251778,0.11198343797399617,17.52,0.388,0.12096563891584888,-0.4309555744412868,0.431,No,International Paper Company
E1OG34.SA,0.008542052337858604,0.071319941132742,10.75,0.247,0.11977088318062375,-0.43987625231919913,0.44,No,"EOG Resources, Inc."
ARXD11.SA,0.004673916324123389,0.03908272156525732,5.76,0.135,0.1195903493138072,0.12372406309178272,0.124,Yes,Arx Dover Recebiveis Fundo De Investimento Imobiliario
B2UR34.SA,0.005807010281380512,0.048607405895725674,7.2,0.168,0.1194676032256878,0.5918456416824339,0.592,Yes,"Burlington Stores, Inc."
ABTT34.SA,0.008317706156058693,0.0702556564462764,10.45,0.243,0.11839197833727645,0.032137886461403045,0.032,Yes,Abbott Laboratories
CRIP34.SA,0.015007596671640736,0.12682679937246505,19.57,0.439,0.1183314311005075,-0.5919813107798504,0.592,No,Trip.com Group Limited
S2TA34.SA,0.006819573589630501,0.05763520824596529,8.5,0.2,0.11832304935079159,0.14962522676345888,0.15,Yes,"STAG Industrial, Inc."
GCRI11.SA,0.00422554098756977,0.03589625767703664,5.19,0.124,0.11771536257588516,0.15715585710768545,0.157,Yes,Galapagos Recebiveis Imobiliarios Fundo De Investimento Imobiliario
AMBP3.SA,0.06886911062603611,0.5866460652749341,122.38,2.032,0.11739465190780801,1.3215970777770691,1.322,Yes,Ambipar Participações e Empreendimentos S.A.
HPQB34.SA,0.013267743787505547,0.11309910668269745,17.14,0.392,0.11731077438771073,-0.7413092973854059,0.741,No,HP Inc.
AURO11.SA,0.0070639649683770815,0.060373549221813747,8.81,0.209,0.11700430170874862,0.3586083049390094,0.359,Yes,BUENA VISTA NEOS GOLD HIGH INCOME INDEX FUNDO DE ÍNDICE DE RESPONSABILIDADE LIMITADA
BITI11.SA,0.023725456656777857,0.2028377586519831,32.5,0.703,0.11696765343125574,-1.8467081771041343,1.847,No,IT NOW BLOOMBERG GALAXY BITCOIN FUNDO DE ÍNDICE RESPONSABILIDADE LIMITADA
ESGB11.SA,0.006239740951340885,0.053377460308179844,7.75,0.185,0.11689842332915705,1.0909993564141995,1.091,Yes,BTG PACTUAL ESG FUNDO DE ÍNDICE S&P/B3 BRAZIL ESG
FSLR34.SA,0.021040000404901706,0.18017584422693894,28.38,0.624,0.11677481237940505,-0.8460348505923442,0.846,No,"First Solar, Inc."
VILG11.SA,0.005110399409234821,0.043773770990918504,6.31,0.152,0.11674569710466678,0.40007047063640405,0.4,Yes,Vinci Logistica Fundo Investimento Imobiliario FII
BCIC11.SA,0.006440902671591144,0.05527260724611938,8.01,0.191,0.11652974217248185,0.9836905121020384,0.984,Yes,FUNDO DE INVESTIMENTO DE ÍNDICE - CI B-INDEX MORNINGSTAR SETORES CICLICOS BRASIL - RESP LIMITADA
VLID3.SA,0.01139208926586027,0.09790038764117112,14.56,0.339,0.1163640874192967,1.13219271003917,1.132,Yes,Valid Soluções S.A.
IRBR3.SA,0.017053466046352744,0.14705364131629978,22.5,0.509,0.1159676557051192,1.5432838416424322,1.543,Yes,IRB-Brasil Resseguros S.A.
ALPA3.SA,0.013356029384073804,0.11680155648586471,17.26,0.405,0.11434804283357429,1.0692260360491506,1.069,Yes,Alpargatas S.A.
A1WK34.SA,0.007240899160862684,0.06340523296139904,9.04,0.22,0.11420033998252048,-0.0054502434450601,0.005,No,"American Water Works Company, Inc."
I1FF34.SA,0.008390998674779772,0.0738911007149887,10.55,0.256,0.11355898874947563,0.15066366821088104,0.151,Yes,International Flavors & Fragrances Inc.
DGCO34.SA,0.012050094703924395,0.10621890231205999,15.46,0.368,0.11344585983879292,0.11353740433360565,0.114,Yes,Dollar General Corporation
FPAB11.SA,0.009982293726288585,0.08817206141476386,12.66,0.305,0.11321379545989738,0.2679774074931994,0.268,Yes,Fundo de Investimento Imobiliário Projeto Água Branca
AZOI34.SA,0.00815419836316573,0.07260003904874789,10.24,0.251,0.11231672145094201,0.2288599079222201,0.229,Yes,"AutoZone, Inc."
GPRK34.SA,0.012631242470585273,0.11270825186557505,16.26,0.39,0.11207025449787218,-0.5002212548144616,0.5,No,GeoPark Limited
ANIM3.SA,0.025191231741475553,0.2281015014385013,34.79,0.79,0.1104386932247677,3.5347026542143363,3.535,Yes,Ânima Holding S.A.
P1NR34.SA,0.011719450826297427,0.10681891389500199,15.01,0.37,0.10971325581738363,-0.2776902841615443,0.278,No,Pentair plc
KDIF11.SA,0.0035081536518324075,0.03202336785403203,4.29,0.111,0.10954980337555906,0.17555199763622717,0.176,Yes,Kinea Infra Fundo Investimento Cotas Fundos Investimento Direitos Creditorios Infraestrutura
A1CR34.SA,0.008540738244889696,0.07796482168390603,10.74,0.27,0.10954604987768127,-0.0035038403835557785,0.004,No,Amcor plc
RPRI11.SA,0.0033325865156910426,0.030443325106261965,4.07,0.105,0.10946854537271142,0.267303692467194,0.267,Yes,RBR Premium Recebiveis Imobiliarios Fundo De Investimento Imobiliario
B1IL34.SA,0.01842621849939695,0.16886491400670553,24.5,0.585,0.10911809956368589,-0.14451702207990608,0.145,No,Bilibili Inc.
IBBP11.SA,0.006052411943301907,0.055688578179678046,7.51,0.193,0.10868318317939317,-0.2953907012047807,0.295,No,Invista Brazilian Business Park Fundo De Investimento Imobiliario
TRUE11.SA,0.00691749326653971,0.06430391735247142,8.62,0.223,0.10757499000601473,0.030086779076407874,0.03,Yes,Fundo de Investimento Imobiliario True Multiestrategia - Responsibilidade Limitada
BNDX11.SA,0.0033262885090782454,0.031439995465055166,4.07,0.109,0.10579799582908142,-0.2624179846100068,0.262,No,INVESTO BLOOMBERG GLOBAL BOND ETF CLASSE DE ÍNDICE - RESPONSABILIDADE LIMITADA
T1OW34.SA,0.0071096182940531705,0.0673786195033465,8.87,0.233,0.10551742298163375,0.1746884409227405,0.175,Yes,American Tower Corporation
DESK3.SA,0.016060042381945493,0.15250408046277739,21.07,0.528,0.10530893555904143,0.5864565887749087,0.586,Yes,Desktop S.A.
LIFE11.SA,0.0039789047315993515,0.03794332245242538,4.88,0.131,0.1048644260551573,0.32424190448163454,0.324,Yes,Life Capital Partners Fundo De Investimentos Imobiliarios
HGRE11.SA,0.005213228353165173,0.050543685148010636,6.44,0.175,0.1031430204960107,0.42040918973037666,0.42,Yes,CSHG Real Estate - Fundo de Investimento Imobiliario - FII
RBFM11.SA,0.004698576860636718,0.04562712138570386,5.79,0.158,0.10297771846963157,0.17672596649488995,0.177,Yes,Rio Bravo Ifix Fundo De Fundos Investimento Imobiliario - FII
TMCO34.SA,0.008388429039125003,0.08162717410130199,10.54,0.283,0.10276515304467956,-0.09900336205205726,0.099,No,Toyota Motor Corporation
BDIF11.SA,0.0030458071882898357,0.029649610288447672,3.72,0.103,0.10272671912576768,0.1004142600798411,0.1,Yes,Btg Pactual Divida Infra FICF Incentivados De Investimento Em Infraestrutura Renda Fixa Credito Priv
COPH34.SA,0.008380478136297161,0.08158394786465274,10.53,0.283,0.10272214517248322,0.02330668012351294,0.023,Yes,ConocoPhillips
HOME34.SA,0.006643485705648225,0.06525145478358914,8.27,0.226,0.1018136028948595,0.08244970875175527,0.082,Yes,"The Home Depot, Inc."
A1PD34.SA,0.006291937389003171,0.06206953548258597,7.82,0.215,0.10136917152809072,-0.10729618144461595,0.107,No,"Air Products and Chemicals, Inc."
MATB11.SA,0.005281889670343591,0.05246175298036345,6.53,0.182,0.10068076970894614,0.6449192168893245,0.645,Yes,IT NOW IMAT FUNDO DE INDICE RESPONSABILIDADE LIMITADA
P1AY34.SA,0.007208065076967794,0.07286467576064233,9.0,0.252,0.0989239985181024,-0.6535458469494061,0.654,No,"Paychex, Inc."
XPSF11.SA,0.003492380597359955,0.035393591925937454,4.27,0.123,0.0986726807685387,0.17737758113868468,0.177,Yes,XP Selection Fundo De Fundos De Investimento Imobiliario - FII
M1AA34.SA,0.005813002640126338,0.059173960960122854,7.2,0.205,0.0982358210572333,0.049835099249766764,0.05,Yes,"Mid-America Apartment Communities, Inc."
EQPA3.SA,0.007181655169841671,0.07312436298652643,8.97,0.253,0.09821152453888632,0.5671623396829576,0.567,Yes,Equatorial Pará Distribuidora de Energia S.A.
XPCA11.SA,0.005359410152585667,0.054618480977287096,6.62,0.189,0.0981244819828358,0.5720297400244975,0.572,Yes,Xp Credito Agricola - Fundo De Investimento Nas Cadeias Produtivas - Fiagro - Imobiliario
HGRU11.SA,0.0030044857118097963,0.030736214380704344,3.67,0.106,0.09775067529773476,0.2810085308749976,0.281,Yes,Patria Renda Urbana - Fundo De Investimento Imobiliario
CXTL11.SA,0.009440206822806593,0.09699629939713134,11.94,0.336,0.09732543284105731,-0.10035498188306,0.1,No,Fundo De Investimento Imobiliário Caixa Trx Logística Renda
PAGS34.SA,0.012392605573157838,0.1274661184570281,15.93,0.442,0.09722274219353187,1.729630878842339,1.73,Yes,PagSeguro Digital Ltd.
GGRC11.SA,0.0024423440466949096,0.025236323532852795,2.97,0.087,0.09677891645014979,0.1862447958313158,0.186,Yes,Ggr Covipe Renda Fundo Investimento Imobiliario
A1PA34.SA,0.013099806204844015,0.13595369546832145,16.9,0.471,0.09635491083724458,0.2901117764251214,0.29,Yes,APA Corporation
C1HK34.SA,0.009149051563802192,0.0955067240305006,11.55,0.331,0.09579484226556019,-0.7078269599825656,0.708,No,Check Point Software Technologies Ltd.
EGIE3.SA,0.005866485654918157,0.06218813750016951,7.27,0.215,0.09433448067008225,0.7461905784345064,0.746,Yes,Engie Brasil Energia S.A.
IWMI11.SA,0.003887714870198531,0.04137610833328991,4.77,0.143,0.09396038020015039,-0.36947582496058534,0.369,No,Buena Vista Gestora De Recursos Ltda- Neos Russell 2000 High Income Ind Fundo De Indice
ITRI11.SA,0.004551183115445363,0.048472404890132624,5.6,0.168,0.09389224912114548,0.47894867988254103,0.479,Yes,Itau Total Return Fundo De Investimento Imobiliario
WHRL3.SA,0.005253421619497415,0.05646698834363457,6.49,0.196,0.09303527199869911,0.2974587031355522,0.297,Yes,Whirlpool S.A.
AFLT3.SA,0.00539633584732205,0.058020070385080655,6.67,0.201,0.09300808860634663,0.1738142449633918,0.174,Yes,Afluente Transmissão de Energia Elétrica S.A.
LVBI11.SA,0.0029971947176135757,0.03223167916535255,3.66,0.112,0.09298909629366783,0.07940156704851722,0.079,Yes,Fundo De Investimento Imobiliario - VBI Logistico - Cota Fund
W1IX34.SA,0.01898282412366087,0.2042653775964997,25.31,0.708,0.09293216670893206,-0.30630261287909005,0.306,No,Wix.com Ltd.
HGBL11.SA,0.0030684287888633915,0.03334834243405261,3.74,0.116,0.09201143339976509,0.12405513783515619,0.124,Yes,Hedge Brasil Logístico Industrial Fundo De Investimento Imobiliario De Responsabilidade Limitada
HABT11.SA,0.003823747751679147,0.04175397665056198,4.69,0.145,0.09157804976709163,0.13081628561663605,0.131,Yes,Habitat Ii - Fundo De Investimento Imobiliario
RMBS11.SA,0.005325612951881044,0.0582815961083207,6.58,0.202,0.09137726671011197,-0.284935412667162,0.285,No,Rec Master Fundo De Cri Cotas Amortizaveis Fundo De Investimento Imobiliario - Responsabilidade Ltd
VTRU3.SA,0.010917566035132,0.120771720522974,13.92,0.418,0.09039836468219552,1.2617089535378057,1.262,Yes,Vitru Educação S.A.
CHDC34.SA,0.005246533493170121,0.05868657235999219,6.48,0.203,0.08939921488321216,-0.12368516066763521,0.124,No,"Church & Dwight Co., Inc."
WHRL4.SA,0.005104392293288878,0.05824120429756152,6.3,0.202,0.0876422861589521,0.6049323822607738,0.605,Yes,Whirlpool S.A.
HFOF11.SA,0.003517602827788047,0.04030925828531995,4.3,0.14,0.08726538213354096,0.3581843061709554,0.358,Yes,Hedge Top Fofii 3 Fundo Investimento Imobilirio
LSAG11.SA,0.004810747540964973,0.05518526268387307,5.93,0.191,0.08717449744731993,0.27025448428576243,0.27,Yes,LESTE FUNDO DE INVESTIMENTO NAS CADEIAS PRODUTIVAS AGROINDUSTRIAIS- FIAGRO - IMOBILIÁRIO
JSCR11.SA,0.004493322451787097,0.05209863444499661,5.53,0.18,0.08624645347530069,0.132416260455795,0.132,Yes,Js Recebiveis Imobiliarios Fundo De Investimento Imobiliario
PMIS11.SA,0.004492405819635392,0.05220562113267042,5.53,0.181,0.08605214768384457,-0.06953345117129293,0.07,No,Paramis Hedge Fund Fundo De Investimento Imobiliario - Fii
MELK3.SA,0.006367729885029625,0.07415448285602061,7.91,0.257,0.08587113873335614,0.6229842415185763,0.623,Yes,Melnick Desenvolvimento Imobiliário S.A.
IRIM11.SA,0.0038123577989122963,0.04448314499185509,4.67,0.154,0.08570342316421968,0.21227625509762513,0.212,Yes,Iridium Fundo De Investimento Imobiliario
S2UI34.SA,0.0046479845276028225,0.05533541651736277,5.72,0.192,0.08399655808399689,0.1493036134172591,0.149,Yes,"Sun Communities, Inc."
CASH3.SA,0.018873911174835598,0.22778588242936681,25.15,0.789,0.08285812524263057,1.0178265928274752,1.018,Yes,Méliuz S.A.
GROP31.SA,0.012947033131431631,0.15734001799739755,16.69,0.545,0.08228696866963482,-1.5046693334551324,1.505,No,Brazil Potash Corp.
ZAVI11.SA,0.005981093035042624,0.07291439224861483,7.42,0.253,0.08202897741572067,0.3794185428065486,0.379,Yes,Zavit Real Estate Fund Fundo De Investimento Imobiliario
CSUD3.SA,0.005517470851947077,0.06782899561839693,6.83,0.235,0.08134383830461142,0.9346835739619748,0.935,Yes,CSU Digital S.A.
T1CH34.SA,0.010780287401902816,0.13339538889890817,13.73,0.462,0.08081454307294314,-0.7283414929838805,0.728,No,Bio-Techne Corporation
VMRK34.SA,0.004610852828641136,0.05732483286493221,5.68,0.199,0.08043377709456474,-0.1809804780250251,0.181,No,"AvalonBay Communities, Inc."
DEFI11.SA,0.01753564728750704,0.21825147744701953,23.2,0.756,0.08034606451525082,-0.6715141558415217,0.672,No,HASHDEX DEFI INDEX FUNDO DE ÍNDICE RESPONSABILIDADE LIMITADA
XLPR11.SA,0.0029607650259910897,0.03714999431920378,3.61,0.129,0.07969759027555476,0.28553148800927736,0.286,Yes,RB Capital Recebaveis Imobiliarios Fundo De Investimento Imobiliario FII
M1TC34.SA,0.0067678572364243475,0.08531183677593168,8.43,0.296,0.07933081143475869,-0.353326214976418,0.353,No,"Match Group, Inc."
K1SS34.SA,0.014263043568512683,0.18001537053789574,18.52,0.624,0.07923236513578774,0.15978526217918618,0.16,Yes,Kohl's Corporation
RCRB11.SA,0.0032487753723703127,0.041197661145323985,3.97,0.143,0.07885824782407715,0.2573968591932057,0.257,Yes,Fundo de Investimento Imobiliário Rio Bravo Renda Corporativa
IAAG11.SA,0.004676205440117321,0.05932115628326779,5.76,0.205,0.07882862933061704,0.011544450497244594,0.012,Yes,Inter Amerra - Fiagro - Imobiliario
I1EX34.SA,0.005619875859469594,0.07148836572673602,6.96,0.248,0.07861245396141166,-0.12034812931995467,0.12,No,IDEX Corporation
PSKY34.SA,0.021075803441291705,0.26813159564101974,28.44,0.929,0.07860246156707484,-0.8547987535077357,0.855,No,Paramount Skydance Corporation
JDCO34.SA,0.009668450082793134,0.12362312386196728,12.24,0.428,0.07820907432810503,-0.16369897191113972,0.164,No,"JD.com, Inc."
HGBS11.SA,0.002473629850849003,0.03164524178682945,3.01,0.11,0.07816751306600893,0.28096203846838025,0.281,Yes,HEDGE Brasil Shopping Fundo de Investimento Imobiliário
V2TX34.SA,0.014529917517432295,0.18652605170949485,18.9,0.646,0.07789752361274406,2.8469870422041574,2.847,Yes,VTEX
NUIF11.SA,0.0019321081920489099,0.024849721644049243,2.34,0.086,0.07775170360958918,,,,Nu Asset FICFII Em Debentures De Infraestrutura Renda Fixa Credito Privado
PGCO34.SA,0.004158622928064213,0.05365970666116758,5.11,0.186,0.07749991915393235,-0.22658372697292228,0.227,No,The Procter & Gamble Company
S2ED34.SA,0.048552988088612775,0.6267424283053087,76.64,2.171,0.07746880679499948,-12.872307069729526,12.872,No,"SolarEdge Technologies, Inc."
NAVT11.SA,0.004418032640611994,0.05719220430578313,5.43,0.198,0.07724886099844298,0.3353930402709661,0.335,Yes,Navi Imobiliario Total Return Fundos De Investimento Imobiliario
N1CL34.SA,0.012832951167081367,0.1662337021841565,16.53,0.576,0.07719825160883927,-0.5196702301041027,0.52,No,Norwegian Cruise Line Holdings Ltd.
COGN3.SA,0.012801446511622344,0.16724636440106044,16.49,0.579,0.07654245016007759,2.4178485591157144,2.418,Yes,Cogna Educação S.A.
C1NC34.SA,0.011445333305320276,0.14983496059813856,14.63,0.519,0.07638626699423623,0.5529569185200166,0.553,Yes,Centene Corporation
E1DU34.SA,0.009218714880675997,0.12414042483712351,11.64,0.43,0.07426037805792325,-0.0030518532979408666,0.003,No,New Oriental Education & Technology Group Inc.
UNIP3.SA,0.006347630145905198,0.0857311734678255,7.89,0.297,0.07404109717788283,0.6409648251444832,0.641,Yes,Unipar Carbocloro S.A.
BRFT11.SA,0.003723255788443449,0.05034779363619251,4.56,0.174,0.07395072394526911,0.07281445473871141,0.073,Yes,Bradesco Farmtech Fundo De Investimento Nas Cadeias Produtivas Agroindustriais Fiagro - Dc
BOEI34.SA,0.0071785329935041865,0.09928924264834045,8.96,0.344,0.07229920182722001,0.27953265196960153,0.28,Yes,The Boeing Company
M1CH34.SA,0.009534135650103184,0.1319847903817607,12.06,0.457,0.0722366237998036,-0.38215569108645747,0.382,No,Microchip Technology Incorporated
RBRP11.SA,0.0038075888900867758,0.05317706662895503,4.67,0.184,0.0716020858513007,0.3167104842562225,0.317,Yes,Fundo Investimento Imobiliario Rbr Properties Fii
DOLB11.SA,0.0018847452593423139,0.026340645500981925,2.29,0.091,0.07155273621795086,-0.30908252093102345,0.309,No,BTG PACTUAL REFERENCE S&P/B3 CAMBIAL FUNDO DE ÍNDICE
C1RR34.SA,0.006688945141513376,0.0938703624018156,8.33,0.325,0.07125726342550054,-0.18405039301527723,0.184,No,Carrier Global Corporation
RIFF11.SA,0.0050201619322808215,0.07174684936417665,6.19,0.249,0.06997048618538222,-0.03904951482821532,0.039,No,Riff Fundo De Investimento Em Cotas De Fundos Incentivados De Investimento Em Infraestrut Renda Fixa
D1EX34.SA,0.009743151841886673,0.13940319475363483,12.34,0.483,0.06989188346153472,0.0067268550145196115,0.007,Yes,"DexCom, Inc."
MCDC34.SA,0.0030753214856549505,0.0441200258168645,3.75,0.153,0.06970352869737975,0.08106703493593552,0.081,Yes,McDonald's Corporation
XPLG11.SA,0.001806556142580252,0.026053292651912315,2.19,0.09,0.06934079951877602,0.17123989774740633,0.171,Yes,Xp Log Fundo Investimento Imobiliario FII
TRIG11.SA,0.0043476536796831795,0.06271024758920714,5.34,0.217,0.06932923799253889,1.1281948112034559,1.128,Yes,ETF TRÍGONO TEVA AÇÕES MICRO CAP / SMALL CAP FUNDO DE ÍNDICE
LREN3.SA,0.009104398074474617,0.13301779112044199,11.49,0.461,0.06844496512673985,1.7626276294146954,1.763,Yes,Lojas Renner S.A.
DLTR34.SA,0.007022861675872528,0.10396376777362741,8.76,0.36,0.06755105000777034,0.4653882773625788,0.465,Yes,"Dollar Tree, Inc."
C1MG34.SA,0.006065520938102291,0.09026591186301518,7.53,0.313,0.06719614096744674,-0.010808987757610074,0.011,No,"Chipotle Mexican Grill, Inc."
D2AR34.SA,0.006621517411473191,0.1014359239416337,8.24,0.351,0.065277834066787,0.40897949362573555,0.409,Yes,Darling Ingredients Inc.
RBRL11.SA,0.0034371401167092516,0.052698343153912315,4.2,0.183,0.06522292563678217,0.2897250178090534,0.29,Yes,RBR Log FII
VULC3.SA,0.005585996434860681,0.0856529166718046,6.91,0.297,0.06521665171385216,0.9417729761325452,0.942,Yes,Vulcabras S.A.
LOWC34.SA,0.004502951974236457,0.06906638814294616,5.54,0.239,0.0651974440145434,0.4650461555103198,0.465,Yes,"Lowe's Companies, Inc."
CRFF11.SA,0.0031888172781782357,0.04944497327777949,3.89,0.171,0.06449224393880472,0.29248194647338516,0.292,Yes,Caixa Rio Bravo Fundo De Fundos De Investimento Imobiliario II-Cotas
RBVA11.SA,0.002509171498209606,0.03892783450045286,3.05,0.135,0.06445700179341896,0.22646126902190214,0.226,Yes,Fundo Invest Imobiliario Agencias Caixa - FII Fund
XB4511.SA,0.001159669250938582,0.01836429617648633,1.4,0.064,0.06314803680978659,0.34564264684851165,0.346,Yes,TREND ETF IDEX B45 CLASSE DE ÍNDICE - RESPONSABILIDADE LIMITADA
PKIN11.SA,0.0025639036050898287,0.04071956186638369,3.12,0.141,0.06296491139818665,-0.11375205797658725,0.114,No,B-INDEX ETF CONNECT CHINA UNIVERSAL CSI 300 FUNDO DE ÍNDICE - RESP LIMITADA
M1MC34.SA,0.0040588664446572905,0.06480829001589845,4.98,0.225,0.06262881559846108,-0.18106820124473783,0.181,No,"Marsh & McLennan Companies, Inc."
RAPT3.SA,0.009498956240276838,0.16278868124425522,12.01,0.564,0.05835145396886772,0.6617075801168922,0.662,Yes,Randoncorp S.A.
W1DA34.SA,0.007426753133069315,0.13107325106105422,9.29,0.454,0.05666108891744751,-0.5458789379181614,0.546,No,"Workday, Inc."
ATED3.SA,0.012600396162415508,0.2251032170351337,16.21,0.78,0.05597608212080266,0.28059564958634803,0.281,Yes,Atom Educação E Editora S.A.
UNIP6.SA,0.005665125287127741,0.10293825563899583,7.01,0.357,0.05503420717556473,0.8911116187038003,0.891,Yes,Unipar Carbocloro S.A.
HSLG11.SA,0.0030203051974123283,0.05619368685574169,3.69,0.195,0.05374812307948296,0.4832837529880334,0.483,Yes,Hsi Logistica Fundo De Investimento Imobiliario
R1EL34.SA,0.003938683371666401,0.07347874592397759,4.83,0.255,0.05360302931328513,-0.7661205102485589,0.766,No,RELX PLC
JSLG3.SA,0.007220928711190009,0.135665135305604,9.02,0.47,0.05322611955476913,2.079176976202311,2.079,Yes,JSL S.A.
BLCA11.SA,0.0041670845588316335,0.07843060948812894,5.12,0.272,0.053130845036495004,0.03489638155891052,0.035,Yes,Bluemacaw Catuai Triple A Fundo De Investimento Imobiliario
W1YN34.SA,0.006020121472378777,0.11394146597178188,7.47,0.395,0.05283521166797773,-0.46650185664292176,0.467,No,"Wynn Resorts, Limited"
E1TR34.SA,0.0035667478293740624,0.06767928850122538,4.37,0.234,0.052700728810254616,-0.09387483931105967,0.094,No,Entergy Corporation
RBRI11.SA,0.008857705213886386,0.16867783946741127,11.16,0.584,0.0525125602856545,0.7708827270971204,0.771,Yes,Fundo De Investimento Imobiliario - FII RBR Desenvolvimento III
HAGA3.SA,0.004537103881629327,0.08669447552394696,5.58,0.3,0.05233440601847896,0.5012321158363621,0.501,Yes,HAGA S/A Indústria e Comércio
M2ST34.SA,0.023215744317464555,0.44440325875929015,31.71,1.539,0.052240265704350516,3.662881693031591,3.663,Yes,Strategy Inc
LEVE3.SA,0.0035748541151282755,0.0688230827223568,4.38,0.238,0.051942661876245834,0.6320456238726374,0.632,Yes,MAHLE Metal Leve S.A.
KLBN11.SA,0.003066918610494402,0.05912021142040089,3.74,0.205,0.05187597501446157,0.2850797640282773,0.285,Yes,Klabin S.A.
R1OL34.SA,0.003564819680922425,0.0688739752041824,4.36,0.239,0.051758587628407286,0.17882249186736282,0.179,Yes,"Rollins, Inc."
PLPL3.SA,0.007167758707165791,0.14100871450593283,8.95,0.488,0.050832026462195805,1.6737166245744364,1.674,Yes,Plano & Plano Desenvolvimento Imobiliário S.A.
CBOP11.SA,0.004971475831273207,0.09837991093814213,6.13,0.341,0.05053344512986089,0.8243366312909524,0.824,Yes,Castello Branco Off Park Fund In Im
P2IN34.SA,0.007239265662164326,0.14348770996786386,9.04,0.497,0.05045216530241972,-0.4953062776377312,0.495,No,"Pinterest, Inc."
N1VR34.SA,0.003774141819687945,0.07485139186192248,4.62,0.259,0.05042179879099726,0.13493187283842192,0.135,Yes,"NVR, Inc."
A1AP34.SA,0.008354922539928165,0.16576709006481136,10.5,0.574,0.05040157570879462,-0.0744546043773375,0.074,No,"Advance Auto Parts, Inc."
A1ON34.SA,0.002914423493285255,0.0583902847354612,3.55,0.202,0.04991281523097774,-0.2379125035303005,0.238,No,Aon plc
S2NA34.SA,0.010504992976278318,0.21419333087726314,13.36,0.742,0.04904444472315471,2.8449209255742285,2.845,Yes,Snap Inc.
SMAL11.SA,0.00265367649578059,0.05440966029143299,3.23,0.188,0.048772157031798664,1.0599038127053124,1.06,Yes,ISHARES BM&FBOVESPA SMALL CAP CLASSE DE ÍNDICE - RESPONSABILIDADE LIMITADA
EZTC3.SA,0.005789787998251201,0.1195591866522176,7.17,0.414,0.04842612400076754,1.7544328744660416,1.754,Yes,EZTEC Empreendimentos e Participações S.A.
C1IC34.SA,0.003661624699181801,0.07619204536626026,4.48,0.264,0.04805783440489261,0.06940856770619647,0.069,Yes,The Cigna Group
BRST3.SA,0.002880174452062112,0.060164640885329385,3.51,0.208,0.04787154730220316,0.6861864675958321,0.686,Yes,Brisanet Serviços de Telecomunicações S.A.
UNIP5.SA,0.004363753095553407,0.09192248202464164,5.36,0.318,0.047472098222757046,0.5609691392709707,0.561,Yes,Unipar Carbocloro S.A.
VVCR11.SA,0.0017588427066770147,0.03715131783083132,2.13,0.129,0.047342673406254726,0.2723416826753223,0.272,Yes,V2 Recebíveis Imobiliários Fundo de Investimento Imobiliário
A2FY34.SA,0.005143666038542974,0.10910369625596775,6.35,0.378,0.047144745916540165,0.48479614261820064,0.485,Yes,Afya Limited
TFCO4.SA,0.003854659177910354,0.0828990411896875,4.72,0.287,0.0464982359577624,0.8001108094729183,0.8,Yes,Track & Field Co S.A.
S1NP34.SA,0.004951437114318947,0.10788560130290678,6.11,0.374,0.04589525436686369,-0.5654953665112129,0.565,No,"Synopsys, Inc."
SMAC11.SA,0.0025171494631402455,0.055322628730771393,3.06,0.192,0.04549945512151999,1.0681370891171227,1.068,Yes,IT NOW SMALL CAPS FUNDO DE ÍNDICE RESPONSABILIDADE LIMITADA
CPTS11.SA,0.0025256396492728387,0.05603755135350419,3.07,0.194,0.045070485563158055,0.4505284866231548,0.451,Yes,Capitania Securities II Fundo Investimento Imobiliario FII
BBAS3.SA,0.003225339927661385,0.0720522364492925,3.94,0.25,0.044763911387139955,1.0756302106783346,1.076,Yes,Banco do Brasil S.A.
KLBN4.SA,0.002548303990105321,0.056987585620338524,3.1,0.197,0.04471682669770531,0.3118401882030075,0.312,Yes,Klabin S.A.
O2HI34.SA,0.0038008566216561623,0.08807679118039896,4.66,0.305,0.04315389526250161,1.7851549023545858,1.785,Yes,"Omega Healthcare Investors, Inc."
C1OO34.SA,0.0036732491073128396,0.08641997540763842,4.5,0.299,0.042504630324023115,-0.17763579543865385,0.178,No,"The Cooper Companies, Inc."
BAZA3.SA,0.0032261145872066917,0.07705321274024839,3.94,0.267,0.04186865767793672,0.7841199666299968,0.784,Yes,Banco da Amazônia S.A.
WATC34.SA,0.004467851617259193,0.10794103586685365,5.5,0.374,0.04139159478486321,-0.04894394502956896,0.049,No,Waters Corporation
W1MG34.SA,0.0034694949897155565,0.08554998024494083,4.24,0.296,0.04055518165851046,-0.6034789655290901,0.603,No,Warner Music Group Corp.
GRWA11.SA,0.0017763120672439313,0.043955537408782656,2.15,0.152,0.04041156523066444,0.05004446782815741,0.05,Yes,Greenwich Agro Fundo De Investimento Nas Cadeias Produtivas Agroindustriais - Fiagro - Imobiliario
RBOP11.SA,0.0038444419287621155,0.0964689833789489,4.71,0.334,0.03985158539154913,0.5012095363330594,0.501,Yes,Fundo De Investimento Imobiliário Mercantil Do Brasil-fii -Inicio
B1NT34.SA,0.004261036245404179,0.10709454052988604,5.23,0.371,0.03978761404943032,0.034795297814509,0.035,Yes,BioNTech SE
TELB3.SA,0.004233824263851733,0.10989319502537524,5.2,0.381,0.03852671917377694,0.4819454322193625,0.482,Yes,Telecomunicações Brasileiras S.A. - Telebras
XB6011.SA,0.0010208362292360416,0.026842004782119476,1.23,0.093,0.038031296004986226,0.32659164824535786,0.327,Yes,TREND ETF IDEX B60 CLASSE DE ÍNDICE - RESPONSABILIDADE LIMITADA
JSRE11.SA,0.0014627509338160118,0.0385440384598489,1.77,0.134,0.03795012127075763,0.40244420774446676,0.402,Yes,JS Real Estate multigestão - FII fund
ALPK3.SA,0.004019830375546721,0.10607441739150772,4.93,0.367,0.03789632292497085,0.8677639978055617,0.868,Yes,"Allpark Empreendimentos, Participações e Serviços S.A."
OXYP34.SA,0.0033039576391489574,0.08769713969160758,4.04,0.304,0.037674633981992216,-0.03423191874314663,0.034,No,Occidental Petroleum Corporation
VPPR11.SA,0.0034251338464210564,0.09360378864155909,4.19,0.324,0.03659182919974602,0.924200992077522,0.924,Yes,Xp Properties Fundo De Investimento Imobiliario
E1MN34.SA,0.0024773900770334875,0.06784782480219337,3.01,0.235,0.036513920442640325,-0.01610779830447468,0.016,No,Eastman Chemical Company
P1YC34.SA,0.005598963146665414,0.15525428280812065,6.93,0.538,0.03606317999990502,-1.258634242294066,1.259,No,"Paycom Software, Inc."
A1LB34.SA,0.005283799542570333,0.1476223321483223,6.53,0.511,0.03579268438369799,0.8428554157633815,0.843,Yes,Albemarle Corporation
HUCG11.SA,0.00261004207017714,0.07548755669117181,3.18,0.261,0.03457579215148159,0.38600991633989,0.386,Yes,Fundo De Investimento Imobiliario Hospital Unimed Campina Grande
FNOR11.SA,0.005875973528502458,0.17070719173174886,7.28,0.591,0.03442135898841349,0.1718358674547829,0.172,Yes,Finor -Ci Fund
MOVI3.SA,0.006414033185125406,0.19251606455312928,7.97,0.667,0.033316872542630355,3.317153316520777,3.317,Yes,Movida Participações S.A.
KMBB34.SA,0.0020784509365511477,0.06282017001736874,2.52,0.218,0.03308572606499617,-0.349068731669185,0.349,No,Kimberly-Clark Corporation
R1OP34.SA,0.0026024679647577327,0.07982183628771664,3.17,0.277,0.032603458975526134,-0.2523934126578044,0.252,No,"Roper Technologies, Inc."
D2KN34.SA,0.004422247007349599,0.13635704309063743,5.44,0.472,0.03243137946611311,-0.49255668313014944,0.493,No,DraftKings Inc.
H1UM34.SA,0.0045792173429573665,0.14396349914748463,5.64,0.499,0.03180818311637555,-1.132044767990343,1.132,No,Humana Inc.
P1DD34.SA,0.004323049018252601,0.1373967151229161,5.31,0.476,0.03146399107420559,0.189001653331135,0.189,Yes,PDD Holdings Inc.
PYPL34.SA,0.0033236706864654985,0.10727492697167722,4.06,0.372,0.030982735484341238,0.14755010168221766,0.148,Yes,"PayPal Holdings, Inc."
W1SO34.SA,0.0029468701662619208,0.0954756567313457,3.59,0.331,0.03086514685679487,-0.22205224191327266,0.222,No,"Watsco, Inc."
ENGI3.SA,0.0024219762177951376,0.08102712399059336,2.95,0.281,0.029890931561094413,1.1811449806814809,1.181,Yes,Energisa S.A.
VIVA3.SA,0.0034633212689958175,0.11691785874056233,4.24,0.405,0.02962183285173599,1.4115246562118322,1.412,Yes,Vivara Participações S.A.
PFIZ34.SA,0.0017186428306182277,0.05827597743167707,2.08,0.202,0.029491445812868083,-0.1256563945358508,0.126,No,Pfizer Inc.
FIIB11.SA,0.0005148147108269925,0.017663249722280547,0.62,0.061,0.02914609253231593,0.0559025431970872,0.056,Yes,Real Estate Investment Fund Industry in Brazil
D2PZ34.SA,0.0025045689072545306,0.08627738708442931,3.05,0.299,0.02902926238138865,-0.17949031492552564,0.179,No,"Domino's Pizza, Inc."
ZIFI11.SA,0.003608488463670225,0.12529632379167438,4.42,0.434,0.0287996355716703,0.6391789540891534,0.639,Yes,Zion Capital Fundo De Investimento Imobiliario-Fii
M1GM34.SA,0.0028248121462246104,0.10157746416264463,3.44,0.352,0.027809437551045327,-0.6172412826928995,0.617,No,MGM Resorts International
U2PW34.SA,0.004277646798117573,0.15526327547560406,5.26,0.538,0.027550924615072313,0.4632134889239964,0.463,Yes,Upwork Inc.
CEEB5.SA,0.002530362377124695,0.09195133411993411,3.08,0.319,0.027518495531824352,0.08243663033355092,0.082,Yes,Companhia de Eletricidade do Estado da Bahia - COELBA
SMAB11.SA,0.001414042793526626,0.052858106342959996,1.71,0.183,0.026751673326166327,1.025558325226795,1.026,Yes,BTG PACTUAL SMLL B3 FUNDO DE ÍNDICE
G1PI34.SA,0.0032774464317394114,0.12334157424204968,4.0,0.427,0.026572114486779937,-0.5820844415427864,0.582,No,Global Payments Inc.
PCAR3.SA,0.003754762005843357,0.14820171265041898,4.6,0.513,0.025335483232236063,0.9028311276903518,0.903,Yes,Companhia Brasileira De Distribuicao
RECT11.SA,0.001416664169703945,0.057646094543782174,1.71,0.2,0.024575197694060424,0.6462465922538898,0.646,Yes,Fundo De Investimento Imobiliario - FII UBS Office
RPAD3.SA,0.0023297928900385284,0.09485544761446106,2.83,0.329,0.024561508575743022,-0.02763365778869773,0.028,No,Alfa Holdings S.A.
A1TH34.SA,0.002267239219229573,0.09318650787547894,2.75,0.323,0.024330123221906606,-0.42630372642239295,0.426,No,Autohome Inc.
A1OS34.SA,0.0019731749302337176,0.08310482680750532,2.39,0.288,0.02374320488994169,0.2685569863809806,0.269,Yes,A. O. Smith Corporation
A1IV34.SA,0.0028089197462653442,0.11884722191816856,3.42,0.412,0.02363471102588672,0.026154659709677577,0.026,Yes,Apartment Investment and Management Company
T1XT34.SA,0.0013830904096387507,0.05982226115794299,1.67,0.207,0.02311999551449768,-0.1312233323273081,0.131,No,Textron Inc.
H1OG34.SA,0.002331207832797512,0.10482410629018579,2.83,0.363,0.02223923403977328,-0.11213561031559978,0.112,No,"Harley-Davidson, Inc."
EDFO11.SA,0.0017595614506726621,0.07959674230463028,2.13,0.276,0.02210594805423721,-0.13933216871091558,0.139,No,Fundo de Investimento Imobiliário Edifício Ourinvest
RBDS11.SA,0.003654742782246859,0.16533549596153546,4.47,0.573,0.022105009943521856,1.0159587712322247,1.016,Yes,RB Capital Development Residential Real Estate Investment Fund II
B1SX34.SA,0.001836574973828015,0.08354347196850205,2.23,0.289,0.02198346478250807,-0.04311310876595073,0.043,No,Boston Scientific Corporation
TTEN3.SA,0.0019676623236813662,0.09006832476353596,2.39,0.312,0.02184632975962679,0.6195982506881028,0.62,Yes,Três Tentos Agroindustrial S/A
XPBR31.SA,0.002191759961946094,0.1008885033827659,2.66,0.349,0.021724576026573288,1.4033407376286313,1.403,Yes,XP Inc.
RECD11.SA,0.001889020580017211,0.08728578584558708,2.29,0.302,0.02164178922968034,0.5142112008260876,0.514,Yes,REC Fundo De Cri Cotas Amortizaveis - Fundo De Investimento Imobiliario
EVEN3.SA,0.0021167147215455026,0.1019167437563951,2.57,0.353,0.020769057600632794,1.1052685793643326,1.105,Yes,Even Construtora e Incorporadora S.A.
S1JM34.SA,0.0017822402691837947,0.08676391366817614,2.16,0.301,0.020541261843026994,0.025345315644606306,0.025,Yes,The J. M. Smucker Company
BTWR11.SA,0.0009598822261628673,0.0470644930514016,1.16,0.163,0.020395040165725988,0.10782621473718154,0.108,Yes,Btowers Fundo Investimento Imobiliario
T1SC34.SA,0.0016484983754505706,0.08403260585448533,2.0,0.291,0.019617365886584373,-0.20052701572094506,0.201,No,Tractor Supply Company
C1CI34.SA,0.0016169280514364592,0.08413812830503666,1.96,0.291,0.019217542438957097,0.13105889125154002,0.131,Yes,Crown Castle Inc.
BODI11.SA,0.0004086788231077651,0.02141740285610016,0.49,0.074,0.019081623754925267,-0.2681839167244732,0.268,No,Bocaina Infra Cdi Fic De Fundos Incentivados De Investimento Em Infra Renda Fixa Resp Limitada
DHER34.SA,0.001361355415048158,0.07319887337086628,1.65,0.254,0.01859803781611191,0.050733532206065975,0.051,Yes,Danaher Corporation
P2EN34.SA,0.002580475999475774,0.14329227757032345,3.14,0.496,0.018008479195324084,-0.11210195184199664,0.112,No,"PENN Entertainment, Inc."
VCRR11.SA,0.0007184298465920173,0.0424878632951329,0.87,0.147,0.016909060396885514,0.12526670298348386,0.125,Yes,Vectis Renda Residencial Fundo De Investimento Imobiliario
L1EN34.SA,0.001590766890517689,0.09571373147540693,1.93,0.332,0.016620048826812558,0.6308650805182147,0.631,Yes,Lennar Corporation
META11.SA,0.004048816295192402,0.24632960822891456,4.97,0.853,0.01643657993167362,-0.7485836377565239,0.749,No,HASHDEX CRYPTO METAVERSE FUNDO DE ÍNDICE - RESPONSABILIDADE LIMITADA
AUAU3.SA,0.0013928752031497856,0.08896721503401593,1.68,0.308,0.015656050407076703,-0.03226623790279287,0.032,No,Uniao Pet Participacoes S.A.
HALI34.SA,0.0014627538005044314,0.09684206648319665,1.77,0.335,0.015104528988528328,-0.3202390954983581,0.32,No,Halliburton Company
RECM11.SA,0.000730077474576225,0.050285706946325746,0.88,0.174,0.01451858826118323,0.3404804385011799,0.34,Yes,Rec Multiestrategia Fundo De Investimento Imobiliario Responsabilidade Limitada
RBRS11.SA,0.001314842447196833,0.09603516111403157,1.59,0.333,0.013691260908445784,0.11381149245613256,0.114,Yes,Rio Bravo Renda Residencial Fundo De Investimentos Imobiliario
ROOF11.SA,0.0015878804268125947,0.11865467195947227,1.92,0.411,0.01338236750892499,0.013712142477570972,0.014,Yes,Fundo De Investimento Imobiliario Rooftop I
RPAD6.SA,0.001335574847484959,0.10062321484880934,1.61,0.349,0.013273028987313881,-0.07518578517930732,0.075,No,Alfa Holdings S.A.
ONCO3.SA,0.0055446076979352365,0.4298097174063592,6.86,1.489,0.012900145048822021,-0.6500818851168573,0.65,No,Oncoclínicas do Brasil Serviços Médicos S.A.
MDLZ34.SA,0.0005981667311287823,0.05106843474221753,0.72,0.177,0.011713042198144494,-0.07330742752423439,0.073,No,"Mondelez International, Inc."
A1DC34.SA,0.0006049791401622184,0.05357432581335328,0.73,0.186,0.01129233323943068,0.13098924348911695,0.131,Yes,Agree Realty Corporation
LPSB3.SA,0.001734877399121036,0.15388852516255908,2.1,0.533,0.011273598192512472,1.3785152663508435,1.379,Yes,LPS Brasil - Consultoria de Imóveis S.A.
RIGG34.SA,0.001708299819344549,0.15732079160067644,2.07,0.545,0.010858703429872671,0.5374850167042572,0.537,Yes,Transocean Ltd.
TRXF11.SA,0.00030937858037028104,0.02909335100666913,0.37,0.101,0.010633996073513894,0.046905575615479964,0.047,Yes,TRX REAL ESTATE FUNDO DE INVESTIMENTO IMOBILIÁRIO - FII
P1PG34.SA,0.0006104697937740798,0.057612275319300625,0.74,0.2,0.010596175734957771,-0.13975486479404342,0.14,No,"PPG Industries, Inc."
YUFI11.SA,0.002362446017550295,0.23693912771508074,2.87,0.821,0.009970687578419448,0.42115938716221396,0.421,Yes,Yuca Fundo De Investimento Imobiliario
V1RS34.SA,0.0010108167628715367,0.10782709933243972,1.22,0.374,0.009374422284653195,0.013200648009420439,0.013,Yes,"Verisk Analytics, Inc."
BLAU3.SA,0.0009950388885999726,0.10635223670485218,1.2,0.368,0.00935606922270376,0.6320298634455097,0.632,Yes,Blau Farmacêutica S.A.
O1TI34.SA,0.00044290434908221185,0.055269006934898744,0.53,0.191,0.008013611491227045,0.03036339392801219,0.03,Yes,Otis Worldwide Corporation
BOBR4.SA,0.0009714812036188379,0.12248780636899803,1.17,0.424,0.00793124828027553,0.9385753563452393,0.939,Yes,Bombril S.A.
UNHH34.SA,0.0008643658242926752,0.11477118563636556,1.04,0.398,0.007531209331855143,-0.09926524896602196,0.099,No,UnitedHealth Group Incorporated
SMFT3.SA,0.0005373448755162182,0.09997128258968704,0.65,0.346,0.005374992313759213,1.1592802234902975,1.159,Yes,Smartfit Escola de Ginástica e Dança S.A.
R1MD34.SA,0.0004104056293451483,0.09195151818357834,0.49,0.319,0.004463282797852084,-0.051032517250612565,0.051,No,ResMed Inc.
TD6011.SA,9.576021323941253e-05,0.029583198224480887,0.11,0.102,0.0032369797380517296,0.00630345625945863,0.006,Yes,IT NOW NTN-B 2060 FUNDO DE ÍNDICE RESPONSABILIDADE LIMITADA
BIIB34.SA,0.0002271606931794187,0.07756592764862812,0.27,0.269,0.002928614406681906,0.03908100676750199,0.039,Yes,Biogen Inc.
HERT11.SA,4.6626040653510916e-05,0.017170391264411822,0.06,0.059,0.0027154908665447995,0.21335766959001795,0.213,Yes,HEDGE BRASIL EQUITY REITS FUNDO DE ÍNDICE DE RESPONSABILIDADE LIMITADA
GRAV11.SA,0.0003214356084626954,0.1745752578607187,0.39,0.605,0.0018412437844952017,-0.5953025544621889,0.595,No,Gravatai Shopping Fundo de Investimento Imobiliario de Responsabilidade Limitada
L1YB34.SA,6.160078567729321e-05,0.1184589730041921,0.07,0.41,0.000520017894086531,0.1299257606379924,0.13,Yes,LyondellBasell Industries N.V.
ELCI34.SA,4.403717146719277e-05,0.12946605172753348,0.05,0.448,0.0003401445466172922,-0.21699391658883685,0.217,No,The Estée Lauder Companies Inc.
CBEE3.SA,-8.081081926750008e-05,0.16491458069437168,-0.1,0.571,-0.0004900162188646188,-0.8415292323769366,0.842,No,Ampla Energia e Serviços S.A.
GOLX11.SA,-9.769652509926396e-05,0.10592764087776611,-0.12,0.367,-0.0009222949202843067,1.0751338962527792,1.075,Yes,TREND ETF B3 OURO CLASSE DE ÍNDICE - RESPONSABILIDADE LIMITADA
Z2LL34.SA,-0.0002094145693506147,0.16310104377822301,-0.25,0.565,-0.0012839560342444319,0.010575353813280411,0.011,Yes,"Zillow Group, Inc."
RBFY11.SA,-0.00011002740884898457,0.060598102375378236,-0.13,0.21,-0.0018156906658134905,-0.04200905607728363,0.042,No,Rio Bravo For You Fundo De Investimento ImobiliaRio De Responsabilidade Limitada
RBHY11.SA,-0.00010001331922985107,0.03592737915078892,-0.12,0.124,-0.0027837632912239554,0.39720656416165173,0.397,Yes,Rio Bravo Credito Imobiliario High Yield Fundo De Investimento Imobiliario - FII
GGPS3.SA,-0.0002933291302589569,0.09539239055182076,-0.35,0.33,-0.003074974099738169,1.3808086951562049,1.381,Yes,GPS Participações e Empreendimentos S.A.
VVRI11.SA,-0.0002812545692767716,0.05281395944049521,-0.34,0.183,-0.005325383142190984,-0.08198263999883275,0.082,No,V2 Renda Imobiliaria Fundo De Investimento Imobiliario - FII
MLAS3.SA,-0.000775615748421086,0.13040194933055377,-0.93,0.452,-0.005947884616778161,1.310926099318341,1.311,Yes,Grupo Multilaser S.A.
BIED3.SA,-0.0010860641461440644,0.1674930073276737,-1.3,0.58,-0.006484235750925117,0.9356735943343185,0.936,Yes,Bioma Educação S.A.
STYI11.SA,-0.0010582583015287083,0.13257653859067067,-1.26,0.459,-0.007982244164603474,0.9503190793773437,0.95,Yes,Strivo Yield Fundo De Investimento Imobiliario Responsabilidade Limitada
APXU11.SA,-0.00019632536555522426,0.023268738347424444,-0.24,0.081,-0.008437301697406169,-0.08690207046558779,0.087,No,Apex Urb Fundo De Investimento Imobiliario Responsabilidade Limitada
R1HI34.SA,-0.001480677363110054,0.1313074589978689,-1.76,0.455,-0.011276414717111275,-0.3421896422338042,0.342,No,Robert Half Inc.
S1SL34.SA,-0.001215610641587133,0.1057916466727725,-1.45,0.366,-0.011490610835722946,-0.0459608477867946,0.046,No,"Skyworks Solutions, Inc."
VCRA11.SA,-0.0008513295071072806,0.07316935034826516,-1.02,0.253,-0.011635056250399872,0.4802680573919203,0.48,Yes,Vectis Datagro Crédito Agronegócio - Fi Nas Cadeias Produtivas Do Agronegócio Resp Limitada
E2EF34.SA,-0.0009761841059712097,0.07568732689404856,-1.17,0.262,-0.01289758994048935,-0.06672109133838365,0.067,No,"Euronet Worldwide, Inc."
KISU11.SA,-0.00044877787992564225,0.03432414726221101,-0.54,0.119,-0.013074698593305534,0.16929163961470498,0.169,Yes,Kilima Fundo De Investimento Em Cotas De Fundos Imobiliarios Suno 30
QSOL11.SA,-0.0030541495976037017,0.2167361851773717,-3.6,0.751,-0.01409155372511636,-0.9056891753533503,0.906,No,Qr Cme Cf Solana Dollar Reference Rate Fundo De Índice Investimento No Exterior Respons Limitada
A1VY34.SA,-0.0007131201797861575,0.04853794608729727,-0.85,0.168,-0.014692013924602098,0.2382056246415833,0.238,Yes,Avery Dennison Corporation
E1LV34.SA,-0.0012647256722265166,0.08522266833406103,-1.51,0.295,-0.014840249630168438,0.11728205960954885,0.117,Yes,"Elevance Health, Inc."
INTU34.SA,-0.0017604546502871822,0.11793982509797926,-2.09,0.409,-0.014926719187727075,-0.33209611231564046,0.332,No,Intuit Inc.
BRCR11.SA,-0.0007548107430434663,0.04918317268660782,-0.9,0.17,-0.015346930704390999,0.5814707502389556,0.581,Yes,Fundo de Investimento Imobiliário - FII BTG Pactual Corporate Office Fund
INTB3.SA,-0.0013491996156344195,0.08323974095539156,-1.61,0.288,-0.016208599403948885,1.0176167539739074,1.018,Yes,Intelbras S.A. - Indústria de Telecomunicação Eletrônica Brasileira
XPIE11.SA,-0.0006868257490986395,0.0400391067464068,-0.82,0.139,-0.017153872923508135,0.36177300288132713,0.362,Yes,XP Infra Fund II Fundo De Investimento Em Participacoes Infraestrutura
VRTM11.SA,-0.0010605694795426913,0.060134862628774655,-1.27,0.208,-0.017636516210069574,0.00838426140661218,0.008,Yes,Fator Verita Multiestrategia Fundo De Investimento Imobiliario
ALMI11.SA,-0.0010216097410504948,0.05695271198460398,-1.22,0.197,-0.01793785941794425,0.469897538483849,0.47,Yes,Fundo De Investimento Imobiliario Torre Almirante
CAML3.SA,-0.0020267477320964266,0.11162230608786844,-2.41,0.387,-0.018157192797118728,1.3974125148866576,1.397,Yes,Camil Alimentos S.A.
ASAI3.SA,-0.002235986574757249,0.12237599979412013,-2.65,0.424,-0.01827144684022171,1.6166351625674495,1.617,Yes,Sendas Distribuidora S.A.
S1TE34.SA,-0.0007393181741916162,0.03986290956505119,-0.88,0.138,-0.018546518110654796,-0.10778392455472538,0.108,No,STERIS plc
CRDA34.SA,-0.000906962710738852,0.046444772879684744,-1.08,0.161,-0.019527767163128137,-0.03331835619354605,0.033,No,Credit Acceptance Corporation
F1TV34.SA,-0.0016895986277642846,0.08243858127744534,-2.01,0.286,-0.020495241446210427,0.11728984103593697,0.117,Yes,Fortive Corporation
SCAR3.SA,-0.0020985770582096796,0.09965266834132681,-2.49,0.345,-0.02105891486037993,0.698599461464286,0.699,Yes,São Carlos Empreendimentos e Participações S.A.
WPLZ11.SA,-0.0013054550985839056,0.061192606386383824,-1.56,0.212,-0.021333542982970355,0.11577396693075519,0.116,Yes,Fundo Investec IMB Shopping West Plaza Fund
RADL3.SA,-0.0022598836406474364,0.1058809131557905,-2.68,0.367,-0.021343635725187795,1.4695306098897516,1.47,Yes,Raia Drogasil S.A.
HCTR11.SA,-0.0026992997867838465,0.11607936953865167,-3.19,0.402,-0.02325391495071003,0.660627329852444,0.661,Yes,Fundo De Investimento Imobiliario Hectare Ce
H1DB34.SA,-0.002177990564907304,0.08736291556444807,-2.58,0.303,-0.02493037864905721,-0.1502709776935266,0.15,No,HDFC Bank Limited
F1NI34.SA,-0.0022731283881000414,0.08995672940661235,-2.69,0.312,-0.025269131093298206,-0.02321350817500166,0.023,No,"Fidelity National Information Services, Inc."
LKFT34.SA,-0.002371974210129478,0.08729633188350848,-2.81,0.302,-0.027171522089779555,-0.09094326151587373,0.091,No,Lakefront Biotherapeutics NV
SPCX34.SA,-0.01424854950215887,0.5121347257713416,-15.82,1.774,-0.027821877301326715,,,,Space Exploration Technologies Corp.
GCRA11.SA,-0.0014185845005435566,0.049611215444384606,-1.69,0.172,-0.02859402834292227,0.6008469615598475,0.601,Yes,Galapagos Recebiveis Do Agronegocio Fiagro Imobiliario
TOPP11.SA,-0.0014537947064915248,0.05073351428129543,-1.73,0.176,-0.028655509618964316,0.32890689436091924,0.329,Yes,Rbr Top Offices Fundo De Investimento Imobiliario Responsabilidade Limitada
JGPX11.SA,-0.0019741875630340396,0.06593061732172215,-2.34,0.228,-0.02994341086479717,0.36703009913905454,0.367,Yes,Fundo De Investimento Nas Cadeias Produtivas Agroindustriais Jgp Credito Fiagro Imobiliario
DVER11.SA,-0.0013251789513982505,0.0440271541231159,-1.58,0.153,-0.030099128090191097,1.1296918906084161,1.13,Yes,Bb Etf Indice Diversidade B3 Investimento Sustentavel Fundo De Indice
CEDO3.SA,-0.004771034921589467,0.15602314054103553,-5.58,0.54,-0.03057902119547863,0.5391598867299277,0.539,Yes,Companhia de Fiação e Tecidos Cedro e Cachoeira S.A.
PEPB34.SA,-0.0014460271621554348,0.04600206636414617,-1.72,0.159,-0.03143396104663817,0.022499538676358767,0.022,Yes,"PepsiCo, Inc."
SPXI11.SA,-0.005105651589764573,0.15739561205384753,-5.96,0.545,-0.03243833499003675,-1.6402342295554195,1.64,No,IT NOW S&P500 TRN FUNDO DE ÍNDICE RESPONSABILIDADE LIMITADA
GMAT3.SA,-0.003566343724547881,0.10846267816252425,-4.2,0.376,-0.03288083776802881,0.9672449745085253,0.967,Yes,Grupo Mateus S.A.
W1PP34.SA,-0.004194515443085483,0.12564540301425262,-4.92,0.435,-0.033383755732071446,-0.34236918978212166,0.342,No,WPP plc
C1DW34.SA,-0.003820194845001692,0.1135814418440184,-4.49,0.393,-0.03363397032983586,0.15128383457769182,0.151,Yes,CDW Corporation
KORE11.SA,-0.0018292342008978271,0.053603459248202694,-2.17,0.186,-0.03412530136213477,0.5003111319091174,0.5,Yes,Kinea Oportunidades Real Estate Fundo De Investimento Imobiliario
B1AX34.SA,-0.003346203430073883,0.09664469943380605,-3.94,0.335,-0.034623765707562336,0.4455865765782906,0.446,Yes,Baxter International Inc.
QQQI11.SA,-0.0017598582660908059,0.050632438843045996,-2.09,0.175,-0.034757525142056434,-0.6804053069461053,0.68,No,BUENA VISTA NASDAQ-100 NEOS HIGH INCOME ETF INDEX (NDXHIEN) FUNDO DE ÍNDICE - RESPONSABILIDADE LIM
KHCB34.SA,-0.0021235266962152458,0.060024234763971,-2.52,0.208,-0.03537782205080061,-0.06049130638615336,0.06,No,The Kraft Heinz Company
CRIN34.SA,-0.0038481071583584166,0.10723748482604903,-4.52,0.371,-0.03588397438265611,0.46294743193100185,0.463,Yes,"Carter's, Inc."
I1PG34.SA,-0.003596850060015038,0.09844086034132725,-4.23,0.341,-0.03653818188446912,0.34373488766653637,0.344,Yes,IPG Photonics Corporation
HBRE3.SA,-0.005561298671377876,0.1470448400096046,-6.47,0.509,-0.037820427231684065,1.19981661390466,1.2,Yes,HBR Realty Empreendimentos Imobiliários S.A.
G1AR34.SA,-0.005530115802111042,0.1348285728168862,-6.44,0.467,-0.04101590402222546,-0.20710466804129812,0.207,No,"Gartner, Inc."
RECV3.SA,-0.003629551127719956,0.08760371167038322,-4.27,0.303,-0.041431476572322254,0.30562951636951297,0.306,Yes,Petroreconcavo S.A.
FHER3.SA,-0.008531734186626729,0.2048540270932829,-9.77,0.71,-0.04164787145112697,-0.5098229259526784,0.51,No,Fertilizantes Heringer S.A.
BTYU11.SA,-0.002035891025775544,0.048730951495752496,-2.42,0.169,-0.041778191545326124,-0.14329858274793214,0.143,No,BTG Pactual You Inc. Desenvolvimento Imobiliario - Fundo De Investimento Imobiliario Resp Limitada
B1MR34.SA,-0.004007955147924971,0.09543253461741015,-4.7,0.331,-0.041997785807459664,0.16944338848196905,0.169,Yes,BioMarin Pharmaceutical Inc.
C1PR34.SA,-0.003630189149548126,0.08595053440376198,-4.27,0.298,-0.04223579498057473,-0.1965735223542254,0.197,No,"Copart, Inc."
W1BO34.SA,-0.00453183431122703,0.10290443938459388,-5.3,0.356,-0.044039249796501034,-0.19198401355003464,0.192,No,Weibo Corporation
EQPA6.SA,-0.0027300683844162974,0.061421302185624235,-3.23,0.213,-0.04444823354877153,0.3381219162346194,0.338,Yes,Equatorial Pará Distribuidora de Energia S.A.
DXCO3.SA,-0.003742080030090994,0.07788899586030314,-4.4,0.27,-0.048043757513610216,0.9484753164780306,0.948,Yes,Dexco S.A.
MYPK3.SA,-0.004562748668215346,0.0940720246380326,-5.34,0.326,-0.048502715719915115,0.49916710773468664,0.499,Yes,Iochpe-Maxion S.A.
COCE3.SA,-0.0061567063127008145,0.12517701083444505,-7.14,0.434,-0.04918400169215951,1.0897990902773413,1.09,Yes,Companhia Energética do Ceará - COELCE
GRND3.SA,-0.003372319705294903,0.067997914955947,-3.97,0.236,-0.04959445752828874,0.8274113127768704,0.827,Yes,Grendene S.A.
M1LC34.SA,-0.0073334285393172344,0.14600819617550662,-8.45,0.506,-0.05022614299338521,-0.7607827118738749,0.761,No,Melco Resorts & Entertainment Limited
SNSY5.SA,-0.006379950664730613,0.125763061524583,-7.39,0.436,-0.050729924887233435,0.3614191993931267,0.361,Yes,Sansuy S.A.
P1KX34.SA,-0.0058594966239394145,0.1147652905377209,-6.81,0.398,-0.05105634810390275,0.44056298499083046,0.441,Yes,POSCO Holdings Inc.
COCE5.SA,-0.003979442767598402,0.0778249760103545,-4.67,0.27,-0.051133234748044674,0.5386133068553864,0.539,Yes,Companhia Energética do Ceará - COELCE
D1OW34.SA,-0.0055488226324677,0.10748297717358482,-6.46,0.372,-0.051625129656637264,0.5216636653023583,0.522,Yes,Dow Inc.
P2CO34.SA,-0.007194632487034349,0.13822793349475007,-8.3,0.479,-0.052049049024577965,-0.18673710725569911,0.187,No,"Procore Technologies, Inc."
A1RC34.SA,-0.003643689560017687,0.06475889497715302,-4.29,0.224,-0.05626546841639566,0.3974031973113885,0.397,Yes,Arcos Dorados Holdings Inc.
BRAV3.SA,-0.007629094767322174,0.13531442981129724,-8.78,0.469,-0.056380496728703135,-0.11818892474929078,0.118,No,Brava Energia S.A.
UPSS34.SA,-0.004251686166752418,0.07518565158649453,-4.98,0.26,-0.05654916964922787,0.08604596535101261,0.086,Yes,"United Parcel Service, Inc."
M1KC34.SA,-0.004822713699987291,0.08400162119770517,-5.64,0.291,-0.057412150280250096,-0.18148618037335065,0.181,No,"McCormick & Company, Incorporated"
BIME11.SA,-0.002357135101561196,0.04070582631085501,-2.79,0.141,-0.05790657788299508,0.24295282352195177,0.243,Yes,Brio Multiestrategia - Fundo De Investimento Imobiliario
RENT3.SA,-0.006066892737019865,0.10414411303302692,-7.04,0.361,-0.058254783302978334,1.6214724447224804,1.621,Yes,Localiza Rent a Car S.A.
AMER3.SA,-0.018101332898237548,0.3104336565092881,-19.68,1.075,-0.05830982729701526,0.316130290058921,0.316,Yes,Americanas S.A.
H2UB34.SA,-0.008108781730029425,0.1363383161892991,-9.31,0.472,-0.05947544282981152,-0.3429319513534918,0.343,No,"HubSpot, Inc."
KEPL3.SA,-0.005853853681460823,0.09740149818540444,-6.8,0.337,-0.06010024271205737,1.0935824303466992,1.094,Yes,Kepler Weber S.A.
VGRI11.SA,-0.00403745052464566,0.06635215383054532,-4.74,0.23,-0.060848823912435124,0.5167514864816638,0.517,Yes,Valora Renda Imobiliaria Fundo De Investimento Imobiliario - Responsabilidade Limitada
ESTR4.SA,-0.015363414341756908,0.24417891271733977,-16.96,0.846,-0.06291867782842295,-0.5557130426359526,0.556,No,Manufatura de Brinquedos Estrela S.A.
XPCM11.SA,-0.00603335186009623,0.09326888854007202,-7.0,0.323,-0.06468772121696359,0.2566144555470788,0.257,Yes,XP Corporate Macaé Fundo de Investimento Imobiliário - FII
RICO11.SA,-0.0031595031580495514,0.0477919597422511,-3.73,0.166,-0.06610951245961047,-0.575782292481201,0.576,No,Buena Vista Viii Fundo De Indice
INFB11.SA,-0.004020306397648615,0.06073693884654345,-4.72,0.21,-0.06619211428824605,0.29173840882321117,0.292,Yes,Drys Fundo De Investimento Em Cotas De Fundos Incentivados De Investimento Em Infraestrutura R F
B2AP34.SA,-0.005225210114296171,0.07756378059223827,-6.09,0.269,-0.06736662491692742,,,,Credicorp Ltd.
DVFF11.SA,-0.00220974678211294,0.032035052340202125,-2.62,0.111,-0.06897902830456239,0.41098696253962774,0.411,Yes,Fundo De Investimento Imobiliario - Devant Fundo De Fundos Imobiliarios
N1VO34.SA,-0.008939984001522202,0.12424912707581942,-10.22,0.43,-0.07195208700393393,-0.033239346093910084,0.033,No,Novo Nordisk A/S
D1XC34.SA,-0.008857495774395532,0.12305115969460297,-10.13,0.426,-0.0719822210239927,0.011411916430669453,0.011,Yes,DXC Technology Company
QLBR11.SA,-0.002815699589399149,0.038950531778691885,-3.33,0.135,-0.07228911803816486,,,,RIO BRAVO INVESTO MARKETVECTOR BRAZIL MULTIFACTOR QUALITY FUNDO DE ÍNDICE
LOGN3.SA,-0.0075036390177372495,0.10325546436463891,-8.64,0.358,-0.07267062391234533,0.6785400041992387,0.679,Yes,Log-In Logística Intermodal S.A.
RCSL3.SA,-0.01795257029862953,0.24361390978364988,-19.54,0.844,-0.07369271448651252,1.6790272586559447,1.679,Yes,Recrusul S/A
ADBE34.SA,-0.008760507608977496,0.11620303152424141,-10.02,0.403,-0.07538966491721813,-0.30864693014851097,0.309,No,Adobe Inc.
IRIF11.SA,-0.0037274119339307694,0.04885593890044723,-4.38,0.169,-0.07629393719207898,,,,Iridium Infra Fundo De Investim Em Cotas De Fundos Incent De Investim Em Infraes Renda Fixa
T1LK34.SA,-0.005670557120764146,0.07222354970534609,-6.6,0.25,-0.07851396315881166,0.5153567774313658,0.515,Yes,Perusahaan Perseroan (Persero) PT Telekomunikasi Indonesia Tbk
CTSA3.SA,-0.02247420290996551,0.28211827031411385,-23.87,0.977,-0.07966234474974791,3.3823383725852203,3.382,Yes,Companhia Tecidos Santanense Ltda.
A1LG34.SA,-0.009761449514149622,0.12118575432611105,-11.1,0.42,-0.08054948016316792,0.9445083658090875,0.945,Yes,"Align Technology, Inc."
AGRI11.SA,-0.0037535913606804652,0.04645569803563819,-4.41,0.161,-0.08079937487541188,0.811419423924429,0.811,Yes,BB ETF IAGRO-FFS B3 FUNDO DE ÍNDICE RESPONSABILIDADE LIMITADA
HETA4.SA,-0.005774825836453255,0.07009061735036276,-6.71,0.243,-0.082390854222136,0.25076882108282017,0.251,Yes,Hercules S.A - Fábrica de Talheres
AGRO3.SA,-0.004112181072006139,0.04970591209089779,-4.82,0.172,-0.08273022059199206,0.3713013215865397,0.371,Yes,BrasilAgro - Companhia Brasileira de Propriedades Agrícolas
WDCN3.SA,-0.008278594865682042,0.09958956901049411,-9.49,0.345,-0.0831271281514402,0.6086634434303178,0.609,Yes,Livetech da Bahia Indústria e Comércio S.A.
C2HD34.SA,-0.008325545654531146,0.09810937576841205,-9.55,0.34,-0.08485983719011383,-0.05731959153662436,0.057,No,Churchill Downs Incorporated
SOJA3.SA,-0.00872492248766593,0.101850380152342,-9.98,0.353,-0.08566411312962885,0.6325765252517295,0.633,Yes,Boa Safra Sementes S.A.
TD5011.SA,-0.0019238803293618646,0.02242573547536613,-2.28,0.078,-0.08578895133562858,0.20013088422307848,0.2,Yes,IT NOW NTN-B 2050 FUNDO DE ÍNDICE RESPONSABILIDADE LIMITADA
VINF11.SA,-0.0034188144398715043,0.038024832637532736,-4.03,0.132,-0.08991004569200745,0.22152075872220214,0.222,Yes,Vinland Infraestrutura FIIF Em DICI Em Cotas Renda Fixa Credito Privado Responsabilidade Limitada
A1RE34.SA,-0.009399772834543423,0.10422092926023235,-10.71,0.361,-0.09019083691983641,-0.010095355315461421,0.01,No,"Alexandria Real Estate Equities, Inc."
SMTO3.SA,-0.010647043609904866,0.11727018739482249,-12.05,0.406,-0.0907907102941573,-0.08045884797598495,0.08,No,São Martinho S.A.
CAPH34.SA,-0.015024792245200048,0.1584187884679833,-16.61,0.549,-0.09484223677317533,0.12887350634735592,0.129,Yes,Capri Holdings Limited
SNID11.SA,-0.014932332524657782,0.15696682033254655,-16.52,0.544,-0.09513050269491642,-0.6568123784401689,0.657,No,Suno Infra Debentures FICFI De Investimento Em Infraestrutura Renda Fixa Credito Privado
WEST3.SA,-0.012899833721892314,0.13519115044084323,-14.43,0.468,-0.09541921701107949,0.7773468875771832,0.777,Yes,Westwing Comércio Varejista S.A.
TRBL11.SA,-0.006885360245463647,0.07164159815912188,-7.96,0.248,-0.09610841218492495,0.527310587710003,0.527,Yes,SDI Logística Rio - Fundo de Investimento Imobiliário - FII
RANI3.SA,-0.00655517670234855,0.06814968613174734,-7.59,0.236,-0.09618792212301679,0.5349176639974105,0.535,Yes,Irani Papel e Embalagem S.A.
F1IS34.SA,-0.012159827582197,0.12374079819587262,-13.65,0.429,-0.09826854004084315,-0.17280302962677643,0.173,No,"Fiserv, Inc."
AALR3.SA,-0.01787085297828289,0.17965103496846954,-19.46,0.622,-0.09947536890850305,0.9214550717033387,0.921,Yes,Alliança Saúde e Participações S.A.
YDUQ3.SA,-0.012780202536800594,0.12541510809214795,-14.3,0.434,-0.10190321350606676,1.526325882103619,1.526,Yes,Yduqs Participações S.A.
WLMM4.SA,-0.012800212264999205,0.12464729561933963,-14.32,0.432,-0.1026914559308994,0.2808304558979484,0.281,Yes,WLM Participações e Comércio de Máquinas e Veículos S.A.
AZEV3.SA,-0.03022042320277342,0.2903861594181029,-30.8,1.006,-0.10406977819924793,1.1800215518684212,1.18,Yes,Azevedo & Travassos S.A.
WUNI34.SA,-0.008792472081112975,0.08330017448088903,-10.06,0.289,-0.10555166463823158,-0.11526349220040671,0.115,No,The Western Union Company
RBHG11.SA,-0.003935304979579983,0.03661978306677302,-4.62,0.127,-0.1074639074842222,0.23857361844243932,0.239,Yes,Rio Bravo Credito Imobiliario IV Fundo De Investimento Imobiliario - FII
POSI3.SA,-0.01219037560174957,0.11263090939595882,-13.69,0.39,-0.10823295014775898,0.8367710889448129,0.837,Yes,Positivo Tecnologia S.A.
L1WH34.SA,-0.011637107319690311,0.10733193739975726,-13.1,0.372,-0.10842166461924528,-0.29657831393718986,0.297,No,"Lamb Weston Holdings, Inc."
BDLL3.SA,-0.015897559241452544,0.14623031302326833,-17.49,0.507,-0.10871589421355411,-0.04103234814926268,0.041,No,Bardella S.A. Indústrias Mecânicas
FESA3.SA,-0.006350344645582061,0.05833300600042608,-7.36,0.202,-0.10886366194698892,0.43821733594611084,0.438,Yes,Cia de Ferro Ligas da Bahia S.A. - FERBASA
SOLH11.SA,-0.021132876610153267,0.19186051680700705,-22.61,0.665,-0.11014708477727535,-0.6869685275898527,0.687,No,HASHDEX NASDAQ SOLANA FUNDO DE ÍNDICE
RAIL3.SA,-0.00786672615217819,0.07000827668412628,-9.04,0.243,-0.1123685159066613,0.6252375191736291,0.625,Yes,Rumo S.A.
N1IC34.SA,-0.009921649037322969,0.08811747915975451,-11.28,0.305,-0.11259569760654747,0.0008164369623247575,0.001,Yes,NICE Ltd.
S1RP34.SA,-0.023154351471189338,0.20479079610613207,-24.51,0.709,-0.11306343796422219,-1.3272074385653307,1.327,No,"Sarepta Therapeutics, Inc."
RNEW4.SA,-0.018039210881080875,0.1588789591944359,-19.62,0.55,-0.11354059072733796,0.9253133482126148,0.925,Yes,Renova Energia S.A.
BEEF3.SA,-0.013717196853377522,0.12069624397215417,-15.27,0.418,-0.1136505694124352,0.9874415731675924,0.987,Yes,Minerva S.A.
TUPY3.SA,-0.010268847088907131,0.08804221492857046,-11.65,0.305,-0.11663549238553744,0.561469569124375,0.561,Yes,Tupy S.A.
DEOP34.SA,-0.007999593456404885,0.06852030668667566,-9.19,0.237,-0.1167477765822737,-0.22090801539959795,0.221,No,Diageo plc
XRXB34.SA,-0.02367642302644511,0.19933982824379481,-24.99,0.691,-0.11877417190050239,-0.8190505375314682,0.819,No,Xerox Holdings Corporation
C1NS34.SA,-0.016876289591610964,0.14159023933564113,-18.47,0.49,-0.11919105208661697,0.8868409904525686,0.887,Yes,Celanese Corporation
CEDO4.SA,-0.01980105237125881,0.16311305951890154,-21.34,0.565,-0.12139464755097838,1.3237877029148677,1.324,Yes,Companhia de Fiação e Tecidos Cedro e Cachoeira S.A.
G1MI34.SA,-0.0075785701326666795,0.06209972554986608,-8.72,0.215,-0.12203870573600342,-0.3113566866477966,0.311,No,"General Mills, Inc."
RNEW3.SA,-0.018625217340605862,0.15243651619480503,-20.2,0.528,-0.12218343613156256,0.8284397814716773,0.828,Yes,Renova Energia S.A.
SHUL4.SA,-0.006236068630545688,0.05079406895899565,-7.23,0.176,-0.12277159043076184,0.47022296304612154,0.47,Yes,Schulz S.A.
S2CH34.SA,-0.017916386539154616,0.143820483080993,-19.5,0.498,-0.12457465136634914,-0.3926456972425984,0.393,No,Sociedad Química y Minera de Chile S.A.
ARML3.SA,-0.019256646020897623,0.15424445192825859,-20.81,0.534,-0.12484498327274798,2.230913140417004,2.231,Yes,"Armac Locação, Logística e Serviços S.A."
L2RN34.SA,-0.013402269179816234,0.10667635439566753,-14.95,0.37,-0.12563486309352678,-4.41338595829262,4.413,No,"Stride, Inc."
APXM11.SA,-0.0083540863981662,0.06603362886824649,-9.58,0.229,-0.12651260488553007,-0.29771996480182605,0.298,No,Fundo De Investimento Imobiliario Apex Malls - FII
FYTO11.SA,-0.02086836861943866,0.16071420304651607,-22.36,0.557,-0.12984769375609356,-0.5051030910151358,0.505,No,Fii Nch Brasil Recebiveis Imobiliarios Para Fii Fyto Recebiveis Imob
DEVA11.SA,-0.010496644936895175,0.07974661166972431,-11.89,0.276,-0.13162496458617828,0.4917986978333453,0.492,Yes,Devant Recebiveis Imobiliarios Fundo De Investimento Imobiliario
SMRE11.SA,-0.007538184388959358,0.056978040377400806,-8.68,0.197,-0.13229981829893236,0.3014456334873833,0.301,Yes,Fundo De Investimento Imobiliario Smart Real Estate - FII Responsabilidade Limitada
NUTR3.SA,-0.012114749099704208,0.0911859433528203,-13.61,0.316,-0.13285763851594248,0.08344966980890028,0.083,Yes,Nutriplant Indústria e Comércio S/A
ATSA11.SA,-0.02218953865025667,0.16269787547098713,-23.61,0.564,-0.13638493180086786,-0.6628819905691395,0.663,No,Cshg Atrium Shopping Santo Andr Fundo De Investimento Imobilirio Fii
COIN11.SA,-0.015257951960492256,0.10837408073292526,-16.85,0.375,-0.14078967828196506,-0.5902991235158955,0.59,No,Buena Vista Neos Bitcoin High Income Index Fundo De Indice Responsabilidade Limitada
PVBI11.SA,-0.005956433534252286,0.04217371505790909,-6.92,0.146,-0.14123568497756142,0.28645769059253556,0.286,Yes,Fundo De Investimento ImobiliarRio Vbi Prime Properties
BSLI4.SA,-0.027144609649938478,0.1920129939584658,-28.12,0.665,-0.14136860787562175,0.4117765809701728,0.412,Yes,BRB - Banco de Brasília S.A.
MEAL3.SA,-0.02055585797593675,0.14532270205178038,-22.06,0.503,-0.14144973693519974,1.0347847256410125,1.035,Yes,International Meal Company Alimentação S.A.
BIZD11.SA,-0.008119655439051469,0.05701137633631424,-9.32,0.197,-0.14242167021460828,-0.48846943549094224,0.488,No,INVESTO MVIS US BUSINESS DEVELOPMENT COMPANIES INDEX ETF FUNDO DE ÍNDICE
VAMO3.SA,-0.02025144026400315,0.13962956853935402,-21.77,0.484,-0.14503690354307275,2.1442547347903274,2.144,Yes,"Vamos Locação de Caminhões, Máquinas e Equipamentos S.A."
VINO11.SA,-0.008132492184600965,0.054842885627195734,-9.33,0.19,-0.1482870948819693,0.3906068754536938,0.391,Yes,Vinci Corporate Fundo De Investimento Imobiliario
EDGA11.SA,-0.006866526517115925,0.04548436377779695,-7.94,0.158,-0.15096455016191296,0.13320609009144935,0.133,Yes,Fundo de Investimento Imobiliario - FII Edificio Galeria
C1PB34.SA,-0.010666676834835817,0.07049344916379659,-12.08,0.244,-0.15131444072272626,-0.5470214812291779,0.547,No,The Campbell's Company
MGEL4.SA,-0.020719782878266164,0.13543447895715924,-22.22,0.469,-0.15298750390452837,0.364960105389883,0.365,Yes,Mangels Industrial S.A.
T1FX34.SA,-0.013631606069293294,0.08836099227788932,-15.19,0.306,-0.15427176311491408,-0.45018452766818673,0.45,No,Teleflex Incorporated
C1AG34.SA,-0.011128201527121366,0.07096028201012733,-12.57,0.246,-0.15682296084354863,0.10319689736569652,0.103,Yes,"Conagra Brands, Inc."
CTSA4.SA,-0.032054252205889415,0.20238525597228668,-32.36,0.701,-0.15838234881239924,1.0831668977400162,1.083,Yes,Companhia Tecidos Santanense Ltda.
MSPA3.SA,-0.005261727051023273,0.03280639648915384,-6.13,0.114,-0.16038722975145592,-0.03642386130903076,0.036,No,Companhia Melhoramentos de São Paulo
BBIG11.SA,-0.012552720023132362,0.07782620709918547,-14.07,0.27,-0.16129168426690216,0.2290272489842089,0.229,Yes,Bb Premium Malls Fundo De Investimento Imobiliário De Responsabilidade Limitada
ECOM3.SA,-0.03472365610447641,0.2127596262538093,-34.56,0.737,-0.1632060401490516,-0.6058495658180779,0.606,No,Economatica S.A.
CHCM34.SA,-0.021176685786441017,0.12632873099322195,-22.65,0.438,-0.16763158800017736,0.07320733269341381,0.073,Yes,"Charter Communications, Inc."
NBIT11.SA,-0.022772687847717663,0.13458123698603394,-24.15,0.466,-0.1692114618479906,-0.808408494159793,0.808,No,Nu Nasdaq Brazil Bitcoin Carry Futures Classe De Indice - Responsabilidade Limitada
FVPQ11.SA,-0.014231261463226005,0.08403690028597194,-15.8,0.291,-0.16934538773798147,0.6750793012501991,0.675,Yes,FVPQ - Fii V Parque
BRKM6.SA,-0.020163980861337086,0.11832563886919384,-21.69,0.41,-0.17041091900317465,0.5404608561979886,0.54,Yes,Braskem S.A.
C1CJ34.SA,-0.02752993757088291,0.1605108408089087,-28.47,0.556,-0.17151450601182658,-3.7790283466503904,3.779,No,Cameco Corporation
V1RT34.SA,-0.03725422873962537,0.21686011175030614,-36.59,0.751,-0.17178921673949923,-8.936036953385766,8.936,No,Vertiv Holdings Co
STZB34.SA,-0.013552226844974508,0.07855976264149604,-15.1,0.272,-0.17250850039885543,0.06847121841447287,0.068,Yes,"Constellation Brands, Inc."
T2TD34.SA,-0.030742499529350736,0.17757134816744438,-31.25,0.615,-0.17312758982018595,-1.1326882663964548,1.133,No,"The Trade Desk, Inc."
EBIT11.SA,-0.02512267872260933,0.14329372954232455,-26.31,0.496,-0.17532294541324547,-0.8515807812690146,0.852,No,EMPIRICUS TEVA BITCOIN FUNDO DE ÍNDICE
L1KQ34.SA,-0.013794187647851957,0.07844222267496272,-15.35,0.272,-0.17585156536181124,0.7533316174773295,0.753,Yes,LKQ Corporation
LJQQ3.SA,-0.02363056303279204,0.1331006181232142,-24.95,0.461,-0.1775390931011057,2.124097103671324,2.124,Yes,Lojas Quero-Quero S.A.
U2PS34.SA,-0.032629126357015543,0.18310363136777263,-32.84,0.634,-0.17820032357238366,-7.513434953151495,7.513,No,"Upstart Holdings, Inc."
MAXR11.SA,-0.029628340151710272,0.16579099354005922,-30.3,0.574,-0.17870898484332523,-0.5470304356727473,0.547,No,Fundo De Investimentos Imobiliarios - Max Ret
EETH11.SA,-0.03385141033760374,0.1878577535957067,-33.85,0.651,-0.18019703573404905,-0.9582581982824735,0.958,No,BTG Pactual Teva Ethereum Fundo De Indice
BITC11.SA,-0.02571348631166234,0.14229278599233416,-26.85,0.493,-0.18070829193721472,-0.8869009528851604,0.887,No,Btg Pactual Teva Bitcoin Fundo De Indice
L1UL34.SA,-0.023071473107833848,0.12730549316207412,-24.43,0.441,-0.1812292033499394,-0.14923535344167982,0.149,No,lululemon athletica inc.
Z1BH34.SA,-0.00823916296162119,0.04532178258988875,-9.45,0.157,-0.18179256178373135,0.09401015675177943,0.094,Yes,"Zimmer Biomet Holdings, Inc."
RSID3.SA,-0.019386739544651893,0.10581982911411404,-20.94,0.367,-0.1832051677549546,-0.03425533377752024,0.034,No,Rossi Residencial S.A.
HIGH11.SA,-0.011360829822948284,0.061798338043614495,-12.81,0.214,-0.18383714162232517,1.1056409510453862,1.106,Yes,NU IBOV SMART HIGH BETA B3 CLASSE DE ÍNDICE - RESPONSABILIDADE LIMITADA
ETER3.SA,-0.01560722752957565,0.08474742550707533,-17.2,0.294,-0.18416167141587855,0.742727555914973,0.743,Yes,Eternit S.A.
HODL11.SA,-0.02650667633450858,0.1437182580006119,-27.56,0.498,-0.1844349959654794,-0.9108682440575548,0.911,No,INVESTO ETF MARKETVECTOR BITCOIN BENCHMARK RATE FUNDO DE ÍNDICE - RESPONSABILIDADE LIMITADA
IBCR11.SA,-0.009956754599493915,0.053495027581401094,-11.32,0.185,-0.1861248614993823,0.11822298542299123,0.118,Yes,Fundo De Investimento Imobiliario De Cri Integral Brei
B2MB34.SA,-0.032286032236168306,0.1732293218824426,-32.55,0.6,-0.1863774093515089,-0.8479426078766586,0.848,No,Bumble Inc.
ENMT4.SA,-0.012554792832674416,0.06730359557315502,-14.07,0.233,-0.18653970453967947,0.23351188841853865,0.234,Yes,Energisa Mato Grosso - Distribuidora de Energia S/A
BRKM5.SA,-0.02999505766799605,0.15975824724660542,-30.61,0.553,-0.18775279639676562,1.6009032837539992,1.601,Yes,Braskem S.A.
ENMT3.SA,-0.011621595225684766,0.06154424739869226,-13.09,0.213,-0.18883316827970034,0.25760713033676286,0.258,Yes,Energisa Mato Grosso - Distribuidora de Energia S/A
LMAI11.SA,-0.014194030861725292,0.07424453304060713,-15.76,0.257,-0.19117947518050982,-0.7420501267400483,0.742,No,Domo Fundo de Investimento Imobiliário - FII
VGHF11.SA,-0.0070914456031128635,0.036252980277150355,-8.19,0.126,-0.19561000361624015,0.25658461113263187,0.257,Yes,Valora Hedge Fund Fundo De Investimento Imobiliario - Fii
PRSV11.SA,-0.02543967068897501,0.128955379715921,-26.6,0.447,-0.1972749856967324,-0.04031652003133043,0.04,No,Fundo de Investimento Imobiliário Presidente Vargas
RAPT4.SA,-0.018708914519612745,0.09476790933591099,-20.28,0.328,-0.19741824685925893,0.9397466396602746,0.94,Yes,Randoncorp S.A.
SUIN11.SA,-0.007976815047545207,0.04013415636089951,-9.16,0.139,-0.19875377411238118,0.16991139397929858,0.17,Yes,Sulamerica Infra Cdi Fundo De Investimento Em Cotas De Fundo De Investimento Financeiro Em IRFRL
ROMI3.SA,-0.012783214362545028,0.06353634062853314,-14.31,0.22,-0.201195319656233,0.8657632343462239,0.866,Yes,Romi S.A.
I1QY34.SA,-0.03181818570051139,0.1575154269429049,-32.16,0.546,-0.20200044096026623,0.1831739927962294,0.183,Yes,"iQIYI, Inc."
FOMO11.SA,-0.026381810984898838,0.13044809655430545,-27.45,0.452,-0.2022399075322353,-1.350170106096237,1.35,No,HASHDEX CRYPTO MOMENTUM FUNDO DE ÍNDICE
BDLL4.SA,-0.022899987118314126,0.11200118186570919,-24.27,0.388,-0.20446201313992826,-0.1636325377496642,0.164,No,Bardella S.A. Indústrias Mecânicas
Z1TS34.SA,-0.017666503206020884,0.08509916041522772,-19.26,0.295,-0.20759903058761112,0.6611033385237004,0.661,Yes,Zoetis Inc.
H1HH34.SA,-0.015082656308544457,0.0714612553357355,-16.67,0.248,-0.21106061232319412,-0.1531272678353815,0.153,No,Howard Hughes Holdings Inc.
GPAR3.SA,-0.02731418158107768,0.12813508713704072,-28.27,0.444,-0.21316707383876135,0.04022324185314645,0.04,Yes,Companhia CELG de Participações S/A
I2RS34.SA,-0.022196362231648118,0.10298845062106593,-23.61,0.357,-0.21552282899484584,,,,Ingersoll Rand Inc.
CRPG6.SA,-0.03054986507966832,0.1407038863249921,-31.09,0.487,-0.21712168638402418,0.28908168922408434,0.289,Yes,Tronox Pigmentos do Brasil S.A.
CARE11.SA,-0.021365888124784696,0.09813981196497863,-22.83,0.34,-0.217708671913995,0.1761223076342523,0.176,Yes,Brazilian Graveyard Death Care Services Fundo Investimento Imobiliario - Fii
B1FC34.SA,-0.01881303441903466,0.08572322213208415,-20.38,0.297,-0.21946252078634118,0.09128279738501506,0.091,Yes,Brown-Forman Corporation
NIKE34.SA,-0.01912618271569152,0.08618612099798965,-20.68,0.299,-0.22191720075367644,-0.2836824441919516,0.284,No,"NIKE, Inc."
LAND3.SA,-0.021765601571334153,0.09602166444048865,-23.21,0.333,-0.2266738625929966,-0.18108386580262964,0.181,No,Terra Santa Propriedades Agrícolas S.A.
HGIC11.SA,-0.01140223765997739,0.05026238354948789,-12.86,0.174,-0.22685429648896074,0.6942842357514596,0.694,Yes,Hgi Creditos Imobiliarios Fundo De Investimento
FASA3.SA,-0.046818028369693884,0.19905851222726947,-43.75,0.69,-0.23519731884784065,-0.49716242315104653,0.497,No,Fasa S.A.
AZZA3.SA,-0.02998552081612346,0.12700318171063793,-30.6,0.44,-0.23610054812990436,1.2394520035050847,1.239,Yes,Azzas 2154 S.A.
RENT4.SA,-0.01762096094304233,0.07270554340921934,-19.21,0.252,-0.24236062501952121,1.0187646030439232,1.019,Yes,Localiza Rent a Car S.A.
DTCY3.SA,-0.021697278154008747,0.08945376400412156,-23.14,0.31,-0.24255299254941415,-0.4905099811398731,0.491,No,DTCOM - Direct to Company S.A.
UCAS3.SA,-0.016191697528170974,0.066185736599161,-17.79,0.229,-0.24464028596119347,0.3139209735834328,0.314,Yes,Unicasa Indústria de Móveis S.A.
BNFS11.SA,-0.018157713640339326,0.07287021868566843,-19.74,0.252,-0.24917879989717184,0.3154164589671237,0.315,Yes,Banrisul N Front Fund Investment IMO FII Fund
F1MC34.SA,-0.03477282506122415,0.1381055745102275,-34.6,0.478,-0.25178436992526343,0.838054981761602,0.838,Yes,FMC Corporation
S2RE34.SA,-0.024896080208161503,0.09818201851897515,-26.11,0.34,-0.2535706699017393,-3.937159989045123,3.937,No,"Grupo Aeroportuario del Sureste, S. A. B. de C. V."
OSXB3.SA,-0.032727119562363405,0.1289235830951853,-32.92,0.447,-0.25384897608842216,-1.079560042823308,1.08,No,OSX Brasil S.A.
CRPG3.SA,-0.022975154754406427,0.09026022566662972,-24.34,0.313,-0.2545435111060288,0.327905964013185,0.328,Yes,Tronox Pigmentos do Brasil S.A.
COTY34.SA,-0.03165309266609294,0.12076258085157522,-32.02,0.418,-0.26211010432939136,0.36602361188204013,0.366,Yes,Coty Inc.
I2ND34.SA,-0.06959460779872788,0.2651123911267834,-57.92,0.918,-0.2625098265039071,-7.936493204884601,7.936,No,"indie Semiconductor, Inc."
VSLH11.SA,-0.015669846146912133,0.05859511369668194,-17.26,0.203,-0.2674258169039011,0.36135498252547926,0.361,Yes,Versalhes Recebiveis Imobiliarios - Fundo De Investimento Imobiliario
TASA4.SA,-0.022429245178434747,0.0831138969109033,-23.83,0.288,-0.26986155158238484,0.8431506118335345,0.843,Yes,Taurus Armas S.A.
B2YN34.SA,-0.060528410415821174,0.21777605436363964,-52.73,0.754,-0.27793877794641103,0.593038408040512,0.593,Yes,"Beyond Meat, Inc."
VSTE3.SA,-0.04067469877969422,0.14563637832543583,-39.24,0.504,-0.2792894141380215,0.2961938130208554,0.296,Yes,Veste S.A. Estilo
GSHP3.SA,-0.03652967906062624,0.13034911576474204,-36.02,0.452,-0.28024493182259935,0.14876930784819237,0.149,Yes,General Shopping e Outlets do Brasil S.A.
BRKM3.SA,-0.038381658013314106,0.13681429337363218,-37.48,0.474,-0.28053836384255515,1.5727398556813925,1.573,Yes,Braskem S.A.
DAMA11.SA,-0.019004758753079307,0.06627190313203798,-20.57,0.23,-0.2867694732595025,0.014426188193564157,0.014,Yes,Dama Fundo De Investimento Imobiliario Responsabilidade Limitada
HAPV3.SA,-0.04868852585096998,0.16855565659520141,-45.06,0.584,-0.28885726432723047,0.7910566477060623,0.791,Yes,Hapvida Participações e Investimentos S.A.
PMAM3.SA,-0.0706030789116628,0.23348311784215642,-58.46,0.809,-0.3023905092761062,1.2782173556669316,1.278,Yes,Paranapanema S.A.
JALL3.SA,-0.028716164811197497,0.0916351312971468,-29.51,0.317,-0.3133750604675744,0.6090078793288133,0.609,Yes,Jalles Machado S/A
LSOI11.SA,-0.0019575837409266756,0.00619042333184127,-2.32,0.021,-0.31622776601683794,-0.01769677931383633,0.018,No,Lcp Special Opportunities I Fundo De Investimento Imobiliario Responsabilidade Ilimitada
MGHT11.SA,-0.03618977654021638,0.1126292594491425,-35.75,0.39,-0.32131771723632613,0.6438106673612096,0.644,Yes,Fundo De Investimento Imobiliario Mogno Hoteis
CTXT11.SA,-0.023147938098475502,0.07197719166792567,-24.5,0.249,-0.3216010177956226,-0.07491092799992044,0.075,No,Fundo Invest Imobiliario Centro Textil Internacional - Cotas Fund
LUPA3.SA,-0.04086762875859471,0.12524730411969914,-39.39,0.434,-0.3262954763444443,0.9199362036934653,0.92,Yes,Lupatech S.A.
J2BL34.SA,-0.04443554037423367,0.1361335913244656,-42.04,0.472,-0.326411284253307,-5.555240726014608,5.555,No,Jabil Inc.
COPN11.SA,-0.02611903441689821,0.07639046042951686,-27.21,0.265,-0.3419148709150332,0.22360947002029335,0.224,Yes,Copernico Fundo De Investimento Em Participacoes Em Infraestrutura
LRED11.SA,-0.0031513801513196596,0.009154407538677205,-3.72,0.032,-0.34424730797762015,0.10349158443219482,0.103,Yes,Lcp Real Estate Development Fundo De Investimento Imobiliario Responsabilidade Limitada
URPR11.SA,-0.03173155963741402,0.08919878105846366,-32.09,0.309,-0.35573983479231813,0.7152627780862787,0.715,Yes,Urca Prime Renda Fundo De Investimento Imobiliario - FII
G1LO34.SA,-0.05518101636136962,0.15177694987542087,-49.4,0.526,-0.36356651261382195,-0.6550187500325259,0.655,No,Globant S.A.
TASA3.SA,-0.023586489553506968,0.06281883383950876,-24.91,0.218,-0.375468440145934,0.45769496301642915,0.458,Yes,Taurus Armas S.A.
XRPH11.SA,-0.05866244845306324,0.1479656703191536,-51.59,0.513,-0.39645985671224715,-0.6778519587490142,0.678,No,HASHDEX NASDAQ XRP FUNDO DE ÍNDICE - RESPONSABILIDADE LIMITADA
ARND3.SA,-0.04994905205901908,0.12513546866636646,-45.93,0.433,-0.39915982727640703,-0.4643010651103589,0.464,No,Arandu Investimentos S.A.
CSAN3.SA,-0.036248125261910194,0.09057698508919436,-35.79,0.314,-0.40019134249407157,1.5216692086469388,1.522,Yes,Cosan S.A.
S2MP34.SA,-0.0809140748784408,0.19970086440929347,-63.67,0.692,-0.40517638778270254,,,,The Simply Good Foods Company
C1AB34.SA,-0.06815295715299378,0.165250019543286,-57.13,0.572,-0.4124232925439481,-0.3219950640698626,0.322,No,"Cable One, Inc."
C2HP34.SA,-0.09707286780743812,0.23105036989824998,-70.63,0.8,-0.4201372534057708,,,,"ChargePoint Holdings, Inc."
R2AR34.SA,-0.10284077264422883,0.24129862972496366,-72.81,0.836,-0.4261970851697273,,,,Ultragenyx Pharmaceutical Inc.
AZTE3.SA,-0.07831600683773868,0.18348882042599926,-62.42,0.636,-0.4268162313971787,0.7344474788696506,0.734,Yes,Azevedo & Travassos Energia S.A.
TOKY3.SA,-0.08277129817972664,0.19116803629475465,-64.54,0.662,-0.432976661705646,0.16509483175624773,0.165,Yes,Grupo Toky S.A.
AZEV4.SA,-0.07909650103775681,0.18145988305951455,-62.8,0.629,-0.4358897388455554,0.9353960108299817,0.935,Yes,Azevedo & Travassos S.A.
LUXM4.SA,-0.03207108526328998,0.07356857139302399,-32.37,0.255,-0.43593459348227964,0.3693854639547961,0.369,Yes,Trevisa Investimentos S.A.
AVLL3.SA,-0.0639837237745595,0.14419500165603533,-54.77,0.5,-0.4437305249122791,0.8725895640270217,0.873,Yes,Alphaville S.A.
A2RW34.SA,-0.0175731188906835,0.0356993711068452,-19.16,0.124,-0.4922528981837983,,,,"Arrow Electronics, Inc."
Q2SC34.SA,-0.1166355304549046,0.23343139674587965,-77.42,0.809,-0.4996565675433862,-7.369926874034103,7.37,No,QuantumScape Corporation
BSLT11.SA,-0.029786175764937844,0.05957274755298551,-30.43,0.206,-0.4999966761386197,0.18832760719478708,0.188,Yes,Fundo De Investimentos Imobiliarios De Permuta Financeira Lote5 Senior Responsabilidade Limitada
RAIZ4.SA,-0.06555853320181992,0.12758983150074352,-55.68,0.442,-0.5138225549066415,1.0056376283953001,1.006,Yes,Raízen S.A.
STOC34.SA,-0.04490287555912666,0.08159963273704272,-42.38,0.283,-0.550282814431623,2.3107550348013226,2.311,Yes,StoneCo Ltd.
SEQL3.SA,-0.1413797691671726,0.2564080368992269,-83.94,0.888,-0.5513858725993735,-0.025737858809656178,0.026,No,Sequoia Logística e Transportes S.A.
PRXB31.SA,-0.04318857716006667,0.07817375089425158,-41.13,0.271,-0.552469040643699,-0.5348532557675281,0.535,No,Prosus N.V.
BTER11.SA,-0.016434959368370694,0.029335383035332074,-18.03,0.102,-0.5602435580464767,,,,INVESTO BRAZIL BESST QUALITY ACUMULAÇÃO FUNDO DE ÍNDICE
C1RH34.SA,-0.040042458165228514,0.06744166298560055,-38.76,0.234,-0.5937347389221107,-0.45866212855853833,0.459,No,CRH plc
AZUL3.SA,-0.22025245889669565,0.34625053449013093,-94.95,1.199,-0.6361072026098877,1.7003820255772524,1.7,Yes,Azul S.A.
C2GN34.SA,-0.0538208352706511,0.0762850686233104,-48.52,0.264,-0.7055225385771638,,,,Cognex Corporation
D2KS34.SA,-0.22285968741973736,0.3151711924552212,-95.15,1.092,-0.7071067811865476,,,,"DICK'S Sporting Goods, Inc."
P2OS34.SA,-0.02117873557209294,0.029951255079967345,-22.65,0.104,-0.7071067811865476,,,,"Post Holdings, Inc."
RGTI34.SA,-0.13185882400989798,0.181023817257707,-81.67,0.627,-0.7284059413142453,-3.3195445928006913,3.32,No,"Rigetti Computing, Inc."
PASS3.SA,-0.04800813680148991,0.06227476364064878,-44.59,0.216,-0.7709083743539642,2.576297796860391,2.576,Yes,Compass Gas e Energia S.A.
TORD11.SA,-0.06448309634898713,0.08145567469171223,-55.06,0.282,-0.7916341813266942,0.031036138259226492,0.031,Yes,Tordesilhas Ei Fundo De Investimento Imobiliario
S2TW34.SA,-0.023291137408122015,0.028347755966352875,-24.63,0.098,-0.8216219102410516,0.1616121259338893,0.162,Yes,"Starwood Property Trust, Inc."
QUBT34.SA,-0.10440897451615694,0.11640619530308172,-73.37,0.403,-0.8969365783694919,-2.0308967281436936,2.031,No,Quantum Computing Inc.
V1ST34.SA,-0.04155113895031327,0.04495727961423403,-39.91,0.156,-0.9242360593624012,-1.3775782463267179,1.378,No,Vistra Corp.
ARTE11.SA,-0.053030940320741835,0.0520474382360966,-48.0,0.18,-1.0188962630626293,0.9118885120191573,0.912,Yes,Artemis Fundo De Investimento Imobiliario
VIGT11.SA,-0.020691656211508484,0.020194306420095686,-22.19,0.07,-1.0246282185219233,-0.21404747607072938,0.214,No,Vinci Energia Fundo De Investimento Em Participacao Em Infraestrutura
P2CF34.SA,-0.09625787667903067,0.07941430175691354,-70.32,0.275,-1.2120975006954686,,,,"Grupo Aeroportuario del Pacífico, S.A.B. de C.V."
A1PL34.SA,-0.1768349097398679,0.11525899016650253,-90.32,0.399,-1.534239624036382,-3.602525477513468,3.603,No,Applied Digital Corporation
C2RN34.SA,-0.16302759927150012,0.10180669874470062,-88.18,0.353,-1.6013445213494486,,,,Cerence Inc.
FTCA11.SA,-0.12938514671852241,0.05216267360798748,-81.04,0.181,-2.4804163162892428,,,,Nch Recebiveis Do Agronegocio - Fiagro Imobiliario
JMBI11.SA,-0.00740498447588436,0.0022975445035353596,-8.53,0.008,-3.222999364969818,,,,Jivemaua Bossanova Fundo De Investimento Em Cotas De Fundos Incentivados De I Em I R F R Limitada
O2NS34.SA,-0.14245219474037427,0.04292334840619353,-84.18,0.149,-3.318757739781071,0.40165843896275244,0.402,Yes,ON Semiconductor Corporation
A2SO34.SA,-0.09071749575920701,0.02117588685497828,-68.06,0.073,-4.283999833418077,,,,"Academy Sports and Outdoors, Inc."
A1PP34.SA,-0.20584007575416396,0.03833367281191805,-93.71,0.133,-5.369693552822511,-1.48741761758327,1.487,No,AppLovin Corporation
SNSY6.SA,0.0,0.0,0.0,0.0,,0.0,0.0,No,Sansuy S.A.
T2RM34.SA,0.0,,0.0,,,,,,Trimble Inc.
XBCI11.SA,0.011072430702380887,,14.13,,,,,,BUENA VISTA DEX VETTAFI NEOS BOOSTED BITCOIN HICH INCOME FUNDO DE ÍNDICE DE RESP LIMITADA
PFJR11.SA,0.02482413287138819,,34.21,,,,,,BTG PACTUAL PF TEVA ITBR TESOURO IPCA FUNDO DE ÍNDICE
PREX11.SA,0.00741320875064493,,9.27,,,,,,TREND ETF IRMF P2 CLASSE DE ÍNDICE - RESPONSABILIDADE LIMITADA
R1HP34.SA,0.0,0.0,0.0,0.0,,,,,"Ryman Hospitality Properties, Inc."
RARA11.SA,0.1982644400174488,,776.26,,,,,,INVESTO MVIS GLOBAL RARE EARTH/STRATEGIC METALS FUNDO DE INDICE
RTEL16.SA,0.22615101740753396,,1054.86,,,,,,Brc II Fundo De Investimento Imobiliario
S2YN34.SA,-0.0628445109154182,,-54.11,,,,,,Synaptics Incorporated
JQUA39.SA,0.0,,0.0,,,,,,J.P. Morgan Exchange-Traded Fund Trust
K1YS34.SA,0.0,0.0,0.0,0.0,,0.0,0.0,No,"Krystal Biotech, Inc."
L1AM34.SA,0.0,,0.0,,,,,,Lamar Advertising Company
L2IV34.SA,0.026365377892830274,,36.65,,,,,,LivaNova PLC
CTEM11.SA,-0.550000011920929,,-99.99,,,,,,Caete Fiagro - Direitos Creditorios
EGGY3.SA,0.0,0.0,0.0,0.0,,0.0,0.0,No,Granja Faria S.A.
FSPE11.SA,0.03448282949422889,,50.2,,,,,,Fiset Pesca Fiset Fspe
GPCA11.SA,0.014117670994178782,,18.32,,,,,,GRÃO TEVA ITBR TESOURO IPCA 2 ANOS FUNDO DE ÍNDICE - RESP LIMITADA
BIPE11.SA,0.0,0.0,0.0,0.0,,0.0,0.0,No,Brio Real Estate V - Fundo De Investimento Imobiliario
BROB39.SA,0.11979171751983812,,288.73,,,,,,First Trust Nasdaq Ai & Robotics Etf
BZEQ11.SA,0.006710088116724471,,8.36,,,,,,Btg Pactual Reference Msci Brazil 25/50 Fundo De Indice
C1DP34.SA,0.0,,0.0,,,,,,COPT Defense Properties
CENU11.SA,0.0,0.0,0.0,0.0,,0.0,0.0,No,Cenu - Fundo De Investimento Imobiliario
ABTC11.SA,0.23818292703202903,,1198.43,,,,,,Btg Pactual Teva Auvp Bitcoin Fear Arbitrage Fundo De Índice
AERO11.SA,0.0,0.0,0.0,0.0,,0.0,0.0,No,Hco Opps Aero I Fundo De Investimento Imobiliario Responsabilidade Limitada
