Ticker,mean,std,Return,Risk,sharpe,beta,Volatility,Follows Market Direction ?,Name
561470.SS,0.02415658113021226,0.001780333606988604,33.17,0.006,13.56856997777658,,,,TianHong CSI Livestock Breeding Inds ETF
159063.SZ,0.08194469637545956,0.025389879526337093,157.31,0.088,3.2274551082630296,,,,China Southern CNI Grain Industry ETF
511360.SS,0.0015129839405488349,0.0005602493562001521,1.83,0.002,2.70055453666298,-0.0006596000355169029,0.001,No,HFT CSI Short Term Note ETF
159112.SZ,0.0020741113905427305,0.0012110407468922677,2.52,0.004,1.7126685422148231,0.009590076586696097,0.01,Yes,Yinhua CSI AAA Sci-Tech Inno Corp Bd ETF
159110.SZ,0.0023865174367148872,0.0016488314772237056,2.9,0.006,1.4473992458788412,0.00853992087566165,0.009,Yes,Wanjia SZSE AAA Sci-Tech Inno Cor Bd ETF
159115.SZ,0.0022390462740670457,0.0016394938337765059,2.72,0.006,1.3656936232016779,0.013197740840166986,0.013,Yes,Huaan CSI AAA Sci-Tech Inno Corp Bd ETF
511150.SS,0.0022679353426894745,0.0016724393614986589,2.76,0.006,1.3560643183243406,0.007486549681819316,0.007,Yes,Maxwealth SSE AAA Sci-Tech In Cor Bd ETF
551520.SS,0.002124312369322571,0.001580828734785068,2.58,0.005,1.3437966571447704,0.006841883006010214,0.007,Yes,China Universal CSI AAA Sci-Tc IC Bd ETF
159113.SZ,0.0022192851415034896,0.0017031080187096068,2.7,0.006,1.3030794976733036,0.011817729958526134,0.012,Yes,DaCheng CSI AAA Sci-Tech Inno Cor Bd ETF
159023.SZ,0.061511463903038965,0.04811616887413156,104.69,0.167,1.278394879358507,,,,Wanjia CSI Livestock Breeding Inds ETF
551580.SS,0.0020676165283951544,0.0016215092535352578,2.51,0.006,1.2751185501330207,0.004277174881785328,0.004,Yes,TK CSI AAA Sci-Tech Inno Corp Bd ETF
551510.SS,0.0023279539705789794,0.0018325791090707776,2.83,0.006,1.2703156764454142,0.00920605515628671,0.009,Yes,Huatai-PB CSI AAA Sci-Tech Innovation Corporate Bond Index
159011.SZ,0.06077856808938139,0.04824151577112964,103.0,0.167,1.2598809784031415,,,,Huaan CSI Livestock Breeding Indstry ETF
159116.SZ,0.002384223668714189,0.001967405730980654,2.9,0.007,1.2118617076131888,0.012408876355124247,0.012,Yes,ICBCCS CSI AAA Sci-Tech Inno Corp Bd ETF
551300.SS,0.0022550889105472367,0.0018716155789710023,2.74,0.006,1.2048889397399998,0.014288420417960877,0.014,Yes,JPM SSE AAA Sci-Tech Inno Corp Bd ETF
551800.SS,0.002161679443984602,0.0018130592899453972,2.63,0.006,1.192282820519181,0.006921559655837584,0.007,Yes,Guotai CSI AAA Sci-Tech Inno Corp Bd ETF
159111.SZ,0.002317065593037085,0.0020612676980261034,2.82,0.007,1.1240973674869774,0.017535769129384194,0.018,Yes,TianHong CSI AAA Sci-Tech In Corp Bd ETF
508602.SS,0.0017067034302320789,0.001537928190441037,2.07,0.005,1.1097419507881194,,,,GUOTAI HAITONG SECURITIES CO LTD - CATHAY HAITONG SASSEUR GROUP REIT Fund
551560.SS,0.0020333044425309517,0.0018353801066908493,2.47,0.006,1.1078383355679688,0.004022030143242117,0.004,Yes,CIB CSI AAA Sci-Tech Inno Corp Bd ETF
551060.SS,0.0019382257066886364,0.0019486914984355608,2.35,0.007,0.9946293234432816,0.011097859534805691,0.011,Yes,BOC SSE AAA Sci-Tech Inno Corp Bd ETF
159816.SZ,0.002341619528092181,0.0024398044589675353,2.85,0.008,0.9597570491706932,-0.009140178500735497,0.009,No,Penghua CSI 0-4Y Local Gover Debt ETF
159650.SZ,0.00176125183500412,0.001925344861428235,2.13,0.007,0.9147721378587784,-0.0022000864062942833,0.002,No,Bosera ChinaBond 0-3 Year CDB Bond ETF
159651.SZ,0.0016753484576042344,0.00191235779861534,2.03,0.007,0.8760643321125814,0.000547013785511902,0.001,Yes,Ping An CDB Bond 0-3 ETF
561420.SS,0.053529613481727266,0.0620420249288555,86.97,0.215,0.8627960409595021,,,,China Universal CSI 300 FCF ETF
159649.SZ,0.002117718715903192,0.0025207816134217857,2.57,0.009,0.8401039997386113,-0.004127781802118419,0.004,No,HuaAn ChinaBond 1-5 Year CDB Bond Index ETF
688796.SS,0.11168268159584419,0.13306430899084923,256.26,0.461,0.8393135803495178,0.4129063513161455,0.413,Yes,"Biocytogen Pharmaceuticals (Beijing) Co., Ltd."
551500.SS,0.0018335681481538514,0.002238243426190887,2.22,0.008,0.8191996128295462,0.0005189477163599862,0.001,Yes,"E Fund Management Co., Ltd - E Fund CSI AAA Sci-Tech Innovation Corporate ETF"
511220.SS,0.0025669890683662467,0.00314901488553946,3.12,0.011,0.8151720972022316,-0.019351943309410882,0.019,No,HFT SSE Urban Construction Investment Bond Exchange Traded Index Fund
561430.SS,0.04492701993468452,0.0568529781499365,69.45,0.197,0.7902316008178141,,,,Bosera CSI All Share Dividend Qualty ETF
159200.SZ,0.0016906002721157863,0.0021620612528869304,2.05,0.007,0.7819391193743389,-0.0035810715456321613,0.004,No,Fullgoal CSI AAA Sci-Tech Ino Crp Bd ETF
159972.SZ,0.0032863596040482793,0.004213406243303142,4.02,0.015,0.7799769151791793,-0.011712783658575816,0.012,No,Penghua CSI 5Y Local Gover Debt ETF
159600.SZ,0.0015292362400581027,0.0020496130316479235,1.85,0.007,0.7461097370309804,0.0015892659851227894,0.002,Yes,Harvest CSI AAA Sci-Tech Inno Crp Bd ETF
688808.SS,0.3024729006947007,0.41780134653977363,2283.55,1.447,0.7239634414770992,7.431860674800564,7.432,Yes,"Semight Instruments Co., Ltd."
511060.SS,0.0031356553349288063,0.004421972526053724,3.83,0.015,0.7091078283399336,-0.021993049484833067,0.022,No,HFT SSE 5-Year Local Government Bond ETF
511010.SS,0.002652009197753855,0.003750176699335709,3.23,0.013,0.7071691310501771,-0.021330681483554156,0.021,No,Guotai SSE Delivrb 5 Yr Trs Bd Idx ETF
551900.SS,0.0015798042816813327,0.002339132171613787,1.91,0.008,0.6753805111369199,-0.0030283724539853407,0.003,No,CMF CSI AAA Sci-Tech Inno Corp Bd ETF
511120.SS,0.0015324899090185043,0.0022719887757566034,1.85,0.008,0.6745147358873567,-0.01503962356592048,0.015,No,Gf Fund Management Co Ltd - GF SSE AAA Sci-Tech Innovation Corporate Bond Index ETF
159395.SZ,0.001800987751669757,0.0026892096358551885,2.18,0.009,0.6697089463228216,-0.016352287393819814,0.016,No,DaCheng SZSE MM Credit Bond ETF
512410.SS,0.05215987857725799,0.07797996850814268,84.07,0.27,0.6688881718618731,,,,GF CSI Banks ETF
551030.SS,0.0016114642928313641,0.0024709435730157657,1.95,0.009,0.6521655574937252,-0.004331457960576398,0.004,No,Penghua SSE AAA Sci-Tech Inno Crp Bd ETF
551000.SS,0.001734770312155323,0.002845493950963001,2.1,0.01,0.6096552451177147,-0.003451805728145424,0.003,No,Bosera SSE AAA Sci-Tech Inno Corp Bd ETF
511270.SS,0.004525952599688536,0.007470311465169516,5.57,0.026,0.6058586205931152,-0.054388684671761396,0.054,No,HFT SSE 10-Year Local Government Bond ETF
551550.SS,0.0014819987424658512,0.0024826638646097956,1.79,0.009,0.5969389427186025,-0.00960416504633998,0.01,No,ChinaAMC CSI AAA Sci-Tech Ino Crp Bd ETF
159400.SZ,0.0018800759257176672,0.0031706430636343186,2.28,0.011,0.5929636001230137,-0.004594925371239895,0.005,No,IGW SZSE AAA Sci-Tech Inno Corp Bd ETF
159398.SZ,0.0015769538547047836,0.002667325090100193,1.91,0.009,0.5912117201452742,-0.01552139044627823,0.016,No,TianHong SZSE MM Credit Bond ETF
159700.SZ,0.0015513193076967687,0.00265353619309099,1.88,0.009,0.5846233835950448,-0.004527018909265809,0.005,No,China Southern CSI AAA Sci-Tech ICB ETF
200429.SZ,0.01874979109684788,0.032366261735673287,24.97,0.112,0.579300484250312,0.004855178787247685,0.005,Yes,"Guangdong Provincial Expressway Development Co., Ltd."
511020.SS,0.0033815934835759237,0.005890983265439555,4.13,0.02,0.5740287030544818,-0.03404256695543147,0.034,No,Ping An CSI 5-10Y CGB ETF
511260.SS,0.003781671303367431,0.00662171092623674,4.63,0.023,0.5711018414264477,-0.03892356576875394,0.039,No,Guotai SSE 10-Y Gov Bd ETF
159396.SZ,0.0017599668237367027,0.0031047818898811957,2.13,0.011,0.5668568312230292,-0.012469753506155833,0.012,No,Bosera SZSE MM Credit Bond ETF
159397.SZ,0.0016456493581722643,0.003008130917899086,1.99,0.01,0.5470670669219427,-0.0146584026212899,0.015,No,GF SZSE Market-Making Credit Bond ETF
688813.SS,0.3403584732832971,0.6236104896053161,3262.42,2.16,0.5457869598997772,8.04331301114897,8.043,Yes,"Xi'an Taijin New Energy & Materials Sci-Tech Co., Ltd."
511520.SS,0.003945187984980461,0.007378718894497258,4.84,0.026,0.5346711321287247,-0.036852698737508106,0.037,No,Fullgoal ChinaBond 7-10 Year Policy Bank Bond Index ETF
511160.SS,0.0009027439040235781,0.0017380973290168581,1.09,0.006,0.5193862788651822,-0.0018933638804360352,0.002,No,Tibet Eastmoney CSI 1-3Y Treasury Bd ETF
161014.SZ,0.003754372684427354,0.007272414344849522,4.6,0.025,0.5162484570321932,0.10138387459594055,0.101,Yes,Fullgoal Huili Return Two-year Regular Open Bond Fund
560730.SS,0.024778576883799534,0.04839642227382529,34.14,0.168,0.511991914270092,,,,Guotai Haitong CSI Div Low Volatilty ETF
201872.SZ,0.030698635618554074,0.06092876235635332,43.74,0.211,0.5038447267155589,0.34428076977510325,0.344,Yes,"China Merchants Port Group Co., Ltd."
159382.SZ,0.0723320024606712,0.1463934074794887,131.18,0.507,0.49409330451445155,3.241038985015742,3.241,Yes,China Southern SZSE ChiNext AI ETF
159552.SZ,0.03534375444527945,0.07268726719626152,51.71,0.252,0.4862440948543085,1.3864604998660532,1.386,Yes,CMF CSI 2000 Enhanced Strategy ETF
161117.SZ,0.0030314538219017883,0.00647199245143261,3.7,0.022,0.4683957598298434,-0.027686410772684876,0.028,No,E Fund Everbright Bond Fund
159249.SZ,0.026079172495702636,0.056088000466146246,36.2,0.194,0.46496883966194474,1.2999286025538992,1.3,Yes,ICBCCS CSI A500 Enhanced Strategy ETF
601939.SS,0.021006534854198258,0.04522611598216721,28.33,0.157,0.4644779768946154,-0.2931712868466566,0.293,No,China Construction Bank Corporation
601988.SS,0.020581591715625472,0.04539351839543297,27.69,0.157,0.45340375549510564,-0.24476718929099353,0.245,No,Bank of China Limited
511200.SS,0.001669274460265416,0.003706269839063898,2.02,0.013,0.45039204719293424,-0.009607933946979792,0.01,No,ChinaAMC SSE Market-Making Corp Bond ETF
511190.SS,0.0017358527005348276,0.0038550001771183603,2.1,0.013,0.45028602354887304,-0.011124991868833967,0.011,No,HFT SSE Market-Making Corp Bond ETF
601398.SS,0.020575404218788826,0.04615183846422331,27.69,0.16,0.44581981787656805,-0.3192080779547249,0.319,No,Industrial and Commercial Bank of China Limited
511110.SS,0.0016165343222484445,0.0036507959935692786,1.96,0.013,0.4427895519486437,-0.014210715813714334,0.014,No,E Fund SSE Market-Making Corporate Bond ETF
518800.SS,0.023953166018033004,0.05553436463310647,32.85,0.192,0.4313215101366888,0.27149324219647364,0.271,Yes,Guotai Gold ETF Fund
159533.SZ,0.03508503575816644,0.08149680883911171,51.26,0.282,0.43050809299085746,1.4797012107595873,1.48,Yes,Bosera Fund Management Co. Ltd. - CSI 2000 Index ETF
159830.SZ,0.02399952520605736,0.056102539441221407,32.92,0.194,0.42777965926482964,0.23381050977124243,0.234,Yes,TianHong Shanghai Jin ETF
159509.SZ,0.03519650313367611,0.08230472756713486,51.45,0.285,0.42763646966654245,0.1258501559980873,0.126,Yes,IGW Nasdaq Tech Mkt Cap Wghtd ETF (QDII)
518600.SS,0.023869150030251435,0.05582408091805352,32.72,0.193,0.42757802077010365,0.24747725954957556,0.247,Yes,GF Shanghai Gold ETF
603459.SS,0.15625895022611486,0.36767506586838716,471.03,1.274,0.4249919690829654,3.1651263013045714,3.165,Yes,"Jiangxi Redboard Technology Co., Ltd."
159242.SZ,0.06653516782526019,0.1570661279994957,116.62,0.544,0.42361245338316234,3.2654815979400094,3.265,Yes,DaCheng SZSE ChiNext AI ETF
513650.SS,0.018563360301940977,0.044433780346918986,24.7,0.154,0.41777584884757957,0.06989345585428831,0.07,Yes,China Southern S&P 500 Index ETF(QDII)
300476.SZ,0.09445430547859475,0.22673305743361516,195.37,0.785,0.416588152374957,2.6643925482907456,2.664,Yes,"Victory Giant Technology (HuiZhou) Co.,Ltd"
600919.SS,0.021035926762938233,0.0505280359107268,28.38,0.175,0.4163218772268255,-0.052927251423286824,0.053,No,"Bank of Jiangsu Co., Ltd."
518680.SS,0.023697801178249774,0.057073491095181374,32.45,0.198,0.41521555320190573,0.207819319363245,0.208,Yes,Fullgoal Shanghai Gold ETF
688183.SS,0.09722649757260493,0.23433882388474242,204.48,0.812,0.4148970962678594,2.2219753078828575,2.222,Yes,"Shengyi Electronics Co., Ltd."
588680.SS,0.045674289891005096,0.11038808097841564,70.91,0.382,0.41376106447521144,1.8424896424039696,1.842,Yes,GF SSE STAR Market 100 Enhanced Strategy ETF
508017.SS,0.018978383859600493,0.046179260802218104,25.31,0.16,0.41097201492426044,-0.13429214725905336,0.134,No,China Jinmao Shopping Center Closed Infrastructure Securities Investment Fund
159519.SZ,0.01718020590407557,0.04199838288372342,22.68,0.145,0.40906827178657396,0.34340190600399545,0.343,Yes,Guotai CSI HK Mainland SOEs ETF (QDII)
518860.SS,0.02258073443518936,0.0558030436904082,30.73,0.193,0.4046505878866727,0.21253824736038887,0.213,Yes,CCB Principal Shanghai Gold ETF
518880.SS,0.02230648763093022,0.05532150246651361,30.31,0.192,0.40321550638347997,0.22194609979725965,0.222,Yes,Huaan Gold ETF Fund
518660.SS,0.022202535894374615,0.05508206955972113,30.15,0.191,0.40308100388824647,0.2293589619668967,0.229,Yes,ICBCCS Gold ETF
511070.SS,0.0014936755171480241,0.0037134755546727846,1.81,0.013,0.4022311430779407,-0.016388900067698983,0.016,No,China Southern SSE MM Corp Bond ETF
000408.SZ,0.043203970369244685,0.10746717493779043,66.12,0.372,0.4020201554033051,1.0440800461911453,1.044,Yes,Zangge Mining Company Limited
159934.SZ,0.022321899999105183,0.05554863577105002,30.33,0.192,0.4018442521452267,0.22325721230479167,0.223,Yes,E Fund Management Company - Gold Trade Oprn End Fund
513810.SS,0.016828336367927868,0.04189538690057443,22.17,0.145,0.40167516313585194,0.35914513465321296,0.359,Yes,ChinaAMC CSI HK Mainland SOE ETF (QDII)
513870.SS,0.023524736348142873,0.058647128541744045,32.18,0.203,0.40112341274131363,0.17937276287079457,0.179,Yes,Fullgoal Nasdaq 100 ETF (QDII)
159834.SZ,0.02239633364985725,0.05585605317655318,30.45,0.193,0.40096520208947756,0.2244653587639342,0.224,Yes,China Southern Shanghai Gold ETF
518850.SS,0.022367068385038144,0.055921691428235276,30.4,0.194,0.3999712421742817,0.23401649368995453,0.234,Yes,ChinaAMC Gold ETF
159937.SZ,0.02224406027345595,0.05561940764046445,30.21,0.193,0.39993342642636964,0.2177339941373428,0.218,Yes,Bosera Golden ETF
159831.SZ,0.022158199903668463,0.05574754450166575,30.08,0.193,0.397474007182619,0.2219379982206381,0.222,Yes,Harvest Shanghai Gold ETF
601288.SS,0.024456048642814716,0.06166337465359563,33.63,0.214,0.3966057449855879,0.12461392489320774,0.125,Yes,Agricultural Bank of China Limited
688313.SS,0.10220164551383007,0.25820874660790744,221.46,0.894,0.39581016079607984,2.836288180642791,2.836,Yes,"Henan Shijia Photons Technology Co., Ltd."
159812.SZ,0.022080022382013422,0.055804959013193,29.96,0.193,0.3956641626919469,0.22537269071705474,0.225,Yes,First Seafront Gold ETF
518890.SS,0.022001496340646996,0.055622440677094695,29.84,0.193,0.3955507178905079,0.23033943830457593,0.23,Yes,BOC SHAU ETF
511100.SS,0.0030331481021566974,0.007723705114480699,3.7,0.027,0.3927063575317026,-0.021999109486209534,0.022,No,ChinaAMC SSE Bnchmk Mkt-Mkng Tsry Bd ETF
508031.SS,0.012999653172064368,0.033152515402071134,16.76,0.115,0.39211664678850405,-0.07762038928488525,0.078,No,Guotai Junan Securities Asset Management - Guotai Junan city investment closed end fund
513850.SS,0.01987622218186032,0.05113296924249096,26.64,0.177,0.38871636981611835,-0.023283972202544218,0.023,No,"E Fund Management Co., Ltd. - E Fund Msci Usa 50 Etf"
501073.SS,0.025408772328954235,0.06559517519399838,35.13,0.227,0.38735733617308804,0.8785812424631287,0.879,Yes,Huaan Fund Management - Sci and Tech Innovation Theme 3 Years Fund
301550.SZ,0.06599366130075392,0.17061775065009008,115.31,0.591,0.3867924705917407,1.2929552266776625,1.293,Yes,"Zhejiang Sling Automobile Bearing Co., Ltd."
159196.SZ,0.06212917288077256,0.1611454774671331,106.12,0.558,0.38554710847187323,2.4842967230426143,2.484,Yes,E Fund CSI HKC Information Tech Cmps ETF
159226.SZ,0.018289977955515006,0.04752653876031133,24.3,0.165,0.3848371548316639,1.1106912218337603,1.111,Yes,Guotai CSI A500 Enhanced Strategy ETF
159501.SZ,0.022836991423765662,0.05936239060223498,31.12,0.206,0.38470471273280993,0.21264993676218294,0.213,Yes,Harvest Nasdaq-100 Index Exchange Traded Fund (QDII)
159696.SZ,0.0224091308773888,0.05831954550442809,30.47,0.202,0.3842473510992523,0.19263559308379674,0.193,Yes,E Fund Nasdaq 100 ETF (QDII)
603067.SS,0.05823406331941804,0.15180829425189807,97.23,0.526,0.3836026457341605,1.6089029356911384,1.609,Yes,"Hubei Zhenhua Chemical Co.,Ltd."
603009.SS,0.0697886821101284,0.1822576388153437,124.69,0.631,0.38291224754006364,2.0825798191583207,2.083,Yes,"Shanghai Beite Technology group Co., Ltd."
513170.SS,0.016813557143836106,0.04393665653214429,22.15,0.152,0.38267721012260497,0.38643217731931256,0.386,Yes,Penghua Hang Seng China SOEs ETF (QDII)
601077.SS,0.02127343539675901,0.05578716493151338,28.74,0.193,0.3813320756284202,-0.1519584395873681,0.152,No,"Chongqing Rural Commercial Bank Co., Ltd."
688710.SS,0.05305635289551824,0.1393680666789908,85.96,0.483,0.3806923218481891,-0.024954656930451402,0.025,No,"Shanghai InnoStar Bio-tech Co., Ltd."
159659.SZ,0.021948499713405165,0.05766083578293714,29.76,0.2,0.38064831033718927,0.22560828056169452,0.226,Yes,CMF Nasdaq 100 ETF (QDII)
159941.SZ,0.022016894201379904,0.05794772272561282,29.87,0.201,0.37994408003972285,0.1401950587789154,0.14,Yes,GF NASDAQ 100 ETF QDII
513100.SS,0.022475492121128777,0.05915788923336763,30.57,0.205,0.37992383454498946,0.15421856988345609,0.154,Yes,Guotai NASDAQ 100 ETF(QDII-ETF)
169106.SZ,0.004926656170940516,0.012986352012796198,6.07,0.045,0.3793718332974494,0.2530522099381641,0.253,Yes,Orient Securities Asset Management Co. Ltd. – Orient Red 3 Years Mixed Fund
560690.SS,0.030593551915398698,0.08073746989077514,43.57,0.28,0.3789263145945355,1.3396741802326788,1.34,Yes,Penghua CSI Telecom Theme ETF
603124.SS,0.08774110827468982,0.2322972664628064,174.35,0.805,0.37771046388416385,5.0143361117818435,5.014,Yes,"Jiangxi Jiangnan New Material Technology Co., Ltd."
513140.SS,0.01859183998499807,0.049314513258692516,24.74,0.171,0.3770054443702929,0.48618034338827887,0.486,Yes,Huatai-PB CSI HKC Fncl Srvc ETF(QDII)
513500.SS,0.018848006827910848,0.05024139211734747,25.12,0.174,0.3751489764433292,0.05619056963226527,0.056,Yes,Bosera S&P 500 QDII Fund
159068.SZ,0.010897163575359727,0.02911452396314061,13.89,0.101,0.3742861669026664,,,,ChinaAMC CSI All Share Software ETF
688256.SS,0.10760128320783602,0.2875203748025727,240.88,0.996,0.3742388110119882,2.983176545575184,2.983,Yes,Cambricon Technologies Corporation Limited
563210.SS,0.04893323917881485,0.1315961078412248,77.41,0.456,0.37184412199982747,2.6412353849023362,2.641,Yes,Fullgoal HS China A S&S Enterprises ETF
513110.SS,0.021656569072829514,0.058293822387407636,29.32,0.202,0.3715071029122919,0.21942455119158397,0.219,Yes,Huatai-PB NASDAQ 100 ETF (QDII)
159660.SZ,0.022544163221565293,0.06138435379181079,30.67,0.213,0.367262369463485,0.237159793220319,0.237,Yes,China Universal Nasdaq 100 ETF (QDII)
600673.SS,0.05995649268148877,0.1644730661170991,101.12,0.57,0.3645368454358468,2.1850031011125353,2.185,Yes,"Guangdong HEC Technology Holding Co., Ltd"
513190.SS,0.019123868126311214,0.052537072927850405,25.52,0.182,0.3640071107991528,0.489044606723426,0.489,Yes,ChinaAMC CSI HK Eq Cnn Mnlnd Fncl ETF
513300.SS,0.021847551842280086,0.06008520499252598,29.61,0.208,0.3636095082807442,0.09860995678353862,0.099,Yes,ChinaAMC NASDAQ 100 ETF(QDII)
159655.SZ,0.01803142261511861,0.049652286152372445,23.92,0.172,0.3631539252751416,-0.06497036704044219,0.065,No,ChinaAMC S&P 500 ETF (QDII)
560300.SS,0.03003139363803994,0.08352633924792259,42.63,0.289,0.35954399424714234,1.4431353230813313,1.443,Yes,"China Universal Asset Management Co., Ltd. - CSI Telecom Thematic Index ETF"
603226.SS,0.0743006714022852,0.20704713905661,136.33,0.717,0.3588587204866917,0.9588114677818111,0.959,Yes,"Vohringer Home Technology Co.,Ltd."
159513.SZ,0.021079536906877992,0.0588056007853842,28.44,0.204,0.35846138166004743,0.21181639323719165,0.212,Yes,DaCheng Nasdaq 100 ETF (QDII)
603766.SS,0.033994960217526744,0.09484873114533404,49.36,0.329,0.35841238788357876,0.6153789224047619,0.615,Yes,"Loncin Motor Co., Ltd."
515480.SS,0.03537947697935532,0.09875589107255493,51.77,0.342,0.35825181257655186,,,,China Southern CSI Div Low Vol 100 ETF
301345.SZ,0.061744667584762956,0.17245105960654927,105.23,0.597,0.35804168281502424,1.5911345887523454,1.591,Yes,"Zhejiang Taotao Vehicles Co., Ltd."
159612.SZ,0.01764923246118887,0.04934335645347278,23.36,0.171,0.3576820413064284,-0.03635956237667439,0.036,No,Guotai S&P 500 ETF (QDII)
605196.SS,0.054066527069857935,0.15130713083429798,88.11,0.524,0.3573296696047206,1.0956579809596356,1.096,Yes,"Hebei Huatong Wires and Cables Group Co., Ltd."
002028.SZ,0.033494638822552325,0.09377977791338979,48.49,0.325,0.35716270146732765,0.7765604979844591,0.777,Yes,"Sieyuan Electric Co., Ltd."
513390.SS,0.02218941263684872,0.062149827804009544,30.13,0.215,0.3570309592300623,0.20583469850099323,0.206,Yes,Bosera NASDAQ-100 Index Exchange Traded Fund (QDII)
159632.SZ,0.02151654075752105,0.06048403670407748,29.11,0.21,0.35573916573710646,0.22353776589010793,0.224,Yes,HuaAn Nasdaq 100 Index ETF
601229.SS,0.018706042394372846,0.052664875298304235,24.91,0.182,0.355190101342083,-0.010384490060233106,0.01,No,"Bank of Shanghai Co., Ltd."
002779.SZ,0.06185490147539671,0.175492274017397,105.49,0.608,0.3524650975191357,1.5676916639007514,1.568,Yes,"Zhejiang Zhongjian Technology Co.,Ltd"
688807.SS,0.12619506547555517,0.3618375052144015,316.26,1.253,0.3487617056191567,6.460453257473973,6.46,Yes,"Xiamen Ux Ic Co., Ltd."
588820.SS,0.04174936726964472,0.1198851851237304,63.36,0.415,0.3482445910773402,2.714407413962619,2.714,Yes,ChinaAMC SSE STAR 200 ETF
159248.SZ,0.05100136410724436,0.14690705035207924,81.65,0.509,0.3471675728633436,2.918376752604233,2.918,Yes,Wanjia CSI AI ETF
588500.SS,0.04679190027969141,0.13557926925720495,73.11,0.47,0.34512577428724267,2.361102745478123,2.361,Yes,E Fund SSE STAR100 Enhanced Strategy ETF
688629.SS,0.076633943663536,0.22253894852538697,142.56,0.771,0.34436193830939077,1.9030758595735577,1.903,Yes,"Sichuan Huafeng Technology Co., LTD."
513920.SS,0.017581484431214198,0.051079877107869286,23.26,0.177,0.3441959030967524,0.3733034065446068,0.373,Yes,Huaan HS HK Cnn China Ctrl Etprs Div ETF
530300.SS,0.012618823413891544,0.03673653801295971,16.24,0.127,0.34349517119549877,0.9281395033762061,0.928,Yes,Huatai-PineBridge SSE 180 ETF
603699.SS,0.04682059443298023,0.13639778114124967,73.17,0.472,0.3432650739713584,1.4347570520933024,1.435,Yes,"Neway Valve (Suzhou) Co., Ltd."
513630.SS,0.015254366986789832,0.04443977216044139,19.92,0.154,0.3432593428183391,0.2838673333761939,0.284,Yes,JPM S&P HK Equity Cnn Low Vlty Div ETF
688041.SS,0.058264086418040116,0.1697834782668704,97.3,0.588,0.3431669972413865,2.1927862491402696,2.193,Yes,"Hygon Information Technology Co., Ltd."
601665.SS,0.020199999339872057,0.058887004672863424,27.12,0.204,0.34302983233889484,0.2537656481220922,0.254,Yes,"Qilu Bank Co., Ltd."
688195.SS,0.08952960921255608,0.26429812185157064,179.81,0.916,0.33874478027065114,2.5382732568774196,2.538,Yes,"Optowide Technologies Co., Ltd."
600601.SS,0.05472378945824103,0.16164088607122698,89.52,0.56,0.33855165477209165,1.9210455749108615,1.921,Yes,"Founder Technology Group Co.,Ltd."
159577.SZ,0.017563894298412867,0.051957203015923,23.24,0.18,0.33804541582098196,0.16492068637857402,0.165,Yes,China Universal MSCI US 50 ETF (QDII)
002379.SZ,0.05170019522452749,0.1531814992019739,83.11,0.531,0.3375093956768199,0.6417105495388684,0.642,Yes,Shandong Hongqiao Aluminum Industry Holding Company Limited
160529.SZ,0.033485020738299814,0.09927386569112298,48.47,0.344,0.33729945444538106,1.662205178609691,1.662,Yes,Bosera Fund Management Co. Ltd. - Chinext 2 Years Regular Open Mixed CNY Fund
603530.SS,0.04231674496543182,0.12573836051762546,64.44,0.436,0.3365460213671232,1.221996808498116,1.222,Yes,"Jiangsu Shemar Electric Co.,Ltd"
159380.SZ,0.016800079116035364,0.049971974986677235,22.13,0.173,0.33619001691476763,1.2377195716818221,1.238,Yes,Tibet Eastmoney A500 ETF
588230.SS,0.04022443084431467,0.11981202003756923,60.52,0.415,0.3357295105424445,2.7484839493668494,2.748,Yes,Huatai-PB SSE STAR 200 ETF
605318.SS,0.06085093294502002,0.18128887799936097,103.17,0.628,0.33565728695852215,1.1499066486724134,1.15,Yes,Fsilon Furnishing and Construction Materials Corporation
603228.SS,0.058960036752614464,0.17624049689970536,98.86,0.611,0.33454306921392385,1.531473132052239,1.531,Yes,"Shenzhen Kinwong Electronic Co., Ltd."
588910.SS,0.035358393115602765,0.10583728186608497,51.74,0.367,0.33408258878323654,2.3409495208811846,2.341,Yes,CCB Principal SSE STAR Innovation Value Strategy Custom ETF
688578.SS,0.0366979615502772,0.11006504331465249,54.11,0.381,0.33342067967361405,0.8244388510627325,0.824,Yes,"Shanghai Allist Pharmaceuticals Co., Ltd."
001400.SZ,0.07540438740032449,0.2265354647623841,139.26,0.785,0.33285908446793133,2.7612584247794345,2.761,Yes,"Giansun Precision Technology Group Co., Ltd."
000333.SZ,0.018933157058373236,0.0568921140020652,25.24,0.197,0.33279053504121775,0.4289450864897569,0.429,Yes,"Midea Group Co., Ltd."
002289.SZ,0.08288626648616113,0.24920817837968223,160.01,0.863,0.33259850067953783,1.3732093418254796,1.373,Yes,"Shenzhen Success Electronics Co., Ltd"
159370.SZ,0.03630693453206869,0.10923560503204476,53.41,0.378,0.33237271420264375,2.307641465040355,2.308,Yes,Icbc Credit Suisse Asset Management Ltd. - ICBCCS Star 50  ETF
508068.SS,0.01386077329320213,0.041970562820812,17.96,0.145,0.330249879001598,-0.0470869856011078,0.047,No,China Asset Management Co. - China Beijing Affordable Housing Center Rental Housing - Fund
530080.SS,0.012105509651300556,0.03667209101623055,15.53,0.127,0.33010142906612083,0.9249767050477304,0.925,Yes,TianHong SSE 180 ETF
603389.SS,0.09161506798432627,0.2784411384231593,186.31,0.965,0.3290284923526451,1.8519416192523768,1.852,Yes,"A-Zenith Home Furnishings Co., Ltd."
560750.SS,0.01677074924378352,0.05101916598205154,22.09,0.177,0.328714688313083,1.3054256643571707,1.305,Yes,SWS CSI A500 ETF
513800.SS,0.013599870676285257,0.041444951601236214,17.6,0.144,0.3281429981421332,0.23446565848076834,0.234,Yes,China Southern Summit TOPIX ETF(QDII)
563010.SS,0.026636452732630978,0.08134459099256225,37.09,0.282,0.3274520457674498,1.4683065123408745,1.468,Yes,E Fund CSI Telecom Thematic ETF
561880.SS,0.014661180646349836,0.04482264931359183,19.08,0.155,0.3270931297205594,1.074722699558876,1.075,Yes,Harfor CSI A100 ETF
508026.SS,0.014219107639460483,0.043651121463063845,18.46,0.151,0.3257443832569623,-0.19181058497862843,0.192,No,"Harvest Fund Management Co., Ltd - Harvest China Power Construction CL fund"
301666.SZ,0.2554192788676587,0.7844522219586714,1432.73,2.717,0.3256020847642081,4.029224039428548,4.029,Yes,DapuStor Corporation
513910.SS,0.018157424936132743,0.05591208152370096,24.1,0.194,0.3247495790053151,0.43171219201354016,0.432,Yes,ChinaAMC CSI HK Eq Cn Cntl Etprs Div ETF
159597.SZ,0.04143311039743036,0.12781582135930647,62.77,0.443,0.3241626111446457,2.365856108222724,2.366,Yes,"E Fund Management Co., Ltd. - ChiNext Growth ETF"
159811.SZ,0.0394243592263089,0.12167284519082795,59.04,0.421,0.32401937477895704,1.920037106509429,1.92,Yes,Bosera CSI 5G Industry 50 ETF
159553.SZ,0.024477270638616905,0.07554724437796184,33.67,0.262,0.3239995163312304,1.5002066668587961,1.5,Yes,HFT CSI 2000 Enhanced Strategy ETF
002653.SZ,0.03751499661506904,0.1158377722618187,55.57,0.401,0.32385806358807506,0.6934492834838165,0.693,Yes,"Haisco Pharmaceutical Group Co., Ltd."
200581.SZ,0.016655469658399733,0.05144473453006331,21.92,0.178,0.3237546040531436,0.39394479318021547,0.394,Yes,"Weifu High-Technology Group Co., Ltd."
159373.SZ,0.035271467362533004,0.10895761733737824,51.58,0.377,0.3237173152687235,2.299078029451369,2.299,Yes,Harvest SZSE ChiNext 50 ETF
600323.SS,0.020969862751987648,0.06483811762904594,28.28,0.225,0.3234187468544529,0.34626178182351,0.346,Yes,"Grandblue Environment Co., Ltd."
002170.SZ,0.02894154833194286,0.08982655741565118,40.83,0.311,0.3221936714998737,0.742214761352422,0.742,Yes,"Shenzhen Batian Ecotypic Engineering Co., Ltd."
688611.SS,0.04860085617681118,0.15104742201385635,76.73,0.523,0.3217589253019676,1.8613993294605218,1.861,Yes,"Hangzhou Kelin Electric Co., Ltd."
512190.SS,0.01747852872229184,0.054348683670521064,23.11,0.188,0.3215998537931888,1.0579701110858357,1.058,Yes,Zheshang Huijin CSIZJ Phoenix Action ETF
159383.SZ,0.035895504806952014,0.11166433910909328,52.68,0.387,0.32145898227976794,2.308963126374466,2.309,Yes,"Huatai-Pinebridge Fund Management Co., Ltd. - SZSE Chinext 50 Index ETF"
300870.SZ,0.08401926908043673,0.26240559941670166,163.3,0.909,0.32018855263455576,3.3022830820919897,3.302,Yes,"Shenzhen Honor Electronic Co., Ltd."
003010.SZ,0.055972719023665934,0.17540189661200234,92.23,0.608,0.319111253098251,1.1399331456451998,1.14,Yes,"Guangzhou Ruoyuchen Technology Co.,Ltd."
603993.SS,0.045050984195419815,0.14138579475818375,69.69,0.49,0.31863868836662007,1.4453823561256824,1.445,Yes,CMOC Group Limited
513780.SS,0.029696867316001217,0.09322206608697922,42.07,0.323,0.31856049283753346,0.6435566189891331,0.644,Yes,Invesco Great Wall Fund Management Corporation Limited - Hkconnect Innovative Drug ETF
002948.SZ,0.02174071081050411,0.0682995278653042,29.45,0.237,0.31831421812138583,0.5427555249962575,0.543,Yes,"Bank of Qingdao Co., Ltd."
561570.SS,0.018281647592457175,0.05747991289522639,24.28,0.199,0.31805280613039055,0.6440287955965481,0.644,Yes,Huatai-PineBridge CSI Oil and Gas Industry Exchange Traded Open Index Securities Investment Fund
588660.SS,0.04185107905463759,0.13164234628761962,63.56,0.456,0.3179150192537514,2.654660885982635,2.655,Yes,XINGYIN CSI STAR&CHINEXT 50 ETF
601899.SS,0.0382174110411828,0.1202830224816374,56.84,0.417,0.3177290547967161,0.7057941609043878,0.706,Yes,Zijin Mining Group Company Limited
180601.SZ,0.014155330824428016,0.04458983955565961,18.37,0.154,0.3174564197917446,-0.14497415071712655,0.145,No,China Asset Management Co Ltd - Credit Commercial Reit Fund
002128.SZ,0.029709956535042943,0.09366706701868745,42.1,0.324,0.3171867923345516,0.6262143275723371,0.626,Yes,Inner Mongolia Dian Tou Energy Corporation Limited
159511.SZ,0.032470430840207544,0.1028251399256948,46.73,0.356,0.31578299687869976,1.8682539536548486,1.868,Yes,China Southern CSI Cmunctn Srvcs ETF
603358.SS,0.042276941134694025,0.13396836159106482,64.36,0.464,0.3155740701207003,1.3711821781530622,1.371,Yes,"Huada Automotive Technology Corp.,Ltd"
159569.SZ,0.01829913684602656,0.05808193545816143,24.31,0.201,0.31505728419136625,0.10348531397898303,0.103,Yes,Invesco Great Wall Fund Management Co. Ltd - CNI HK Connect Dividend Low Volatility Index ETF
603040.SS,0.04535344443182189,0.1440339891333435,70.28,0.499,0.31488015228013067,1.817978299563526,1.818,Yes,"Hangzhou XZB Tech Co., Ltd"
589060.SS,0.03852531214172251,0.12258728752410562,57.4,0.425,0.3142684116747984,2.621800585957711,2.622,Yes,Tibet Eastmoney SSE STAR Comp PR ETF
560810.SS,0.013055987194296983,0.04168682663827936,16.84,0.144,0.31319215798278555,0.932292942780568,0.932,Yes,Rongtong CSI CT C-SOEs ESG ETF
159367.SZ,0.0340924256487008,0.10925766615322567,49.52,0.378,0.31203692014516154,2.3135222014969807,2.314,Yes,ChinaAMC SZSE ChiNext 50 ETF
588770.SS,0.05120486874852399,0.16426695608563607,82.07,0.569,0.31171740177513085,3.201642118740496,3.202,Yes,JPM SSE STAR Next Generation IT ETF
563990.SS,0.01691101917805795,0.05430006981278793,22.29,0.188,0.311436416865809,0.2881890867417006,0.288,Yes,Fullgoal CSI 800 FCF ETF
508011.SS,0.020054985085150016,0.0644085690405638,26.91,0.223,0.31137138091857947,-0.05871260836658832,0.059,No,Harvest Fund Management Co. Ltd. - Harvest Wumart Consumer Close-end Infrastructure Fund
560400.SS,0.016330405691344294,0.052473737009523735,21.46,0.182,0.31121102902163045,0.43916610111406523,0.439,Yes,Huatai-PB CSI All Shr Inv Bnk & Brk ETF
512080.SS,0.015615089369224212,0.0502364644505065,20.43,0.174,0.31083177409127516,1.2843553061777742,1.284,Yes,CICC CSI A500 ETF
588450.SS,0.03774574885062412,0.12191084107234319,55.99,0.422,0.30961765597388824,2.0212311633844777,2.021,Yes,CMF STAR 50-Component Enhcd Strategy ETF
301662.SZ,0.07724665933958472,0.24956726089209255,144.22,0.865,0.30952240715974555,4.221004569755709,4.221,Yes,"Ongoal Technology Co., Ltd."
002837.SZ,0.07706135253020734,0.24964140759595513,143.72,0.865,0.30868818307150075,3.494688376845874,3.495,Yes,"Shenzhen Envicool Technology Co., Ltd."
603516.SS,0.08299172660951493,0.26945214195951955,160.32,0.933,0.30800173272321946,3.00142934491021,3.001,Yes,"Beijing Tricolor Technology Co., Ltd"
589990.SS,0.03588216070948579,0.11653338268429522,52.66,0.404,0.3079131480006501,2.560670900255113,2.561,Yes,Huatai-PB SSE STAR Composite ETF
563860.SS,0.015550617354686389,0.05051671883302525,20.34,0.175,0.3078311045118827,1.284792592426003,1.285,Yes,HFT CSI A500 ETF
159376.SZ,0.015539062106379137,0.050537035008217046,20.33,0.175,0.3074787055444106,1.256234300901331,1.256,Yes,SPDB CSI A500 ETF
511090.SS,0.006227834350839733,0.02027685745834733,7.73,0.07,0.3071400173144648,-0.07965788452032425,0.08,No,PengYang Chinabond-30Y Treasury Bond ETF
600096.SS,0.02543042734036577,0.08285590813449786,35.17,0.287,0.30692352438024345,0.9869410999746104,0.987,Yes,"Yunnan Yuntianhua Co., Ltd."
159371.SZ,0.03384737605457433,0.1103787924314358,49.1,0.382,0.3066474574416038,2.302434612739792,2.302,Yes,Fullgoal SZSE ChiNext 50 ETF
301626.SZ,0.0622616733494367,0.20386003374569472,106.43,0.706,0.3054138283284356,1.9055115228512698,1.906,Yes,"Suzhou Tianmai Thermal Technology Co., Ltd."
159379.SZ,0.018218827055714117,0.05968862428931054,24.19,0.207,0.3052311436666312,1.417929373859589,1.418,Yes,Rongtong CSI A500 ETF
159335.SZ,0.019949455919652668,0.06572499653093992,26.75,0.228,0.3035292046042406,1.238707485579999,1.239,Yes,Rongtong CSI CT C-SOEs Tech Inno ETF
159040.SZ,0.05086081305615053,0.16759898540550333,81.36,0.581,0.3034673087852741,,,,Penghua CSI HKC Internet ETF
513030.SS,0.016106591752360386,0.05316855355135563,21.14,0.184,0.30293454827209076,0.1962068102961599,0.196,Yes,Huaan Global Leading DAX ETF QDII
300548.SZ,0.09133437792799408,0.30152733019466926,185.43,1.045,0.3029058024989895,3.1461587895216576,3.146,Yes,"EverProX Technologies Co., Ltd."
600066.SS,0.035139478915913444,0.11618971866544758,51.35,0.402,0.3024319132495085,0.3560091546044314,0.356,Yes,"Yutong Bus Co.,Ltd."
002979.SZ,0.0419931756182926,0.13885472306186994,63.82,0.481,0.30242525923717817,1.191610597451908,1.192,Yes,"China Leadshine Technology Co., Ltd."
159232.SZ,0.01615629078417094,0.053522108687456466,21.21,0.185,0.30186200021594733,0.36708629044738933,0.367,Yes,China Southern CSI All Share FCF ETF
501053.SS,0.0036720774166439153,0.012174148661274736,4.5,0.042,0.30162909282721195,0.11346147852505836,0.113,Yes,Orient Red Target Selected 3-year Regular Open Mixed Fund
159333.SZ,0.01644703077511352,0.05454650135373021,21.62,0.189,0.30152311086747224,0.41987380516633943,0.42,Yes,Wanjia CSI HKC Central-SOEs High Div ETF
562810.SS,0.01084622013705484,0.03605624321599034,13.82,0.125,0.3008139276208544,0.8937396642960018,0.894,Yes,Harvest SSE Conglomerates Enhanced Strategy ETF
161912.SZ,0.03257855336189156,0.10834839809821513,46.92,0.375,0.3006832951268916,1.7263379793594016,1.726,Yes,Wanjia Social Responsibility 18-month Regular Open Mixed Fund
603119.SS,0.05081900241049947,0.1690797602843011,81.27,0.586,0.30056230458955746,1.7683822207959197,1.768,Yes,"Zhejiang Rongtai Electric Material Co.,Ltd."
159049.SZ,0.03173345961179817,0.10563370310392835,45.48,0.366,0.30041036789723274,,,,ICBCCS CSI Nonferrous Metals Mining ETF
517900.SS,0.014375839708236767,0.04791513316622087,18.68,0.166,0.30002712626021505,0.0925084968867382,0.093,Yes,CMF CSI Banks AH Price Select ETF
159279.SZ,0.040520994320140453,0.13517781821438898,61.07,0.468,0.2997606771243716,2.8168217417590755,2.817,Yes,Huaan SZSE ChiNext AI ETF
501077.SS,0.027735072722604327,0.09269454517076571,38.86,0.321,0.29920932964835883,1.421857554100167,1.422,Yes,Fullgoal Fund management Co - FG SCI Tech Invt 3Y CLS MXD
000533.SZ,0.03825159079451376,0.12789653860897388,56.9,0.443,0.29908229894682886,0.48787366731996973,0.488,Yes,"Guangdong Shunna Electric Co., Ltd"
688018.SS,0.04786039476964645,0.16042776245997906,75.24,0.556,0.29832987779522196,1.4144314523511483,1.414,Yes,"Espressif Systems (Shanghai) Co., Ltd."
159235.SZ,0.015442547234744116,0.05182335256222093,20.19,0.18,0.297984334691648,0.3930707234642788,0.393,Yes,DaCheng CSI All Share FCF ETF
530800.SS,0.010778531913782346,0.036190983125728174,13.73,0.125,0.2978236837705546,0.9231105494244346,0.923,Yes,Yinhua SSE 180 ETF
588240.SS,0.03757934626287516,0.12637043807452608,55.69,0.438,0.29737450336852517,2.876000906891508,2.876,Yes,Penghua SSE STAR 200 ETF
000426.SZ,0.05581274320159696,0.18847093880399118,91.89,0.653,0.2961344786404546,1.595259935828008,1.595,Yes,"Inner Mongolia Xingye Silver & Tin Mining Co., Ltd"
605389.SS,0.04795418093882706,0.16212449776330137,75.43,0.562,0.2957861495357675,1.4542047934260653,1.454,Yes,"JiangSu Changling Hydraulic Co.,Ltd"
510410.SS,0.01917761745251469,0.06500994534950158,25.6,0.225,0.2949951326587559,1.08188266014455,1.082,Yes,Bosera SSE Natural Resource Index ETF
300440.SZ,0.04028912939219794,0.1367459452754677,60.64,0.474,0.2946275979959592,1.91602592201371,1.916,Yes,"Chengdu Yunda Technology Co., Ltd."
601918.SS,0.029508981116613032,0.1005643403268586,41.76,0.348,0.29343384564251757,0.5121345346296116,0.512,Yes,"China Coal Xinji Energy Co.,Ltd"
159562.SZ,0.03671557250996713,0.12517311392890138,54.14,0.434,0.2933183601298092,0.8776120871995184,0.878,Yes,ChinaAMC CSI SSH Gold Industry Eq ETF
688102.SS,0.05279649079329594,0.18017074624726684,85.41,0.624,0.29303586677072363,2.0037290081998984,2.004,Yes,"Shaanxi Sirui Advanced Materials Co., Ltd."
688820.SS,0.15769252582979776,0.5381352470280816,479.59,1.864,0.2930351184031788,3.9208804864162627,3.921,Yes,SJ Semiconductor Corporation
161133.SZ,0.03118786672795607,0.10648283111338631,44.56,0.369,0.292891036065206,1.4788399022441812,1.479,Yes,E Fund Management Co. Ltd - E Fund Advantage Return One-Year Closed Operation Mixed FOF (FOF-LOF)
688266.SS,0.03271240070320062,0.11186592150848317,47.15,0.388,0.2924250769321194,0.5233140588480288,0.523,Yes,"Suzhou Zelgen Biopharmaceuticals Co., Ltd."
000571.SZ,0.032230711693358345,0.11030718002692375,46.33,0.382,0.2921905145747673,1.0095215720137707,1.01,Yes,"Sundiro Holding Co., Ltd."
589800.SS,0.035045888133909776,0.12028930012830301,51.19,0.417,0.29134667918534,2.6438819726498535,2.644,Yes,E Fund SSE STAR Composite ETF
589500.SS,0.035268049576489394,0.12157566479169535,51.58,0.421,0.2900913569908647,2.682848764459109,2.683,Yes,ICBCCS SSE STAR Composite PR ETF
159326.SZ,0.025309522362521403,0.08726987647536115,34.98,0.302,0.290014417170248,1.3824686258147576,1.382,Yes,ChinaAMC CSI Grid Equipment Thematic ETF
588950.SS,0.03986070451881823,0.13745898129039685,59.85,0.476,0.28998253984298206,2.826693399458728,2.827,Yes,Invesco Great Wall Fund Management Co. Ltd. - SSE Science and Technology Innovation Board 50 ETF
600988.SS,0.045030690412204186,0.15548185456881575,69.65,0.539,0.2896202295572295,0.19911680445628516,0.199,Yes,Chifeng Jilong Gold Mining Group Limited
560380.SS,0.012785023840726125,0.04414491869375755,16.47,0.153,0.2896148462616612,1.071413279856484,1.071,Yes,China Southern CSI A100 ETF
159386.SZ,0.014632680162991189,0.05055384808021629,19.04,0.175,0.289447405463038,1.288722357777958,1.289,Yes,Maxwealth CSI A500 ETF
530050.SS,0.009011586833631496,0.03115444026187234,11.37,0.108,0.2892552958064255,0.7752646452585159,0.775,Yes,Tibet Eastmoney SSE 50 ETF
513290.SS,0.016727158780924237,0.057888087213856715,22.03,0.201,0.2889568404485171,-0.01731539479333187,0.017,No,China Universal NASDAQ Bio-Tch ETF(QDII)
159336.SZ,0.013673633374272362,0.04736440641746969,17.7,0.164,0.28869006092366095,0.16226757031857486,0.162,Yes,Rongtong CSI CT C-SOEs Div ETF
563390.SS,0.01522239369788184,0.05275053561666036,19.88,0.183,0.28857325371069986,0.3463474367246654,0.346,Yes,Huatai-PineBridge CSI All-Share Free Cash Flow ETF
589770.SS,0.03466035251355157,0.12028762865737469,50.51,0.417,0.2881456131476126,2.6486739111154756,2.649,Yes,CMF SSE STAR Composite ETF
301003.SZ,0.03725436089619506,0.12931858797312282,55.1,0.448,0.28808202656788906,1.6908994113680973,1.691,Yes,"Jiangsu Boiln Plastics Co., Ltd."
688506.SS,0.03768269858606628,0.13091483468212387,55.87,0.454,0.28784131819410813,0.6401651071437956,0.64,Yes,"Sichuan Biokin Pharmaceutical Co.,Ltd."
563780.SS,0.014654840053861208,0.05094108982501948,19.07,0.176,0.2876821070024213,0.33983297061248563,0.34,Yes,Founder Fubon CSI All Share FCF ETF
688205.SS,0.0740942634054703,0.25779279604827954,135.78,0.893,0.2874178974015779,2.908651182315126,2.909,Yes,"Wuxi Taclink Optoelectronics Technology Co., Ltd."
002602.SZ,0.04038209091143887,0.14079422541844466,60.81,0.488,0.28681638605150234,1.639987975082177,1.64,Yes,"Zhejiang Century Huatong Group Co.,Ltd"
601919.SS,0.026586841385145443,0.0927739908731165,37.01,0.321,0.28657645461762304,0.5080387346558556,0.508,Yes,"COSCO SHIPPING Holdings Co., Ltd."
516460.SS,0.01553690400051486,0.054233809212346516,20.32,0.188,0.28648004309787317,0.31578819172946593,0.316,Yes,Penghua CSI 800 FCF ETF
589860.SS,0.03476930338110126,0.12142947603354828,50.7,0.421,0.2863333065152589,2.66417285356617,2.664,Yes,TianHong SSE STAR Composite ETF
600301.SS,0.04666438238700301,0.1629765499718592,72.86,0.565,0.28632574683327416,1.7818177772016006,1.782,Yes,"Guangxi Huaxi Nonferrous Metal Co.,Ltd"
530280.SS,0.010434989731344544,0.036467872208451164,13.27,0.126,0.28614199566396176,0.9385122830764115,0.939,Yes,Ping An SSE 180 ETF
002851.SZ,0.06706581259752746,0.23478330529962146,117.92,0.813,0.28564983575787317,2.4900868005437644,2.49,Yes,"Shenzhen Megmeet Electrical Co., LTD"
589660.SS,0.034675738607637105,0.12139348219027371,50.54,0.421,0.2856474497805896,2.669262536795177,2.669,Yes,China Southern SSE STAR Composite ETF
159331.SZ,0.015012060689356739,0.05258031672902666,19.58,0.182,0.2855072320450557,0.2663959088336888,0.266,Yes,Guotai CSI HK Connect High Div Yield ETF
159360.SZ,0.014002292978104978,0.04914461068431978,18.16,0.17,0.28492021369441006,1.295492813927196,1.295,Yes,TianHong CSI A500 ETF
530680.SS,0.009833027586465426,0.03454675454541846,12.46,0.12,0.28462956118028365,0.8851612130105397,0.885,Yes,CIB SSE 180 ETF
688428.SS,0.03706118774398904,0.13036413484669807,54.76,0.452,0.2842897533709805,0.6240085350831518,0.624,Yes,InnoCare Pharma Limited
002895.SZ,0.02716720299641052,0.0955785670381688,37.94,0.331,0.2842394883945209,0.9594160263386634,0.959,Yes,Guizhou Chanhen Chemical Corporation
501075.SS,0.026480036995090613,0.0931789455786723,36.84,0.323,0.2841847676064669,1.5743520203353658,1.574,Yes,Wanjia Science & Technology Innovation 3Y Fund
517390.SS,0.028811991868631485,0.10138556878263512,40.62,0.351,0.2841823763932592,1.8280950713855852,1.828,Yes,TianHong CSI SHS Cloud Cmptng Indst ETF
600926.SS,0.016886242649909313,0.059471594199131374,22.26,0.206,0.283937951845857,0.16068232515259792,0.161,Yes,"Bank of Hangzhou Co., Ltd."
513690.SS,0.014655655284135012,0.051619749219502464,19.08,0.179,0.28391566223645964,0.4523174008078039,0.452,Yes,Bosera Hang seng HK Connect High Div ETF
562660.SS,0.0216819411643149,0.07639179688372166,29.36,0.265,0.2838255159427348,1.3958987671980048,1.396,Yes,ChinaAMC CSI 2000 ETF
508058.SS,0.014127446633494762,0.04981130026704104,18.33,0.173,0.2836193104327084,-0.007909391376320667,0.008,No,CICC Fund Management Co Ltd - CICC Xiamen Affordable Rental Housing Infrastructure - Fund
589900.SS,0.034478908938013995,0.12167694752210378,50.2,0.422,0.2833643483022992,2.674011603360653,2.674,Yes,Bosera SSE STAR Composite ETF
159362.SZ,0.014183254601649804,0.05013911613845967,18.41,0.174,0.2828780340379875,1.3197072200367268,1.32,Yes,ICBCCS CSI A500 ETF
300131.SZ,0.04918977760991106,0.1739822556614739,77.93,0.603,0.28272870369965836,1.9554855568564622,1.955,Yes,"Shenzhen Yitoa Intelligent Control Co.,Ltd."
002245.SZ,0.039660157655113916,0.140406449520168,59.48,0.486,0.282466779771517,1.5947988436722007,1.595,Yes,Jiangsu Azure Corporation
002066.SZ,0.024920099361951466,0.08825419747506738,34.36,0.306,0.28236729894905704,0.9455628980061193,0.946,Yes,"Ruitai Materials Technology Co., Ltd."
589890.SS,0.03379960479617647,0.1199570333929223,49.02,0.416,0.2817642604203541,2.647194558094276,2.647,Yes,IGW SSE STAR Composite PR ETF
300972.SZ,0.07079879523793967,0.25127898190153003,127.25,0.87,0.2817537491682609,0.28086741722626934,0.281,Yes,"Fujian Wanchen Food Group Co., Ltd."
688583.SS,0.04376643987587838,0.15566379647517942,67.2,0.539,0.2811600440623773,2.939912784369872,2.94,Yes,"Scantech (HANGZHOU) Co., Ltd."
589000.SS,0.03408092950505071,0.1213643214689432,49.5,0.42,0.2808150623885944,2.66496079320587,2.665,Yes,ChinaAMC SSE STAR Composite ETF
159709.SZ,0.02754411987538013,0.09817086595429969,38.55,0.34,0.28057325977141134,1.7589485051237546,1.759,Yes,ICBCCS SZSE Internet of Things 50 ETF
301629.SZ,0.06438504538196023,0.22957608655221895,111.44,0.795,0.28045188133005017,3.3704537974672433,3.37,Yes,"Sidea Semiconductor Equipment (Shenzhen) Co., Ltd."
605198.SS,0.05454474191961456,0.1948507576684141,89.14,0.675,0.27993086900095965,1.5292822463576614,1.529,Yes,"Yantai North Andre Juice Co., Ltd."
600711.SS,0.03574174285271334,0.1277547005879652,52.41,0.443,0.27976851488218585,1.3204818099859417,1.32,Yes,"Chengtun Mining Group Co., Ltd."
300467.SZ,0.03336429175560942,0.11945166637636673,48.27,0.414,0.2793120662752887,1.6779299760038908,1.678,Yes,"Sichuan Xunyou Network Technology Co., Ltd."
688011.SS,0.0502135230432636,0.1800178836671227,80.02,0.624,0.27893630355145804,1.6757575754640985,1.676,Yes,"Harbin Xinguang Optic-Electronics Technology Co.,Ltd."
159358.SZ,0.013851686080222922,0.049683804269567367,17.95,0.172,0.27879680881657937,1.3145266166555427,1.315,Yes,DaCheng CSI A500 ETF
510140.SS,0.024353886123560445,0.08744805275778335,33.48,0.303,0.27849546508504525,,,,ChinaAMC SSE Composite ETF
589080.SS,0.033507501348846676,0.12036487709215506,48.51,0.417,0.2783827156089089,2.63907466728205,2.639,Yes,China Universal SSE STAR Composite ETF
159738.SZ,0.028584298296249734,0.10299432322004087,40.24,0.357,0.27753275522944293,1.9054927325611994,1.905,Yes,Huatai-PB CSI SHS Cloud Cmptng Indst ETF
159357.SZ,0.013681465520167722,0.04931942469790632,17.71,0.171,0.27740521313802996,1.2979610767382492,1.298,Yes,Bosera CSI A500 ETF
600362.SS,0.03707743800087243,0.13385019213666863,54.79,0.464,0.2770069837704399,1.5712680148143907,1.571,Yes,Jiangxi Copper Company Limited
588870.SS,0.03844587947931353,0.13885429889086548,57.26,0.481,0.2768792884801544,2.8646477212772155,2.865,Yes,China Universal SSE STAR 50 ETF
516310.SS,0.012756701751239604,0.046078021088912485,16.43,0.16,0.27685003500094285,0.09712564624407671,0.097,Yes,E Fund CSI Bank ETF
159356.SZ,0.013701826098760165,0.04951535647089273,17.74,0.172,0.2767187207228265,1.29286756055605,1.293,Yes,Wanjia CSI A500 ETF
159690.SZ,0.025604213133011516,0.09260006459241248,35.44,0.321,0.27650318869334234,1.5319539968808535,1.532,Yes,CMF CSI Nonferrous Mtls Mng Thm ETF
563700.SS,0.00995017633111036,0.036037214441911956,12.62,0.125,0.27610836423411567,-0.14763470904254816,0.148,No,"E Fund Management Co., Ltd. - E Fund CSI Dividend Value ETF"
589880.SS,0.03343764222569154,0.12114900443723767,48.39,0.42,0.2760042674804993,2.647592704652541,2.648,Yes,CCB Principal SSE STAR Composite ETF
563900.SS,0.013980560212283194,0.050739157480677734,18.13,0.176,0.27553788644612814,0.034161428433329394,0.034,Yes,JPM CSI 300 Free Cash Flow ETF
605319.SS,0.032312532915522496,0.11729241130486025,46.47,0.406,0.2754869863791739,0.9942612023250925,0.994,Yes,"Wuxi Zhenhua Auto Parts Co.,Ltd."
160128.SZ,0.0019923038871078017,0.007238411410650044,2.42,0.025,0.2752404877369195,-0.01598809740935504,0.016,No,China Southern Jin Li Periodic Open Bond Fund
589600.SS,0.03363671807461038,0.12221551600728327,48.74,0.423,0.27522461282744043,2.6631626398833497,2.663,Yes,Fullgoal SSE STAR Composite PR ETF
002774.SZ,0.02768557896016936,0.10063486815221435,38.78,0.349,0.2751092088508904,0.9138329861667308,0.914,Yes,"IFE Elevators Co., Ltd."
002052.SZ,0.07898390794752777,0.287488535351784,148.99,0.996,0.274737592060426,-0.6184771543460936,0.618,No,"Shenzhen Coship Electronics Co., Ltd."
688322.SS,0.04732512512428281,0.17259192444665059,74.17,0.598,0.2742024302470267,1.7908460558075763,1.791,Yes,Orbbec Inc.
000429.SZ,0.019199023202859333,0.07013852141553459,25.63,0.243,0.2737300817779579,-0.15728542830270545,0.157,No,"Guangdong Provincial Expressway Development Co., Ltd."
601009.SS,0.0168373637871736,0.06156543653112924,22.19,0.213,0.27348728013420565,-0.03982531712803539,0.04,No,"Bank of Nanjing Co., Ltd."
605298.SS,0.058966694567626605,0.21595954981603216,98.88,0.748,0.27304508931352245,2.0756286979577023,2.076,Yes,"Jiangsu Bide Science and Technology Co.,Ltd."
508033.SS,0.006087867290240631,0.022304223741199582,7.56,0.077,0.27294683558053334,-0.04633016831914212,0.046,No,E Fund Shenzhen Expressway Closed Infrastructure Securities Investment Fund
563090.SS,0.016464341564041245,0.060358159415954835,21.65,0.209,0.27277739618562863,1.1447289197741755,1.145,Yes,E Fund SSE50 Index Enhanced Fund
159726.SZ,0.014733457740316393,0.054042028709463875,19.19,0.187,0.2726296198006397,0.5424496594666681,0.542,Yes,ChinaAMC Hang Seng SCHK Chinese Mainland Companies High Dividend Yield ETF
563520.SS,0.010952339045537498,0.04021374690970771,13.96,0.139,0.2723531102468239,1.0452124864387897,1.045,Yes,Maxwealth CSI300 ETF
506000.SS,0.02513462659887618,0.09244289252121958,34.7,0.32,0.27189355409997273,1.6009954267238113,1.601,Yes,Southern Fund Management Co - Science and Technology Innovation Board ETF
512020.SS,0.013237763943107054,0.048739796161799034,17.09,0.169,0.27160072436828253,1.285638277056642,1.286,Yes,Penghua CSI A500 ETF
301280.SZ,0.03562692836151516,0.13126365712791838,52.21,0.455,0.2714150218045212,1.9894315618809129,1.989,Yes,"Zhejiang ZUCH Technology Co., Ltd"
688433.SS,0.057050650275541674,0.2102079925443157,94.6,0.728,0.2714009566668325,2.330751074021304,2.331,Yes,"Farsoon Technologies Co., Ltd."
589550.SS,0.02546982942097696,0.09390405147731541,35.23,0.325,0.2712324869937029,1.9131933735725613,1.913,Yes,ChinaAMC SSE STAR Value 50 Stgy Cstm ETF
589680.SS,0.032343872958846526,0.11931111239843768,46.52,0.413,0.27108852066381417,2.612916933618482,2.613,Yes,Penghua SSE STAR Composite ETF
300731.SZ,0.0519522032176437,0.1919049500300104,83.63,0.665,0.2707184114298215,2.1701820269538206,2.17,Yes,"Shenzhen Cotran New Material Co.,Ltd."
159800.SZ,0.015522479079706662,0.05738149747310913,20.3,0.199,0.2705136631713212,1.1877331359626884,1.188,Yes,Penghua CSI 800 ETF
159909.SZ,0.029548891268039057,0.1092703131022718,41.83,0.379,0.27042012079147887,1.8798584790498007,1.88,Yes,SZSE Electronic Info And Media Indus (TMT) 50 Exchange Trade Fund
159036.SZ,0.007099089563143292,0.026261023559158714,8.86,0.091,0.2703279842520622,,,,Hwabao WP CSI All Share Software Dev ETF
515020.SS,0.012679133639320052,0.04696241594695019,16.32,0.163,0.2699846969892411,0.1262316976649186,0.126,Yes,ChinaAMC CSI Bank ETF
603308.SS,0.04909086185185808,0.18194796491460388,77.73,0.63,0.2698071499447579,1.6665218842236427,1.667,Yes,"Anhui Yingliu Electromechanical Co., Ltd."
159303.SZ,0.024822565612740693,0.09202563970924571,34.21,0.319,0.2697353225814827,0.9961416894750705,0.996,Yes,DaCheng Hang Seng Healthcare ETF (QDII)
603893.SS,0.04710942092650079,0.17470022106326352,73.74,0.605,0.26965862229470927,1.461319363765831,1.461,Yes,"Rockchip Electronics Co., Ltd."
159222.SZ,0.016571266405106193,0.061552913773855404,21.8,0.213,0.269219853116764,0.28510856047459254,0.285,Yes,"E Fund Management Co., Ltd - E Fund CNI Free Cash Flow Index ETF"
180503.SZ,0.012791374855107097,0.04757731167405173,16.48,0.165,0.26885451079581296,-0.7506107588130727,0.751,No,"AVIC Fund Management Co., Ltd. - Beijing Changbao Rental Housing Clo Reit"
530180.SS,0.01028719458769625,0.038330686249268324,13.07,0.133,0.2683801307599239,0.9875701220341839,0.988,Yes,"E Fund Management Co., Ltd. - E Fund SSE 180 ETF"
515290.SS,0.012373494934859338,0.04610617283247938,15.9,0.16,0.268369595104256,0.09962136372094688,0.1,Yes,TianHong CSI Bank ETF
000880.SZ,0.04691456089420517,0.17490620825295441,73.35,0.606,0.26822696211192215,1.7211745663162448,1.721,Yes,"Weichai Heavy Machinery Co., Ltd."
600901.SS,0.01593275713055244,0.05944745359106973,20.89,0.206,0.26801412286136805,0.3464001354895678,0.346,Yes,"Jiangsu Financial Leasing Co., Ltd."
603091.SS,0.030650237302678768,0.1144792854149908,43.66,0.397,0.2677360990817749,1.280473098166148,1.28,Yes,"Zhejiang Zhongxin Environmental Protection Technology Group Co., Ltd."
513530.SS,0.014551655655668072,0.05435375158355559,18.93,0.188,0.2677212746446483,0.3308755499497569,0.331,Yes,Huatai-PB CSI HK Cnt HDY Invst ETF(QDII)
000007.SZ,0.041370793083710944,0.15480924461569293,62.65,0.536,0.2672372259577398,1.7338401436221316,1.734,Yes,"Shenzhen Quanxinhao Co., Ltd."
300100.SZ,0.05303267301042365,0.19867081261430372,85.91,0.688,0.26693741427121664,2.1232165918677444,2.123,Yes,"Shuanglin Co., Ltd."
560510.SS,0.012997032037090038,0.04874964402777167,16.76,0.169,0.2666077321443803,1.3115971379603084,1.312,Yes,TK CSI A500 ETF
515580.SS,0.020767864064637057,0.07794562113051277,27.97,0.27,0.2664404204293039,1.4240379556889384,1.424,Yes,Huatai-PB CSI Technical 100 ETF
601138.SS,0.05288647553280314,0.19855999140628433,85.6,0.688,0.2663501098999811,2.667873804711592,2.668,Yes,"Foxconn Industrial Internet Co., Ltd."
159545.SZ,0.014012463985282086,0.05263302374662548,18.17,0.182,0.26622950740466406,0.27462257377405197,0.275,Yes,E Fund Management Co Ltd - Hang Seng HK Stock Connect High Dividend Low Volatility Index ETF
000680.SZ,0.02960087812520982,0.11118717879257853,41.91,0.385,0.26622564262045656,0.6927954433142763,0.693,Yes,"Shantui Construction Machinery Co., Ltd."
159233.SZ,0.014351729480777169,0.0539586509757565,18.65,0.187,0.2659764323467866,0.3289498530668255,0.329,Yes,Ping An CSI All Share FCF ETF
159361.SZ,0.013148623982195488,0.04945599418961912,16.97,0.171,0.26586512307855703,1.2923991744184098,1.292,Yes,E Fund CSI A500 ETF
563800.SS,0.013059283934069077,0.04913721246985794,16.85,0.17,0.26577177006286196,1.286567362425259,1.287,Yes,GF CSI A500 ETF
600114.SS,0.04156185295135492,0.1564317764935861,63.01,0.542,0.26568676699173716,1.768682779486505,1.769,Yes,"NBTM New Materials Group Co., Ltd."
603099.SS,0.042882668001318514,0.16170941521622972,65.51,0.56,0.26518349561760496,-0.01839292441809169,0.018,No,"Changbai Mountain Tourism Co., Ltd."
159606.SZ,0.018444543041038406,0.06962414642980937,24.52,0.241,0.2649158946549244,1.3954982915585448,1.395,Yes,E Fund CSI 500 Quality and Growth ETF
159687.SZ,0.01849962572220303,0.07003654625354909,24.6,0.243,0.2641424614976008,0.3320292629108336,0.332,Yes,China Southern Asset Management CSOP FTSE Asia Pacific Low Carbon Selected ETF
600350.SS,0.01586962654666259,0.06012924912840552,20.8,0.208,0.26392524065572703,-0.23734293527520986,0.237,No,Shandong Hi-speed Company Limited
516650.SS,0.02401141232821967,0.0910292551020235,32.94,0.315,0.26377687372381803,1.4970634489325683,1.497,Yes,ChinaAMC CSI Non-ferrous Metal ETF
512730.SS,0.011905667000408621,0.04513946389305595,15.26,0.156,0.2637529552547507,0.09677219505369442,0.097,Yes,Penghua CSI Bank ETF
512050.SS,0.013060730795073416,0.04952140574994418,16.85,0.172,0.2637390962005988,1.2961145466711907,1.296,Yes,ChinaAMC CSI A500 ETF
159555.SZ,0.022453515483120797,0.08517326435763592,30.53,0.295,0.26362163822722856,1.5189253502183715,1.519,Yes,Yinhua CSI 2000 Enhanced Strategy ETF
688411.SS,0.10220117928605406,0.3877317624255425,221.46,1.343,0.2635873281226995,1.8610939904818915,1.861,Yes,"Beijing HyperStrong Technology Co., Ltd."
510170.SS,0.018053372793251303,0.06850204662006357,23.95,0.237,0.2635450133830549,1.2373625063047808,1.237,Yes,CPIC SSE Bulk Stock Shares Exchange Trade Fund
688800.SS,0.05516510002169246,0.20938712931390716,90.48,0.725,0.2634598420755391,2.7046931133709373,2.705,Yes,"Suzhou Recodeal Interconnect System Co.,Ltd"
300192.SZ,0.03800116551580444,0.1443568336813967,56.45,0.5,0.2632446594088857,1.5439711242110556,1.544,Yes,"Suzhou Kingswood Education Technology Co., Ltd."
603049.SS,0.014901934629888957,0.056611155878060086,19.42,0.196,0.26323318078838714,0.3263917674973644,0.326,Yes,"Zhongce Rubber Group Co., Ltd."
159353.SZ,0.012574881581332732,0.047788422187117076,16.18,0.166,0.26313657170130844,1.2774893857473966,1.277,Yes,"Invesco Great Wall Fund Management Co., Ltd. - CSI A500 Index ETF"
002545.SZ,0.03769534193356355,0.14336592429096337,55.9,0.497,0.26293097275375055,1.0013469822866186,1.001,Yes,Qingdao East Steel Tower Stock Co.Ltd
520700.SS,0.025325457266261536,0.09644501915137943,35.0,0.334,0.26258958201367427,0.7328069737512125,0.733,Yes,Wanjia CSI HKC Innovative Drug ETF
159330.SZ,0.017704109668798918,0.0674527179150228,23.44,0.234,0.2624669578341176,1.3393659579598591,1.339,Yes,Tibet Eastmoney CSI 300 ETF
301160.SZ,0.04653970301236632,0.1773367002429168,72.61,0.614,0.2624369515651073,2.4477836826844346,2.448,Yes,"Suzhou Xianglou New Material Co., Ltd."
561870.SS,0.01378095290187735,0.05264943456347486,17.85,0.182,0.26174930492867593,0.3570913507113389,0.357,Yes,Harfor CSI All Share FCF ETF
159980.SZ,0.01035974032442244,0.03963334384467016,13.17,0.137,0.2613895099294178,0.3660304153652478,0.366,Yes,DaCheng Color Metal Futures ETF
512700.SS,0.012329574775595554,0.04722243553483232,15.84,0.164,0.2610956981772146,0.1321173900206457,0.132,Yes,China Southern CSI Banks ETF
560610.SS,0.012671340042725738,0.04853579636967125,16.31,0.168,0.26107205383455345,1.3044688098498058,1.304,Yes,CMF CSI A500 ETF
601825.SS,0.01813682514170431,0.06957092241324621,24.07,0.241,0.26069548185624003,0.04093534897463172,0.041,Yes,"Shanghai Rural Commercial Bank Co., Ltd."
512370.SS,0.011886971341701814,0.04560088263297583,15.23,0.158,0.2606741504846634,1.1592759356516364,1.159,Yes,ChinaAMC CSI A500 Enhanced Strategy ETF
563880.SS,0.013040024276661804,0.05002680035883048,16.82,0.173,0.2606607694901288,1.313609456250324,1.314,Yes,China Universal CSI A500 ETF
512400.SS,0.024286238429495715,0.09321304332895157,33.37,0.323,0.26054549408701166,1.5983831165401816,1.598,Yes,China Southern CSI SWS Non-Ferrous Mtl ETF
300018.SZ,0.02407143479205671,0.0925039306012374,33.03,0.32,0.2602206699283188,1.1790956615796393,1.179,Yes,"Wuhan Zhongyuan Huadian Science & Technology Co.,Ltd."
561230.SS,0.012843933523567845,0.04937386208626067,16.55,0.171,0.2601362944046855,0.9743225326905376,0.974,Yes,ICBCCS Credit Suisse CSI A50 ETF
601998.SS,0.019290473648507257,0.07421228147611753,25.77,0.257,0.25993640492935366,0.12101972481991716,0.121,Yes,China CITIC Bank Corporation Limited
159652.SZ,0.02404083318080437,0.09251240782854564,32.99,0.32,0.25986604116238693,1.5510980866800836,1.551,Yes,China Universal CSI Sub N-Frous Mtal ETF
159302.SZ,0.013775433899049937,0.05309170616155036,17.84,0.184,0.25946489376576615,0.24172137360510543,0.242,Yes,Yinhua CSI HK Connect HDY ETF
159359.SZ,0.012811947621019141,0.04939438878900259,16.51,0.171,0.2593806287541644,1.29786657945017,1.298,Yes,Huaan CSI A500 ETF
000685.SZ,0.017270001667424033,0.06658555816139518,22.81,0.231,0.25936557632457896,1.0140302892562423,1.014,Yes,"Zhongshan Public Utilities Group Co.,Ltd"
563830.SS,0.014206131929387326,0.05488382378817489,18.44,0.19,0.25884005429753126,0.3378486053219561,0.338,Yes,Bosera CSI All Share FCF ETF
563220.SS,0.012618647456184457,0.04878753256944325,16.24,0.169,0.25864491995415656,1.3022822344121077,1.302,Yes,Fullgoal CSI A500 ETF
300836.SZ,0.03830537802567718,0.1485323996752371,57.0,0.515,0.2578924067033931,0.9530218780565083,0.953,Yes,"Kunshan TopA Intelligent Equipment Co.,Ltd"
512820.SS,0.012148269422109692,0.04711986273276594,15.59,0.163,0.2578163160407957,0.11270316482634507,0.113,Yes,China Universal CSI Bank ETF
159338.SZ,0.01241462388696481,0.04818733200820735,15.96,0.167,0.2576325222747408,1.291211197491375,1.291,Yes,Guotai CSI A500 ETF
560500.SS,0.017387994516570044,0.06769887271948116,22.98,0.235,0.25684319129831595,1.339588766165349,1.34,Yes,PengYang CSI 500 Quality Growth ETF
000737.SZ,0.041539824226580355,0.16173980840659874,62.97,0.56,0.2568311699872497,1.6336073586400097,1.634,Yes,"North Copper Co., Ltd."
159207.SZ,0.013227878098145462,0.05155670456043348,17.08,0.179,0.2565695036353628,0.02706734071250891,0.027,Yes,GF CSI High Div Strategy Custom ETF
000612.SZ,0.031934751139224456,0.12452785154244632,45.82,0.431,0.25644665625937696,1.501545654482905,1.502,Yes,"JiaoZuo WanFang Aluminum Manufacturing Co., Ltd"
560530.SS,0.012331929420301297,0.04810534385513193,15.84,0.167,0.25635258854896875,1.2820164645809367,1.282,Yes,JPM CSI A500 ETF
159352.SZ,0.012469898222403304,0.048704715197387886,16.03,0.169,0.2560306157600134,1.3024179043712636,1.302,Yes,China Southern CSI A500 ETF
002392.SZ,0.03031276490938608,0.11844303630611544,43.1,0.41,0.25592694897691487,1.405809490370504,1.406,Yes,"Beijing Lier High-temperature Materials Co.,Ltd."
300677.SZ,0.034778122525147545,0.1359647386126502,50.72,0.471,0.25578780851575716,0.014903292665551071,0.015,Yes,"Intco Medical Technology Co., Ltd."
159225.SZ,0.015310723766936719,0.05995444003098412,20.0,0.208,0.25537264227677253,0.26655485853074,0.267,Yes,Yinhua CNI Free Cash Flow ETF
513620.SS,0.02432632748855606,0.09536348287021285,33.43,0.33,0.25509059397152617,0.02683010115009299,0.027,Yes,Yinhua CSI HKC Medical Treatment Thm ETF
301389.SZ,0.06638958850317299,0.2606433809706311,116.27,0.903,0.2547142699574391,2.940394305564136,2.94,Yes,"Long Young Electronic (Kunshan) Co., Ltd."
688191.SS,0.039400207089654,0.15474844575524666,59.0,0.536,0.2546080957218154,1.4537434803384552,1.454,Yes,"Zhiyang Innovation Technology Co., Ltd."
560860.SS,0.02495462983083398,0.09803169790085416,34.42,0.34,0.25455674404489276,1.7055855598106238,1.706,Yes,Wanjia CSI Industry Non-ferrous Metal Theme ETF
159887.SZ,0.012054392545644005,0.04744797717013402,15.46,0.164,0.2540549305699718,0.09005447723196772,0.09,Yes,Fullgoal CSI 800 Bank ETF
159236.SZ,0.01359810048682009,0.05353398767148633,17.6,0.185,0.2540087349790834,0.30339578170491804,0.303,Yes,ICBCCS CSI All Share FCF ETF
600580.SS,0.04588051139972954,0.18113275944561938,71.31,0.627,0.2532977002070353,1.508264840713579,1.508,Yes,"Wolong Electric Group Co.,Ltd."
563360.SS,0.01230128534270445,0.04858240269015408,15.8,0.168,0.25320454859260144,1.2959357814362866,1.296,Yes,"Huatai-Pinebridge Fund Management Co., Ltd - A500 Fund"
159339.SZ,0.012391929263894473,0.04894307885778489,15.93,0.17,0.25319063600191577,1.3108580030311932,1.311,Yes,Yinhua CSI A500 ETF
513400.SS,0.010572220641878953,0.04176096072133342,13.45,0.145,0.2531603789583839,0.20913760132903056,0.209,Yes,Penghua Dow Jones Idstrl Avrg ETF (QDII)
159819.SZ,0.03069301401331409,0.12128075903214866,43.73,0.42,0.2530740593829735,2.177937456739091,2.178,Yes,E Fund Artificial Intelligence Theme ETF
603011.SS,0.07190903254028208,0.2845735830598523,130.09,0.986,0.2526904703067887,2.4065622175177004,2.407,Yes,"Hefei Metalforming Intelligent Manufacturing Co., Ltd."
563680.SS,0.013419084362884248,0.05310885470539751,17.35,0.184,0.2526713188849929,0.3075923436497064,0.308,Yes,China Universal CSI 800 FCF ETF
517520.SS,0.03020897744659749,0.1195877239346512,42.92,0.414,0.252609351969147,0.9168492561370531,0.917,Yes,Maxwealth CSI SHSZHK Gold Idsty Eq ETF
159229.SZ,0.013648598482609641,0.054045848856127114,17.67,0.187,0.2525374061372026,0.23228975830266152,0.232,Yes,GF CSI 800 FCF ETF
603296.SS,0.03347822044794092,0.1326845851868004,48.46,0.46,0.252314316699325,1.537948173261071,1.538,Yes,"Huaqin Co., Ltd."
600629.SS,0.05418766402192957,0.2148249725278815,88.37,0.744,0.2522409912790596,0.13093513496980017,0.131,Yes,Arcplus Group PLC
561080.SS,0.013421830929446748,0.05322939500626482,17.35,0.184,0.25215073227616186,0.3870214864460669,0.387,Yes,Huaan CSI All Share FCF ETF
600113.SS,0.06238275748735783,0.24757583202892097,106.72,0.858,0.2519743424716452,2.2826871445847337,2.283,Yes,Zhejiang Dongri Limited Company
688981.SS,0.03586300573685453,0.142345934249882,52.63,0.493,0.25194260676176816,1.5277689372513141,1.528,Yes,Semiconductor Manufacturing International Corporation
688767.SS,0.025500986596617897,0.10122626971183966,35.28,0.351,0.25192063946652815,0.879143751907391,0.879,Yes,"Hangzhou Biotest Biotech Co.,Ltd."
603360.SS,0.03862842372553043,0.15479027448736843,57.59,0.536,0.24955329947866123,1.2818225220475412,1.282,Yes,Dalian BIO-CHEM Company Limited
300689.SZ,0.04371402119984239,0.17555244853974256,67.1,0.608,0.24900832522393537,1.7101583505270006,1.71,Yes,"Shenzhen Chengtian Weiye Technology Co., Ltd."
513950.SS,0.012523383152327866,0.0502951900951992,16.11,0.174,0.24899763036233666,0.3694160211258932,0.369,Yes,Fullgoal Hang Seng SCHK High Dividend Low Volatility Index ETF (QDII)
002532.SZ,0.03170316639013853,0.1273388556765847,45.43,0.441,0.24896694902503483,0.9701283050796421,0.97,Yes,"Tianshan Aluminum Group Co.,Ltd"
562890.SS,0.012524695723950563,0.05032836598184991,16.11,0.174,0.24885957411109647,0.9832013901548936,0.983,Yes,Harvest CSI A50 ETF
688213.SS,0.031112898663883566,0.1251027656766231,44.44,0.433,0.24869872776679447,1.3850163487382248,1.385,Yes,"Smartsens Technology (Shanghai) Co., Ltd."
510040.SS,0.008894227661229739,0.03576661594462194,11.21,0.124,0.24867400581035742,0.9030750397261798,0.903,Yes,Penghua SSE 180 ETF
516210.SS,0.01215279896375055,0.048895964999446116,15.6,0.169,0.24854400488646075,0.17966206170954652,0.18,Yes,Huaan CSI Bank ETF
159309.SZ,0.015339654351178485,0.06174118223036481,20.04,0.214,0.2484509333485733,0.5422424006971194,0.542,Yes,China Universal CSI Oil And Gas Rsc ETF
601838.SS,0.01576149464185608,0.06345482835656285,20.64,0.22,0.24838920930161082,0.31331816820384456,0.313,Yes,"Bank of Chengdu Co., Ltd."
688325.SS,0.04986362169365035,0.20112971141894814,79.31,0.697,0.24791773100984407,1.7353554117436925,1.735,Yes,"Guangdong Cellwise Microelectronics Co., Ltd."
300478.SZ,0.047376497695620794,0.19143899207967996,74.27,0.663,0.24747569542103492,1.6519920850199317,1.652,Yes,"Hangzhou Gaoxin Materials Technology Co., Ltd."
688110.SS,0.07166860699258691,0.2900988267158339,129.47,1.005,0.24704893778419118,3.097481890230666,3.097,Yes,"Dosilicon Co., Ltd."
588320.SS,0.02832140978801619,0.11475907893579765,39.81,0.398,0.24679014550004097,2.0544323283923216,2.054,Yes,GF CSI STAR&CHINEXT 50 Enhanced ETF
688215.SS,0.04459077454736362,0.18078381746971822,68.79,0.626,0.24665246686049594,1.9225301446241962,1.923,Yes,"Zhejiang Risun Intelligent Technology Co.,Ltd"
506008.SS,0.022718442379416177,0.09210943815836184,30.94,0.319,0.2466461942842039,1.512449153203163,1.512,Yes,Great Wall Science And Technology Innovation Board Fund
002083.SZ,0.034339671249726485,0.13939732127493654,49.95,0.483,0.24634383886041514,0.24198547897160438,0.242,Yes,"Sunvim Group Co.,Ltd"
160325.SZ,0.023762726735561613,0.09652150035017425,32.55,0.334,0.24619102116473385,1.7880952482457082,1.788,Yes,China Asset management Company - China Amc Chinext 2 Year Regular Open Mixed Fund
560670.SS,0.0257172306849207,0.10465420507015726,35.62,0.363,0.24573528285538634,-1.6659505424453176,1.666,No,Huatai-PB CSI Banks ETF
603920.SS,0.03728684041029925,0.15179863622409723,55.16,0.526,0.2456335665312134,2.0679735978022133,2.068,Yes,"Olympic Circuit Technology Co., Ltd"
600671.SS,0.03244828958968669,0.13213835294827583,46.7,0.458,0.24556299413228064,0.1118000180010334,0.112,Yes,"Hangzhou TianMuShan Pharmaceutical Enterprise Co.,Ltd"
561300.SS,0.012057861469787512,0.049106224005654474,15.47,0.17,0.245546500753124,1.031406606059782,1.031,Yes,Guotai CSI 300 Enhanced Strategy ETF
000973.SZ,0.044758406831153806,0.18232213161667563,69.12,0.632,0.24549080484236777,0.22122623530910857,0.221,Yes,"FSPG Hi-Tech CO., Ltd."
159337.SZ,0.017259916215672386,0.07037647894802863,22.8,0.244,0.24525120428969494,1.8358838474943724,1.836,Yes,Tibet Eastmoney CSI 500 ETF
588360.SS,0.02902862701045509,0.11852096407989089,40.97,0.411,0.24492398653530942,2.1273070130291964,2.127,Yes,Guotai CSI STAR&CHINEXT 50 ETF
605488.SS,0.041038062613256966,0.16761068052773723,62.03,0.581,0.24484157264945738,0.7045183365385654,0.705,Yes,"Zhejiang Fulai New Materials Co., Ltd."
561580.SS,0.011169190072620419,0.04564019152158523,14.26,0.158,0.24472268192253366,0.3738865675771499,0.374,Yes,Huatai-PB CSI Central Enterprise Div ETF
516720.SS,0.011135117053350041,0.04551078201171189,14.21,0.158,0.2446698685705839,0.9417790960517505,0.942,Yes,SPDB CSI ESG 120 Strategy ETF
517000.SS,0.011088013357541145,0.04532513821010826,14.15,0.157,0.24463275337720503,0.8824020639306008,0.882,Yes,Yinhua CSI SHS 500 ETF
159502.SZ,0.017751730995706694,0.07258893942100905,23.51,0.251,0.24455145835301872,0.19691634429722082,0.197,Yes,Harvest S&P Biotech Slct Sctr ETF (QDII)
301489.SZ,0.07116575293994012,0.2911817269788956,128.18,1.009,0.24440322433109996,3.1807162144902854,3.181,Yes,"GuangDong Suqun New Material Co.,Ltd."
603129.SS,0.03116915303137796,0.12766461480577032,44.53,0.442,0.24414872577494467,0.9178811297585956,0.918,Yes,"Zhejiang Cfmoto Power Co.,Ltd"
301326.SZ,0.05686405282588909,0.23299450528187146,94.19,0.807,0.2440574843475225,2.0099857541814274,2.01,Yes,"J.Pond Precision Technology Co., Ltd."
301557.SZ,0.04004412166775146,0.16418151156147953,60.18,0.569,0.24390152878301713,0.8858962817033115,0.886,Yes,"Cytech Group Co., Ltd."
530580.SS,0.009516815509625636,0.0390361830255565,12.04,0.135,0.24379472509889338,1.0217421045378319,1.022,Yes,China Southern SSE 180 ETF
605178.SS,0.06394012178899303,0.2622770727641771,110.38,0.909,0.243788452856815,1.7683464850779878,1.768,Yes,"Beijing New Space Technology Co., Ltd."
300953.SZ,0.04738963320409354,0.1947120834135967,74.3,0.675,0.24338311404860832,1.683485759966206,1.683,Yes,"Ningbo Zhenyu Technology Co., Ltd."
600268.SS,0.02294437181191032,0.09429364591524524,31.29,0.327,0.2433289283620829,0.938624019777827,0.939,Yes,"Guodian Nanjing Automation Co., Ltd."
301529.SZ,0.0597216012843191,0.2454866351100221,100.59,0.85,0.24327842229599625,2.780227724191037,2.78,Yes,"WuHu Foresight Technology Co.,Ltd."
300469.SZ,0.05091535114907464,0.20929726037719115,81.47,0.725,0.24326812045850985,1.6057731560978319,1.606,Yes,Transportation Telecommunication & Information Development Inc.Ltd.Zhejiang
512770.SS,0.025143521623945824,0.10336385175933689,34.72,0.358,0.24325256069682602,1.8046609353368939,1.805,Yes,ChinaAMC Strategy New Comp Index ETF
588840.SS,0.03397429500658371,0.13968263163012462,49.32,0.484,0.2432249064189069,2.8091342681944695,2.809,Yes,Wanjia SSE STAR 50 ETF
002611.SZ,0.04721815231061147,0.19420634497031652,73.96,0.673,0.2431339321989121,1.8331148145463376,1.833,Yes,"Guangdong Dongfang Precision Science & Technology Co., Ltd."
002246.SZ,0.032688368905522756,0.13463875916242055,47.11,0.466,0.242785726107958,0.5090038417585377,0.509,Yes,"North Chemical Industries Co., Ltd."
603175.SS,0.032060805484994986,0.1320701059466934,46.04,0.458,0.24275596097375343,1.796444324878467,1.796,Yes,"Dynamic Electronics Co., Ltd."
600710.SS,0.015538888338301764,0.06405222767451536,20.33,0.222,0.24259715707724347,0.42372393226038096,0.424,Yes,Sumec Corporation Limited
159602.SZ,0.013477216293125524,0.05562387275039571,17.43,0.193,0.24229194456852426,1.0770101383626176,1.077,Yes,China Southern MSCI China A 50 Cnct ETF
563030.SS,0.018326696415214675,0.0756471473086615,24.35,0.262,0.24226553237277584,1.5600821874900705,1.56,Yes,E Fund CSI 500 Enhanced Strategy ETF
600259.SS,0.03705363837870622,0.15304232999615153,54.74,0.53,0.24211365822539416,2.058415097051255,2.058,Yes,"Rising Nonferrous Metals Share Co.,Ltd."
000630.SZ,0.030743255986914457,0.12698682644566806,43.82,0.44,0.24209799431493087,1.759433005149147,1.759,Yes,"Tongling Nonferrous Metals Group Co.,Ltd."
159322.SZ,0.03022469693550042,0.12486227177047862,42.95,0.433,0.2420642881707242,0.8890785646768457,0.889,Yes,Ping An CSI SSH Gold Industry Equity ETF
301127.SZ,0.042865928302866,0.1771550297830728,65.48,0.614,0.24196845189976002,1.2063480514473428,1.206,Yes,"Wuhan Tianyuan Group Co., Ltd."
000977.SZ,0.03193453439134171,0.13205963785047034,45.82,0.457,0.241819036543935,1.9990233944013436,1.999,Yes,"Inspur Electronic Information Industry Co., Ltd."
600160.SS,0.041709280635579646,0.17255328527349478,63.29,0.598,0.24171826441595107,2.281768141174614,2.282,Yes,"Zhejiang Juhua Co., Ltd."
600795.SS,0.01507119867769205,0.06243631991965386,19.66,0.216,0.241385121626105,-0.11562648540958523,0.116,No,"GD Power Development Co.,Ltd"
301209.SZ,0.07557189137288144,0.31344710286949123,139.7,1.086,0.24109934557074855,0.7149278673588598,0.715,Yes,"Longkou Union Chemical Co., Ltd."
563280.SS,0.012813423901111922,0.05316965686763352,16.51,0.184,0.24099128442771578,0.9845347152875341,0.985,Yes,Fullgoal Msci China A50 Cn Enh Strgy ETF
159209.SZ,0.012092518367826165,0.0501797082822683,15.52,0.174,0.24098423011556694,0.4391831091586105,0.439,Yes,CMF CSI All Share Dividend Quality ETF
688379.SS,0.0497606914406557,0.20649344681490003,79.1,0.715,0.2409795187605203,2.650020966459421,2.65,Yes,"Hangzhou Huaguang Advanced Welding Materials Co.,Ltd."
508007.SS,0.010538585051691161,0.04376378725101479,13.41,0.152,0.2408060571002523,0.01915132956680589,0.019,Yes,CICC Fund Management Company Limited - CICC Shangao Group Expressway
588300.SS,0.028630582617202485,0.11906726302664665,40.32,0.412,0.24045721627778666,2.1289928109631684,2.129,Yes,CMF CSI STAR&CHINEXT 50 ETF
159221.SZ,0.014998436546550533,0.06238363330943866,19.56,0.216,0.24042261969825449,0.22516311581454157,0.225,Yes,Harvest CNI FCF ETF
300442.SZ,0.04618735654342629,0.19210962620943225,71.91,0.665,0.240421875023973,2.4846084861634896,2.485,Yes,Range Intelligent Computing Technology Group Company Limited
515860.SS,0.022234106938773535,0.09250041735950867,30.2,0.32,0.2403676391249056,1.753547656165514,1.754,Yes,Harvest Emerging Tech 100 Strategy ETF
510980.SS,0.011796629741784467,0.04920827667758687,15.11,0.17,0.23972856881528498,1.034543750303043,1.035,Yes,China Universal Shanghai Cmpst ETF
588350.SS,0.028540649855242683,0.1190884769146791,40.17,0.413,0.2396592062865211,2.1203630837290994,2.12,Yes,PengYang CSI Tech Inno Entrepre 50 ETF
688131.SS,0.035530033700471364,0.14825238053495607,52.04,0.514,0.2396591108504583,2.2255016903277016,2.226,Yes,"Shanghai Haoyuan Chemexpress Co., Ltd."
600595.SS,0.031966447364914226,0.1336754628855679,45.88,0.463,0.2391347422696334,1.2606047239266418,1.261,Yes,"Henan Zhongfu Industrial Co.,Ltd"
605100.SS,0.04874737342329131,0.20393496093869587,77.03,0.706,0.2390339213978376,1.8828786984068644,1.883,Yes,"Power HF Co., Ltd."
159591.SZ,0.01274198514929634,0.0533145182232189,16.41,0.185,0.23899653553930275,1.039526566641066,1.04,Yes,Fullgoal CSI A50 ETF
510760.SS,0.012132541731351957,0.05076574656887799,15.57,0.176,0.2389907083291045,1.0701839664621438,1.07,Yes,Guotai SSE Composite ETF
159261.SZ,0.029562587998580758,0.12381867127741729,41.85,0.429,0.2387571090336239,1.90910938135994,1.909,Yes,Penghua ChiNext New Energy ETF
180203.SZ,0.010733874236145287,0.045010966968986474,13.67,0.156,0.2384724203668221,-0.1745662932457597,0.175,No,China Merchants Fund Management Co- CM Expressway Reit
180602.SZ,0.009404849967742546,0.0394380736570702,11.89,0.137,0.2384713322846717,-0.06165344748680282,0.062,No,CICC SCPG Consumer Infrastructure Closed Infrastructure Securities Investment Fund
601001.SS,0.021987141602228644,0.09221297213180556,29.82,0.319,0.2384387043809964,1.0950989525777768,1.095,Yes,"Jinneng Holding Shanxi Coal Industry Co.,ltd."
588400.SS,0.028303460943118895,0.11870623752602466,39.78,0.411,0.23843280296803074,2.1175108953968653,2.118,Yes,Harvest CSI STAR&CHINEXT 50 ETF
588330.SS,0.028267751271966478,0.11871161337770177,39.73,0.411,0.23812119528716774,2.1188270282665567,2.119,Yes,Hwabao WP CSI STAR&CHINEXT 50 ETF
563760.SS,0.013016433231674975,0.05466960955476062,16.79,0.189,0.23809266862674175,0.3284824024530501,0.328,Yes,BOC CSI All Share FCF ETF
563000.SS,0.013094395836692793,0.055043472070504515,16.9,0.191,0.23789189424534013,1.064519900845758,1.065,Yes,E Fund MSCI China A 50 Connect ETF
002303.SZ,0.027807814204881494,0.11694188164356298,38.98,0.405,0.23779174590023508,1.3512930320509076,1.351,Yes,"MYS Group Co., Ltd."
600962.SS,0.032197917375765085,0.13560828893350924,46.27,0.47,0.23743325447865657,0.9763022959195656,0.976,Yes,"SDIC Zhonglu Fruit Juice Co.,Ltd."
560700.SS,0.010311927807867872,0.04344344612654255,13.1,0.15,0.23736440653973845,0.6086124153855471,0.609,Yes,GF CSI GX Cntrl Entprs Shrhdr Rtrn ETF
159782.SZ,0.02836553516704622,0.11961488503736907,39.88,0.414,0.237140512722848,2.144095730608358,2.144,Yes,Yinhua CSI STAR&CHINEXT 50 ETF
600562.SS,0.02732088186608781,0.11528751482739939,38.19,0.399,0.23698040422669162,1.08650412686458,1.087,Yes,"Glarun Technology Co.,Ltd"
159783.SZ,0.02835263019731524,0.11974464802221682,39.86,0.415,0.2367757613021238,2.128684661369653,2.129,Yes,ChinaAMC CSI STAR&CHINEXT 50 ETF
588390.SS,0.028035269152571637,0.11843349374118989,39.35,0.41,0.23671740372564282,2.083057984827131,2.083,Yes,Bosera CSI STAR&CHINEXT 50 ETF
563080.SS,0.01250026214775267,0.05282411571273225,16.08,0.183,0.23663930723860122,1.0289004452352748,1.029,Yes,"E Fund Management Co., Ltd - CSI A50 Index ETF"
588380.SS,0.028402447087974115,0.1200373981639816,39.94,0.416,0.2366133182024979,2.1478686171029073,2.148,Yes,Fullgoal CSI STAR&CHINEXT 50 ETF
510210.SS,0.01157213769567381,0.04891975754062794,14.81,0.169,0.23655345564750868,1.0087161304539647,1.009,Yes,Fullgoal SSE Composite Index ETF
562340.SS,0.015138232743702417,0.06400795375952281,19.76,0.222,0.2365054943105445,1.2244062162452385,1.224,Yes,Yinhua CSI 500 Quality Growth ETF
688115.SS,0.05302163786972297,0.2243788144617644,85.89,0.777,0.23630411809114094,3.0354436274699026,3.035,Yes,"Smartgiant Technology Co., Ltd."
515750.SS,0.01897499008532764,0.0805327824275166,25.3,0.279,0.235618210539367,1.394118381469092,1.394,Yes,Fullgoal CSI Technical 50 Strategy ETF
159781.SZ,0.028612787868279213,0.12156576546787437,40.29,0.421,0.2353687961257529,2.177924939713265,2.178,Yes,E Fund CSI STAR&CHINEXT 50 ETF
603979.SS,0.032926268370408164,0.13998670033904756,47.51,0.485,0.23520997559525866,1.346264545077622,1.346,Yes,"JCHX Mining Management Co.,Ltd."
159678.SZ,0.018028243964888852,0.0767073883783302,23.91,0.266,0.23502617343679272,1.5918766609120987,1.592,Yes,Bosera CSI Smallcap 500 Index ETF
159505.SZ,0.019868412906190014,0.08459320660348967,26.63,0.293,0.23487007649820424,1.6288487383960253,1.629,Yes,Bosera CNI 2000 ETF
600489.SS,0.03731513737807998,0.15892525522061426,55.21,0.551,0.2347967749133419,0.8181731121592138,0.818,Yes,"Zhongjin Gold Corp.,Ltd"
159603.SZ,0.028682205733138386,0.12217516216765407,40.4,0.423,0.23476298475282084,2.20908692080323,2.209,Yes,TianHong CSI STAR&CHINEXT 50 ETF
159315.SZ,0.02937514799850419,0.12512703798441213,41.54,0.433,0.2347625938541248,0.8655760290381012,0.866,Yes,ICBCCS CSI SHSZHK Gold Idst Equity ETF
517100.SS,0.011135405688325791,0.04744257975958479,14.21,0.164,0.23471332597751735,0.9205144384046937,0.921,Yes,Fullgoal CSI SHS 500 ETF
159563.SZ,0.02220871359919192,0.09480362786270495,30.16,0.328,0.23426016598599667,1.9819826829364717,1.982,Yes,ChinaAMC GEM Comprehensive ETF
603337.SS,0.02313771947192275,0.09884424047111166,31.59,0.342,0.23408262698609136,0.9063425921094619,0.906,Yes,"Jack Technology Co.,Ltd"
513820.SS,0.012351202652570562,0.0528643475452052,15.87,0.183,0.2336395553167253,0.28829325286265406,0.288,Yes,China Universal CSI HKEqCn HghDv Inv ETF
159780.SZ,0.028479286583577214,0.12201305147540713,40.07,0.423,0.23341180504216372,2.208237917783606,2.208,Yes,China Southern CSI STAR&CHINEXT 50 ETF
159601.SZ,0.01299613332635437,0.05568781467324461,16.76,0.193,0.23337481283133213,1.0803888976523381,1.08,Yes,ChinaAMC MSCI China A50 interconnection ETF
159318.SZ,0.013372397480008931,0.05731230828850424,17.28,0.199,0.23332505493747807,0.4989927735171281,0.499,Yes,Yinhua HSI SCHK ETF
600368.SS,0.016126073845201264,0.06914005074780737,21.16,0.24,0.23323780747604772,0.30144532124166573,0.301,Yes,"Guangxi Wuzhou Communications Co., Ltd."
300328.SZ,0.04095913500897367,0.17574039360081017,61.88,0.609,0.2330661390346678,1.446985049753811,1.447,Yes,"Dongguan Eontec Co., Ltd."
588370.SS,0.026458211574714785,0.11362346664181688,36.8,0.394,0.2328586898173142,1.968856290977008,1.969,Yes,China Southern SSE STAR 50 Enhanced Strategy ETF
601187.SS,0.01382822758552676,0.05939716509711489,17.92,0.206,0.23280955518529353,0.26639326931508317,0.266,Yes,"Xiamen Bank Co., Ltd."
301571.SZ,0.023521565720787396,0.1010701875641429,32.18,0.35,0.23272506253003375,0.5047701736474761,0.505,Yes,"Teemsun Technology Co.,Ltd"
300458.SZ,0.033274037576962325,0.14298971674961936,48.11,0.495,0.23270231128037325,1.6648878355233816,1.665,Yes,"Allwinner Technology Co.,Ltd."
512040.SS,0.011960100899081066,0.05141143494808252,15.33,0.178,0.2326350336488155,0.853284785127724,0.853,Yes,Fullgoal CSI Value ETF
300984.SZ,0.041706112031657375,0.1793505389527851,63.28,0.621,0.23253965265550003,1.1153585526143024,1.115,Yes,"Zhejiang JW Precision Machinery Co.,Ltd"
300718.SZ,0.053590221267826664,0.2308159816918305,87.09,0.8,0.23217725598991065,0.8619695297529579,0.862,Yes,"Zhejiang Changsheng Sliding Bearings Co., Ltd."
300602.SZ,0.04239327869074536,0.18275845254116993,64.58,0.633,0.23196343644459042,2.4257637210533027,2.426,Yes,"Shenzhen FRD Science & Technology Co., Ltd."
589380.SS,0.03629555093191584,0.1567247112134073,53.39,0.543,0.2315879266958309,3.394880464123059,3.395,Yes,Fullgoal SSE STAR AI ETF
001203.SZ,0.04380483207725359,0.1892171523043478,67.28,0.655,0.23150560899888908,1.338096500090514,1.338,Yes,"Dazhong Mining Co., Ltd."
300932.SZ,0.023423806156544328,0.10127490546691202,32.03,0.351,0.2312893411112314,1.4326305947402265,1.433,Yes,Sanyou Corporation Limited
159332.SZ,0.011663698702876228,0.05047874798860916,14.93,0.175,0.23106156883106954,0.3970927831986536,0.397,Yes,Fullgoal CSI Central SOE Dividend ETF
563770.SS,0.012453758944312755,0.053948264611110186,16.01,0.187,0.23084633090770468,0.361653915535158,0.362,Yes,CMF CSI All Share FCF ETF
513550.SS,0.013556139895564048,0.05880587265337618,17.54,0.204,0.23052357330821377,0.5873631552529579,0.587,Yes,Huatai-PB CSI HK Connect 50 ETF
563150.SS,0.01397136313594607,0.06061945512688482,18.12,0.21,0.2304765542135292,0.5030268468412834,0.503,Yes,Yinhua CSI Oil & Gas Resources ETF
513210.SS,0.014121061374698657,0.061303256660299066,18.33,0.212,0.2303476543334063,0.6252509758099436,0.625,Yes,E Fund Management Co - Hang Seng China Enterprises Index Fund
600577.SS,0.029724936769429222,0.12913885137496095,42.12,0.447,0.23017811025065896,1.4017882303415856,1.402,Yes,"Tongling Jingda Special Magnet Wire Co., Ltd."
512130.SS,0.012478321229474421,0.054250695438956505,16.05,0.188,0.23001218930944708,0.38302469560245367,0.383,Yes,Penghua CSI All Share FCF ETF
516260.SS,0.0228738715810746,0.09946091375723941,31.18,0.345,0.22997849825615232,1.7006611890493224,1.701,Yes,ChinaAMC CSI Internet of things theme ETF
513830.SS,0.012734582037853567,0.055402243339307496,16.4,0.192,0.2298567940626778,-0.12343652509301839,0.123,No,Harvest CSI HK Connect HDY ETF
688027.SS,0.05030034986859921,0.21886718985226297,80.2,0.758,0.22982133549826417,2.5640067352748757,2.564,Yes,"QuantumCTek Co., Ltd."
601107.SS,0.01746372358991442,0.07601299483492913,23.09,0.263,0.22974655357072674,0.276710525313328,0.277,Yes,Sichuan Expressway Group Company Limited
159557.SZ,0.021335973048005434,0.09288473505406981,28.83,0.322,0.22970376171698606,1.0700601387335102,1.07,Yes,Harvest Hang Seng Healthcare ETF (QDII)
561200.SS,0.01367260955979417,0.059539499214618714,17.7,0.206,0.22963931071219254,1.1644240524910723,1.164,Yes,ICBCCS CSI A100 ETF
510130.SS,0.010804232753027665,0.04709586915145641,13.76,0.163,0.22940935049488415,0.9956901905607914,0.996,Yes,E Fund SSE Mid-Cap ETF
159206.SZ,0.034890908857328005,0.1521010327511,50.92,0.527,0.22939297798473146,2.9139512192798573,2.914,Yes,Maxwealth CNI Commercial Satellite ETF
300115.SZ,0.03849288543647586,0.16824392869012933,57.34,0.583,0.22879212186831316,1.0225691266539927,1.023,Yes,"Shenzhen Everwin Precision Technology Co., Ltd."
300909.SZ,0.03915477909423144,0.17162991847510922,58.55,0.595,0.22813492800155294,2.1637314196393738,2.164,Yes,"Shenzhen Hui Chuang Da Technology Co., Ltd."
588310.SS,0.026423184094580943,0.11583232754038593,36.75,0.401,0.22811580027491266,2.0578568052043504,2.058,Yes,Founder Fubon CSI STAR&CHINEXT 50 ETF
603667.SS,0.04889864281847158,0.21441796327673113,77.34,0.743,0.22805292089899315,1.5757395680631723,1.576,Yes,"Zhejiang XCC Group Co.,Ltd"
600593.SS,0.044293527958103034,0.1945539431141566,68.22,0.674,0.2276670791098453,0.7414624162637261,0.741,Yes,"Dalian Sunasia Tourism Holding CO.,LTD"
301617.SZ,0.045487212537585184,0.1998363024609956,70.54,0.692,0.22762236879589712,4.127947369289647,4.128,Yes,"Shandong Boyuan Pharmaceutical & Chemical Co., Ltd."
200026.SZ,0.009436589159610598,0.04146779709134658,11.93,0.144,0.22756427448565403,0.392925594713081,0.393,Yes,"FIYTA Precision Technology Co., Ltd."
159715.SZ,0.0234660780904839,0.10324011136883818,32.09,0.358,0.22729613305673807,1.8541168159671189,1.854,Yes,E Fund CSI Rare Earth Industry ETF
560050.SS,0.012429070307651311,0.054732393433038484,15.98,0.19,0.22708801000740939,1.0540207344228771,1.054,Yes,China Universal MSCI China A 50 Cnct ETF
603958.SS,0.049649955017627714,0.21882798650966054,78.87,0.758,0.22689033431944425,1.6619920527948393,1.662,Yes,"Harson Trading (China) Co.,Ltd."
159150.SZ,0.017130453845491198,0.07554186473137826,22.61,0.262,0.22676768579126194,1.430284780019748,1.43,Yes,E Fund Shenzhen Securities 50 ETF
603757.SS,0.051757715878870666,0.2283784009017732,83.23,0.791,0.2266313962901069,2.770332319132585,2.77,Yes,"Zhejiang Dayuan Pumps Industry Co., Ltd"
000831.SZ,0.03086274249102844,0.1363006781516486,44.02,0.472,0.22643132014860887,2.3299248819730396,2.33,Yes,"China Rare Earth Resources And Technology Co., Ltd."
159595.SZ,0.01231508306893508,0.05439933942142966,15.82,0.188,0.2263829524386425,1.051602081040247,1.052,Yes,DaCheng CSI A50 ETF
603200.SS,0.03878319292720902,0.17135477696638887,57.87,0.594,0.22633272100033905,2.0328370078069145,2.033,Yes,"Shanghai Emperor of Cleaning Hi-Tech Co., Ltd"
600490.SS,0.03981268088022094,0.17600374316921938,59.76,0.61,0.22620360319236454,2.460331077359906,2.46,Yes,"Pengxin International Mining Co.,Ltd"
517080.SS,0.010580015349768646,0.04680885424301114,13.46,0.162,0.2260259414776919,0.9163641635687751,0.916,Yes,China Universal CSI SHS 500 ETF
159895.SZ,0.022647208287293167,0.10028986407098672,30.83,0.347,0.2258175190193011,1.7763566139528333,1.776,Yes,E Fund CSI Internet of Things ETF
301171.SZ,0.05147284270664126,0.22801145015464228,82.63,0.79,0.2257467450504405,1.6870683870316396,1.687,Yes,"Easy Click Worldwide Network Technology Co., Ltd."
300756.SZ,0.03695949268254087,0.16381261323133903,54.58,0.567,0.22562055481250415,2.1616076404661095,2.162,Yes,Guangdong Jinma Entertainment Corporation Limited
605118.SS,0.03624020589038035,0.1606430615924619,53.29,0.556,0.2255945917061687,1.6934929956869258,1.693,Yes,"Xiamen Leading Optics Co., Ltd."
900925.SS,0.01516511843181143,0.0672815597534322,19.8,0.233,0.22539784284709333,0.65863131802813,0.659,Yes,"Shanghai Mechanical & Electrical Industry Co.,Ltd."
688781.SS,0.05217985490374459,0.23150895759309686,84.11,0.802,0.22539022008581014,3.5486391496676775,3.549,Yes,"Hefei SeeYa Technology Co., Ltd."
159944.SZ,0.01729175530841814,0.07674923185261842,22.84,0.266,0.22530199835255035,1.4425529568206574,1.443,Yes,GF CSI Raw materials ETF
600012.SS,0.018249966837278506,0.08101234301107363,24.24,0.281,0.2252739046787464,-0.07607662978869814,0.076,No,Anhui Expressway Company Limited
605179.SS,0.04473544218883304,0.198913670931602,69.07,0.689,0.22489878136237135,0.9566022428834995,0.957,Yes,"Zhejiang Yiming Food Co., Ltd."
605288.SS,0.042143368783665404,0.18741211700911814,64.11,0.649,0.22487003218481869,2.1498784607188925,2.15,Yes,Changzhou Kaidi Electrical Inc.
159680.SZ,0.018426042911471815,0.08194090816336418,24.5,0.284,0.22486988885620027,1.6624402103289901,1.662,Yes,CMF CSI 1000 Enhanced Strategy ETF
002167.SZ,0.04557136386791507,0.20278940416766597,70.7,0.702,0.2247226084368626,1.947546635741638,1.948,Yes,"Guangdong Orient Zirconic Ind Sci & Tech Co.,Ltd"
601020.SS,0.04331488244911711,0.19275692998876642,66.34,0.668,0.2247124523701505,1.7118401596757877,1.712,Yes,"Tibet Huayu Mining Co., Ltd."
688685.SS,0.041414693114870296,0.18438451014032264,62.74,0.639,0.2246104788485343,1.8737583994288243,1.874,Yes,Jiangsu Maixinlin Aviation Science and Technology Corp.
600857.SS,0.03135984664616194,0.13964704701697325,44.85,0.484,0.22456505394167298,1.4969828673237446,1.497,Yes,"Ningbo Zhongbai Co., Ltd."
688336.SS,0.046199574945725734,0.20583218696990543,71.94,0.713,0.22445262631582755,1.2998636176653438,1.3,Yes,"Sunshine Guojian Pharmaceutical (Shanghai) Co., Ltd"
002595.SZ,0.02376974917678208,0.10591684289823328,32.56,0.367,0.22441897366238966,1.0022065884940536,1.002,Yes,"Himile Mechanical Science and Technology (Shandong) Co., Ltd"
002533.SZ,0.01855727796442404,0.08270300738937365,24.69,0.286,0.22438456049191302,0.9821707924552645,0.982,Yes,"Gold cup Electric Apparatus Co.,Ltd."
688049.SS,0.029212634736508557,0.1302098544484629,41.27,0.451,0.22435041387801358,1.683316626907458,1.683,Yes,"Actions Technology Co., Ltd."
003033.SZ,0.03060222563136495,0.13645978805027958,43.58,0.473,0.22425819407025124,0.9075974341763525,0.908,Yes,"Qingdao CHOHO Industrial Co.,Ltd."
159060.SZ,0.022412591862503845,0.1000046725664946,30.47,0.346,0.22411544668176756,-0.004050363683923969,0.004,No,SPDB CNI Grain Industry ETF
159896.SZ,0.022588874358441875,0.10083769504595849,30.74,0.349,0.22401220444543693,1.785193185171963,1.785,Yes,China Southern CSI Internet of Thing ETF
000559.SZ,0.03374983812647504,0.1507463950077228,48.93,0.522,0.22388487714579194,1.5243185391093927,1.524,Yes,"Wanxiang Qianchao Co.,Ltd."
159610.SZ,0.01622396250842892,0.07260761515019779,21.3,0.252,0.22344712017971746,1.488985489421934,1.489,Yes,IGW CSI 500 Enhanced Strategy ETF
159608.SZ,0.024272588826340927,0.10864817525138293,33.35,0.376,0.22340539792942335,2.054525462896075,2.055,Yes,GF CSI Rare Metals Industry ETF
603499.SS,0.048475237279996496,0.21707636885214443,76.48,0.752,0.22330960083920542,2.005089616166937,2.005,Yes,"Shanghai Sunglow Packaging Technology Co.,Ltd"
688235.SS,0.024227953386664045,0.10852479429975477,33.28,0.376,0.22324809314767613,1.1947125969213985,1.195,Yes,BeOne Medicines AG
561960.SS,0.009461306227483928,0.04250811563134483,11.96,0.147,0.2225764677394287,0.599918731759308,0.6,Yes,CMF CSI GX Cntrl Entprs Shrhdr Rtrn ETF
688123.SS,0.05545527583215659,0.24917660367769354,91.11,0.863,0.22255410425244906,2.4375476993609344,2.438,Yes,Giantec Semiconductor Corporation
300990.SZ,0.04531294760878882,0.2036202868251417,70.2,0.705,0.22253650810197106,3.099020477981341,3.099,Yes,"Sanhe Tongfei Refrigeration Co., Ltd."
002141.SZ,0.04474719595371332,0.2011117130730746,69.1,0.697,0.2224992034027092,0.2487652688592776,0.249,Yes,"Infund Holding Co., Ltd."
159661.SZ,0.012353976686419249,0.05554929577156891,15.87,0.192,0.22239663914411364,1.125715928383042,1.126,Yes,Harvest CSI A100 ETF
300750.SZ,0.02388270764895594,0.10745563462663167,32.74,0.372,0.2222564478069434,1.2603915883420775,1.26,Yes,"Contemporary Amperex Technology Co., Limited"
561760.SS,0.01348013310660028,0.06067540651575688,17.43,0.21,0.2221679899762947,0.5974704448202487,0.597,Yes,Bosera CSI Oil And Gas Resources ETF
517300.SS,0.010812304807239983,0.04870635921487248,13.77,0.169,0.22198959194507906,0.989375010607971,0.989,Yes,China Life AMP CSI SHS 300 ETF
526000.SS,0.03912459307473301,0.17626823760551172,58.49,0.611,0.2219605392679641,2.8487999009741696,2.849,Yes,ChinaAMC CSI HKC IT Composite ETF
603379.SS,0.030391053618807222,0.1369340806270668,43.23,0.474,0.2219392972124723,1.8268555933571275,1.827,Yes,"Zhejiang Sanmei Chemical Industry Co.,Ltd."
600312.SS,0.02342956533976034,0.10559800826423968,32.04,0.366,0.22187506871466878,0.5609913259178086,0.561,Yes,"Henan Pinggao Electric Co.,Ltd."
603301.SS,0.05548948593230245,0.2502271884561196,91.18,0.867,0.22175642173285745,0.9456057462498504,0.946,Yes,"Zhende Medical Co., Ltd."
002734.SZ,0.02980547405865798,0.13468522599861102,42.25,0.467,0.22129727917570824,1.3254669284402993,1.325,Yes,"Limin Group Co.,Ltd."
159263.SZ,0.012008797566513246,0.0542734039185273,15.4,0.188,0.22126486823159816,-0.11997787344353394,0.12,No,E Fund CNI Value 100 ETF
159716.SZ,0.016558507888220816,0.07485540619896952,21.78,0.259,0.2212065731659708,1.463376477279034,1.463,Yes,Hwabao WP Shenzhen 100 ETF
000669.SZ,0.032282140486631104,0.14594837573932085,46.41,0.506,0.22118876159533563,0.3740427221672469,0.374,Yes,"Jinhong Holding Group Co., Ltd."
159592.SZ,0.012332121046338214,0.05577194043997644,15.84,0.193,0.2211169442743424,1.0735379645330059,1.074,Yes,Yinhua CSI A50 ETF
510100.SS,0.03903594519735532,0.1767415650162001,58.33,0.612,0.22086454419353646,0.8128566784743273,0.813,Yes,E Fund SSE 50 Index ETF
159198.SZ,0.03874992871071825,0.17571264037871936,57.81,0.609,0.22053011455066196,2.8158287339826016,2.816,Yes,Fullgoal CSI HKC IT Composite ETF
159185.SZ,0.038560953888640975,0.17503611138924935,57.46,0.606,0.22030284826705407,2.831178561538495,2.831,Yes,Penghua CSI HKC IT Composite ETF
600660.SS,0.017906934780597607,0.08130512660356616,23.74,0.282,0.2202436122867089,0.6938443936754799,0.694,Yes,"Fuyao Glass Industry Group Co., Ltd."
161222.SZ,0.008701698204048619,0.03951117131231353,10.96,0.137,0.22023387095428282,0.7597916234696727,0.76,Yes,UBS SDIC Ruili Alloc(LOF) A
588730.SS,0.030958521992338867,0.14059020675046072,44.18,0.487,0.2202039722957973,3.345394632300186,3.345,Yes,"E Fund Management Co., Ltd. - E Fund SSE Star Artificial Intelligence ETF"
600246.SS,0.05776453800233105,0.2623279603238032,96.19,0.909,0.22019969938023262,2.726558814954968,2.727,Yes,"Vantone Neo Development Group Co., Ltd."
517400.SS,0.02718057360837061,0.12349692635358726,37.96,0.428,0.220091093850783,0.8827205831229602,0.883,Yes,Guotai CSI SSH Gold Industry Equity ETF
603319.SS,0.04395453021868727,0.1998232312277545,67.56,0.692,0.21996706763583848,1.9882231803287542,1.988,Yes,"Hunan Meihu Intelligent Manufacturing Co., Ltd."
159713.SZ,0.022717177771245392,0.10335244681343041,30.94,0.358,0.21980299907416753,1.860065070457257,1.86,Yes,Fullgoal CSI Rare Earth Industry ETF
300920.SZ,0.03389612241240492,0.15423444553572863,49.18,0.534,0.21977011876087588,0.8057168562818096,0.806,Yes,"Zhejiang Runyang New Material Technology Co., Ltd."
511180.SS,0.005091110559587095,0.023169392169502003,6.28,0.08,0.21973431682375127,0.3524921099469953,0.352,Yes,HFT SSE Investment Grade Convertible Bond and Exchangeable Bond ETF
516330.SS,0.0216254220745899,0.09847277959715947,29.27,0.341,0.2196081207726333,1.7293041261792192,1.729,Yes,Huatai-PB CSI Internet of Things ETF
159671.SZ,0.023949931279478774,0.10917608051055151,32.84,0.378,0.21936976641292863,2.078220359289893,2.078,Yes,ICBCCS CSI Rare Metal Theme ETF
162720.SZ,0.021842795863228025,0.09958222288398684,29.6,0.345,0.21934432904429996,1.7201365971200793,1.72,Yes,Gf Fund Management Co. Ltd. - Chinext 2 Years Regular Open Mixed CNY Fund
159773.SZ,0.02525002431471816,0.11514879725657978,34.88,0.399,0.219281702599593,2.2919253362158476,2.292,Yes,Huatai-PB SZSE ChiNext Technology ETF
561550.SS,0.01728679847530529,0.07884930872594283,22.83,0.273,0.21923842776338287,1.6069453122810147,1.607,Yes,Huatai-PB CSI 500 Enhanced Strategy ETF
159685.SZ,0.017233331217385652,0.07864155730449439,22.76,0.272,0.21913771558031903,1.571350903625903,1.571,Yes,TianHong CSI 1000 Enhncd Strtgy ETF
300499.SZ,0.041010651808803936,0.1875955798226478,61.98,0.65,0.2186120368484975,2.3599602338329344,2.36,Yes,"Guangzhou Goaland Energy Conservation Tech. Co., Ltd."
002407.SZ,0.0398930874452433,0.182941808668066,59.91,0.634,0.21806435464747304,1.903767206558921,1.904,Yes,"Do-Fluoride New Materials Co., Ltd."
159701.SZ,0.021962413183052,0.10074499535082271,29.78,0.349,0.21800004165539574,1.77477366554232,1.775,Yes,CMF CSI Internet of Things ETF
601156.SS,0.019117257948118044,0.08773826815470084,25.51,0.304,0.21788962046082716,0.615900425919617,0.616,Yes,"Eastern Air Logistics Co., Ltd."
515920.SS,0.019323496081584776,0.0887460235790767,25.82,0.307,0.21773928906647488,1.5067934532915341,1.507,Yes,Bosera Intelligent Consumption ETF
159933.SZ,0.012136742820846393,0.0557480442226155,15.58,0.193,0.21770706022226408,0.6577886161802766,0.658,Yes,UBS SDIC CSI 300 Financial Property ETF Index Securities Investment Fund
688622.SS,0.05657080991161355,0.2600927211634345,93.55,0.901,0.21750247242046478,1.4087646870667234,1.409,Yes,"Guangzhou Hexin Instrument Co.,Ltd."
159676.SZ,0.02327537109456713,0.10701713998397071,31.8,0.371,0.2174919933204473,2.1572053064110204,2.157,Yes,Fullgoal Chinext Enhanced Strategy ETF
603565.SS,0.01678086486393922,0.07718560355072694,22.1,0.267,0.21740925887702248,0.5614778295352467,0.561,Yes,"Shanghai Zhonggu Logistics Co., Ltd."
002126.SZ,0.03412554672392837,0.15708686325106674,49.58,0.544,0.21723997804569203,2.0992578387604297,2.099,Yes,"Zhejiang Yinlun Machinery Co.,Ltd."
002195.SZ,0.0323795285176711,0.14929672187062923,46.58,0.517,0.2168803715980387,2.0009239088020156,2.001,Yes,"Shanghai Stonehill Technology Co., Ltd."
002346.SZ,0.022797611457545594,0.1051988972040633,31.06,0.364,0.2167096049811541,1.2745380403627418,1.275,Yes,"Shanghai Zhezhong Group Co.,Ltd"
688678.SS,0.03975608510841516,0.18353343290163626,59.65,0.636,0.2166149484585853,2.4147897972790666,2.415,Yes,"Freewon China Co.,Ltd."
002213.SZ,0.035454003769127544,0.16373103298736252,51.9,0.567,0.21653808152461873,1.6782526705364107,1.678,Yes,"Shenzhen Dawei Innovation Technology Co., Ltd."
300555.SZ,0.02404918826571706,0.11107736215858288,33.0,0.385,0.21650845679412628,0.8760832744292429,0.876,Yes,"Lootom Telcovideo Network (wuxi) Co., Ltd."
159532.SZ,0.017725865062656793,0.08189923369957514,23.47,0.284,0.21643505393077625,1.5712120260209677,1.571,Yes,E Fund CSI 2000 ETF
159366.SZ,0.01937506782871699,0.08954815007023886,25.89,0.31,0.21636480277392411,0.8547153337486898,0.855,Yes,Maxwealth CSI HKC Medical Treatment ETF
600539.SS,0.03320383106589667,0.1535068427932439,47.99,0.532,0.2163019606273736,0.6367282716005549,0.637,Yes,"Lionhead Technology Development Co.,Ltd."
002064.SZ,0.02122093030859374,0.09816584012970757,28.66,0.34,0.21617428507263117,1.0931573715401115,1.093,Yes,"Huafon Chemical Co.,Ltd"
563580.SS,0.013056341511644504,0.06044541276631255,16.84,0.209,0.21600218964707055,0.26861023079735097,0.269,Yes,Wanjia CSI 800 FCF ETF
688388.SS,0.03712571032314639,0.17195895688938717,54.87,0.596,0.2158986713732368,2.5431899628941452,2.543,Yes,"Guangdong Jiayuan Technology Co.,Ltd."
159593.SZ,0.011560246807668702,0.05357711979393357,14.79,0.186,0.21576835134347117,1.0293074533704147,1.029,Yes,Ping An CSI A50 ETF
561280.SS,0.016959269767028926,0.0786110107861516,22.36,0.272,0.21573656918321335,1.531458131579207,1.531,Yes,ICBCCS CSI 1000 Enhanced Strategy ETF
510020.SS,0.010916336982589972,0.05061090991696623,13.92,0.175,0.21569137959581522,0.9444916959822055,0.944,Yes,Bosera SSE Super Large-Cap ETF
002539.SZ,0.019938480771448098,0.09246832081059264,26.73,0.32,0.21562499023086035,1.1829154138683131,1.183,Yes,"Chengdu Wintrue Holding Co., Ltd."
603881.SS,0.03591268161343559,0.16670732360011103,52.71,0.577,0.21542353891770877,1.6877496545025994,1.688,Yes,"Shanghai @hub Co.,Ltd."
517660.SS,0.01788938976006331,0.0832291532721259,23.71,0.288,0.21494138840475993,1.4584364765082234,1.458,Yes,TianHong CSI SHS Internet of Things ETF
501057.SS,0.019309874525333445,0.089898555620697,25.8,0.311,0.2147962711081401,1.4501187123140216,1.45,Yes,China Universal Asset Management Co. Ltd. - Csi New Energy Automobile Industry Index ETF
560280.SS,0.014489904982400085,0.06746971906771702,18.84,0.234,0.2147616024287439,1.0691336436196661,1.069,Yes,GF CSI Construction Machinery ETF
159321.SZ,0.02757686179018631,0.12841862292350065,38.6,0.445,0.21474192108892126,0.890427771380738,0.89,Yes,Huaan CSI SSH Gold Industry Eq ETF
561930.SS,0.009079149554417791,0.04229208847136381,11.46,0.147,0.21467725720297143,1.105228960520098,1.105,Yes,CMF CSI 300 ETF
526050.SS,0.03726844274269379,0.17369715150103013,55.13,0.602,0.21455989589140018,2.8169327489342457,2.817,Yes,CMF CSI HKC IT Composite ETF
159566.SZ,0.020955754913284944,0.09767423754778938,28.26,0.338,0.21454741229008167,1.6128043771859164,1.613,Yes,"E Fund Management Co., Ltd. - Cni New Energy Battery Index ETF"
159711.SZ,0.012955442410858897,0.060442817495434245,16.7,0.209,0.21434213274120667,0.647661593597524,0.648,Yes,ChinaAMC CSI Hong Kong stock connect 50 ETF
603685.SS,0.022469018776195122,0.10487283681920007,30.56,0.363,0.21425012860986617,0.8596925859443357,0.86,Yes,"Zhejiang Chenfeng Technology Co., Ltd."
603726.SS,0.028538875231018685,0.13329027642373917,40.17,0.462,0.2141107063225797,1.236094791975247,1.236,Yes,"Zhejiang Langdi Group Co., Ltd."
561590.SS,0.016535610286954425,0.07726744219314366,21.75,0.268,0.21400488766822043,1.5568515528566589,1.557,Yes,Huatai-PB CSI 1000 Enhanced Strategy ETF
159721.SZ,0.01546633969568118,0.07230156549305376,20.22,0.25,0.21391431278437642,1.4130476511333512,1.413,Yes,Maxwealth Shenzhen 100 ETF
515810.SS,0.013039468710816739,0.06098087701106571,16.82,0.211,0.21382881568676967,1.3053704584294756,1.305,Yes,E Fund CSI 800 ETF
159351.SZ,0.010336556335808123,0.048344984484872046,13.13,0.167,0.21380824600414555,1.3097018949748465,1.31,Yes,Harvest CSI A500 ETF
159712.SZ,0.012408944614395167,0.05808302769728569,15.95,0.201,0.21364149057565496,0.5848233197328392,0.585,Yes,Guotai CSI HK Connect 50 ETF
517030.SS,0.010375534879257622,0.048584200113999734,13.19,0.168,0.21355779975613656,0.9707711900564909,0.971,Yes,E Fund CSI SHS 300 ETF
588930.SS,0.02958546904239598,0.13861120179653258,41.89,0.48,0.2134421219853825,3.2851185811844075,3.285,Yes,Yinhua SSE STAR AI ETF
601609.SS,0.02968600624586092,0.13921420683942407,42.06,0.482,0.21323977573712785,1.757909495499519,1.758,Yes,"Ningbo Jintian Copper (Group) Co., Ltd."
563930.SS,0.00992821072450988,0.04657856061136862,12.59,0.161,0.21314979669179948,0.8760603810377594,0.876,Yes,CMF SSE Composite Enhanced Strategy ETF
501202.SS,0.010220503600922718,0.04800243807318809,12.98,0.166,0.21291634365195738,0.8320656973575662,0.832,Yes,Huatai Tianjin Securities Asset Management Company Ltd. -  HTZJ Sci-Tech Investment 3 Year Class Mix
159583.SZ,0.03877365432920755,0.1822628482844123,57.85,0.631,0.2127348205856146,2.4971313819777867,2.497,Yes,Fullgoal CSI Comm Equipment Theme ETF
603316.SS,0.039933596221494484,0.18779778738487793,59.98,0.651,0.21264146280729856,1.4608952297299493,1.461,Yes,"ChengBang Syncore Technology Co., Ltd."
561800.SS,0.023115885183777288,0.10873453183947959,31.55,0.377,0.21259010171582232,2.058591817130694,2.059,Yes,Harfor CSI Rare Metals Industry ETF
601336.SS,0.022402802993121217,0.10542762606725352,30.46,0.365,0.21249461672247277,1.6074900031101158,1.607,Yes,New China Life Insurance Company Ltd.
159576.SZ,0.016088221945666125,0.0757159100074539,21.11,0.262,0.2124813918776425,1.469817103122364,1.47,Yes,GF SZSE 100 ETF
562800.SS,0.022959319310252354,0.10828852714332081,31.31,0.375,0.21201986873332845,2.0414557900759958,2.041,Yes,Harvest CSI Rare Metals Industry ETF
002130.SZ,0.04305604152759925,0.2032042008748581,65.84,0.704,0.21188558771043822,0.7479138594311232,0.748,Yes,"ShenZhen Woer Heat-Shrinkable Material Co.,Ltd."
300153.SZ,0.058391747469152044,0.27558261267969597,97.59,0.955,0.21188472995943172,2.5264500752714856,2.526,Yes,"Shanghai Cooltech Power Co., Ltd."
561780.SS,0.016899305669352452,0.07980733811145921,22.27,0.276,0.21175127587579506,1.624732769774027,1.625,Yes,Bosera CSI 1000 Enhanced ETF
603615.SS,0.03270035949955874,0.15454980301237523,47.13,0.535,0.21158460808222662,1.4680086113074402,1.468,Yes,"Chahua Modern Housewares Co., Ltd."
603019.SS,0.03910885323968172,0.18485255758182523,58.46,0.64,0.21156782330355442,2.4733656517171987,2.473,Yes,"Dawning Information Industry Co., Ltd."
300889.SZ,0.03578665079782823,0.16935918338677458,52.49,0.587,0.2113062314200013,1.7600236747933964,1.76,Yes,Shenzhen EXC-LED Technology Co.Ltd
688068.SS,0.0423523147421735,0.20051464253002138,64.5,0.695,0.21121806471481225,0.687582462496634,0.688,Yes,"Beijing Hotgen Biotech Co., Ltd."
000807.SZ,0.025852349222053612,0.12247800037874998,35.84,0.424,0.21107749262812925,1.029643636017284,1.03,Yes,"Yunnan Aluminium Co., Ltd."
003041.SZ,0.04343758176097125,0.20589636758587385,66.57,0.713,0.21096817913921964,0.46988148130996654,0.47,Yes,"Zhejiang Truelove Vogue Co., Ltd."
300969.SZ,0.035945828730963914,0.17077879379104235,52.77,0.592,0.21048180475466816,2.2164653985133467,2.216,Yes,"NINGBO HENGSHUAI Co., LTD."
301292.SZ,0.06274513908685031,0.2985664063069374,107.56,1.034,0.21015471855311801,0.2687434903301559,0.269,Yes,"Shandong Hi-tech Spring Material Technology Co., Ltd."
603969.SS,0.020039843208934288,0.09542089686277211,26.88,0.331,0.21001524684634057,0.9378746677852878,0.938,Yes,"Silvery Dragon Group Co., Ltd. Tianjin"
511380.SS,0.006000714301214451,0.028574723383136377,7.44,0.099,0.2100007835860915,0.4991261143124221,0.499,Yes,Bosera CSI Convert&Exch Bd ETF
513750.SS,0.018939078030853256,0.09020987093307355,25.25,0.312,0.20994463061480384,1.3353965447641332,1.335,Yes,GF CSI HK Cnn Nn-Bnk Fncl Thm ETF
510650.SS,0.010819999272069307,0.05159321893447773,13.79,0.179,0.20971746860397433,0.5189948857703236,0.519,Yes,ChinaAMC SSE Financials Sector ETF
300709.SZ,0.03976578118238844,0.18973264831859307,59.67,0.657,0.2095885001068187,1.2186394251030026,1.219,Yes,"Jiangsu Gian Technology Co., Ltd."
002956.SZ,0.02255438993723084,0.10768644815961088,30.69,0.373,0.20944501673786411,1.114932435750408,1.115,Yes,"Guilin Seamild Foods Co., Ltd"
002164.SZ,0.028518621217292844,0.1362997704089955,40.13,0.472,0.20923455066517616,1.47511531673518,1.475,Yes,"Ningbo Donly Co.,Ltd"
300304.SZ,0.033967326695562745,0.1626255639474533,49.31,0.563,0.20886830994503475,2.1744813881065292,2.174,Yes,"Jiangsu Yunyi Electric Co.,Ltd."
159681.SZ,0.025629946496223324,0.12282790698262934,35.48,0.425,0.20866549895577055,2.406953587598293,2.407,Yes,Penghua ChiNext 50 ETF
159682.SZ,0.02568706804744597,0.12310349316304957,35.57,0.426,0.20866238144374719,2.412723099016698,2.413,Yes,Invesco Great Wall Fund Management Co Ltd - Szse Chinext 50 Index ETF
159350.SZ,0.016253135875302107,0.07795040067931977,21.35,0.27,0.20850612355625853,1.49381763909108,1.494,Yes,Fullgoal Shenzhen Securities 50 ETF
002966.SZ,0.013459732584663868,0.06456041546571696,17.4,0.224,0.20848274422600782,0.11856712409496381,0.119,Yes,"Bank of Suzhou Co., Ltd."
561790.SS,0.009012133104124473,0.04323634251321484,11.37,0.15,0.20843884057422263,0.43520872313578446,0.435,Yes,Bosera CSI GX Cntrl-SOEs Mdrn Enrgy ETF
517950.SS,0.023265636170892313,0.11168563867707637,31.78,0.387,0.20831358844767583,1.876398281546777,1.876,Yes,BOCOM Schroders CSI SSH Tech 50 Cstm ETF
159814.SZ,0.025520266072496637,0.1225310384694878,35.31,0.424,0.2082759306643075,2.382557787078901,2.383,Yes,WL ChiNext Large-Cap ETF
900908.SS,0.012362143641447934,0.05939278488420084,15.89,0.206,0.20814217864258466,0.5385622444910402,0.539,Yes,"Shanghai Chlor-Alkali Chemical Co., Ltd."
159949.SZ,0.02537458775790194,0.12191178997958144,35.08,0.422,0.2081389155400953,2.3846653241971474,2.385,Yes,Huaan ChiNext 50 ETF
510990.SS,0.008338529768504473,0.04006362362628447,10.48,0.139,0.20813219109401349,0.8358490967545126,0.836,Yes,ICBCCS CSI 180 ESG ETF
560070.SS,0.008930216858761999,0.04291081662421549,11.26,0.149,0.20811109089269783,0.6074199116870845,0.607,Yes,China Universal CSI Ctrl-SOEs SH Rtn ETF
516150.SS,0.02152840135686927,0.10353312740970572,29.12,0.359,0.2079373230142673,1.8622923711061836,1.862,Yes,Harvest CSI Rare Earth Industry ETF
512990.SS,0.011024116154472614,0.053059905888005056,14.06,0.184,0.2077673522026501,1.1336524242541652,1.134,Yes,ChinaAMC MSCI China A ETF Fund
300779.SZ,0.044655415335282556,0.21498911466109785,68.92,0.745,0.2077101224667861,0.8946410057199471,0.895,Yes,"Qingdao Huicheng Environmental Technology Group Co., Ltd."
159991.SZ,0.026830713584400798,0.12919897180070627,37.4,0.448,0.2076697144756544,2.544913372919236,2.545,Yes,CMF ChiNext Large-Cap ETF
510060.SS,0.007948915662285647,0.038287001964757386,9.97,0.133,0.2076139487129994,0.46682312455657654,0.467,Yes,ICBCCS SSE Central Enterprises 50 ETF
688577.SS,0.05981790267088172,0.2881675247402671,100.81,0.998,0.20758030497987986,3.1310798395197743,3.131,Yes,"Zhe Jiang Headman Machinery Co.,Ltd."
562850.SS,0.009031603609259522,0.04351291325406982,11.39,0.151,0.20756145552756766,0.4545569192217149,0.455,Yes,Harvest CSI GX Cntrl-SOEs Mdrn Enrgy ETF
000415.SZ,0.020433547788963113,0.09848664883774037,27.47,0.341,0.20747530787272475,1.1129706002892104,1.113,Yes,"Bohai Leasing Co., Ltd."
501058.SS,0.01875433186944719,0.09044224637819329,24.98,0.313,0.2073625171916239,1.4575922066796516,1.458,Yes,China Universal Asset Management Co. Ltd. - Csi New Energy Automobile Industry Index ETF
301323.SZ,0.02190535396746397,0.10565756126618546,29.7,0.366,0.2073240542839837,1.4277019213815891,1.428,Yes,"Guangzhou Newlife New Material CO., LTD"
688802.SS,0.032129256411425625,0.1549804280282937,46.15,0.537,0.20731170264647875,1.2039044442119593,1.204,Yes,"MetaX Integrated Circuits (Shanghai) Co., Ltd."
002600.SZ,0.03781363774560721,0.18255405395750512,56.11,0.632,0.20713666405025144,1.084387905871629,1.084,Yes,Lingyi iTech (Guangdong) Company
159976.SZ,0.010873613000466424,0.05250413178498921,13.86,0.182,0.2071001391851443,1.0578221786435091,1.058,Yes,ICBCCS GD-HK-Mac Bay Area Innov 100 ETF
560350.SS,0.011317115009126485,0.054665410958763164,14.46,0.189,0.20702515193132906,1.0515706616949347,1.052,Yes,Jp Morgan Asset Management (China) Co. Ltd - CSI A50 Index ETF
600737.SS,0.029498013912401977,0.14270761423136727,41.74,0.494,0.20670245292292388,1.7856931767664614,1.786,Yes,"Cofco Sugar Holding CO.,LTD."
603130.SS,0.024829374327545947,0.12032753672765663,34.22,0.417,0.20634823086043488,1.5913116146507464,1.591,Yes,"Zhejiang Yunzhongma Co.,Ltd."
512160.SS,0.01116312310029216,0.054102988295562524,14.25,0.187,0.20633098932185506,1.1618155180257461,1.162,Yes,China Southern MSCI ChinaA Inclusion ETF
301379.SZ,0.030281862783611797,0.1471247444654288,43.04,0.51,0.2058244035946475,1.7391919824498034,1.739,Yes,"Techshine Electronics Co.,Ltd."
517350.SS,0.016519184278438247,0.08030383326262813,21.73,0.278,0.2057085397706159,1.3966806113992627,1.397,Yes,GF CSI SHS Technical Lead ETF
600392.SS,0.03866266988526134,0.18817422106630757,57.65,0.652,0.20546209606276328,2.626315549588799,2.626,Yes,"Shenghe Resources Holding Co., Ltd"
163406.SZ,0.01746453738691527,0.08502125675457098,23.09,0.295,0.20541377596110783,1.5288700138236568,1.529,Yes,"Aegon Industrial Fund Management Co., Ltd - Herun Mixed ETF"
164508.SZ,0.01142608525527098,0.05563271300325505,14.61,0.193,0.20538428989796784,1.002492695853683,1.002,Yes,FS China CSI A100 Enhanced Index (LOF)
589820.SS,0.030080848114667314,0.14659731102581,42.71,0.508,0.20519372356953575,3.3493422133167297,3.349,Yes,CCB Principal SSE STAR 200 ETF
600191.SS,0.02246191900400009,0.10950382255891812,30.55,0.379,0.20512451966610148,1.001121747464663,1.001,Yes,"Baotou Huazi Industry Co., Ltd"
512090.SS,0.011146351379528187,0.05434403680437901,14.23,0.188,0.20510716602911655,1.1646419123820182,1.165,Yes,E Fund MSCI China A ETF
516830.SS,0.009930361583646657,0.04842455832554999,12.59,0.168,0.20506870742912184,1.008247628400973,1.008,Yes,Fullgoal CSI 300 ESG ETF
159777.SZ,0.024478448430697495,0.11947816589179286,33.67,0.414,0.2048780063536191,2.3656943189253967,2.366,Yes,CPIC SZSE ChiNext Technology ETF
300395.SZ,0.04398869606558815,0.2148602248636089,67.63,0.744,0.20473168588328403,2.9673642662803212,2.967,Yes,"Hubei Feilihua Quartz Glass Co., Ltd."
159960.SZ,0.01132571203458821,0.05533905359000221,14.47,0.192,0.20466038538531064,0.552267229003809,0.552,Yes,Ping An HK HS China co ETF
688353.SS,0.057656668763112186,0.2818466422579334,95.95,0.976,0.20456752048281418,0.8461896743873714,0.846,Yes,"Jiangsu HSC New Energy Materials Co.,LTD."
688222.SS,0.031024820038201482,0.1516857793219937,44.29,0.525,0.20453347819997675,1.9485745609137504,1.949,Yes,HitGen Inc.
159631.SZ,0.010510543240586145,0.051420274845701296,13.37,0.178,0.20440464918022158,1.064448652567191,1.064,Yes,CMF CSI A100 ETF
002558.SZ,0.036080556612294416,0.1766251469391823,53.01,0.612,0.20427757449916295,1.7465067783679924,1.747,Yes,"Giant Network Group Co., Ltd."
301000.SZ,0.03468370098329101,0.16983492991515478,50.55,0.588,0.2042200682781693,1.2864899527149631,1.286,Yes,"Shanghai Hajime Advanced Material Technology Co., Ltd."
159201.SZ,0.012071593346863866,0.05911182501401299,15.49,0.205,0.2042162180579298,0.35655496399465875,0.357,Yes,ChinaAMC CNI Free Cash Flow ETF
159723.SZ,0.017119334839704046,0.08384770048571452,22.59,0.29,0.20417178694865623,1.5157564907238914,1.516,Yes,China Universal CSI SHS Tech Lead ETF
002475.SZ,0.02859505753529826,0.14007822778276569,40.26,0.485,0.20413634572564468,1.1676773246802807,1.168,Yes,"Luxshare Precision Industry Co., Ltd."
603259.SS,0.026480179365727902,0.1297840264899984,36.84,0.45,0.20403265395505782,1.6727222746349801,1.673,Yes,"WuXi AppTec Co., Ltd."
159973.SZ,0.015608282453113317,0.07659083293330712,20.42,0.265,0.20378786671120963,1.4729091918503692,1.473,Yes,Hony Horizon CNI Prt-ownEnterLead100 ETF
601777.SS,0.03943403471136375,0.19353771777800172,59.06,0.67,0.20375374456258047,1.3616097856430414,1.362,Yes,"Chongqing Afari Technology Co., Ltd."
515160.SS,0.010537412553147012,0.05173718263315287,13.4,0.179,0.20367194379066753,1.1051936680374284,1.105,Yes,CMF MSCI ChinaA Inte Com ETF
000833.SZ,0.07061491855782401,0.34672547094737877,126.78,1.201,0.2036623336753387,1.1682600835049444,1.168,Yes,"Guangxi Yuegui Guangye Holdings Co., Ltd."
561950.SS,0.01443005599622274,0.07087331739172034,18.76,0.246,0.20360350731809412,1.5124738628715717,1.512,Yes,CMF CSI 500 Enhanced Strategy ETF
002448.SZ,0.022518080155998314,0.11062773192989488,30.63,0.383,0.20354824023932885,1.5396570548294553,1.54,Yes,ZYNP Corporation
601069.SS,0.03657938905763395,0.1797202706032842,53.9,0.623,0.20353513231893333,1.076432770177334,1.076,Yes,"Western Region Gold Co., Ltd."
512910.SS,0.011484064045695087,0.05643700311761137,14.69,0.196,0.20348465388502252,1.1587609107187087,1.159,Yes,GF CSI A100 ETF
159890.SZ,0.022242312551611507,0.10939987418332836,30.21,0.379,0.20331204873543676,2.04318216336211,2.043,Yes,CMF CSI Cloud&Big Data Theme ETF
300790.SZ,0.031334917854805466,0.15412473560214915,44.81,0.534,0.20330881822689417,2.0760534332677287,2.076,Yes,"DongGuan YuTong Optical Technology Co.,Ltd."
300022.SZ,0.01998924277197318,0.09832366517703106,26.81,0.341,0.20330042351434613,0.8753663105830025,0.875,Yes,"Gifore Agricultural Science & Technology Service Co.,Ltd"
563330.SS,0.012750846421918935,0.06279371706294125,16.42,0.218,0.20305927118692674,1.3194696042554732,1.319,Yes,Huatai-Pinebridge Fund Management Co Ltd - CSI A shares Index Exchange Traded Fund
515360.SS,0.010958737387556995,0.05405853442697138,13.97,0.187,0.20271983885100223,1.1336465622532457,1.134,Yes,Founder Fubon CSI300 ETF
002838.SZ,0.028443256761089254,0.14034349945528418,40.01,0.486,0.20266885799118725,1.980988691837461,1.981,Yes,"Shandong Dawn Polymer Co.,Ltd."
511130.SS,0.003944298984601649,0.019462077544385586,4.84,0.067,0.20266587550102014,-0.0964412620659476,0.096,No,Bosera Shanghai Secs 30Y Trsry Bd ETF
300866.SZ,0.026161732201754283,0.129220523403785,36.33,0.448,0.20245802688791753,1.2479603665641978,1.248,Yes,"Anker Innovations Technology Co., Ltd."
513090.SS,0.019697433825155833,0.09732723305454331,26.37,0.337,0.2023835796720653,1.559230308788833,1.559,Yes,E Fund CSI HK Secs Invest Theme ETF
603333.SS,0.032416939757421624,0.16018228763864412,46.64,0.555,0.20237530775282178,1.0785383117015253,1.079,Yes,"Sunway Co., Ltd."
600036.SS,0.011575771417777159,0.05724136039120068,14.81,0.198,0.20222739883653468,0.20117953561580895,0.201,Yes,"China Merchants Bank Co., Ltd."
301075.SZ,0.0356445808698055,0.17636640142676152,52.24,0.611,0.2021052795852808,1.8861406939300565,1.886,Yes,"Tibet Duo Rui Pharmaceutical Co., Ltd."
000969.SZ,0.029965476257245615,0.14831925222489833,42.52,0.514,0.20203362549191248,1.7580187467619743,1.758,Yes,"Advanced Technology & Materials Co., Ltd."
180501.SZ,0.010326844501759703,0.051143062195893395,13.12,0.177,0.20192073095280774,0.010209283846977411,0.01,Yes,Hotland Innovation Asset Management Co. Lt. - Hotland Innovation Shenzhen Talent Affordable Rental H
002850.SZ,0.026901652915821566,0.1332401607616173,37.51,0.462,0.2019034858712897,1.4740091830983841,1.474,Yes,"Shenzhen Kedali Industry Co., Ltd."
516300.SS,0.05440897449605168,0.27034001655242285,88.85,0.936,0.20126126790223448,1.0842167060917474,1.084,Yes,Huatai-PB CSI 1000 ETF
560800.SS,0.024311063937453876,0.1208255007176825,33.41,0.419,0.20120805453360735,2.0039459333084384,2.004,Yes,PengYang CSI Digital Economy ETF
516510.SS,0.02188456283442254,0.10879225748505829,29.66,0.377,0.20115919404860408,1.9899569641978705,1.99,Yes,E Fund CSI Cloud Computing&Big Data ETF
600177.SS,0.010216717704239802,0.050824744779578136,12.97,0.176,0.20101857369965537,0.47601942201990133,0.476,Yes,"Youngor Fashion Co., Ltd."
589010.SS,0.030074338306077947,0.14966690181741216,42.7,0.518,0.20094181105430697,3.3807543411709853,3.381,Yes,ChinaAMC SSE STAR AI ETF
603111.SS,0.015261729243041268,0.07601464664981009,19.93,0.263,0.20077353399207568,0.8789326578022642,0.879,Yes,"Nanjing Kangni Mechanical & Electrical Co.,Ltd"
159588.SZ,0.01107790021532034,0.05518106634307526,14.13,0.191,0.20075545743255685,0.509332598489708,0.509,Yes,IGW CNI Oil And Gas ETF
600506.SS,0.03315154977416233,0.1651437751504056,47.9,0.572,0.2007435626560515,0.99945575500844,0.999,Yes,"Tongyi Carbon Neutral Technology (Xinjiang) Co., Ltd"
300738.SZ,0.036759303065438655,0.1831363611282213,54.22,0.634,0.20072094279356112,1.6880967127968949,1.688,Yes,"Guangdong Aofei Data Technology Co., Ltd."
561260.SS,0.008725173420598448,0.043471051408418566,10.99,0.151,0.20071227030199545,0.4703344053977634,0.47,Yes,ICBCCS CSI GX Cntrl-SOEs Mdrn Enrgy ETF
515200.SS,0.017644609768669293,0.08795579754993985,23.35,0.305,0.2006076945485143,1.605029641070925,1.605,Yes,SWS MU CSI Innovation 100 ETF
002588.SZ,0.01640861138103386,0.08183621485654931,21.57,0.283,0.2005055024819576,0.5191876774185946,0.519,Yes,"Stanley Agriculture Group Co.,Ltd."
159051.SZ,0.011281549680580809,0.05631873706360009,14.41,0.195,0.20031609849206466,-0.6183634118597096,0.618,No,E Fund CSI All Shr Hlth Cr Dvc ETF
002173.SZ,0.03217646290901473,0.16065484445432932,46.23,0.557,0.20028317862622436,1.747144815216115,1.747,Yes,"Innovative Medical Management Co.,Ltd."
159292.SZ,0.015517277416940941,0.07750533206245185,20.3,0.268,0.20020915986060817,1.855274957113027,1.855,Yes,Hwabao WP ChiNext Composite Enh Strt ETF
159957.SZ,0.021747554224425984,0.10873873812977418,29.46,0.377,0.1999982214109509,2.149033914869578,2.149,Yes,ChinaAMC ChiNext ETF
516630.SS,0.021816488376744738,0.10911848640950277,29.56,0.378,0.19993393507009655,2.001609107304034,2.002,Yes,ChinaAMC CSI cloud computing and big data theme ETF
526010.SS,0.019563362341728698,0.09785722542330491,26.17,0.339,0.19991740269666017,0.05646889886974149,0.056,Yes,China Universal CSI HKC Mdc Trtm Thm ETF
301008.SZ,0.030644025845815697,0.15361190237786607,43.65,0.532,0.19948991823846585,0.3888284253476726,0.389,Yes,"Zhejiang Hongchang Electrical Technology Co., Ltd."
600143.SS,0.024028226392684805,0.12049684661403261,32.97,0.417,0.1994095867890253,1.2582975448205431,1.258,Yes,"Kingfa Sci. & Tech. Co., Ltd."
002134.SZ,0.04194732515927663,0.210412431776568,63.74,0.729,0.19935763683307223,1.1492290785196408,1.149,Yes,Tianjin Printronics Circuit Corporation
002816.SZ,0.042201284571482346,0.21194828995801654,64.22,0.734,0.19911122934675116,2.195384233932742,2.195,Yes,"Shenzhen HEKEDA Precision Cleaning Equipment Co., Ltd."
159956.SZ,0.02216286499422611,0.1113840474570431,30.09,0.386,0.1989770124197861,2.2051286723113646,2.205,Yes,CCB Principal ChiNext ETF
159808.SZ,0.02197046794359475,0.11047945986535523,29.8,0.383,0.19886472988165263,2.1905477630303163,2.191,Yes,Rongtong ChiNext ETF
159543.SZ,0.016756148112078605,0.08430849759585368,22.07,0.292,0.19874803358970872,1.5955637900941357,1.596,Yes,ICBCCS CNI 2000 ETF
159908.SZ,0.021786109224331277,0.10966971357552438,29.51,0.38,0.19865201169991392,2.172988940536404,2.173,Yes,Bosera ChiNext ETF
300521.SZ,0.02577266447653783,0.12979337368028132,35.71,0.45,0.19856687399175993,1.1627187736819151,1.163,Yes,"AMSKY Technology Co., Ltd"
561000.SS,0.010037831251319589,0.05056126136193442,12.73,0.175,0.19852810196852952,1.0308373335747958,1.031,Yes,HuaAn CSI 300 Index Enhanced ETF
159786.SZ,0.01941619579319593,0.09780186129400796,25.96,0.339,0.1985258310660137,1.514982693316223,1.515,Yes,Yinhua CSI Virtual Reality ETF
603090.SS,0.03396561570136881,0.17111073215039976,49.3,0.593,0.19850079112229113,2.0579428644728943,2.058,Yes,"Wuxi Hongsheng Heat Exchanger Manufacturing Co., Ltd."
603286.SS,0.04253619478889369,0.21442294260415834,64.85,0.743,0.1983752031023045,1.771063963067506,1.771,Yes,"Jiangsu Riying Electronics Co.,Ltd."
159500.SZ,0.017611843114548133,0.08882358423633828,23.31,0.308,0.19827890605818424,2.1354840598400266,2.135,Yes,Fullgoal CSI 500 ETF
300901.SZ,0.028552119791260544,0.14411992634983883,40.19,0.499,0.19811361630835633,1.2199207334640094,1.22,Yes,"Zhejiang Zoenn Design Co., Ltd."
601857.SS,0.01809421006453644,0.09142246452157318,24.01,0.317,0.197918642417113,-0.18865175476860718,0.189,No,PetroChina Company Limited
300184.SZ,0.039761052133981525,0.20090894061824696,59.66,0.696,0.1979058373989074,0.8026336471047545,0.803,Yes,"Wuhan P&S Information Technology Co., Ltd."
159958.SZ,0.022233048458575506,0.11234501979796752,30.2,0.389,0.19789972442532547,2.229778583451537,2.23,Yes,ICBCCS ChiNext ETF
159517.SZ,0.01091300378358846,0.05517788762712097,13.91,0.191,0.19777857132436716,1.1673945765196232,1.167,Yes,Yinhua CSI 800 Enhanced Strategy ETF
301061.SZ,0.025756573367214333,0.13037077163812444,35.68,0.452,0.19756401717639535,0.3948219459082216,0.395,Yes,MotoMotion China Corporation
600619.SS,0.03822258753400526,0.19352445380704283,56.85,0.67,0.19750779181692357,2.996105631385819,2.996,Yes,"Shanghai Highly (Group) Co., Ltd."
517170.SS,0.010301787649884535,0.052175321447918026,13.09,0.181,0.1974456000269762,1.0166682976815655,1.017,Yes,ChinaAMC CSI SHS 500 ETF
588140.SS,0.0304030963437059,0.15398235101019017,43.25,0.533,0.19744533152175278,3.4031953095125242,3.403,Yes,GF SSE STAR 200 ETF
002647.SZ,0.03721899763466687,0.1887232747974364,55.04,0.654,0.19721466615400451,2.1609918393585796,2.161,Yes,"Rendong Holdings Co., Ltd."
000933.SZ,0.02391658269539833,0.12136895231356898,32.79,0.42,0.1970568439415001,1.260804507557189,1.261,Yes,Henan Shenhuo Coal Industry and Electricity Power Co. Ltd
601963.SS,0.015865484550996956,0.08051734125730443,20.79,0.279,0.19704431745077844,0.2165056177722316,0.217,Yes,"Bank of Chongqing Co., Ltd."
517330.SS,0.010723859061650678,0.05445416603070986,13.66,0.189,0.19693367548045587,1.1282635184035736,1.128,Yes,E Fund CSI Yangtze River Protection ETF
159920.SZ,0.011778970742606905,0.059847918560758696,15.09,0.207,0.19681504429679839,0.6881791675317399,0.688,Yes,ChinaAMC Hang Seng Index ETF-QDII
002272.SZ,0.0732937923765929,0.3726906829635189,133.68,1.291,0.1966611877543698,1.253973422978093,1.254,Yes,"Sichuan Crun Co., Ltd"
688331.SS,0.03910634882975265,0.19893567539046994,58.46,0.689,0.19657785740538947,2.245728137855778,2.246,Yes,"RemeGen Co., Ltd."
159952.SZ,0.021957111475152096,0.11180506511303695,29.78,0.387,0.19638744857357812,2.2175077556818836,2.218,Yes,GF ChiNext ETF
159218.SZ,0.031184197722154538,0.15888330450387084,44.56,0.55,0.19627107970551308,2.679992207974296,2.68,Yes,CMF CSI Satellite Industry ETF
603236.SS,0.030818740653864543,0.15714109612955557,43.94,0.544,0.19612145653137047,1.4036668224064073,1.404,Yes,"Quectel Wireless Solutions Co., Ltd."
300931.SZ,0.0285418811800313,0.145602011061491,40.17,0.504,0.1960266961421118,1.6990548685426479,1.699,Yes,"General Elevator Co., Ltd"
000691.SZ,0.04237232537449954,0.21615716173408822,64.54,0.749,0.19602554472206218,1.4414600266698456,1.441,Yes,"Gansu Yatai Industrial Developent Co.,Ltd."
603127.SS,0.03220256914431526,0.1642822686401811,46.28,0.569,0.19601974948889261,1.8980692727816562,1.898,Yes,"Joinn Laboratories(China)Co.,Ltd."
563200.SS,0.015673966152724705,0.07999786499494504,20.52,0.277,0.19592980579813127,1.4865395401525667,1.487,Yes,Fullgoal CSI 2000 ETF
301225.SZ,0.0371363983309758,0.18957721938284464,54.89,0.657,0.19589061624529966,1.594012330779754,1.594,Yes,"Hengbo Holdings Co.,Ltd."
510560.SS,0.01571468186490843,0.08024226212837475,20.58,0.278,0.19584046421532159,1.6512933979926705,1.651,Yes,China Life AMP CSI 500 ETF
000792.SZ,0.018523935612637682,0.09458900404125982,24.64,0.328,0.1958360361269638,1.4626652655329124,1.463,Yes,"Qinghai Salt Lake Industry Co.,Ltd"
560030.SS,0.008116648219346522,0.04148159504418164,10.19,0.144,0.19566866246829612,0.5868970581663198,0.587,Yes,China Universal CSI 800 Value ETF
002014.SZ,0.013245365220687868,0.06780328749557621,17.11,0.235,0.19534989688445498,0.7966650870406913,0.797,Yes,"Huangshan Novel Co.,Ltd"
159915.SZ,0.022218538925323095,0.11381697543301023,30.17,0.394,0.19521287436073506,2.262015070594323,2.262,Yes,E Fund ChiNext ETF
159530.SZ,0.018059053815740984,0.09252142813602647,23.96,0.321,0.1951877978925085,1.6074879450800534,1.607,Yes,E Fund CNI Robot Industry ETF
688386.SS,0.028894943444595693,0.148039057437306,40.75,0.513,0.19518459482783856,1.9775346019400464,1.978,Yes,Pan Asian Microvent Tech (Jiangsu) Corporation
159675.SZ,0.02181424273023142,0.11178208939628248,29.56,0.387,0.1951497135904931,2.1969397854041697,2.197,Yes,Harvest ChiNext Enhanced Exchange Traded Fund
601598.SS,0.017648336400405907,0.090498277077055,23.36,0.313,0.19501295461546944,0.42988403598361147,0.43,Yes,Sinotrans Limited
515660.SS,0.01009198030911015,0.051762484088925816,12.81,0.179,0.1949670787007158,1.0891100486853451,1.089,Yes,CPIC CSI300 ETF
000893.SZ,0.02120455972877947,0.10882735267795986,28.63,0.377,0.1948458655566828,0.27907240616048096,0.279,Yes,"Asia-potash International Investment (Guangzhou)Co.,Ltd."
603809.SS,0.024233638304510297,0.12442259616475554,33.29,0.431,0.19476878839934397,0.6489079017517569,0.649,Yes,"Chengdu Haoneng Technology Co., Ltd."
000700.SZ,0.026801988198236756,0.13781944271410584,37.35,0.477,0.1944717499245378,1.703945295452934,1.704,Yes,"Jiangnan Mould & Plastic Technology Co., Ltd."
000026.SZ,0.026291519292984792,0.13522450814617318,36.54,0.468,0.19442865537779985,1.4254370206791642,1.425,Yes,"FIYTA Precision Technology Co., Ltd."
001298.SZ,0.03302894105577671,0.16989635120637503,47.69,0.589,0.19440641792039476,1.5673634110466197,1.567,Yes,"Shenzhen Best of Best Holdings Co.,Ltd."
510350.SS,0.01013773175274695,0.052155275758065014,12.87,0.181,0.19437595919870687,1.1031540562769515,1.103,Yes,ICBCCS CSI 300 ETF
002437.SZ,0.027660895398293445,0.1424442853958896,38.74,0.493,0.19418747000918038,0.948525873978824,0.949,Yes,"HARBIN GLORIA PHARMACEUTICALS Co., LTD"
300885.SZ,0.03333213058333632,0.17171443194388902,48.21,0.595,0.19411373992273537,1.189367037252848,1.189,Yes,"Yangzhou Seashine New Materials Co., Ltd."
589780.SS,0.029445387642965136,0.15176113371525435,41.66,0.526,0.19402456295702683,3.3226476435533367,3.323,Yes,Fullgoal SSE STAR 200 ETF
159273.SZ,0.012457333832245345,0.06429473824368523,16.02,0.223,0.193753550796497,1.266645155833778,1.267,Yes,China Universal CSI SHS Cloud Comput ETF
002250.SZ,0.02430601326405505,0.12546807060428666,33.4,0.435,0.1937226989065107,1.011679776512212,1.012,Yes,"Lianhe Chemical Technology Co.,Ltd."
560100.SS,0.014530712149713824,0.07516229058055734,18.9,0.26,0.1933244987277246,1.5702497353261828,1.57,Yes,China Southern CSI 500 Enhanced Strategy ETF
159964.SZ,0.022816983451779134,0.11802861592639126,31.09,0.409,0.19331738555681263,2.351303836955111,2.351,Yes,Ping An ChiNext ETF
603558.SS,0.018282856377107894,0.09471696308105088,24.29,0.328,0.19302620969237527,0.3862714259463601,0.386,Yes,"Zhejiang Jasan Holding Group Co., Ltd."
600179.SS,0.0183050758708865,0.09503004773770353,24.32,0.329,0.19262408371519624,1.0345344277804085,1.035,Yes,"Antong Holdings Co., Ltd."
510180.SS,0.008900839099772859,0.046252857305591845,11.22,0.16,0.1924386863489355,0.9801120410850418,0.98,Yes,Huaan Shanghai SSE180 Index Fund
560220.SS,0.015218851593929094,0.0790882641899955,19.87,0.274,0.19242869659357434,1.4702350057206957,1.47,Yes,GF CSI 2000 ETF
300486.SZ,0.040537838568955306,0.21076224187743356,61.1,0.73,0.19233918849909384,2.5779965172532373,2.578,Yes,"OMH SCIENCE Group Co., Ltd"
159948.SZ,0.022388851410194692,0.11649374544631212,30.43,0.404,0.19218930015871907,2.32047684703469,2.32,Yes,China Southern ChiNext ETF
159982.SZ,0.015367031795679229,0.0800270694855368,20.08,0.277,0.19202292292430495,1.6588953063903706,1.659,Yes,Penghua CSI500 ETF
300697.SZ,0.030069650458065457,0.1566070121427454,42.69,0.543,0.19200705030153653,1.406170200273306,1.406,Yes,"Jiangyin Electrical Alloy Co.,Ltd"
515110.SS,0.009516506627383854,0.04961069556260386,12.04,0.172,0.19182368881272688,0.9283711154643747,0.928,Yes,E Fund CSI SOEs OBOR ETF
515450.SS,0.00816035107420312,0.0425512794111214,10.24,0.147,0.1917768675145945,0.2782441028061648,0.278,Yes,China Southern S&P CNA LC Vol Div 50 ETF
002546.SZ,0.021442627599568838,0.11185099062017423,28.99,0.387,0.19170708708682008,1.1198575650894058,1.12,Yes,"Nanjing Xinlian Electronics Co., Ltd"
159810.SZ,0.021757881285266078,0.11371231758214294,29.47,0.394,0.19134146368575003,2.25847977866865,2.258,Yes,SPDB ChiNext ETF
688676.SS,0.03433823212688137,0.1794611753614195,49.95,0.622,0.1913407290336035,2.2260482278727434,2.226,Yes,"Hainan Jinpan Smart Technology Co., Ltd."
159968.SZ,0.015462125232789904,0.08084782184616905,20.22,0.28,0.1912497440216761,1.6751161215650652,1.675,Yes,Bosera CSI Smallcap 500 Index Exchange Traded Fund
000620.SZ,0.031749306528778214,0.16616694975503268,45.51,0.576,0.1910687207990747,1.4478775136166786,1.448,Yes,Winnovation Culturaltainment Development Limited
513600.SS,0.011972735788050278,0.06268826940606109,15.35,0.217,0.19098845607775988,0.7328874855930001,0.733,Yes,China Southern Hangsheng Index ETF
688400.SS,0.036425431596378205,0.19074523338838872,53.62,0.661,0.1909637842546242,2.538237066606755,2.538,Yes,"LUSTER LightTech Co., LTD."
002444.SZ,0.018834457292683213,0.09872489286072213,25.1,0.342,0.19077718645138722,1.2759743384001896,1.276,Yes,"Hangzhou Greatstar Industrial Co., Ltd"
301237.SZ,0.027797941107178124,0.1457241592644772,38.96,0.505,0.190757258422244,1.5867282893126893,1.587,Yes,"Hangzhou Heshun Technology Co.,LTD."
159542.SZ,0.01276496484104054,0.0669679122670555,16.44,0.232,0.19061315201429976,0.9838070986495089,0.984,Yes,DaCheng CSI Construction Machinery ETF
512510.SS,0.015516926156832866,0.08143860716481871,20.29,0.282,0.19053525959044326,1.6902528425270824,1.69,Yes,Huatai-PB CSI 500 ETF
301259.SZ,0.03754805422859544,0.19726214646313783,55.63,0.683,0.19034596805227405,1.1089059479125722,1.109,Yes,"Hunan Airbluer Environmental Protection Technology Co., Ltd."
688209.SS,0.028742895116936427,0.15104998781202852,40.5,0.523,0.19028730510528086,1.8121652434380962,1.812,Yes,"Shenzhen Injoinic Technology Co.,Ltd."
515350.SS,0.009752926184136219,0.05125847259925802,12.35,0.178,0.19026954354229814,1.0858988541792776,1.086,Yes,MinSheng CSI 300 ETF
002896.SZ,0.0383632434455193,0.2018568245172083,57.11,0.699,0.19005175345086653,1.447266136339623,1.447,Yes,"Ningbo ZhongDa Leader Intelligent Transmission Co., Ltd."
601606.SS,0.054019514767701594,0.28429839802060436,88.01,0.985,0.19000991614376442,2.0452886809854585,2.045,Yes,"Anhui Great Wall Military Industry Co., Ltd."
900947.SS,0.00925427461824623,0.048737382378906326,11.69,0.169,0.189880419639679,0.6784484573978948,0.678,Yes,"Shanghai Zhenhua Heavy Industries Co., Ltd."
589200.SS,0.026863816910066476,0.14150898617215882,37.45,0.49,0.1898382402187812,3.0968469771312437,3.097,Yes,ICBCCS SSE STAR 200 ETF
002811.SZ,0.023959199351994892,0.12635113655394128,32.86,0.438,0.18962393220551946,0.9155604967936055,0.916,Yes,"Shenzhen Cheng Chung Design Co., Ltd."
159528.SZ,0.010553399895640688,0.05569874064843922,13.43,0.193,0.18947286370892863,1.1356648001236216,1.136,Yes,Fullgoal CSI SOE Reform ETF
159836.SZ,0.020776101838159675,0.1096743445442649,27.99,0.38,0.18943447462113053,2.228981848541248,2.229,Yes,TianHong Chinext 300 ETF
159129.SZ,0.01892472984079253,0.09991822148950173,25.23,0.346,0.1894021886966926,1.9140058184363453,1.914,Yes,Harvest CSI Chemicals Sub-industry ETF
603800.SS,0.035671115977748934,0.18844229141096358,52.29,0.653,0.18929464140273974,2.465806670183766,2.466,Yes,"Jiangsu Hongtian Technology Co.,Ltd."
301357.SZ,0.06360128821158996,0.3362163621503847,109.58,1.165,0.18916773652777205,1.9906392974217524,1.991,Yes,"North Long Dragon New Materials Tech Co., Ltd."
002005.SZ,0.022184266478252262,0.11736599364632938,30.12,0.407,0.18901783889038862,0.799111899588119,0.799,Yes,"Elec-Tech International Co., Ltd."
501302.SS,0.0116141283043334,0.061446245086834016,14.86,0.213,0.1890128239393743,0.7199174505347541,0.72,Yes,China Southern Hang Seng ETF Feeder Fund
900909.SS,0.01183411152616141,0.06267981219698762,15.16,0.217,0.18880260025300705,0.7859728705012196,0.786,Yes,Shanghai Huayi Group Corporation Limited
002951.SZ,0.03782746553643343,0.2003769344999569,56.14,0.694,0.18878153631221248,0.6956107906497967,0.696,Yes,"Sichuan Jinshi Technology Co.,Ltd"
159778.SZ,0.017545118241926443,0.09294361654942367,23.21,0.322,0.1887716326660977,1.721294890374958,1.721,Yes,Penghua CSI Industrial Intrnt Thmtc ETF
001207.SZ,0.01824376153884596,0.09666252221339382,24.23,0.335,0.18873665947357265,0.4922251555119819,0.492,Yes,"Shandong Link Science and Technology Co.,Ltd."
688608.SS,0.02667608729535804,0.14137158753082776,37.15,0.49,0.18869482730779266,1.0301929956038454,1.03,Yes,"Bestechnic (Shanghai) Co., Ltd."
603166.SS,0.026525812117686114,0.14059235872612355,36.91,0.487,0.1886717909709366,1.276048084923852,1.276,Yes,"GUILIN FUDA Co.,Ltd."
510390.SS,0.010309781210725512,0.0546523598466334,13.1,0.189,0.18864292849672068,1.1523961639271163,1.152,Yes,Ping An HS300 ETF
300436.SZ,0.07483750332260315,0.3968195396204432,137.75,1.375,0.18859329203946212,2.51538961990707,2.515,Yes,"Fujian Cosunter Pharmaceutical Co., Ltd."
159677.SZ,0.014218742189116328,0.07540941616231439,18.46,0.261,0.18855393547287663,1.496327042547787,1.496,Yes,Yinhua CSI 1000 Enhance policies ETF
301448.SZ,0.030670300851358957,0.16275302927241997,43.69,0.564,0.18844688168612986,1.702838570812896,1.703,Yes,"Keystone Electrical (Zhejiang) Co.,Ltd."
300657.SZ,0.034021147923017366,0.18058405546825168,49.4,0.626,0.18839508191795257,2.0753818298157176,2.075,Yes,Xiamen Hongxin Electronics Technology Group Inc.
300322.SZ,0.03832097936080866,0.20355820593876037,57.03,0.705,0.18825563520803168,2.217349790216849,2.217,Yes,"Huizhou Speed Wireless Technology Co.,Ltd."
000908.SZ,0.0696699540271426,0.37087669530108186,124.39,1.285,0.18785206757351997,-1.6357903073867957,1.636,No,"CSPC Hunan Jingfeng Pharmaceutical Co., Ltd."
512650.SS,0.012074908453393813,0.06431756294417855,15.49,0.223,0.18773889899829801,1.3142198608158167,1.314,Yes,China Universal CSI Y-Rivdel int dev ETF
159658.SZ,0.022515598633754044,0.1199644381397947,30.63,0.416,0.1876856090262065,2.0463011706261964,2.046,Yes,HuaAn CSI Digital Economy Index ETF
510530.SS,0.014999696114950825,0.0799343376135841,19.56,0.277,0.1876502209533762,1.6467358415744622,1.647,Yes,ICBCCS CSI 500 ETF
510710.SS,0.008622518996753783,0.04597435713851794,10.85,0.159,0.18755061589604521,0.9314915443412204,0.931,Yes,Bosera SSE 50 ETF
517160.SS,0.010472261242219956,0.05585230856237633,13.32,0.193,0.1874991654198939,1.1423692536427081,1.142,Yes,China Southern CSI Yangtze Rivr Prtc ETF
300033.SZ,0.04061611864708258,0.21663839004773564,61.25,0.75,0.1874834771350218,3.5084112544507033,3.508,Yes,"Hithink RoyalFlush Information Network Co., Ltd."
002582.SZ,0.02869401966319689,0.15305273501780445,40.42,0.53,0.18747799351549613,1.190522356801199,1.191,Yes,"Haoxiangni Health Food Co.,Ltd."
300611.SZ,0.04142727693177499,0.22107697020587985,62.76,0.766,0.18738847783735899,0.8199029182185362,0.82,Yes,"Zhejiang Meili High Technology Co., Ltd."
513990.SS,0.012573135527453089,0.06712226439504634,16.18,0.233,0.187316915494004,0.8880729643418722,0.888,Yes,CMF SSE HK ETF
002062.SZ,0.026697677880320802,0.14257358868240255,37.19,0.494,0.18725542456389063,1.7661774604613045,1.766,Yes,"Hongrun Construction Group Co., Ltd."
603336.SS,0.026502253574569336,0.14167003605201717,36.87,0.491,0.18707028185436805,0.9793129149154554,0.979,Yes,"Great-Sun Foods Co., Ltd."
900910.SS,0.03185409734031833,0.17036546732941277,45.69,0.59,0.18697508268343108,1.8479028750547608,1.848,Yes,"Shanghai Highly (Group) Co., Ltd."
510230.SS,0.010085888482333018,0.05394835729005387,12.8,0.187,0.18695450591954338,0.6241679520340805,0.624,Yes,Guotai SSE 180 Financial ETF
000783.SZ,0.02144155729287635,0.11469235318944526,28.99,0.397,0.18694844683725212,2.152021374106628,2.152,Yes,Changjiang Securities Company Limited
688279.SS,0.030594925981606635,0.16372005532977219,43.57,0.567,0.18687341584377662,2.0877266665538636,2.088,Yes,"Fortior Technology (Shenzhen) Co., Ltd."
302132.SZ,0.020156686366637314,0.10790219568997261,27.06,0.374,0.1868051547769429,0.7899336453609592,0.79,Yes,AVIC Chengdu Aircraft Company Limited
560950.SS,0.01258870910952037,0.0674111459237384,16.2,0.234,0.18674521753067155,1.4327486700304506,1.433,Yes,China Universal CSI 500 Enhnc Strtgy ETF
603225.SS,0.02107603803739586,0.11290048264090363,28.44,0.391,0.186678015402567,1.5309058420543968,1.531,Yes,"Xinfengming Group Co., Ltd."
601100.SS,0.019821085691071386,0.10627227342693539,26.56,0.368,0.1865122957466308,1.3311877999414128,1.331,Yes,"Jiangsu Hengli Hydraulic Co.,Ltd"
600744.SS,0.028352049102277135,0.15210985562422538,39.86,0.527,0.1863919269788704,0.7616875441788364,0.762,Yes,"Datang Huayin Electric Power Co.,Ltd"
600483.SS,0.01225986764546288,0.065791642268415,15.75,0.228,0.18634384585576078,0.12149609735235914,0.121,Yes,"Fujian Funeng Co., Ltd."
000609.SZ,0.05165098541170352,0.2771939218719715,83.0,0.96,0.18633520195136075,1.2340821545205185,1.234,Yes,"Beijing Zodi Investment Co., Ltd."
002569.SZ,0.029187814878490904,0.15717061316605282,41.23,0.544,0.1857078387017145,0.2922828698652982,0.292,Yes,"Zhejiang Busen Garments Co., Ltd."
159535.SZ,0.01488196368534105,0.08016250622471718,19.4,0.278,0.18564743526883853,1.5363365258120496,1.536,Yes,Harvest CSI 2000 ETF
159821.SZ,0.022476636360572,0.12107532593183244,30.57,0.419,0.18564175803438882,2.395821775824419,2.396,Yes,BOC Intl ChiNext ETF
603167.SS,0.01329190959375855,0.0716330467855771,17.17,0.248,0.18555555278202687,0.4009927647445185,0.401,Yes,"Bohai Ferry Group Co., Ltd."
000887.SZ,0.026110069424961656,0.14083804427915997,36.25,0.488,0.1853907412489198,1.6410701316130283,1.641,Yes,"Anhui Zhongding Sealing Parts Co., Ltd."
159223.SZ,0.012148291869767387,0.06562369626172221,15.59,0.227,0.18512050618601608,0.2648528206770428,0.265,Yes,Maxwealth CNI Free Cash Flow ETF
688226.SS,0.03518555836632694,0.1901794717788426,51.43,0.659,0.18501238875688855,2.001812128070206,2.002,Yes,"Wetown Electric Group Co., Ltd."
510380.SS,0.009835872163948744,0.053209719298984395,12.46,0.184,0.1848510440109854,1.11098696914036,1.111,Yes,China Life AMP CSI 300 ETF
300007.SZ,0.032383810294726104,0.17554106304489134,46.59,0.608,0.18447997142665445,1.4145902526549434,1.415,Yes,Hanwei Electronics Group Corporation
560330.SS,0.007655339750965819,0.041523619765179626,9.58,0.144,0.18436108880337404,0.49599858739124153,0.496,Yes,SWS MU CSI 300 Value Index ETF
600156.SS,0.02828380294651467,0.15346145021927335,39.75,0.532,0.18430558883746612,1.5462427072227944,1.546,Yes,"Hunan Huasheng CO.,Ltd"
603790.SS,0.026401176318665214,0.14335147452900604,36.71,0.497,0.1841709435177323,0.6770299561990186,0.677,Yes,"Argus (Shanghai) Textile Chemicals Co.,Ltd."
605128.SS,0.021731928063223105,0.11803487216351252,29.43,0.409,0.18411447112949877,1.6268913490978822,1.627,Yes,"Shanghai Yanpu Metal Products Co.,Ltd"
300607.SZ,0.04749288309408929,0.2579836749823094,74.51,0.894,0.18409259073213063,2.0613112453501508,2.061,Yes,"Guangdong Topstar Technology Co., Ltd."
508008.SS,0.005321865653538746,0.028919747280863925,6.58,0.1,0.18402185889985984,0.13489074362818887,0.135,Yes,Sinolink Railway Construction Chongqing Yusui Expressway Closed Infrastructure Securities REIT
159133.SZ,0.01868023839250272,0.10157054895872974,24.87,0.352,0.1839139256802963,1.936651455414908,1.937,Yes,TianHong CSI Chemicals Sub-industry ETF
600550.SS,0.04443812894711944,0.24182001183644555,68.5,0.838,0.1837653079645661,3.3107034324918962,3.311,Yes,"Baoding Tianwei Baobian Electric Co.,Ltd."
002490.SZ,0.035931560761585796,0.19559153434160595,52.75,0.678,0.1837071368274577,0.23388131725097716,0.234,Yes,Shandong Molong Petroleum Machinery Company Limited
159686.SZ,0.009780288024527304,0.053264442997471725,12.39,0.185,0.18361757814667357,1.0961613358182951,1.096,Yes,E Fund CSI A100ETF
002414.SZ,0.022967918131250452,0.12514609709610353,31.32,0.434,0.18352884080446139,1.8212614874430642,1.821,Yes,"Wuhan Guide Infrared Co., Ltd."
603988.SS,0.03691691408020881,0.20118553533827413,54.5,0.697,0.18349686033907242,1.5100345245165359,1.51,Yes,"SEC Electric Machinery Co., Ltd."
180302.SZ,0.0070741614578452485,0.038568343410413784,8.83,0.134,0.18341885682171052,0.16947716605397856,0.169,Yes,China Asset Management Company - Huaxia Shenzhen International Warehousing
159943.SZ,0.013802133596309366,0.07540073184540586,17.88,0.261,0.1830503929936368,1.564130156656073,1.564,Yes,DaCheng SZ Exch Compnt ETF
688350.SS,0.021639481145038532,0.11823220531644335,29.29,0.41,0.18302526868310884,1.4309133211773337,1.431,Yes,"Jiangsu Feymer Technology Co., Ltd."
002131.SZ,0.041244233251282895,0.2253596916686505,62.42,0.781,0.18301512992804794,1.910327538035909,1.91,Yes,"Leo Group Co., Ltd."
600111.SS,0.028287191584564622,0.15466749153511986,39.76,0.536,0.18289034950916974,2.3063628470454796,2.306,Yes,"China Northern Rare Earth (Group) High-Tech Co.,Ltd"
002571.SZ,0.02477456631946172,0.13550898122760746,34.13,0.469,0.1828260097229213,0.6944115658632917,0.694,Yes,"Anhui Deli Household Glass Co., Ltd."
510270.SS,0.007367689628222366,0.04032041801770661,9.21,0.14,0.18272850308711738,0.6772457994069586,0.677,Yes,BOC SSE State-owned Enterprises 100 ETF
603683.SS,0.031024217873872793,0.16985692715371853,44.29,0.588,0.18264911766475228,1.4708934375682192,1.471,Yes,"Shanghai Smith Adhesive New Material Co.,Ltd"
300170.SZ,0.030727779513644117,0.168344876608356,43.79,0.583,0.1825287477273835,1.457511396864323,1.458,Yes,"HAND Enterprise Solutions Co., Ltd."
688585.SS,0.33466087138083817,1.8340354595794346,3094.85,6.353,0.18247241057028404,5.155650344516893,5.156,Yes,"Swancor Advanced Materials Co., Ltd."
159510.SZ,0.00947124638901308,0.05194378680062375,11.98,0.18,0.18233646355755,0.8434942388973238,0.843,Yes,ChinaAMC CSI Smrt Slt 300 Vl Std Str ETF
510590.SS,0.014493623818710822,0.07956954828658216,18.85,0.276,0.18215038454799026,1.625776288541938,1.626,Yes,Ping An CSI 500 ETF
601600.SS,0.02157565577793062,0.1184581483391643,29.2,0.41,0.18213737155637555,1.1732940927813216,1.173,Yes,Aluminum Corporation of China Limited
300468.SZ,0.047911151632455753,0.2630965538998726,75.35,0.911,0.1821048239601399,1.844703006040487,1.845,Yes,"Shenzhen Forms Syntron Information Co.,Ltd."
517010.SS,0.011389739018531853,0.06261098872752188,14.56,0.217,0.18191278000893907,1.1613454583353908,1.161,Yes,E Fund CSI SH-HK-SZ ETF
001696.SZ,0.049037166215801974,0.26962230193832576,77.62,0.934,0.18187355372041475,1.0338073399851573,1.034,Yes,"Chongqing Zongshen Power Machinery Co.,Ltd"
515800.SS,0.010825531731374096,0.05952991653468793,13.79,0.206,0.18185027565200915,1.273585864459008,1.274,Yes,China Universal CSI 800 ETF
688367.SS,0.02456862213583904,0.1352327762113249,33.81,0.468,0.18167653452182528,1.1330034149764145,1.133,Yes,"Hefei Gocom Information Technology Co.,Ltd."
003007.SZ,0.017655162092130708,0.09736131995929222,23.37,0.337,0.18133651125018144,0.8184664211643395,0.818,Yes,"Beijing ZZNode Technologies Co., Ltd."
517800.SS,0.01835658443210922,0.10138352130367477,24.39,0.351,0.18106082917682068,1.9047284715633512,1.905,Yes,Founder Fubon CSI SHS AI 50 ETF
512520.SS,0.009568078268610794,0.05284467342714921,12.11,0.183,0.18106041059750683,1.131212274193628,1.131,Yes,Huatai-PB MSCI China A GJT ETF
002807.SZ,0.010201944557831692,0.05639595842914197,12.95,0.195,0.18089850482193337,0.43438409159536595,0.434,Yes,"Jiangsu Jiangyin Rural Commercial Bank Co.,LTD."
510310.SS,0.04497407859380033,0.24862750772048212,69.54,0.861,0.18088939154858982,4.05548028108054,4.055,Yes,EFundSeededCSI300ETF
002115.SZ,0.026578280395489727,0.14696421200638296,37.0,0.509,0.18084865718420876,1.7644086424817824,1.764,Yes,Sunwave Communications Co.Ltd
516570.SS,0.01172447372314084,0.06487790831607657,15.01,0.225,0.18071596368398252,1.1081158926048122,1.108,Yes,E Fund CSI Petrochemical Industry ETF
561180.SS,0.009701266977021223,0.05369380600601715,12.28,0.186,0.18067758087281163,1.105272654028536,1.105,Yes,Fullgoal CSI A100 Index ETF
002165.SZ,0.044579570888575996,0.2468852558264985,68.77,0.855,0.18056797575593098,0.8732370012711137,0.873,Yes,"Hongbaoli Group Corporation, Ltd."
002625.SZ,0.03610682620802369,0.2002705294292555,53.06,0.694,0.18029026193181477,1.7738975704705853,1.774,Yes,"Kuang-Chi Technologies Co., Ltd."
159923.SZ,0.009695281506632195,0.053885784598802694,12.28,0.187,0.17992280485134882,1.1152124778424417,1.115,Yes,DaCheng A100 ETF
515130.SS,0.010452059726934101,0.058130346455318865,13.29,0.201,0.17980384367686406,1.2147665053833197,1.215,Yes,Bosera CSI 300 ETF
300669.SZ,0.023989010932678998,0.13351390830685997,32.91,0.463,0.17967424695219142,1.491047177619812,1.491,Yes,"Hangzhou Huning Elevator Parts Co., Ltd."
002418.SZ,0.026831876157565614,0.14944658376924863,37.4,0.518,0.17954158255631378,1.797909646316644,1.798,Yes,"Zhe Jiang Kangsheng Co.,Ltd."
000029.SZ,0.027731172043165712,0.15447443264916608,38.85,0.535,0.17951949437579254,2.3205016101927627,2.321,Yes,"Shenzhen Special Economic Zone Real Estate & Properties (Group) Co., Ltd."
561350.SS,0.014345707443793453,0.07992989016344526,18.64,0.277,0.1794786332679617,1.6503068876043945,1.65,Yes,Guotai CSI500 ETF
000889.SZ,0.03078741862975966,0.17170347639188913,43.89,0.595,0.17930573845512418,0.7397513264608773,0.74,Yes,"ZJBC Information Technology Co., Ltd"
510580.SS,0.12356803566100104,0.689151981746301,304.76,2.387,0.17930447700067764,10.674817479246324,10.675,Yes,E Fund CSI 500 ETF
515380.SS,0.01013727939449796,0.0565388769245538,12.87,0.196,0.17929750192996005,1.1839151789724227,1.184,Yes,Tai Kang CSI 300 ETF
512530.SS,0.008969440673062282,0.050038096632178786,11.31,0.173,0.17925223533171247,0.3548076456521682,0.355,Yes,CCB Principal CSI300 Dividend ETF
530100.SS,0.020050769155171184,0.11194012026561959,26.9,0.388,0.17912048966530744,2.517750983154884,2.518,Yes,"E Fund Management Co., Ltd - E Fund Sse 580 ETF"
159820.SZ,0.014310624089991867,0.07994926749144951,18.59,0.277,0.17899631277450256,1.6491399109764242,1.649,Yes,TianHong CSI 500 ETF
603121.SS,0.03097919198742107,0.1730914359915628,44.21,0.6,0.17897587948216645,1.238810129655058,1.239,Yes,"Shanghai Sinotec Co., Ltd."
300547.SZ,0.03139331166275044,0.17542240397565162,44.91,0.608,0.17895839386118426,2.1326746150864073,2.133,Yes,"Sichuan Chuanhuan Technology Co.,Ltd."
159965.SZ,0.00746402285525286,0.04172286596078701,9.33,0.145,0.17889525763325745,0.8377105232531373,0.838,Yes,Guolian CCTV 50 ETF
688206.SS,0.028298010847852422,0.15859031666832474,39.77,0.549,0.17843467017620496,2.323957874259415,2.324,Yes,"Primarius Technologies Co., Ltd."
562070.SS,0.0066901239502162365,0.0375114564306168,8.33,0.13,0.17834881891591303,0.7044036739348819,0.704,Yes,Hwabao WP CSI 300 Enhanced Strategy ETF
159620.SZ,0.013508839769427199,0.07575678676019952,17.47,0.262,0.17831854210221548,1.5052046567960418,1.505,Yes,ChinaAMC CSI Smart Selected 500 Growth Innovation Index ETF
510850.SS,0.008447707872996674,0.04740857309394464,10.62,0.164,0.17818945649886422,0.9535437395553357,0.954,Yes,ICBCCS SSE 50 ETF
600282.SS,0.013732255967254336,0.07706997750225972,17.78,0.267,0.17817905768626574,0.7875490589696761,0.788,Yes,"Nanjing Iron & Steel Co., Ltd."
002422.SZ,0.014625461696992127,0.08212063730076398,19.03,0.284,0.17809727466467268,0.2249021616159078,0.225,Yes,"Sichuan Kelun Pharmaceutical Co., Ltd."
603001.SS,0.031278784866990414,0.17564741927495742,44.71,0.608,0.17807711036179127,1.5856210181312114,1.586,Yes,"ZheJiang AoKang Shoes Co.,Ltd."
002277.SZ,0.03288571782683241,0.1847011311850422,47.44,0.64,0.1780482751558569,1.5908377403327043,1.591,Yes,"Hunan Friendship&Apollo Commercial Co.,Ltd."
300154.SZ,0.02969747385046818,0.16681145422780902,42.07,0.578,0.17803018376610577,1.2651353930764409,1.265,Yes,"Shenzhen Riland Industry Group Co., Ltd"
001301.SZ,0.02664320186493377,0.1497264177739666,37.1,0.519,0.17794589799881197,2.033398244624654,2.033,Yes,"Shijiazhuang Shangtai Technology Co., Ltd."
000001.SS,0.008074169363516836,0.04540836516315029,10.13,0.157,0.17781237740021458,1.0,1.0,Yes,SSE Composite Index
515550.SS,0.0136936003934116,0.0770274556600199,17.73,0.267,0.1777755772415976,1.511834584380797,1.512,Yes,Guolian CSI500 ETF
001212.SZ,0.03954369067429618,0.22263016899548685,59.26,0.771,0.1776205392679633,1.3573048332045907,1.357,Yes,"Sinostone(Guangdong) Co.,Ltd."
159673.SZ,0.009864656372009666,0.055542616934233985,12.5,0.192,0.17760517808676624,1.169462644512495,1.169,Yes,Penghua CSI 300 ETF
000697.SZ,0.023262609947988462,0.13099673396829825,31.78,0.454,0.17758160255826003,1.4614129287887718,1.461,Yes,"Ligeance Aerospace Technology Co.,Ltd."
300991.SZ,0.03308590163124592,0.18644696358511637,47.79,0.646,0.17745476244316316,2.088204825959702,2.088,Yes,"Shenzhen Chuangyitong Technology Co., Ltd."
517850.SS,0.018132646764478823,0.10218967253330972,24.07,0.354,0.17744108885923193,1.5363165487663082,1.536,Yes,China Universal SHS Zhangjiang 50 ETF
515600.SS,0.007653979319069068,0.04313705379280531,9.58,0.149,0.17743398415275294,0.836855188356214,0.837,Yes,GF CSI Central-SOEs Innov Drv ETF
000776.SZ,0.01848906001076477,0.10424189946194526,24.59,0.361,0.17736687556728972,1.8179894691485008,1.818,Yes,"GF Securities Co., Ltd."
603843.SS,0.044414828844259395,0.25046970156786513,68.45,0.868,0.17732615388702067,0.023612147955205415,0.024,Yes,"Zhengping Road & Bridge Construction Co.,Ltd."
510360.SS,0.009760094146915421,0.055145367813717656,12.36,0.191,0.17698846764220066,1.1570861476989627,1.157,Yes,GF CSI 300 ETF
603813.SS,0.03206582593480036,0.18155664237583924,46.05,0.629,0.17661609905971437,1.6979418020601442,1.698,Yes,"GuangDong GenSho Logistics Co.,LTD"
512550.SS,0.009645386596767707,0.05467465945786163,12.21,0.189,0.1764142052718502,1.0237554475072124,1.024,Yes,Harvest FuShi China A50 ETF
513120.SS,0.018303405623446605,0.10376878786323677,24.32,0.359,0.17638642601829158,1.258207485841061,1.258,Yes,GF CSI Hong Kong Brand Nm Drug ETF(QDII)
159381.SZ,0.03370884979079147,0.191202467892652,48.86,0.662,0.1762992400794578,3.4447790138276115,3.445,Yes,ChinaAMC SZSE ChiNext AI ETF
169101.SZ,0.018371994086291164,0.10422690054443923,24.42,0.361,0.1762692163954151,1.7133540921303216,1.713,Yes,Orient Secs Ruifeng Dyn Asset Alloc(LOF)
515530.SS,0.013890088706406886,0.0788211891470231,18.0,0.273,0.1762227753313651,1.6126032280958569,1.613,Yes,Tai Kang CSI 500 ETF
600801.SS,0.02476567321680756,0.1405477004401117,34.12,0.487,0.17620831318659944,0.8417240844343041,0.842,Yes,"Huaxin Building Materials Group Co., Ltd."
301607.SZ,0.02528517473811629,0.14351923379898288,34.94,0.497,0.17617969430864874,2.8100083533879197,2.81,Yes,"Zhejiang EV-Tech Co.,Ltd."
159531.SZ,0.01481254572836133,0.08418857326871844,19.3,0.292,0.17594484801496404,1.5995254987409357,1.6,Yes,China Southern CSI 2000 ETF
510030.SS,0.008362568274901287,0.047531326558703395,10.51,0.165,0.17593803666668395,0.4299181304444248,0.43,Yes,Hwabao WP SSE 180 Value ETF
603087.SS,0.019817346885358245,0.11264948599863822,26.55,0.39,0.1759204377159591,1.14934231701104,1.149,Yes,Gan & Lee Pharmaceuticals.
600885.SS,0.015609055792846025,0.08881421012761499,20.43,0.308,0.17574953118895895,1.2848715567657625,1.285,Yes,"Hongfa Technology Co., Ltd."
002708.SZ,0.025152143635066324,0.1431848343943121,34.73,0.496,0.17566206464157125,1.3707893527432213,1.371,Yes,Changzhou Nrb Corporation
688210.SS,0.03312045650607611,0.18855868546209315,47.85,0.653,0.1756506544628753,1.7982539342045123,1.798,Yes,"Shenzhen Pacific Union Precision Manufacturing Co., Ltd."
603871.SS,0.02020460840147481,0.11504258041183625,27.13,0.399,0.17562721845376864,0.9528492121676914,0.953,Yes,"Jiayou International Logistics Co.,Ltd"
688550.SS,0.024532987943632654,0.13976269511569814,33.76,0.484,0.17553316300407482,1.6036841214335777,1.604,Yes,"Xi'an Manareco New Materials Co.,Ltd"
300067.SZ,0.03623025357547416,0.20641948045877123,53.28,0.715,0.17551760858496362,2.9764308593213182,2.976,Yes,"Shanghai Anoky Group Co., Ltd"
159630.SZ,0.009829890012345955,0.05604326311445176,12.45,0.194,0.17539824532114265,1.152966399992635,1.153,Yes,China Universal CSI A100 ETF
515890.SS,0.007750778790607589,0.044211033887102784,9.71,0.153,0.17531322181697817,0.48595946994597383,0.486,Yes,Bosera CSI Dividend ETF
601577.SS,0.010440084766787027,0.05955632405313279,13.27,0.206,0.17529766876600666,0.4624852089440381,0.462,Yes,"Bank of Changsha Co., Ltd."
600255.SS,0.020548601940706915,0.11727996673091487,27.65,0.406,0.17520982068364047,1.17653004535028,1.177,Yes,"Anhui Xinke New Materials Co.,Ltd"
688081.SS,0.03061240631861502,0.1747937561177944,43.6,0.606,0.17513443842916884,1.9869771737722082,1.987,Yes,"Wuhan Xingtu Xinke Electronics Co.,Ltd."
562520.SS,0.013606373672450168,0.07770930200780406,17.61,0.269,0.17509324264788442,1.5392116220159602,1.539,Yes,ChinaAMC CSI Smart Selected 1000 Growth Innovation Index ETF
601916.SS,0.009095889465248011,0.05195454514134027,11.48,0.18,0.17507398901295365,0.09700543921122598,0.097,Yes,"China Zheshang Bank Co., Ltd"
688168.SS,0.03195715831548317,0.1825393177582857,45.86,0.632,0.17506999975643653,1.9635971888782726,1.964,Yes,"BeijingABT Networks Co.,Ltd."
600666.SS,0.028333944459619433,0.1618451407864881,39.83,0.561,0.17506824314854522,0.2655689125269679,0.266,Yes,"Aurora Optoelectronics Co.,Ltd."
601969.SS,0.01712247568506195,0.09781152892082687,22.6,0.339,0.17505580245986815,1.2127969816321376,1.213,Yes,"Hainan Mining Co., Ltd."
688178.SS,0.021803459301018523,0.12459831263266614,29.54,0.432,0.17499000460221542,0.9540090853354528,0.954,Yes,"Nanjing Wondux Environmental Protection Technology Corp., Ltd."
002029.SZ,0.016576076881086043,0.09477788746917037,21.81,0.328,0.1748939264601984,1.017518998048851,1.018,Yes,"Fujian Septwolves Industry Co., Ltd."
603822.SS,0.034317553102452436,0.19646167518122865,49.92,0.681,0.17467810488124852,1.9074931679475846,1.907,Yes,"Zhejiang Jiaao Enprotech Stock Co., Ltd"
515680.SS,0.007389570907486566,0.04231412473990408,9.24,0.147,0.17463603354455956,0.8213360409165665,0.821,Yes,Harvest CSI Central-SOEs Innov Drv ETF
001316.SZ,0.019805686589661916,0.11343860688760177,26.53,0.393,0.17459388062906978,1.0862420634159695,1.086,Yes,"Lubair Aviation Technology Co., Ltd."
512500.SS,0.014073965127536416,0.08065500075668437,18.26,0.279,0.17449587744712805,1.6552439423885632,1.655,Yes,ChinaAMC China Secs 500 ETF
560180.SS,0.008623688575033707,0.049433375737154936,10.85,0.171,0.17445073184739032,1.0312825774489005,1.031,Yes,China Southern CSI 300 ESG Benchmark ETF
511030.SS,0.26564008509424025,1.5258687895725913,1589.36,5.286,0.1740910404023981,-0.5379352475836588,0.538,No,Ping An ChinaBond M-H Sprd Enh Etp ETF
600410.SS,0.049807425777357806,0.2862756206007058,79.19,0.992,0.17398416837886685,2.433725594486371,2.434,Yes,"Beijing Teamsun Technology Co.,Ltd."
510510.SS,0.014481039002063037,0.08339285010389173,18.83,0.289,0.17364844808664529,1.7359280579488845,1.736,Yes,GF CSI 500 ETF
688129.SS,0.018285819156433066,0.10533975070497305,24.29,0.365,0.17358897314696037,1.1788522417856986,1.179,Yes,"Donglai Coating Technology (Shanghai) Co., Ltd."
600889.SS,0.0543225206487663,0.31321930175801904,88.66,1.085,0.17343286427071392,0.9299110632766139,0.93,Yes,"Nanjing Technical Equipment Technology Co., Ltd."
159731.SZ,0.011295420951514016,0.0651779612172945,14.43,0.226,0.1733012315904852,1.1212440501911796,1.121,Yes,ChinaAMC CSI petrochemical industry ETF
159679.SZ,0.013330604214393069,0.07692397030731693,17.22,0.266,0.17329584213004506,1.5660301940393127,1.566,Yes,Guotai CSI 1000 Enhanced Strategy ETF
300623.SZ,0.036354642185758825,0.20978446012180896,53.5,0.727,0.17329521054443173,2.206440844789853,2.206,Yes,"Jiangsu JieJie Microelectronics Co., Ltd."
515330.SS,0.00963278416609947,0.05561766069162973,12.19,0.193,0.17319649993026712,1.173485503349444,1.173,Yes,TianHong CSI 300 ETF
300199.SZ,0.02578413101569592,0.14888772193769237,35.73,0.516,0.1731783566846852,2.1047803077913474,2.105,Yes,"Hybio Pharmaceutical Co., Ltd."
688192.SS,0.02340653282827187,0.13516388738609025,32.0,0.468,0.17317149780852367,0.5757563865589743,0.576,Yes,"Dizal (Jiangsu) Pharmaceutical Co., Ltd."
501212.SS,0.00566808939179817,0.0327315051892545,7.02,0.113,0.17316922515555316,0.6380172778832975,0.638,Yes,GF Selected Allocation 2-year Closed Operation Mixed Fund of Funds
300409.SZ,0.027888904598090184,0.1610616176901352,39.11,0.558,0.17315673962585776,2.2016174280231993,2.202,Yes,"Guangdong Dowstone Technology Co., Ltd."
300927.SZ,0.03319438600235016,0.19183107849141912,47.97,0.665,0.17303966731248396,2.199105523461013,2.199,Yes,"Nantong JiangTian Chemical Co., Ltd."
530530.SS,0.017461644731626196,0.10095153256963155,23.09,0.35,0.17297057595021637,2.4308481346521984,2.431,Yes,ChinaAMC SSE 580 ETF
159276.SZ,0.011682165934272628,0.06755624745993119,14.96,0.234,0.17292502727007636,0.274518026703272,0.275,Yes,China Universal CNI FCF ETF
601061.SS,0.018519797318369138,0.10710072891979236,24.63,0.371,0.1729194329969369,1.1961341306578617,1.196,Yes,"CITIC Metal Co., Ltd"
688523.SS,0.02907172473742974,0.1681426186597567,41.04,0.582,0.1728992028859592,1.4519428748583225,1.452,Yes,"Hunan Aerospace Huanyu Communication Technology Co.,LTD."
561990.SS,0.00919705831426398,0.05323893157614656,11.61,0.184,0.17275061767739677,1.124690048287324,1.125,Yes,CMF CSI 300 Enhanced Strategy ETF
605086.SS,0.029983999023019615,0.17360898647854656,42.55,0.601,0.172709947976828,1.3263874754253846,1.326,Yes,"Longyan Kaolin Clay Co., Ltd."
300333.SZ,0.030957281722933435,0.17928628650097167,44.17,0.621,0.17266954616055175,1.6807534262602728,1.681,Yes,SinoSun Technology Co. Ltd.
002021.SZ,0.038718025438229886,0.22432245147697694,57.75,0.777,0.17259986766061025,0.7881422023675235,0.788,Yes,"Zoje Resources Investment Co., Ltd."
688319.SS,0.03137658110085192,0.18197405889547358,44.88,0.63,0.17242337337144695,1.9352241372970473,1.935,Yes,Chengdu Olymvax Biopharmaceuticals Inc.
159903.SZ,0.012975186975253713,0.07525562317463318,16.73,0.261,0.17241484991951178,1.5566681270265632,1.557,Yes,China Southern SZSE Component Index ETF
603660.SS,0.02879552691659416,0.16704191598600868,40.59,0.579,0.1723850372921133,1.521534194195189,1.522,Yes,"Suzhou Keda Technology Co.,Ltd"
000902.SZ,0.013188077189019336,0.07653139136498595,17.03,0.265,0.17232245427401235,0.5022201900184882,0.502,Yes,"YONFER Agricultural Technology Co., Ltd."
001238.SZ,0.019170028226022328,0.11134077201393155,25.59,0.386,0.17217437852526898,1.3677272300458931,1.368,Yes,"Zhejiang Zhengte Co., Ltd."
159902.SZ,0.012316737115270735,0.07162436515055383,15.82,0.248,0.17196294988976243,1.4476611663453225,1.448,Yes,ChinaAMC China SME 100 ETF
512970.SS,0.011674677971097384,0.06792769753133587,14.95,0.235,0.17186918437374848,1.321588353231914,1.322,Yes,Ping An GD-HK-Mac Bay Dev Theme ETF
560590.SS,0.014468477123488364,0.08420583266188604,18.81,0.292,0.1718227427497099,1.7288754551887155,1.729,Yes,Penghua CSI 1000 Enhanced Strategy ETF
510330.SS,0.009830061539564795,0.05721135767525774,12.46,0.198,0.1718201059894793,1.1968470167520007,1.197,Yes,ChinaAMC CSI 300 Exchange Traded Fund
515150.SS,0.009285864614234546,0.054045616348522986,11.73,0.187,0.17181531531351146,1.0204692130566857,1.02,Yes,Fullgoal CSI SOEs OBOR ETF
501032.SS,0.023886345496261174,0.13905045083511414,32.75,0.482,0.1717818630058638,1.8638654115342317,1.864,Yes,Caitong Fusheng Multi-strategy Mixed Launched Fund (LOF)
200029.SZ,0.01978057366410055,0.11518054337204399,26.5,0.399,0.17173537374456932,1.4518020608389206,1.452,Yes,"Shenzhen Special Economic Zone Real Estate & Properties (Group) Co., Ltd."
688372.SS,0.030968327052073478,0.18038555652848637,44.19,0.625,0.17167852930166824,2.52999411088497,2.53,Yes,"Shanghai V-Test Semiconductor Tech. Co., Ltd."
600592.SS,0.024149552401750447,0.1406703984518718,33.16,0.487,0.17167472807019057,1.068107239169712,1.068,Yes,"Fujian Longxi Bearing (Group) Co., Ltd"
603701.SS,0.016514151657133328,0.09621122818601635,21.72,0.333,0.17164474426212084,1.0565136630280292,1.057,Yes,"Zhejiang Dehong Automotive Electronic & Electrical Co., Ltd."
688306.SS,0.02132949981317394,0.1243554775392706,28.82,0.431,0.17152038844801373,1.48322205815268,1.483,Yes,Ningbo PIA Automation Holding Corp.
300593.SZ,0.028958346416800073,0.16891264624360067,40.86,0.585,0.17143977707292105,2.350874058174428,2.351,Yes,"Beijing Relpow Technology Co., Ltd"
563300.SS,0.014378415720932784,0.08387876825895109,18.69,0.291,0.17141901364769263,1.5715987009716215,1.572,Yes,Huatai-PB CSI 2000 ETF
300455.SZ,0.024244429309027777,0.14150696592149953,33.3,0.49,0.17133028859142727,1.8031080690252863,1.803,Yes,"Beijing Aerospace Shenzhou Intelligent Equipment Technology Co., Ltd."
300329.SZ,0.026434253337795928,0.15431417650793547,36.76,0.535,0.17130152223205863,1.9584226946539796,1.958,Yes,"Hailun Piano Co.,Ltd."
688418.SS,0.028862110861910345,0.1685282478193231,40.7,0.584,0.17125978128517086,1.8223623831758222,1.822,Yes,"Genew Technologies Co.,Ltd."
159656.SZ,0.012501281726816253,0.07304095574219717,16.08,0.253,0.17115441056029365,1.4511169822806083,1.451,Yes,Wanjia CSI 300 Growth ETF
002881.SZ,0.027534916514370206,0.16088302384486514,38.53,0.557,0.1711486759530411,1.0877941543878809,1.088,Yes,"MeiG Smart Technology Co., Ltd"
561130.SS,0.011569655643812638,0.0676239159001657,14.8,0.234,0.17108822359375211,1.323265664764658,1.323,Yes,Fullgoal CSI National Brands Project of Xinhua Index ETF
159975.SZ,0.012439060052087812,0.07270589563410379,15.99,0.252,0.17108736428594498,1.4513074163557864,1.451,Yes,CMF SZSE 100 ETF
560880.SS,0.010335822019354493,0.06042425619625699,13.13,0.209,0.17105418701032765,1.1811008059793586,1.181,Yes,GF CSI Household Appliances ETF
562320.SS,0.008217955237815539,0.048081389953312265,10.32,0.167,0.17091758881752991,0.6053695585753964,0.605,Yes,Yinhua CSI 300 Value ETF
159954.SZ,0.01148742732287581,0.06725100371172044,14.69,0.233,0.1708142137494045,0.6982235890120171,0.698,Yes,China Southern HS China Enterprises ETF
159919.SZ,0.00978270091219687,0.05728001014047449,12.39,0.198,0.17078734602535167,1.1997636622701169,1.2,Yes,Harvest CSI 300 ETF
002989.SZ,0.027485954611327766,0.16096372140174633,38.46,0.558,0.1707586925300148,2.037004686800015,2.037,Yes,"Shenzhen Strongteam Decoration Engineering Co., Ltd."
600000.SS,0.013628640588005697,0.07984489214356444,17.64,0.277,0.17068894730925097,0.2220406935279577,0.222,Yes,"Shanghai Pudong Development Bank Co., Ltd."
512890.SS,0.00731199175195182,0.04284631218384416,9.14,0.148,0.1706562683989619,0.24526314636644989,0.245,Yes,Huatai-PB CSI Div Volat ETF
510010.SS,0.006874733063251856,0.040330227634660744,8.57,0.14,0.17046105282439689,0.5860084144081307,0.586,Yes,BOCOM Schroders SSE 180 Corporate Governance ETF Securities Investment Fund
603328.SS,0.016940885978674977,0.09948856226062423,22.33,0.345,0.17027973461206478,1.4471648330004063,1.447,Yes,"Guangdong Ellington Electronics Technology Co.,Ltd"
510500.SS,0.014005859358504907,0.08233351513689055,18.16,0.285,0.17011127649801275,1.7070525727277595,1.707,Yes,China Southern CSI 500 Index ETF
600382.SS,0.017449154525601196,0.10258159740908773,23.07,0.355,0.17010024182032643,1.0843989745821017,1.084,Yes,"Guangdong Mingzhu Group Co.,Ltd"
300204.SZ,0.050803590467355005,0.29886666385295463,81.24,1.035,0.16998747806932016,1.2280911269166095,1.228,Yes,"Staidson (Beijing) BioPharmaceuticals Co., Ltd."
603992.SS,0.02174404502996596,0.12793945601874598,29.45,0.443,0.1699557408371345,1.0487127993786636,1.049,Yes,"Xiamen Solex High-tech Industries Co., Ltd."
300588.SZ,0.025879202855816446,0.15229863358597678,35.88,0.528,0.1699240646253528,1.5715818593832378,1.572,Yes,"Xinjiang Sailing Information Technology Co., Ltd."
512380.SS,0.008972369177283834,0.05283906854689929,11.31,0.183,0.1698055893873313,1.13442931714714,1.134,Yes,Yinhua China A ETF
560120.SS,0.01397713739676214,0.08231519216610442,18.12,0.285,0.1698002158405653,0.5786011254602382,0.579,Yes,ChinaAMC CSI 500 Free Cash Flow ETF
300382.SZ,0.04220365000933806,0.24879779027725757,64.22,0.862,0.16963032494101643,3.7165386025870863,3.717,Yes,"Suzhou SLAC Precision Equipment CO.,Ltd."
300255.SZ,0.042935947885838946,0.25314392167184646,65.61,0.877,0.1696108190245126,1.8293294752835274,1.829,Yes,"Hebei Changshan Biochemical Pharmaceutical Co., Ltd."
301027.SZ,0.02600749733837786,0.1534178424829004,36.08,0.531,0.1695206823240041,0.3538674616122111,0.354,Yes,"Hualan Group Co., Ltd."
510300.SS,0.00975149938012742,0.05756223591217495,12.35,0.199,0.16940793257241918,1.2034875786423038,1.203,Yes,Huatai-PB CSI 300 ETF
200045.SZ,0.010369260789598725,0.061274777536459435,13.18,0.212,0.16922559667277218,0.2600643172349932,0.26,Yes,"Shenzhen Textile (Holdings) Co., Ltd."
600654.SS,0.021254276444761945,0.12560593325852593,28.71,0.435,0.16921395266428818,0.9529869167531511,0.953,Yes,"China Security Co., Ltd."
600730.SS,0.027717286611824384,0.16396305976859266,38.83,0.568,0.1690459219957401,1.093334721594424,1.093,Yes,"China Hi-Tech Group Co., Ltd."
510290.SS,0.011545497356071537,0.06831123848365003,14.77,0.237,0.1690131464800612,1.4162956209537938,1.416,Yes,China Southern SSE 380 Index ETF
159628.SZ,0.01398935108900269,0.0828092652341852,18.14,0.287,0.16893461195967266,1.6189728657417288,1.619,Yes,Wanjia CNI 2000 ETF
300733.SZ,0.016846010658120216,0.09978530833895179,22.2,0.346,0.1688225545277418,0.7215198377761914,0.722,Yes,Chengdu Xiling Power Science & Technology Incorporated Company
600289.SS,0.0376424316997967,0.22312089665821788,55.8,0.773,0.1687086788534124,0.3998528471981453,0.4,Yes,Bright Oceans Inter-Telecom Corporation
301252.SZ,0.025607271311254585,0.15183541136916068,35.45,0.526,0.16865150942289134,1.818521785483133,1.819,Yes,"Zhejiang Tongxing Technology CO., Ltd."
508028.SS,0.0059034964466080555,0.03500939424176288,7.32,0.121,0.16862606664487056,0.032697719569346785,0.033,Yes,"China Fund Management Co., Ltd.- China Fund State Power New Energy Close Fund"
159961.SZ,0.01217137286886267,0.07218443184454952,15.62,0.25,0.16861492925613022,1.440468378722524,1.44,Yes,Founder Fubon SZSE 100 ETF
561900.SS,0.008230574646286496,0.04881743292791893,10.34,0.169,0.1685990875112032,1.0255533644908026,1.026,Yes,CMF CSI 300 ESG ETF
688171.SS,0.02458533158412006,0.14590213306809371,33.84,0.505,0.16850563502485522,1.7933729289126672,1.793,Yes,"Guangdong Weide Information Technology CO,.Ltd."
510550.SS,0.013561954419583713,0.08051680936949537,17.54,0.279,0.1684363119426066,1.677722864463108,1.678,Yes,Founder Fubon CSI 500 ETF
300145.SZ,0.020976318884752335,0.1245693794504591,28.29,0.432,0.16839065087495728,1.9037459000555956,1.904,Yes,"Nanfang Pump Industry Co., Ltd."
510680.SS,0.007782024508447612,0.04627324542495184,9.75,0.16,0.16817546374759623,0.930640104478498,0.931,Yes,Wanjia SSE 50 Index ETF
159621.SZ,0.008160932639486387,0.04853446879379931,10.24,0.168,0.16814715072206612,1.0170724010307712,1.017,Yes,Guotai MSCI China A ESG Universal ETF
159526.SZ,0.015617902949821153,0.09292458290610668,20.44,0.322,0.16807073501316516,1.6415212879256582,1.642,Yes,Harvest CSI Robot ETF
300748.SZ,0.026986132069128244,0.16060519830203365,37.65,0.556,0.16802776220467164,2.568279722605887,2.568,Yes,"JL Mag Rare-Earth Co., Ltd."
603323.SS,0.009644598396415535,0.0574313790751718,12.21,0.199,0.1679325579800503,0.3847781272336275,0.385,Yes,"Jiangsu Suzhou Rural Commercial Bank Co., Ltd"
002700.SZ,0.018115612343229906,0.10788711093880744,24.04,0.374,0.16791266524418205,-0.30575765350113715,0.306,No,"Xinjiang Wanjing Energy Co., Ltd."
159627.SZ,0.009549329547322108,0.05688939617575891,12.08,0.197,0.16785781163539867,1.1729413076274828,1.173,Yes,ChinaAMC CSI A100 Index ETF
002871.SZ,0.03232688675866824,0.19268919190200295,46.49,0.667,0.1677669953336506,2.437506822952957,2.438,Yes,"Qingdao Weflo Valve Co., Ltd."
159541.SZ,0.01715210729152485,0.1022488031739903,22.64,0.354,0.16774873405939233,2.104610287702797,2.105,Yes,Wanjia ChiNext Composite ETF
512180.SS,0.008661950953974743,0.05167800243794146,10.9,0.179,0.16761388879875178,1.1070942539808506,1.107,Yes,CCB Principal MSCI China A ETF
515770.SS,0.008819892195619171,0.052629842727418996,11.11,0.182,0.1675834799906062,1.1176369039697847,1.118,Yes,JPM MSCI China A ETF
002357.SZ,0.023778513161104933,0.14190339315485537,32.58,0.492,0.16756831977341147,1.0492113866565362,1.049,Yes,"Sichuan Fulin Transportation Group Co., Ltd."
000859.SZ,0.023543332155834387,0.1405650097853429,32.21,0.487,0.1674907019306402,0.6721004270010512,0.672,Yes,"Anhui Guofeng New Materials Co., Ltd."
603159.SS,0.021753088763556246,0.1298764550692825,29.46,0.45,0.1674906260103271,0.8687725505153003,0.869,Yes,"Shanghai Yahong Moulding Co., Ltd."
159935.SZ,0.013145783261411659,0.07853901236677541,16.97,0.272,0.16737902432514876,1.6187834226124367,1.619,Yes,Invesco Great Wall CSI 500 Exchange Traded Fund
002196.SZ,0.02306395450193268,0.13785040330050174,31.47,0.478,0.16731147642459407,1.2208413612849816,1.221,Yes,"Zhejiang Founder Motor Co., Ltd."
510900.SS,0.010685646944099136,0.06390061648645169,13.6,0.221,0.16722290850456384,0.6896883651549466,0.69,Yes,E Fund Hang Seng China Enterprise Index ETF(QDII)
002043.SZ,0.014735570016996512,0.08824690399363273,19.19,0.306,0.16698115571351632,0.7179496495502184,0.718,Yes,"DeHua TB New Decoration Material Co.,Ltd"
510570.SS,0.013425156324214364,0.08041551076445604,17.35,0.279,0.16694734879615208,1.6608573473054982,1.661,Yes,CIB CSI 500 ETF
600366.SS,0.025681924506576425,0.15391910926037572,35.57,0.533,0.16685338571659647,2.2996472636074823,2.3,Yes,"Ningbo Yunsheng Co., Ltd."
000062.SZ,0.05794556087038514,0.34741968411836943,96.59,1.203,0.1667883643882495,0.43726649390141437,0.437,Yes,"Shenzhen Huaqiang Industry Co., Ltd."
603112.SS,0.017636011409070805,0.10574262525269416,23.34,0.366,0.1667824244662534,1.3676376758265691,1.368,Yes,"Shanxi Huaxiang Group Co., Ltd."
600698.SS,0.02780712880867245,0.1667859425717757,38.98,0.578,0.1667234563051125,1.565393935314179,1.565,Yes,"Hunan Tyen Machinery Co.,Ltd"
562570.SS,0.01671356423500982,0.10031104511489208,22.01,0.347,0.16661738710694124,1.6846354467215532,1.685,Yes,ChinaAMC CSI Inf Tch Aplc Invtn Idsy ETF
300803.SZ,0.04335848378609596,0.2602942501519113,66.42,0.902,0.16657488116157523,4.476957845315722,4.477,Yes,"Beijing Compass Technology Development Co., Ltd."
688691.SS,0.036937374837349615,0.22206048945374768,54.54,0.769,0.16633924804999223,2.7197212770110277,2.72,Yes,"Brite Semiconductor (Shanghai) Co., Ltd."
515190.SS,0.014337939757980976,0.08625119480454642,18.63,0.299,0.16623467988440205,1.7956610353297495,1.796,Yes,BOC Intl CSI 500 ETF
600651.SS,0.02052185600871027,0.12358825211546104,27.61,0.428,0.16605021640356188,1.5689022568483917,1.569,Yes,"Shanghai Feilo Acoustics Co.,Ltd"
000099.SZ,0.027785596371197662,0.16733816347906524,38.94,0.58,0.1660445877588095,1.0739474350630953,1.074,Yes,"CITIC Offshore Helicopter Co., Ltd."
605016.SS,0.016712696195095317,0.100664893253813,22.01,0.349,0.16602308565466314,1.1294312531397157,1.129,Yes,"Shandong Bailong Chuangyuan Bio-Tech Co., Ltd."
520550.SS,0.009136715350531687,0.055033018935942236,11.53,0.191,0.16602242666655653,0.010449961671561148,0.01,Yes,CMF HS SCHK High Div Low Vol ETF
515310.SS,0.009413412665078447,0.05671984314875715,11.9,0.196,0.16596330565284212,1.191118459160527,1.191,Yes,China Universal CSI 300 ETF
688600.SS,0.026683790250293573,0.1608119692155727,37.16,0.557,0.16593161802852652,2.151113972243991,2.151,Yes,"Anhui Wanyi Science and Technology Co.,Ltd."
300270.SZ,0.020714442978051743,0.12485684083336346,27.89,0.433,0.1659055510278181,1.718335019861848,1.718,Yes,"Joyware Electronics Co.,Ltd"
603662.SS,0.02857482556766394,0.1723283341327663,40.23,0.597,0.1658161770753795,2.0317804912824715,2.032,Yes,"Keli Sensing Technology (Ningbo) Co.,Ltd."
688788.SS,0.037369750466095794,0.2254394444156108,55.31,0.781,0.16576402839780988,2.361046849440064,2.361,Yes,"ShenZhen Consys Science&Technology Co., Ltd."
603380.SS,0.024157787105162875,0.1458051470574114,33.17,0.505,0.16568542052668855,2.112249633941628,2.112,Yes,"Suzhou Etron Technologies Co.,Ltd."
688656.SS,0.07330270716862863,0.44260746507318605,133.7,1.533,0.16561561417972895,1.4855123161460806,1.486,Yes,"HOB Biotech Group Corp.,Ltd"
688508.SS,0.02655361038870455,0.16050917250341967,36.96,0.556,0.16543360092482454,2.256450492910282,2.256,Yes,Wuxi Chipown Micro-electronics limited
561370.SS,0.013602449179188193,0.08226652615609947,17.6,0.285,0.1653460990121031,1.5672795425546426,1.567,Yes,Guotai CSI 2000 ETF
688500.SS,0.027680566473055952,0.16747328108192874,38.77,0.58,0.16528347861958043,1.0319407968921963,1.032,Yes,"HCR Co., Ltd"
002345.SZ,0.022362336468404076,0.1353486588299718,30.39,0.469,0.16522022945566217,0.9131426132367787,0.913,Yes,"Guangdong Chj Industry Co.,Ltd."
516160.SS,0.0826633401594534,0.500557712518145,159.37,1.734,0.16514247626632442,7.883985562573427,7.884,Yes,China Southern CSI New Energy ETF
601579.SS,0.029724449620871805,0.1800086436482742,42.12,0.624,0.16512790174093833,1.3450897827139212,1.345,Yes,"Kuaijishan Shaoxing Rice Wine Co., Ltd."
515390.SS,0.010117708021418911,0.06131511235774786,12.84,0.212,0.16501165263118733,1.2717743869202747,1.272,Yes,Huaan CSI 300 ETF
515900.SS,0.0071415037516262695,0.04330333955389181,8.91,0.15,0.1649180831131635,0.845914675103958,0.846,Yes,Bosera CSI Central-SOEs Innov Drv ETF
688799.SS,0.025237698026765874,0.1530474283562423,34.86,0.53,0.16490115709766195,0.9316593117115065,0.932,Yes,"Hunan Warrant Pharmaceutical Co.,Ltd"
162415.SZ,0.00856893178818149,0.05196550799681429,10.78,0.18,0.16489652691756237,0.37047353772718183,0.37,Yes,Hwabao WP S&P US Cosm Eq (QDII-LOF)CNH A
688543.SS,0.019027379771210055,0.11557864747879987,25.38,0.4,0.16462711916316697,1.0889970523692032,1.089,Yes,"Jiangxi Guoke Defence Group Co.,Ltd."
159290.SZ,0.016143547175230425,0.09807082602744148,21.19,0.34,0.16461110637238086,2.05907442748513,2.059,Yes,Tibet Eastmoney ChiNext Composite Eh ETF
159788.SZ,0.010491837090237686,0.06375116680188775,13.34,0.221,0.16457482453367442,0.7177396763181604,0.718,Yes,E Fund CSI HK Connect China 100 ETF
520890.SS,0.008607969484143434,0.05231641892102307,10.83,0.181,0.16453667245722678,0.03621466995318828,0.036,Yes,Huatai-Pinebridge Fund Management Co. Limited - CSI HK Connect High Dividend ETF
001230.SZ,0.01903326271770585,0.11568087952321988,25.39,0.401,0.16453248623412672,0.9116024279493136,0.912,Yes,"Jinglv Environment Science and Technology Co., Ltd"
515180.SS,0.007433360849405992,0.045207238422390994,9.29,0.157,0.16442855411677332,0.49138424984580226,0.491,Yes,E Fund CSI Dividend ETF
300563.SZ,0.030599486732645655,0.18630796829695292,43.58,0.645,0.16424142784850557,0.7639297468209069,0.764,Yes,Shenyu Communication Technology Inc.
300453.SZ,0.01365458511858321,0.08315901686549013,17.67,0.288,0.1641984914356254,0.9052599258884675,0.905,Yes,"Jiangxi Sanxin Medtec Co.,Ltd."
300660.SZ,0.022591277735354125,0.1376224072414517,30.74,0.477,0.1641540661014514,1.5433043780607567,1.543,Yes,"Jiangsu Leili Motor Co., Ltd"
515590.SS,0.011540508913422634,0.0703241844327809,14.76,0.244,0.16410441168291948,1.4689269358059436,1.469,Yes,First Seafront CSI 500 Equal Weight ETF
688160.SS,0.028671885306916646,0.17484348416471016,40.39,0.606,0.16398600979551795,1.5419031553279725,1.542,Yes,"Kinco Automation (Shanghai) Co.,Ltd"
301087.SZ,0.014623496679913925,0.08917536848042071,19.03,0.309,0.16398582847599505,1.147236205838733,1.147,Yes,"Cofoe Medical Technology Co.,Ltd."
301358.SZ,0.030901373286309923,0.1885435212440935,44.08,0.653,0.16389517434706324,1.9227297227500075,1.923,Yes,"Hunan Yuneng New Energy Battery Material Co.,Ltd."
159573.SZ,0.017379838285729123,0.106137762121442,22.97,0.368,0.163747924756914,1.997534759420185,1.998,Yes,ChinaAMC SZSE ChiNext 200 ETF
510050.SS,0.007400943890109533,0.04521734528674678,9.25,0.157,0.16367488721808604,0.9145735740134362,0.915,Yes,ChinaAMC China 50 ETF
603776.SS,0.021956054346056318,0.13415762607846166,29.77,0.465,0.16365863788626814,1.2459050807462644,1.246,Yes,"Youon Technology Co.,Ltd"
159653.SZ,0.00809505498531927,0.04951937248227353,10.16,0.172,0.16347248722138108,1.0378915608574777,1.038,Yes,CPIC ESG 300ETF
159940.SZ,0.008651689698593755,0.05294116266756832,10.89,0.183,0.16342084802557175,0.7685770201077811,0.769,Yes,GF CSI Financial Real Easte ETF
600377.SS,0.01025349399306954,0.062766119194277,13.02,0.217,0.16336033077546797,-0.12015392441743933,0.12,No,Jiangsu Expressway Company Limited
300648.SZ,0.025303434250184338,0.1549303784985021,34.97,0.537,0.16332132210229497,1.89869682047368,1.899,Yes,"Fujian Nebula Electronics Co., Ltd."
159901.SZ,0.012203794675051075,0.07482232028228017,15.67,0.259,0.16310366517651612,1.4977305745565908,1.498,Yes,E Fund SZSE100 ETF
159572.SZ,0.017370656202586824,0.10654614249056114,22.96,0.369,0.16303411645452748,2.013337648008447,2.013,Yes,E Fund SZSE ChiNext 200 ETF
300085.SZ,0.08438232731847736,0.5179444587462606,164.36,1.794,0.16291771423278417,7.7445035771538775,7.745,Yes,"Shenzhen InfoGem Technologies Co., Ltd."
603508.SS,0.018992930917046937,0.1167012035687331,25.33,0.404,0.16274837222103486,0.9174190279332809,0.917,Yes,"Henan Thinker Automatic Equipment Co.,Ltd."
000981.SZ,0.03285003250655636,0.20199508354920173,47.38,0.7,0.16262788147789145,1.2412765230262002,1.241,Yes,Sensteed Hi-Tech Group
002479.SZ,0.013453426480872646,0.0828477489370735,17.39,0.287,0.16238735093564358,0.1241334468919765,0.124,Yes,"Zhejiang Fuchunjiang Environmental Thermoelectric Co., Ltd."
159925.SZ,0.009508998818986066,0.05857481906943793,12.03,0.203,0.1623393630582718,1.208254535921488,1.208,Yes,China Southern CSI 300 Index ETF
688220.SS,0.03282860112579406,0.20240999711471772,47.35,0.701,0.16218863491800828,2.2103826609111596,2.21,Yes,"ASR Microelectronics Co., Ltd."
000815.SZ,0.02248627715564332,0.13864889680704784,30.58,0.48,0.16218143579560232,1.3255470469135118,1.326,Yes,"MCC Meili Cloud Computing Industry Investment Co., Ltd"
159641.SZ,0.009907710777902602,0.06110710898295447,12.56,0.212,0.16213679460218466,1.1380190788482003,1.138,Yes,CMF CSI SEEE Carbon Neutral ETF
300963.SZ,0.032354516403088236,0.19960531355431424,46.54,0.691,0.16209246050097914,1.2156048907520265,1.216,Yes,"Shanghai Zhongzhou Special Alloy Materials Co., Ltd."
560990.SS,0.012908732842958327,0.07965068545571127,16.64,0.276,0.16206681422893793,1.4222940604341345,1.422,Yes,CICC CSI Technology Pioneer ETF
159536.SZ,0.01306491675180202,0.08064575816225224,16.86,0.279,0.1620037686981198,1.472174600944299,1.472,Yes,China Universal CSI 2000 ETF
600064.SS,0.011057099766167948,0.0683454157450202,14.11,0.237,0.1617826103716926,0.7529631230445839,0.753,Yes,Nanjing Gaoke Company Limited
159691.SZ,0.008596833174738902,0.05314390085320934,10.82,0.184,0.16176518916976987,0.3602842116321702,0.36,Yes,ICBCCS CSI HKC HDY Select ETF
510160.SS,0.007052763262801372,0.04360655699081004,8.8,0.151,0.1617363018201075,0.5409530711528112,0.541,Yes,China Southern CSI Well-off Ids Idx ETF
520990.SS,0.008527612089365456,0.05278645916064419,10.73,0.183,0.1615492348788448,0.18260414652267248,0.183,Yes,Invesco Great Wall Fund Management Co. Ltd. - Hong Kong Connect High Dividend Etf
601000.SS,0.013332263471915802,0.08259922435728362,17.23,0.286,0.1614090637733714,-0.13575262399262847,0.136,No,"TangShan Port Group Co.,Ltd"
159912.SZ,0.012956093148383656,0.0802747505434921,16.7,0.278,0.16139686589700664,1.666664790305485,1.667,Yes,China Universal SZSE 300 Price Index ETF
002215.SZ,0.017648965298220496,0.10938958638790189,23.36,0.379,0.16134045187479026,1.283223220716488,1.283,Yes,"Shenzhen Noposion Crop Science Co., Ltd."
603926.SS,0.025833755208021177,0.1601934623786532,35.81,0.555,0.16126597692830497,1.8522157960691223,1.852,Yes,"Tieliu Co,.Ltd"
508002.SS,0.010774314025526538,0.06681771069781373,13.72,0.231,0.16124937405074957,-0.012595978626033788,0.013,No,Huaan Fund Management - Huaan Bailian Consumption REIT Fund
600995.SS,0.012903486375596965,0.08004673362841791,16.63,0.277,0.16119941177732222,0.7222186611799596,0.722,Yes,"China Southern Power Grid Energy Storage Co., Ltd."
159791.SZ,0.00848678896085809,0.05268970444717164,10.67,0.183,0.16107110582423578,1.0945190956814557,1.095,Yes,ChinaAMC CSI 300 ESG Index ETF
688278.SS,0.016373114619385523,0.1017149560893512,21.52,0.352,0.16097057157457365,0.616313275724319,0.616,Yes,"Xiamen Amoytop Biotech Co., Ltd."
560550.SS,0.009688384014340756,0.06020969257654299,12.27,0.209,0.16091070390409598,1.1092905948950502,1.109,Yes,GF CSI SEEE Carbon Neutral ETF
000801.SZ,0.02361194394105766,0.14681266058929116,32.32,0.509,0.1608304341484018,1.1723331296200916,1.172,Yes,"Sichuan Jiuzhou Electronic Co., Ltd."
512360.SS,0.008099695450185454,0.050394671346808605,10.16,0.175,0.16072523609578795,1.0739270353558266,1.074,Yes,Ping An MSCI China A ETF
515760.SS,0.008446676958705464,0.05255668364347668,10.62,0.182,0.16071556219194327,1.038712188103831,1.039,Yes,ChinaAMC CSI ZJ State-own Innov Dev ETF
600026.SS,0.018791286417921466,0.1169651066634329,25.03,0.405,0.16065719900545547,0.5616607538448131,0.562,Yes,"COSCO SHIPPING Energy Transportation Co., Ltd."
603657.SS,0.027888510787250218,0.17366109169604743,39.11,0.602,0.16059158971580373,1.7978045948185222,1.798,Yes,"Jinhua Chunguang Technology Co.,Ltd"
159706.SZ,0.011739109506518857,0.07311360166185829,15.03,0.253,0.16055985807963397,1.4623652146224058,1.462,Yes,Huaan Shenzhen 100 ETF
516530.SS,0.007769777806185983,0.048403225717549646,9.73,0.168,0.16052190098910868,0.712635392830535,0.713,Yes,Yinhua CSI Modern Logistics ETF
512150.SS,0.00859516497255901,0.05357601839492325,10.82,0.186,0.16042933443097124,1.001857050475067,1.002,Yes,HORIZON Fushi ChinaA 50 ETF
159804.SZ,0.015834644559751154,0.09870872515850401,20.75,0.342,0.1604178813405226,1.9717557675898665,1.972,Yes,China Life AMP CNI ChiNext MC Slt 88 ETF
688230.SS,0.021194853726243655,0.13222502284462861,28.62,0.458,0.16029381784375812,1.6478893154711889,1.648,Yes,"Shanghai Prisemi Electronics Co.,Ltd."
000682.SZ,0.013116649774286438,0.08193955817134929,16.93,0.284,0.1600771357206654,1.2400472139078142,1.24,Yes,"Dongfang Electronics Co., Ltd."
561190.SS,0.009491365179526052,0.0592944663263922,12.0,0.205,0.16007168573336847,1.0936781005720584,1.094,Yes,Fullgoal CSI SEEE Carbon Neutral Index ETF
159570.SZ,0.016762565415444672,0.10476517205766808,22.08,0.363,0.16000131614557653,1.1557882478970736,1.156,Yes,China Universal CNI HK Eq Cn Innv Dg ETF
002150.SZ,0.025602443725764968,0.1600629958225734,35.44,0.554,0.15995229624556545,0.9528998279613226,0.953,Yes,"Jiangsu Chint Power Technology Co., Ltd."
600203.SS,0.03487132523796573,0.2180691984539502,50.88,0.755,0.159909448400754,1.724217430072265,1.724,Yes,"Fujian Furi Electronics Co.,Ltd"
562990.SS,0.009573701234339827,0.05987806141261219,12.11,0.207,0.15988662639507742,1.1023511025807515,1.102,Yes,E Fund CSI SEEE CARBON NEUTRAL ETF
688117.SS,0.022429877334258407,0.14037677932927983,30.5,0.486,0.15978338754762966,1.282224436538928,1.282,Yes,"ChengDu ShengNuo Biotec Co.,Ltd."
605208.SS,0.02239549989580769,0.1402913152877791,30.44,0.486,0.1596356827211141,1.501813692998725,1.502,Yes,"Shanghai Yongmaotai Automotive Technology Co., Ltd."
159959.SZ,0.007336882949736455,0.045969216456717955,9.17,0.159,0.15960426379345521,0.9614235908361333,0.961,Yes,Yinhua SOE Struct Reform ETF
510800.SS,0.007659217906692977,0.048016570423916195,9.59,0.166,0.1595119734515245,0.9595044083801691,0.96,Yes,CCB Principal SSE 50 ETF
600999.SS,0.013840653146964726,0.08689058316322557,17.93,0.301,0.15928829849104367,1.3392949314131513,1.339,Yes,"China Merchants Securities Co., Ltd."
159617.SZ,0.008467123824108306,0.05317411598888105,10.65,0.184,0.15923393678756823,0.9018891782691021,0.902,Yes,ChinaAMC CSI Smart Selected 500 Value Stable Index ETF
300377.SZ,0.051114515336834344,0.32101536888612,81.89,1.112,0.15922762674632937,3.3860920108127655,3.386,Yes,"Shenzhen Ysstech Info-Tech Co.,Ltd"
159547.SZ,0.006670665775289838,0.04196029663035891,8.31,0.145,0.15897565820503542,0.21141098817058177,0.211,Yes,ChinaAMC CSI Dividend Low Volatility ETF
600513.SS,0.030312534343681957,0.19089333441938947,43.1,0.661,0.15879304762462698,0.8502490091853198,0.85,Yes,"Jiangsu Lianhuan Pharmaceutical Co., Ltd."
600222.SS,0.015585685384075385,0.09827694750662373,20.39,0.34,0.1585894330206474,0.7706472235029804,0.771,Yes,"Henan Taloph Pharmaceutical Stock Co.,Ltd"
603967.SS,0.012299113447775754,0.07758078026273563,15.8,0.269,0.1585329949779248,0.5525979592762188,0.553,Yes,"China Master Logistics Co., Ltd."
301076.SZ,0.03754304952983886,0.23690117211252196,55.62,0.821,0.15847557525805267,2.178167290681026,2.178,Yes,"Sino-High (China) Co., Ltd."
603298.SS,0.018635520500070658,0.11771138378705436,24.8,0.408,0.15831536339580568,1.372630370185311,1.373,Yes,"Hangcha Group Co., Ltd"
516910.SS,0.007852202682365033,0.049678744452537046,9.84,0.172,0.15805960414049935,0.7535364049144987,0.754,Yes,Fullgoal CSI Modern Logistics ETF
300727.SZ,0.023608386730237754,0.14963032490764427,32.31,0.518,0.15777808906589932,2.132724528746899,2.133,Yes,"Ningbo Runhe High-Tech Materials Co., Ltd."
300652.SZ,0.031699450307840916,0.20092381872711937,45.42,0.696,0.15776850404626683,0.9078442713067634,0.908,Yes,"Hang Zhou Radical Energy-Saving Technology Co., Ltd."
600403.SS,0.03335823923209579,0.2114572565068271,48.26,0.733,0.15775405291432404,1.4887168996604028,1.489,Yes,"Henan Dayou Energy Co., Ltd"
600292.SS,0.03854134875443333,0.24444917524345486,57.43,0.847,0.15766610264096312,0.24606136249008234,0.246,Yes,"SPIC Hydropower Co., Ltd."
688360.SS,0.01821911931481424,0.1155703889752379,24.19,0.4,0.15764521930196035,1.0099919293714879,1.01,Yes,"Damon Technology Group Co.,Ltd."
159581.SZ,0.007371339425101707,0.04677439733202044,9.21,0.162,0.15759346663041865,0.5136399160247997,0.514,Yes,Wanjia CSI Dividend ETF
301297.SZ,0.06584009235107573,0.4181516013292804,114.93,1.449,0.15745507644063486,1.0449131113307684,1.045,Yes,"Ferrotec (An Hui) Technology Development Co.,LTD"
300276.SZ,0.025077265033755864,0.15927534393882778,34.61,0.552,0.15744599517793026,1.3983608716796276,1.398,Yes,"SanFeng Intelligent Equipment Group Co., Ltd."
159918.SZ,0.014897668100131658,0.09463463382429287,19.42,0.328,0.15742300147525273,1.782075668117208,1.782,Yes,Harvest SZSE SME-CHINEXT 400 ETF
603161.SS,0.01374660704420348,0.08733557624404466,17.8,0.303,0.15739985508071633,1.1569023155883662,1.157,Yes,"Kehua Holdings Co.,Ltd"
515990.SS,0.007854515878609709,0.04990264398414837,9.84,0.173,0.15739678805605378,0.9307852437693896,0.931,Yes,China Universal CSI SOEs OBOR ETF
688318.SS,0.027909210226102325,0.1773563486734168,39.14,0.614,0.15736234104308397,3.1306451944217906,3.131,Yes,"Shenzhen Fortune Trend Technology Co., Ltd."
600589.SS,0.0417126412618818,0.26514288951081166,63.3,0.918,0.15732136486421183,2.4021819475895163,2.402,Yes,"Dawei Technology (Guangdong) Group Co., Ltd."
300562.SZ,0.02634283799684068,0.1674634941134845,36.62,0.58,0.15730495853017976,0.25436952871787266,0.254,Yes,"Guangdong Transtek Medical Electronics Co., Ltd"
515080.SS,0.007165112247356458,0.04557284353628699,8.95,0.158,0.15722328675083216,0.5066812479590523,0.507,Yes,CMF CSI Dividend ETF
601658.SS,0.006534813973644505,0.041592824965662786,8.13,0.144,0.15711397287968204,0.22633559036541778,0.226,Yes,"Postal Savings Bank of China Co., Ltd."
601216.SS,0.013216834264015303,0.0841721047208771,17.07,0.292,0.15702154897805648,0.8806493519221009,0.881,Yes,"Inner Mongolia Junzheng Energy & Chemical Group Co.,Ltd."
600768.SS,0.016577797359242148,0.10558038709710432,21.81,0.366,0.15701587970117242,1.1269474336224223,1.127,Yes,"Ningbo Fubang Jingye Group Co.,Ltd"
301606.SZ,0.023063240485923425,0.1469824785438163,31.47,0.509,0.15691149526403003,1.7599900332848772,1.76,Yes,Ugreen Group Limited
301068.SZ,0.023164052545791503,0.14775803357739667,31.63,0.512,0.15677017340419608,1.1001176923717166,1.1,Yes,"Hangzhou Dadi Haiyang Environmental Protection Co., Ltd."
000935.SZ,0.018595501445766202,0.11863191224201476,24.74,0.411,0.15674957180012822,1.3736009046667355,1.374,Yes,"Sichuan Hexie Shuangma Co., Ltd."
512750.SS,0.006861496294904402,0.043776271117290044,8.55,0.152,0.15674008132214712,0.3704368805819476,0.37,Yes,Harvest Fundamental 50 ETF
300249.SZ,0.023351639376979042,0.14905776417628325,31.92,0.516,0.15666167747801593,2.284889343885503,2.285,Yes,"Yimikang Tech.Group Co., Ltd."
562330.SS,0.008976285821677343,0.05739279955215578,11.32,0.199,0.15640090554425964,1.0681042954185562,1.068,Yes,YINHUA CSI 500 VALUE EXCHANGE TRADED FUND
002142.SZ,0.012895958330372737,0.08254277069429959,16.62,0.286,0.1562336498023967,0.9159744621395403,0.916,Yes,"Bank of Ningbo Co., Ltd."
301080.SZ,0.02464009497335086,0.15773138493081273,33.92,0.546,0.15621554951894315,1.901209298430064,1.901,Yes,"Acrobiosystems Co.,Ltd."
159578.SZ,0.007882716552288454,0.05046895502119185,9.88,0.175,0.15618941483885512,0.9555249356219382,0.956,Yes,China Southern SZSE Main Board 50 ETF
605099.SS,0.018884342149172662,0.12091176463868188,25.17,0.419,0.15618283469441002,0.9475296421511672,0.948,Yes,"CoCreation Grass Co., Ltd"
301012.SZ,0.020822119024549425,0.13334627654639886,28.06,0.462,0.15615073449241915,1.298191561700886,1.298,Yes,Jiangsu Yangdian Science & Technology Co. Ltd.
200017.SZ,0.02320623042590625,0.1486588564407309,31.69,0.515,0.15610392129686795,1.1997161525838607,1.2,Yes,Shenzhen China Bicycle Company (Holdings) Limited
508022.SS,0.009800825136516297,0.06279801271153425,12.42,0.218,0.1560690332914971,0.45623336207173626,0.456,Yes,Bosera Fund Management Co. Ltd - Bosera Jinkai Science and Technology Fund
603928.SS,0.035607776085628644,0.22822346223918663,52.18,0.791,0.1560215401881441,1.1737529710676313,1.174,Yes,"Suzhou Xingye Materials Technology Co.,Ltd."
301026.SZ,0.01913517258159866,0.12266786743684299,25.54,0.425,0.1559917277558496,1.7868673548526774,1.787,Yes,Hootech Inc.
301251.SZ,0.03534710623950483,0.22662690263144644,51.72,0.785,0.15597047759589383,2.6800661877472467,2.68,Yes,"Jiangxi Welgao Electronics Co., Ltd."
159056.SZ,0.009494541486106739,0.06088806617393675,12.01,0.211,0.15593435762903068,-0.7161776249930579,0.716,No,Fullgoal CSI AllShrHealthCareDevices ETF
300627.SZ,0.013548503546925808,0.08692641574593088,17.53,0.301,0.15586175307774644,1.298377964787555,1.298,Yes,Shanghai Huace Navigation Technology Ltd
605055.SS,0.02413628726209599,0.15491676873642546,33.14,0.537,0.15580164406321523,0.9810870784058978,0.981,Yes,"Zhejiang Yingfeng Technology Co., Ltd."
688158.SS,0.046295733960967374,0.29718535888772774,72.13,1.029,0.1557806687861,2.311891936859236,2.312,Yes,"UCloud Technology Co., Ltd."
605305.SS,0.016287382658843445,0.10456876834157056,21.39,0.362,0.15575762167955567,1.0230109587079177,1.023,Yes,3S Industry Group Inc.
300378.SZ,0.023694611943012433,0.1522417448900611,32.45,0.527,0.15563807390754167,2.0436641332340177,2.044,Yes,"Digiwin Co., Ltd."
159761.SZ,0.01471917314345403,0.09459296004670181,19.17,0.328,0.15560537630059337,1.6858512976988909,1.686,Yes,Guotai CSI New Materials ETF
001226.SZ,0.0223124219107377,0.14341711095821577,30.32,0.497,0.15557712578130492,1.045826398217845,1.046,Yes,"Anhui Tuoshan Heavy Industry Co., Ltd."
301077.SZ,0.02196124372286444,0.14126181507250907,29.78,0.489,0.1554648275727721,1.1339600519288913,1.134,Yes,"Zhejiang Chinastars New Materials Group Co., Ltd."
603048.SS,0.01497954425531623,0.09640029724792727,19.53,0.334,0.15538898408986296,1.1166782234854407,1.117,Yes,"Zhejiang Liming Intelligent Manufacturing Co.,Ltd."
002085.SZ,0.040058110893442196,0.25790867285837843,60.21,0.893,0.1553189757036155,1.1269882699160614,1.127,Yes,"Zhejiang Wanfeng Auto Wheel Co., Ltd."
301033.SZ,0.01757227194538692,0.11317526691229218,23.25,0.392,0.15526600842041716,0.5253083023399808,0.525,Yes,"Medprin Regenerative Medical Technologies Co., Ltd."
688099.SS,0.023545208830468168,0.1517223072993554,32.22,0.526,0.1551862033314082,2.118141819766496,2.118,Yes,"Amlogic (Shanghai) Co.,Ltd."
600418.SS,0.028662841944678247,0.18475039907454274,40.37,0.64,0.1551435996255327,0.9554073911870782,0.955,Yes,"Anhui Jianghuai Automobile Group Corp.,Ltd."
002255.SZ,0.018633561087379867,0.1202251959006147,24.8,0.416,0.15498881867311307,0.9858445957805598,0.986,Yes,"Suzhou Hailu Heavy Industry Co.,Ltd"
560150.SS,0.006865575459862283,0.04434627842157953,8.56,0.154,0.15481739853329826,0.25287788674546235,0.253,Yes,TK CSI Dividend Low Volatility ETF
600415.SS,0.018150104899307472,0.11728103241838005,24.09,0.406,0.15475737657697344,0.6618704910088582,0.662,Yes,"Zhejiang China Commodities City Group Co., Ltd."
512960.SS,0.006908943631876272,0.04473937324941234,8.61,0.155,0.15442647337414417,0.927020947931253,0.927,Yes,Bosera SOE Struct Reform ETF
002003.SZ,0.01209078220635919,0.07831435083679451,15.51,0.271,0.1543878239067081,0.37764613054504337,0.378,Yes,"Zhejiang Weixing Industrial Development Co., Ltd."
300077.SZ,0.05847941005402269,0.3790633120928372,97.78,1.313,0.15427346353081084,1.9894013971298872,1.989,Yes,Nsing Technologies Inc.
002683.SZ,0.01660857749560573,0.10766157582121141,21.86,0.373,0.154266527950388,1.3125611999439126,1.313,Yes,"Guangdong Hongda Holdings Group Co., Ltd."
605277.SS,0.025408245255246712,0.16473421860409418,35.13,0.571,0.1542378108843941,1.1369459907216273,1.137,Yes,"Xinya Electronic Co., Ltd."
600475.SS,0.023818712953648662,0.15448741687514336,32.64,0.535,0.15417898386442005,1.651804701738388,1.652,Yes,"Wuxi Huaguang Environment & Energy Group Co.,Ltd."
600250.SS,0.02368408350256569,0.15388263180218364,32.43,0.533,0.15391004966052058,0.5019214142158531,0.502,Yes,"Nanjing Business & Tourism Corp.,Ltd."
159850.SZ,0.010954363222781103,0.07119806125269887,13.97,0.247,0.153857605530879,0.862701121820108,0.863,Yes,ChinaAMC Hang Seng China Entpr ETF(QDII)
300641.SZ,0.09586614677962824,0.6236725948662019,199.98,2.16,0.1537122964336675,1.4482576730004333,1.448,Yes,"Jiangsu Zhengdan Chemical Industry Co., Ltd."
530380.SS,0.01145669385921132,0.07453613884881623,14.65,0.258,0.15370656484432685,1.714477901984496,1.714,Yes,E Fund Management Co. Ltd. - SSE 380 ETF
510190.SS,0.007687433501934709,0.0500201381157025,9.63,0.173,0.1536867707992482,0.9876217655557367,0.988,Yes,Huaan SSE 50 ETF
300895.SZ,0.02593475055844274,0.16879403158591502,35.97,0.585,0.15364731984165048,2.1674115569950025,2.167,Yes,"Beijing Topnew Info & Tech Co., Ltd."
300010.SZ,0.05632967293817753,0.3666506739440541,93.02,1.27,0.1536330816802826,1.502340486493224,1.502,Yes,Doushen (Beijing) Education & Technology INC.
002772.SZ,0.017604448279837575,0.11491844952633681,23.3,0.398,0.15319079183889456,1.2507294822122839,1.251,Yes,"Tianshui Zhongxing Bio-technology Co.,Ltd."
159639.SZ,0.009382265619188921,0.06126450708500998,11.86,0.212,0.1531435747319437,1.1432135734934712,1.143,Yes,China Southern CSI SEEE Carbon Neutral ETF
517380.SS,0.012513724570235705,0.08176281261780399,16.09,0.283,0.15304909615487983,1.0924333783731603,1.092,Yes,TianHong HSI SSH Innov Drug Sel 50 ETF
301382.SZ,0.034844472676403525,0.22774712991412896,50.83,0.789,0.15299631960034568,2.8119774554956396,2.812,Yes,"Fengzhushou Co., Ltd."
560020.SS,0.0070755509098942675,0.04625854544892513,8.83,0.16,0.1529566232839402,0.5100372435632265,0.51,Yes,China Universal CSI Dividend ETF
300473.SZ,0.023276840691687388,0.15224231741101982,31.8,0.527,0.1528933682009397,1.946857578312061,1.947,Yes,"Fuxin Dare Automotive Parts Co., Ltd."
301538.SZ,0.027398151050497914,0.17920653258309951,38.31,0.621,0.15288589459088592,1.6811833226420225,1.681,Yes,"Shenzhen Jdd Tech New Material Co., Ltd"
002354.SZ,0.023214016636902028,0.1520158390151059,31.7,0.527,0.15270788088467044,2.0250905193570956,2.025,Yes,"Tianyu Digital Technology Group Co.,Ltd."
301007.SZ,0.02090861331997626,0.13699520712550217,28.19,0.475,0.1526229549098148,1.9808194366317267,1.981,Yes,"Dalian Demaishi Precision Technology Co., Ltd."
600623.SS,0.014193277814503774,0.09309100178724546,18.43,0.322,0.1524666997025315,1.1017079546740596,1.102,Yes,Shanghai Huayi Group Corporation Limited
600530.SS,0.027739099039193225,0.18210593387387994,38.87,0.631,0.15232397126830768,0.37718472224834776,0.377,Yes,"Shanghai Jiaoda Onlly Co.,Ltd"
513280.SS,0.015430761362486153,0.1014584021876507,20.17,0.351,0.1520895364973957,1.27800003911774,1.278,Yes,China Universal HS Btch ETF(QDII)
301091.SZ,0.0360588149604684,0.23722376603352271,52.97,0.822,0.15200338298049293,1.4958104811283035,1.496,Yes,"Shenzhen Urban Transport Technology Group Co., Ltd."
001317.SZ,0.0193663473124318,0.1275279117964684,25.88,0.442,0.15185967557706145,0.7346067009663476,0.735,Yes,"San Yang Ma (Chongqing) Logistics Co.,Ltd."
301227.SZ,0.03352996802036833,0.22087793104798153,48.55,0.765,0.15180316051169723,2.162268687268615,2.162,Yes,"Harbin Sayyas Windows Co., Ltd."
002132.SZ,0.0178602562116686,0.11776531098626446,23.67,0.408,0.1516597380170102,1.6529166719607893,1.653,Yes,"Henan Hengxing Science & Technology Co.,Ltd."
605028.SS,0.01734798095347332,0.11452359729069773,22.92,0.397,0.15147953228746877,0.5731232701824174,0.573,Yes,"Ningbo Shimao Energy Co.,Ltd"
159571.SZ,0.01666402237616269,0.11030818360608988,21.94,0.382,0.15106787031930335,2.151961527157328,2.152,Yes,Fullgoal SZSE ChiNext 200 ETF
510370.SS,0.00856721360887002,0.056727871690494557,10.78,0.197,0.15102300427578988,1.1752309153979572,1.175,Yes,CIB CSI 300 ETF
600777.SS,0.020626914799396805,0.1366022742476246,27.76,0.473,0.15099979054525506,-0.3661128136781334,0.366,No,Shandong Xinchao Energy Corporation Limited
603977.SS,0.01585853731624389,0.10505275639098069,20.78,0.364,0.15095784119383113,0.6921603677184205,0.692,Yes,"Jiangxi Guotai Group Co.,Ltd."
300695.SZ,0.020717588693682672,0.13728062434097155,27.9,0.476,0.1509141497071374,1.425165120021072,1.425,Yes,"Zhejiang Zhaofeng Mechanical and Electronic Co.,Ltd."
600676.SS,0.02590682471908662,0.1717720344122869,35.92,0.595,0.15082096924406863,1.2687842694139961,1.269,Yes,"Shanghai Juss Sports and Entertainment Group Co., Ltd."
300084.SZ,0.01512618614916048,0.10041539116758176,19.74,0.348,0.15063613230283207,1.228430500849551,1.228,Yes,Haimo Technologies Group Corp.
159996.SZ,0.009196882310335908,0.06106973721639943,11.61,0.212,0.15059639568690025,1.1921432621368249,1.192,Yes,Guotai CSI Household Appliances ETF
603213.SS,0.013789043906609339,0.09156725162678103,17.86,0.317,0.15058925174266563,1.1772844603987955,1.177,Yes,"Zhejiang Oceanking Development Co., Ltd."
516120.SS,0.01185865414327488,0.07879737333048999,15.2,0.273,0.15049555133694123,1.5170782039858577,1.517,Yes,Fullgoal CSI Chemicals Sub-industry ETF
563750.SS,0.015047322191311668,0.10003375182052263,19.63,0.347,0.15042245159722786,2.226736470276743,2.227,Yes,China Universal CSI 500 ETF
301040.SZ,0.029703672858832002,0.1976730332901447,42.08,0.685,0.15026669224644779,1.9251405553533794,1.925,Yes,"Zhangjiagang Zhonghuan Hailu High-End Equipment Co., Ltd."
159388.SZ,0.031112853121858502,0.20720310754134869,44.44,0.718,0.15015630552572545,2.467838640067522,2.468,Yes,Guotai SZSE ChiNext AI ETF
000795.SZ,0.01642006023944919,0.1094065451697937,21.58,0.379,0.15008297916697805,1.2451458503154293,1.245,Yes,"Innuovo Technology Co., Ltd."
300497.SZ,0.02609400496516878,0.17393037280434423,36.22,0.603,0.15002557945714373,1.3878444410562183,1.388,Yes,"Jiangxi Fushine Pharmaceutical Co., Ltd."
603903.SS,0.019580936408313918,0.13062379820214168,26.2,0.452,0.14990328468333325,1.1489374080587575,1.149,Yes,"CSD Water Service Co., Ltd."
300096.SZ,0.024765199501073917,0.165249060931109,34.12,0.572,0.14986590157627783,1.9695299123412917,1.97,Yes,"YLZ Information Technology Co.,Ltd"
301161.SZ,0.02126390451276636,0.14189216924148587,28.72,0.492,0.14985960554720523,2.04050677718052,2.041,Yes,Voneseals Technology (Shanghai) Inc.
688568.SS,0.023958688745404293,0.15989125350052197,32.86,0.554,0.149843648235118,2.0747265288670556,2.075,Yes,"Geovis Technology Co.,Ltd"
002171.SZ,0.02106740696314471,0.14066232667436077,28.43,0.487,0.14977291689420613,1.690393603317444,1.69,Yes,"Anhui Truchum Advanced Materials and Technology Co., Ltd."
002510.SZ,0.015494170149245123,0.10346364236138228,20.26,0.358,0.14975473311800117,0.8781958017470914,0.878,Yes,"Tianjin Motor Dies Co.,Ltd."
301092.SZ,0.016843660918061682,0.11250922387852479,22.19,0.39,0.14970915572440205,1.4920689569463648,1.492,Yes,"Zhejiang Zhengguang Industrial Co., Ltd."
515300.SS,0.006535838000738578,0.043659409837675016,8.13,0.151,0.1497005576813502,0.2636297217308369,0.264,Yes,Harvest CSI300 Dividend Volat ETF
002048.SZ,0.021104241598110585,0.1409905420803541,28.48,0.488,0.14968551284867562,1.903245730123823,1.903,Yes,"Ningbo Huaxiang Electronic Co., Ltd."
002987.SZ,0.022361098254250086,0.14948713352139228,30.39,0.518,0.14958543740522065,1.495573391848819,1.496,Yes,"Northking Information Technology Co., Ltd."
159575.SZ,0.015599122825486032,0.1043009908450095,20.41,0.361,0.1495587213420265,1.9711298791275367,1.971,Yes,Yinhua GEM Midcap 200 ETF
001280.SZ,0.032876568932526,0.21990164133250345,47.43,0.762,0.14950579146799006,2.690013223794351,2.69,Yes,"China National Uranium Co., Ltd."
159549.SZ,0.006803497357376899,0.04551788572359241,8.48,0.158,0.14946865939009496,0.39519085615923016,0.395,Yes,TianHong CSI Dividend Low Vlty 100 ETF
301016.SZ,0.024328499110676173,0.1628472903537098,33.44,0.564,0.1493945589013723,1.007024023999925,1.007,Yes,"Nanjing Railway New Technology Co.,Ltd."
688291.SS,0.02214183581751718,0.14876557796845014,30.06,0.515,0.14883709067572723,2.1742650584404335,2.174,Yes,"Beijing JCZ Technology Co.,Ltd."
601319.SS,0.012117418992786481,0.08144416449074501,15.55,0.282,0.1487819178765528,0.7895439816667273,0.79,Yes,The People's Insurance Company (Group) of China Limited
159913.SZ,0.007535335657788486,0.05064922905762218,9.43,0.175,0.14877493296523328,0.9913312246506523,0.991,Yes,BOCOM Schroders SZSE 300 Value ETF Securities Investment Fund
159717.SZ,0.007670247580813429,0.051604578800118255,9.6,0.179,0.14863501958853023,1.0865083545246503,1.087,Yes,Penghua CNI ESG 300 ETF
603080.SS,0.010999928476214138,0.07401687923592147,14.03,0.256,0.14861378363647237,0.8422237477700518,0.842,Yes,"Xinjiang Torch Gas Co., Ltd"
603217.SS,0.021198077535824967,0.14266669608609098,28.62,0.494,0.14858462498516942,1.660372144096544,1.66,Yes,"Yuanli Chemical Group Co.,Ltd."
002826.SZ,0.02046405908644529,0.13798000397715443,27.52,0.478,0.14831177342068752,0.7084402869243533,0.708,Yes,Tibet AIM Pharm. Inc.
301002.SZ,0.02457781303246501,0.16573821917529308,33.83,0.574,0.14829297161972205,1.8427714116682474,1.843,Yes,"Shenzhen Sosen Electronics Co.,Ltd."
301043.SZ,0.019816837799543997,0.13367456213109605,26.55,0.463,0.1482468876921356,1.0900082742593484,1.09,Yes,"Guangdong Nedfon Air System Co., Ltd."
600265.SS,0.012263369969743528,0.08281039796896145,15.75,0.287,0.14808973595731323,0.796182513543595,0.796,Yes,"Yunnan Jinggu Forestry Co.,Ltd"
601086.SS,0.035592889783349936,0.2403806445841649,52.15,0.833,0.14806886737874494,0.7884403129151111,0.788,Yes,"Gansu Guofang Industry & Trade (Group) Co., Ltd."
561120.SS,0.009525838690100435,0.06437769022254146,12.05,0.223,0.14796800968117088,1.263832616969584,1.264,Yes,Fullgoal CSI All Share Household Appliances Index ETF
167508.SZ,0.00638392788777975,0.043146817984427974,7.94,0.149,0.1479582547682603,0.6514218232673935,0.651,Yes,Essence Fund Co Ltd - Essence Val Dscvr 2Y Mxd Lof
301107.SZ,0.01893655855583001,0.12806338760926175,25.25,0.444,0.1478686368473083,1.842548696498072,1.843,Yes,"Chongqing YuXin Pingrui Electronic Co., Ltd."
159633.SZ,0.012293575027366863,0.08314313046101465,15.79,0.288,0.1478603819606149,1.6842648815047692,1.684,Yes,E Fund CSI 1000 ETF
600724.SS,0.017302857924175404,0.11708307109194038,22.86,0.406,0.14778274743569206,0.9092918284665182,0.909,Yes,Ningbo Fuda Company Limited
002326.SZ,0.018595631051478267,0.1260545525677776,24.74,0.437,0.1475205034064889,1.7980053146184334,1.798,Yes,"Zhejiang Yongtai Technology Co.,Ltd."
000651.SZ,0.009693857768613924,0.06574930028697373,12.27,0.228,0.1474366681668622,0.43196177098926863,0.432,Yes,"Gree Electric Appliances, Inc. of Zhuhai"
301137.SZ,0.028233185776907324,0.19154904429463288,39.67,0.664,0.14739403102152887,1.9148937549095884,1.915,Yes,"HIT Welding Industry Co.,Ltd"
300432.SZ,0.02780856908374245,0.18866900443460932,38.98,0.654,0.14739341614208074,1.7403212763371025,1.74,Yes,"Fulin Precision Co., Ltd."
510600.SS,0.007336280113633941,0.04978436089468091,9.17,0.172,0.14736113875507775,0.9877584202502182,0.988,Yes,SWS MU SSE 50 ETF
300004.SZ,0.0223375132822882,0.1516354502129174,30.36,0.525,0.14731062723738547,1.617599184884151,1.618,Yes,"Nanfang Ventilator Co., Ltd."
002911.SZ,0.013307446137547377,0.09053291447953007,17.19,0.314,0.14699014401614402,0.6086311830875605,0.609,Yes,"Foran Energy Group Co., Ltd."
002748.SZ,0.018200275920622497,0.12384410613509396,24.16,0.429,0.1469611795717507,0.3803250478111745,0.38,Yes,"Jiangxi Selon Industrial Co., Ltd."
603655.SS,0.019397941408429674,0.13201711667080213,25.93,0.457,0.14693504825438947,1.59524076069713,1.595,Yes,"Changzhou Langbo Sealing Technologies Co.,Ltd."
563180.SS,0.006932872105334465,0.04719434017902757,8.64,0.163,0.14690049864104943,0.3357421310467955,0.336,Yes,Yinhua CSI High Dividend Yld Strtgy ETF
301279.SZ,0.019968766515839766,0.1359359370843384,26.78,0.471,0.14689836215606908,1.1715576902948868,1.172,Yes,"Zhejiang Jindao Technology Co., Ltd."
301110.SZ,0.021335146657492574,0.14556322103482489,28.83,0.504,0.14656962456463027,1.552982141923918,1.553,Yes,"Qingmu Tec Co., Ltd."
603373.SS,0.022845829443001044,0.1562476360264582,31.14,0.541,0.146215520592788,1.420187343414763,1.42,Yes,"Anbang Save-Guard Group Co.,Ltd."
300493.SZ,0.029984852445891556,0.20522237078904196,42.55,0.711,0.14610908318915408,1.4809435846147398,1.481,Yes,"Shanghai Fortune Techgroup Co., Ltd."
159892.SZ,0.014761854757015754,0.1010457774696832,19.23,0.35,0.14609076328246134,1.2922758279167466,1.292,Yes,ChinaAMC Hang Seng biotechnology ETF (QDII)
512950.SS,0.007076358127562581,0.048457299732064724,8.83,0.168,0.1460328612343225,1.0045992655009608,1.005,Yes,ChinaAMC SOE Struct Reform ETF
501065.SS,0.00788571821705025,0.05404918083734674,9.88,0.187,0.1458989404627831,0.9054815869581667,0.905,Yes,Huitianfu Fund Management - Classic Growth Regulated Open Hybrid Securities Investment Fund
601677.SS,0.012065829320021454,0.08271217001481809,15.48,0.287,0.14587731548887944,1.3589596302474882,1.359,Yes,"Henan Mingtai Al.Industrial Co.,Ltd."
301608.SZ,0.018449411935814727,0.12648715801074137,24.53,0.438,0.14585996101080864,1.9734551001279441,1.973,Yes,"Shenzhen Boshijie Technology Co., Ltd."
512260.SS,0.00795989926979382,0.05463575686150852,9.98,0.189,0.1456902901513872,1.1034338118861444,1.103,Yes,Huaan CSI 500 Indus Mid Volat ETF
300539.SZ,0.03409029394685351,0.23446864430906936,49.52,0.812,0.14539382887341104,1.9383832321920544,1.938,Yes,"Ningbo Henghe Precision Industry Co.,Ltd."
159589.SZ,0.007023001664805193,0.048329842082107645,8.76,0.167,0.14531397915337285,0.5014399610580073,0.501,Yes,GF CSI Dividend ETF
600736.SS,0.015098601569041368,0.10393515465916137,19.7,0.36,0.14526943860866715,1.3337201421659926,1.334,Yes,"Suzhou New District Hi-Tech Industrial Co.,Ltd"
512640.SS,0.008829569032143152,0.06080623210211892,11.13,0.211,0.14520829077708083,0.8558231501319558,0.856,Yes,Harvest China Financial Real Easte ETF
516020.SS,0.011518393945249271,0.07933559093926153,14.73,0.275,0.14518570806471498,1.5311564266505329,1.531,Yes,Hwabao WP CSI Chemicals Sub-industry ETF
688345.SS,0.020759271140605634,0.14302508891984655,27.96,0.495,0.14514426313162054,1.8462068478802358,1.846,Yes,"Guangdong Greenway Technology Co.,Ltd"
159561.SZ,0.01975066641050399,0.13608564840800802,26.45,0.471,0.14513408755115834,-0.19757447006512666,0.198,No,Harvest German DAX ETF (QDII)
603798.SS,0.015759118577457227,0.10863717268564695,20.64,0.376,0.14506193587215208,1.476227297508296,1.476,Yes,Qingdao Copton Technology Company Limited
605188.SS,0.029224919145612222,0.20159863709909515,41.29,0.698,0.14496585674459103,1.3690004215470701,1.369,Yes,"Jiangxi Guoguang Commercial Chains Co., Ltd."
301079.SZ,0.02741257070143364,0.18910480893370205,38.34,0.655,0.14495967001581736,1.0882385644360215,1.088,Yes,"ShaoYang Victor Hydraulics Co.,Ltd"
002335.SZ,0.02567600024439441,0.17713465564399658,35.56,0.614,0.14495187376544638,2.301899852648225,2.302,Yes,"Kehua Data Co., Ltd."
301446.SZ,0.01774487460519902,0.1225321905762028,23.5,0.424,0.14481806390430502,1.4836142749539731,1.484,Yes,"Jiangxi First Hydraulic Co., Ltd."
002860.SZ,0.012244392433991775,0.08456613091582316,15.72,0.293,0.14479073715906196,0.8237056744147168,0.824,Yes,"Hangzhou Star Shuaier Electric Appliance Co., Ltd."
605566.SS,0.01785601474486975,0.12351801109539544,23.66,0.428,0.14456203258550845,1.586757504457493,1.587,Yes,"Hangzhou Flariant Co.,Ltd"
002890.SZ,0.013299869220468689,0.09215967646255833,17.18,0.319,0.14431332368958588,1.1500059569942336,1.15,Yes,"Shandong Hongyu Precision Machinery Co., Ltd."
688103.SS,0.019681148408398963,0.13639697369649195,26.35,0.472,0.14429314577164368,1.686950857294878,1.687,Yes,"Kunshan GuoLi Electronic Technology Co., Ltd."
562310.SS,0.010744706291574715,0.07447223617780868,13.68,0.258,0.14427801343202362,1.4866612155429466,1.487,Yes,Yinhua CSI 300 Growth ETF
002416.SZ,0.017750582674507954,0.12307772040197441,23.51,0.426,0.14422254991832947,0.8222377920877013,0.822,Yes,"Shenzhen Aisidi Co., Ltd."
300679.SZ,0.024114219475526628,0.16726326059127625,33.1,0.579,0.14416925384739465,2.3537397953911583,2.354,Yes,"Electric Connector Technology Co., Ltd."
688601.SS,0.03087025321607249,0.21413524623162966,44.03,0.742,0.1441624102492693,2.120979435684993,2.121,Yes,"Wuxi ETEK Microelectronics Co.,Ltd."
562700.SS,0.012326105951572955,0.08550577074675182,15.84,0.296,0.14415525225870437,1.4799306113070545,1.48,Yes,ChinaAMC CSI Auto Parts Theme ETF
512200.SS,0.04335975278696317,0.30078561813550253,66.42,1.042,0.1441550066646797,0.6593781690120262,0.659,Yes,China Southern CSI All Share Real Estate ETF
601118.SS,0.016189101784532554,0.1123429745276211,21.25,0.389,0.1441042651096285,1.3861187907578365,1.386,Yes,"China Hainan Rubber Industry Group Co.,Ltd."
003019.SZ,0.022360799809667816,0.15518410423062248,30.39,0.538,0.1440920764438408,2.086273291529312,2.086,Yes,"TES Touch Embedded Solutions (Xiamen) Co., Ltd."
300290.SZ,0.041692156395789735,0.28945041155191653,63.26,1.003,0.14403902959492504,2.578657828851826,2.579,Yes,"Bringspring Science and Technology Co., Ltd."
600316.SS,0.02116247381621949,0.1469745757925886,28.57,0.509,0.14398731006432092,1.143808421370592,1.144,Yes,"Jiangxi Hongdu Aviation Industry Co., Ltd."
159640.SZ,0.008822333922910134,0.06127934456741945,11.12,0.212,0.14396912997664024,1.1267502402956795,1.127,Yes,ICBCCS CSI SEEE Carbon Neutral ETF
002882.SZ,0.024499055024155236,0.17022513947597376,33.7,0.59,0.14392148597776963,1.0433060289498781,1.043,Yes,"Jinlongyu Group Co., Ltd."
159270.SZ,0.013708183489490173,0.09528175234413899,17.75,0.33,0.14386997669794008,2.111146411962212,2.111,Yes,China Southern ChiNext 200 ETF
300065.SZ,0.02479974756287004,0.17247200871708526,34.17,0.597,0.14378998509578644,2.5274714344918734,2.527,Yes,"Beijing Highlander Digital Technology Co., Ltd."
516220.SS,0.011363652167530677,0.07904111245688489,14.52,0.274,0.14376887943890324,1.528737114459023,1.529,Yes,Guotai CSI Chemicals Sub-industry ETF
000006.SZ,0.02737467706122567,0.19053866034941308,38.28,0.66,0.14366993559745575,1.4450210030442394,1.445,Yes,"Shenzhen Zhenye (Group) Co.,Ltd."
002177.SZ,0.025175925299652333,0.17526524709282895,34.77,0.607,0.14364470833352344,1.8727853660284872,1.873,Yes,"Guangzhou Kingteller Technology Co.,Ltd."
600103.SS,0.02139217273433764,0.14906402635194282,28.92,0.516,0.1435099618457262,1.4268819651994524,1.427,Yes,"Fujian Qingshan Paper Industry Co., Ltd."
159328.SZ,0.006468629557145242,0.04512558424258806,8.04,0.156,0.14334727551383944,0.9362820112036498,0.936,Yes,E Fund CSI Household Appliances Top ETF
603828.SS,0.029309165228482398,0.20451156085911557,41.43,0.708,0.143312999545649,0.03677850583593821,0.037,Yes,"Suzhou Kelida Building& Decoration Co.,Ltd."
561060.SS,0.006753438451822756,0.047136507061346686,8.41,0.163,0.14327405386727887,0.49681303156081424,0.497,Yes,Huaan CSI SOE Dividend ETF
003021.SZ,0.02723822681282906,0.1901226765941049,38.06,0.659,0.1432665860842064,1.5228169014389676,1.523,Yes,"Shenzhen Zhaowei Machinery & Electronics Co., Ltd."
159038.SZ,0.016604222800953753,0.11592959128456962,21.85,0.402,0.14322678633616298,-0.10811097618118917,0.108,No,E Fund CNI Grain Industry ETF
515090.SS,0.006840795647865507,0.047840536351596026,8.52,0.166,0.1429916169331845,0.9476983027972583,0.948,Yes,Bosera CSI Sustainable Develope 100 ETF
688229.SS,0.02278257425700889,0.15949240469870532,31.04,0.552,0.1428442583209345,1.8720477950340813,1.872,Yes,"Bonree Data Technology Co., Ltd"
159615.SZ,0.014432965321654957,0.10110771223225723,18.76,0.35,0.14274841159990453,1.2869944227854249,1.287,Yes,China Southern HS Btch ETF(QDII)
563530.SS,0.02809499129604724,0.1969003598984255,39.44,0.682,0.14268633795560623,3.1148817277468726,3.115,Yes,E Fund CSI Satellite Industry ETF
300339.SZ,0.03291473614016464,0.23074056068977766,47.49,0.799,0.1426482454656826,2.6096005525649177,2.61,Yes,"Jiangsu Hoperun Software Co., Ltd."
159293.SZ,0.014518737475153011,0.10187054017418092,18.88,0.353,0.14252145370318536,1.938102525766245,1.938,Yes,CCB Principal ChiNext Cmpst Enh Stgy ETF
002586.SZ,0.019764207204244006,0.13883330720776016,26.47,0.481,0.14235926235386312,0.840660398668996,0.841,Yes,"Zhejiang Reclaim Construction Group Co., Ltd."
603583.SS,0.01826579349520052,0.12836287764523954,24.26,0.445,0.14229809918785288,1.0132256854440236,1.013,Yes,"Zhejiang Jiecang Linear Motion Technology Co.,Ltd."
300808.SZ,0.01989678846636909,0.13984346870755943,26.67,0.484,0.14227899701184646,1.2380347855975864,1.238,Yes,"Guangdong DP Co.,Ltd."
601318.SS,0.01138171987222,0.08000404285068598,14.55,0.277,0.14226430898576034,0.9070851714339707,0.907,Yes,"Ping An Insurance (Group) Company of China, Ltd."
603391.SS,0.02082279733598429,0.1463723235018252,28.06,0.507,0.14225911591629983,0.950237880918907,0.95,Yes,"Zhejiang Liju Thermal Equipment Co., Ltd."
688571.SS,0.013507435526078597,0.09498160229467789,17.47,0.329,0.14221107245771805,1.3943348662475017,1.394,Yes,"Hangzhou Toka Ink Co.,Ltd."
300353.SZ,0.026060435587591732,0.18340370968821154,36.17,0.635,0.14209328498259266,1.9412876744497463,1.941,Yes,"Kyland Technology Co., Ltd."
002256.SZ,0.01938934976835786,0.13655576281838178,25.92,0.473,0.14198851347010205,1.378381003899449,1.378,Yes,"ZETTA Group Co., Ltd."
159757.SZ,0.014309299961494491,0.10093653233668758,18.59,0.35,0.14176532153654603,1.648098659663694,1.648,Yes,IGW New Energy Vehicles Battery ETF
300692.SZ,0.01366383830078312,0.09639859565079216,17.69,0.334,0.14174312611649376,1.193014343044724,1.193,Yes,"Anhui Zhongfu Yuanchuang Technology Group Co., Ltd."
560110.SS,0.011543582818080643,0.08147986267924723,14.77,0.282,0.14167405833172536,1.6259599939620524,1.626,Yes,China Universal CSI 1000 ETF
002380.SZ,0.016131914446973667,0.11391934085521307,21.17,0.395,0.14160821442494725,1.4411262956360291,1.441,Yes,"Nanjing Sciyon Wisdom Technology Group Co., Ltd."
300690.SZ,0.02721321156653661,0.19230288081788002,38.02,0.666,0.14151224074645463,1.6150533941246212,1.615,Yes,"Shandong Shuangyi Technology Co., Ltd."
300686.SZ,0.024122015152014047,0.17051021562086774,33.11,0.591,0.14146961848696352,1.1053848181001975,1.105,Yes,"Shenzhen CDL Precision Technology Co., Ltd"
601211.SS,0.01090440551698993,0.07708126208299945,13.9,0.267,0.141466359298169,0.1225739926988471,0.123,Yes,"Guotai Haitong Securities Co., Ltd."
600784.SS,0.009152481412077385,0.06469734355828739,11.55,0.224,0.14146610832377832,0.67876197152019,0.679,Yes,"Luyin Investment Group Co.,Ltd."
600031.SS,0.011297751598272525,0.0798641200243646,14.43,0.277,0.14146216842839882,0.8006818661012775,0.801,Yes,"Sany Heavy Industry Co.,Ltd"
002650.SZ,0.022826226781875153,0.1613876296439102,31.11,0.559,0.1414372764024078,0.11562819143082456,0.116,Yes,"Jiajia Food Group Co.,Ltd"
508069.SS,0.007223744144442339,0.05107835514712688,9.02,0.177,0.14142476052008635,0.057242455150538864,0.057,Yes,China Asset Management Co - Nanjing Transportation Expressway Closed
688221.SS,0.033434446826170285,0.23646007546047698,48.39,0.819,0.14139573778389777,1.4992511479632384,1.499,Yes,Frontier Biotechnologies Inc.
001283.SZ,0.018247984536958244,0.1290799722581747,24.23,0.447,0.14136960380236363,1.0864395724580866,1.086,Yes,"Shenzhen Highpower Technology Co., Ltd."
002072.SZ,0.02004743832951005,0.1418865929329079,26.89,0.492,0.14129198478244964,0.7323173922494227,0.732,Yes,"Kairuide Holding Co.,Ltd."
300274.SZ,0.025139853467809434,0.17795922292686905,34.71,0.616,0.14126749406036943,1.545359422098678,1.545,Yes,"Sungrow Power Supply Co., Ltd."
001326.SZ,0.023227249189074817,0.16464342785961095,31.72,0.57,0.1410760787177023,1.8615661454676458,1.862,Yes,"Shenzhen SNC Opto Electronic Co.,Ltd"
600558.SS,0.011762072856991082,0.08344218903864187,15.06,0.289,0.14096074171237402,0.8563660716175293,0.856,Yes,"Atlantic China Welding Consumables, Inc."
600635.SS,0.02361884066282592,0.16761243618779503,32.33,0.581,0.14091341430276141,0.5809005925750765,0.581,Yes,"Shanghai Dazhong Public Utilities(Group) Co.,Ltd."
300407.SZ,0.016102578561517148,0.1142825049715822,21.13,0.396,0.14090151913909535,1.1654009526124294,1.165,Yes,"Tianjin Keyvia Electric Co.,Ltd"
688182.SS,0.025821626660723438,0.1837620492676242,35.79,0.637,0.1405166451050934,2.4448022139594925,2.445,Yes,"Jiangsu Cai Qin Technology Co., Ltd"
159523.SZ,0.009091192122094931,0.06470789666888214,11.47,0.224,0.1404958682031595,1.331571672248018,1.332,Yes,ChinaAMC CSI Smt Slct 300 Grw Invt ETF
159515.SZ,0.007102849279900166,0.05056995585020441,8.86,0.175,0.14045591222068382,0.5225838738240751,0.523,Yes,PengYang CSI SOE Dividend ETF
300801.SZ,0.025335042328710016,0.18041499893450397,35.02,0.625,0.14042647495127272,1.9452682775688857,1.945,Yes,"Shandong Taihe Technologies Co., Ltd."
513900.SS,0.009203315804842495,0.06557768125278735,11.62,0.227,0.14034219614087548,0.8233094634270655,0.823,Yes,Huaan CES HK Sele 100 ETF
300046.SZ,0.04010881460024965,0.2859563523155782,60.3,0.991,0.14026201647720704,1.145688857610678,1.146,Yes,"Tech Semiconductors Co., Ltd."
002058.SZ,0.028172400042568803,0.20087980079181156,39.57,0.696,0.14024506163148878,2.067084041781869,2.067,Yes,"Shanghai Welltech Automation Co.,Ltd."
300491.SZ,0.03091485356412415,0.2207164237108108,44.1,0.765,0.14006594092259173,3.029841825321034,3.03,Yes,"Shijiazhuang Tonhe Electronics Technologies Co.,Ltd."
002457.SZ,0.02093686191898898,0.14958050045882693,28.23,0.518,0.13997052994719722,0.760787570006545,0.761,Yes,"Qinglong Pipes Industry Group Co., Ltd"
159840.SZ,0.014302911980719363,0.1023262600024953,18.58,0.354,0.1397775310108136,1.6718710449673202,1.672,Yes,ICBCCS CNI NEV Battery ETF
300399.SZ,0.0260201750654282,0.18637511130086165,36.1,0.646,0.13961185527301628,2.617571590273892,2.618,Yes,"Jiangxi Tianli Technology, INC."
560060.SS,0.008321611340073483,0.05965271760437184,10.46,0.207,0.13950095945777344,1.0871907006413402,1.087,Yes,China Universal CSI SEEE Carbon Ntrl ETF
301216.SZ,0.01916259653325989,0.137375536035402,25.58,0.476,0.13949060426830032,1.549066281650412,1.549,Yes,"Wankai New Materials Co., Ltd."
002026.SZ,0.014427777864572602,0.10353621169224687,18.76,0.359,0.13935006534195032,1.4527943950142397,1.453,Yes,"Shandong Weida Machinery Co., Ltd."
000404.SZ,0.01132342851212988,0.0812959195767638,14.47,0.282,0.13928655424627698,0.9000820007563322,0.9,Yes,"Changhong Huayi Compressor Co., Ltd."
000920.SZ,0.015370931850498782,0.11046785092774435,20.09,0.383,0.1391439384527605,1.4450673234602467,1.445,Yes,"Vontron Technology Co., Ltd."
159931.SZ,0.008073202951148425,0.05804125366712634,10.13,0.201,0.13909422076665034,0.854666643675466,0.855,Yes,China Universal Asset Management - CSI Financials Fund
513240.SS,0.021191078740615057,0.15246225632956253,28.61,0.528,0.13899229390130766,2.795948984241628,2.796,Yes,Huaan CSI HKC IT Composite ETF
600030.SS,0.012688304633100417,0.09129825271546947,16.33,0.316,0.1389764234880097,1.4693167184161566,1.469,Yes,CITIC Securities Company Limited
159642.SZ,0.008314951746081748,0.05983422741668233,10.45,0.207,0.13896647629753572,1.1011063885567578,1.101,Yes,Dacheng CSI SEEE Carbon Neutral Index Exchange Trade Fund
002915.SZ,0.0258725960110194,0.18632393728733307,35.87,0.645,0.13885814344466574,0.9409090797765125,0.941,Yes,"Zhejiang Zhongxin Fluoride Materials Co.,Ltd"
688267.SS,0.0121820243376009,0.0877558887139122,15.64,0.304,0.13881717245568329,1.0134852667842336,1.013,Yes,"China Catalyst Holding Co., Ltd."
600078.SS,0.022868863240538963,0.16474653470338368,31.17,0.571,0.13881240829564634,1.7210602005361568,1.721,Yes,"Jiangsu ChengXing Phosph-Chemicals Co., Ltd."
300109.SZ,0.01633564351096164,0.11775471628932783,21.46,0.408,0.13872602326028574,2.0485100155060456,2.049,Yes,Boai NKY Medical Holdings Ltd.
002861.SZ,0.02041313582533926,0.14716764465584706,27.44,0.51,0.13870668293343671,0.9175895768933184,0.918,Yes,"YingTong Telecommunication Co.,Ltd."
688333.SS,0.025123089765410563,0.1811406067364432,34.68,0.627,0.13869385897533332,1.9785478702995345,1.979,Yes,"Xi'an Bright Laser Technologies Co.,Ltd."
563350.SS,0.004689234435765376,0.03384058008077593,5.77,0.117,0.13856838223731346,0.5341672782465262,0.534,Yes,Huatai-Pinebridge Fund Management Co Ltd - CSI A50 Index ETF
603607.SS,0.021923409652112445,0.15827191878954344,29.72,0.548,0.1385173682089767,1.3984123023399329,1.398,Yes,"Zhejiang Jinghua Laser Technology Co.,Ltd"
002265.SZ,0.03189247709646641,0.23039282866538283,45.75,0.798,0.13842651822633897,1.1234030023420418,1.123,Yes,"Jianshe Industry Group (Yunnan) Co., Ltd."
002584.SZ,0.020916580998654666,0.1511097912653442,28.2,0.523,0.1384197597224245,1.0864061057659447,1.086,Yes,"Xilong Scientific Co., Ltd."
688617.SS,0.013319229644621575,0.09624713357242841,17.21,0.333,0.13838572797182075,0.44173196229541145,0.442,Yes,APT Medical Inc.
002249.SZ,0.015314639557864562,0.11077104705844355,20.01,0.384,0.138254895701983,1.2971211708247536,1.297,Yes,"Zhongshan Broad-Ocean Motor Co., Ltd."
300572.SZ,0.022336088469343943,0.16160668595696495,30.35,0.56,0.13821265090042087,1.6595893478577919,1.66,Yes,"Shenzhen Anche Technologies Co., Ltd."
159629.SZ,0.011481381150157413,0.08310676842546116,14.68,0.288,0.13815217903046148,1.6838471696317703,1.684,Yes,Fullgoal CSI 1000 Index ETF
600605.SS,0.01631666365090515,0.11811883968989048,21.44,0.409,0.13813768992095557,0.8438161047763255,0.844,Yes,"Shanghai Huitong Energy Co.,Ltd"
300606.SZ,0.021248631327022264,0.1539410192863924,28.7,0.533,0.13803099021639734,1.6433706284410674,1.643,Yes,"Dongguan Golden Sun Abrasives Co.,Ltd"
600686.SS,0.030958795215343598,0.2243327843292055,44.18,0.777,0.1380038825262025,-0.062360595798225366,0.062,No,"Xiamen King Long Motor Group Co., Ltd."
560250.SS,0.010770790875100305,0.07810475610743874,13.72,0.271,0.13790185658200257,-1.0408216840695539,1.041,No,Fullgoal CSI All Shr Div Qual ETF
002656.SZ,0.024078671263863483,0.17462185094894425,33.05,0.605,0.13789036786068415,-0.5196479530818436,0.52,No,"Modern Avenue Group Co., Ltd."
688165.SS,0.028762315936160063,0.20877663434886798,40.53,0.723,0.13776597187642142,1.5899592444549253,1.59,Yes,"EFORT Intelligent Equipment Co., Ltd."
603696.SS,0.026357861435657506,0.19141277229184098,36.64,0.663,0.13770168583876163,0.7186903022868988,0.719,Yes,"Anji Foodstuff Co., Ltd"
000922.SZ,0.014718679799290655,0.10692007946240273,19.16,0.37,0.1376605766970676,1.3407319483370557,1.341,Yes,"Harbin Electric Corporation Jiamusi Electric Machine CO.,Ltd"
300897.SZ,0.014792721775968541,0.10751659247997422,19.27,0.372,0.1375854780621307,1.1079287949846954,1.108,Yes,"Hangzhou Seck Intelligent Technology Co., Ltd."
000600.SZ,0.017224160623861815,0.1251903401826116,22.74,0.434,0.1375837832115275,0.792968506425942,0.793,Yes,"HCIG Energy Investment Co., Ltd."
560010.SS,0.011541132783552226,0.08388798423532864,14.76,0.291,0.13757790092054428,1.6937617672902767,1.694,Yes,GF China Securities 1000ETF
603036.SS,0.020767882094392016,0.150962968471969,27.97,0.523,0.137569380786575,1.3913317688445412,1.391,Yes,"Jiangsu Rutong Petro-Machinery Co., Ltd"
300006.SZ,0.02182076006889062,0.15870748733679468,29.57,0.55,0.13749042616108323,1.4676968976166764,1.468,Yes,"Chongqing Lummy Pharmaceutical Co., Ltd."
300871.SZ,0.030979202068047444,0.22541598614510672,44.21,0.781,0.13743125586534596,1.5921890553998101,1.592,Yes,"Wuhan Hvsen Biotechnology Co.,Ltd."
159758.SZ,0.009430778774299015,0.0686620575525628,11.92,0.238,0.137350657851747,1.3198948300260016,1.32,Yes,ChinaAMC CSI Dividend quality ETF
301488.SZ,0.02610822862235583,0.19010433080851136,36.24,0.659,0.13733631691249673,2.392284098415068,2.392,Yes,"Longhorn Auto Co., Ltd."
300985.SZ,0.027251363568580197,0.19847288168840443,38.08,0.688,0.13730522445562057,1.6669240474111138,1.667,Yes,"Changchun Zhiyuan New Energy Equipment Co., Ltd"
301125.SZ,0.016446810316812926,0.11980953928896951,21.62,0.415,0.13727463117227037,1.726196772965974,1.726,Yes,"Nanjing Toua Hardware and Tools Co., Ltd."
300008.SZ,0.01720955172571968,0.1253723174112126,22.72,0.434,0.1372675569940494,1.224382855087638,1.224,Yes,"Bestway Marine & Energy Technology Co.,Ltd"
900941.SS,0.009852049622053655,0.07182679972426176,12.48,0.249,0.13716397862462212,1.0246040518064794,1.025,Yes,"Eastern Communications Co.,Ltd."
301236.SZ,0.02493772357456518,0.181851561929458,34.39,0.63,0.1371323034565893,2.378111994484888,2.378,Yes,"iSoftStone Information Technology (Group) Co., Ltd."
301178.SZ,0.01989813898091535,0.14517771449451428,26.67,0.503,0.13706056091458327,1.8583726408347088,1.858,Yes,"Guangdong TianYiMa Information Industry Co.,Ltd."
002633.SZ,0.021895177914578633,0.1597836772609785,29.68,0.554,0.13703012904639011,0.8131349164397049,0.813,Yes,Shenke Slide Bearing Corporation
513160.SS,0.012587139998903998,0.09195371087265194,16.2,0.319,0.13688561211342645,1.257079116769895,1.257,Yes,Yinhua HS SCHK China Tech ETF
000758.SZ,0.013569076825591183,0.09916672008524668,17.55,0.344,0.13683095310530385,1.7373121737476935,1.737,Yes,"China Nonferrous Metal Industry's Foreign Engineering and Construction Co.,Ltd."
300643.SZ,0.02050179312288703,0.15003940674742303,27.57,0.52,0.13664272318404883,1.565275755045383,1.565,Yes,"Hamaton Automotive Technology Co., Ltd"
002549.SZ,0.027281481167177827,0.1997050785350499,38.13,0.692,0.13660885024708924,2.732862128856994,2.733,Yes,"Hunan Kaimeite Gases Co., Ltd."
516890.SS,0.012393078908927352,0.09072401848849426,15.93,0.314,0.1366019618112381,1.580377273603979,1.58,Yes,Ping An CSI New Materials ETF
600201.SS,0.014827022603323164,0.10855311605405556,19.32,0.376,0.1365877198397496,1.1744551934089553,1.174,Yes,"Jinyu Bio-technology Co., Ltd."
159008.SZ,0.007848262803359332,0.057518021854521865,9.84,0.199,0.13644876075901294,0.3940930084085643,0.394,Yes,IGW CSI All Share Invst Bnk & Brkrg ETF
159755.SZ,0.013913725600216099,0.10200742543726617,18.04,0.353,0.13639914487179114,1.6515290261390276,1.652,Yes,GF New Energy Vehicles Battery ETF
001296.SZ,0.012738553244485211,0.09341472201594117,16.4,0.324,0.13636558531225287,1.195268132267798,1.195,Yes,"Chongqing Changjiang River Moulding Material (Group) Co., Ltd."
300877.SZ,0.02549608955714264,0.18698680095792775,35.27,0.648,0.13635234907772603,1.4770030370953275,1.477,Yes,"AnHui Jinchun Nonwoven Co., Ltd."
301119.SZ,0.019669940553621458,0.14426244922525863,26.33,0.5,0.1363483058776288,1.5786201087742304,1.579,Yes,Hangzhou Zhengqiang Corporation Limited
600210.SS,0.011111786222034929,0.08158176623408986,14.18,0.283,0.13620428601840867,1.0822009932275962,1.082,Yes,"Shanghai Zijiang Enterprise Group Co., Ltd."
600886.SS,0.00933995821650532,0.06859824930305075,11.8,0.238,0.13615446912126875,-0.04531759931244356,0.045,No,"SDIC Power Holdings Co., Ltd"
159565.SZ,0.011147274087341761,0.08188609222176622,14.23,0.284,0.13613146976353932,1.4685867800934558,1.469,Yes,"E Fund Management Co., Ltd. - Csi Auto Components Thematic Index ETF"
688488.SS,0.019176334574516507,0.14089103806834094,25.6,0.488,0.13610755401784172,1.4819980167327689,1.482,Yes,"Jiangsu Aidea Pharmaceutical Group Co., Ltd."
600015.SS,0.009855921712379076,0.07242564698772194,12.49,0.251,0.1360833091908715,0.2762822699861202,0.276,Yes,"Hua Xia Bank Co., Limited"
688038.SS,0.017616490571443214,0.12955076879064753,23.31,0.449,0.1359813665012768,1.3879764779877228,1.388,Yes,"Wuhan Citms Technology CO.,LTD."
603716.SS,0.031060042208883847,0.2285626771330053,44.35,0.792,0.13589288766866067,1.2421341879337142,1.242,Yes,Thalys Medical Technology Group Corporation
605155.SS,0.013648515490113932,0.10044111615486022,17.67,0.348,0.13588574094567643,0.9760475656685227,0.976,Yes,"Zhejiang Xidamen New Material Co.,Ltd."
301201.SZ,0.019997900422960336,0.14723733842833975,26.82,0.51,0.1358208497683031,0.9171531235389856,0.917,Yes,"ChengDa Pharmaceuticals Co., Ltd."
603093.SS,0.021154630194816615,0.15580136160310185,28.56,0.54,0.13577949497455127,1.6172247991407136,1.617,Yes,"Nanhua Futures Co., Ltd."
300105.SZ,0.013502591182509469,0.09947548550487365,17.46,0.345,0.13573787666357184,1.2315705821492993,1.232,Yes,"YanTai LongYuan Power Technology Co., Ltd."
002017.SZ,0.023878210699745068,0.175920379108833,32.73,0.609,0.1357330561740822,2.0433230654354975,2.043,Yes,Eastcompeace Technology Co.Ltd
300220.SZ,0.03141857011454381,0.2315003707990059,44.95,0.802,0.13571714812423413,1.1582228867427378,1.158,Yes,"Wuhan Golden Laser Co., Ltd"
512100.SS,0.011532607804858682,0.0850227320118213,14.75,0.295,0.1356414635471279,1.7304605006651066,1.73,Yes,China Southern CSI 1000 Index ETF
516710.SS,0.012723428644914086,0.09385963803948093,16.38,0.325,0.13555804082221293,1.6403026552136997,1.64,Yes,ChinaAMC CSI New Material Theme ETF
159845.SZ,0.011323906734642281,0.08356262891258583,14.47,0.289,0.1355140076611056,1.6904540782723902,1.69,Yes,ChinaAMC CSI 1000 ETF
300948.SZ,0.02260799847584659,0.1668649401911823,30.77,0.578,0.13548681017081185,1.696891364651042,1.697,Yes,"Qingdao Greensum Ecology Co., Ltd."
002929.SZ,0.026049032407618883,0.19234454961147543,36.15,0.666,0.13542901246869943,2.282029076628267,2.282,Yes,"Runjian Co., Ltd."
002487.SZ,0.019194511688378435,0.14173622128232014,25.63,0.491,0.13542418102247458,1.3856594405466465,1.386,Yes,"Dajin Heavy Industry Co.,Ltd."
002925.SZ,0.015524630750646447,0.11465802014295336,20.31,0.397,0.13539943155560025,1.631287200282444,1.631,Yes,Xiamen Intretech Inc.
603803.SS,0.018949498980174364,0.13996284932368613,25.27,0.485,0.1353894913667459,0.9643953760359275,0.964,Yes,"RAISECOM TECHNOLOGY CO.,Ltd."
688290.SS,0.016887550443816055,0.12474648685884604,22.26,0.432,0.13537495819761855,1.3512227327775996,1.351,Yes,"Hangzhou Jingye Intelligent Technology Co., Ltd."
159767.SZ,0.013736311311147806,0.1015181856162822,17.79,0.352,0.13530887326008986,1.6314625543804475,1.631,Yes,XINGYIN CNI NEV Battery ETF
600298.SS,0.01000963141452807,0.07398036892521796,12.7,0.256,0.13530118273195108,0.6241027599881359,0.624,Yes,"Angel Yeast Co., Ltd"
688686.SS,0.02518347921859638,0.18613244974320556,34.78,0.645,0.13529870397848592,2.527327656061933,2.527,Yes,"OPT Machine Vision Tech Co., Ltd."
688565.SS,0.015266763138530566,0.11289217843524804,19.94,0.391,0.1352331343954637,1.1466383707020213,1.147,Yes,"Zhejiang Haiyan Power System Resources Environmental Technology Co., Ltd."
300693.SZ,0.017107620274645664,0.1265930448773181,22.58,0.439,0.13513870601046635,2.016723052026796,2.017,Yes,"Shenzhen Sinexcel Electric Co.,Ltd."
605058.SS,0.01634678636330593,0.120974088183646,21.48,0.419,0.13512634489536732,1.2147160191558484,1.215,Yes,"Changzhou Aohong Electronics Co., Ltd."
300127.SZ,0.022402396769809905,0.16591663692344769,30.46,0.575,0.1350220037315857,1.7693493718452653,1.769,Yes,"Chengdu Galaxy Magnets Co.,Ltd."
300878.SZ,0.016383234923424844,0.12149534737531172,21.53,0.421,0.13484660340790938,1.2834553795152184,1.283,Yes,Zhejiang Wecome Pharmaceutical Company Limited
600171.SS,0.029762100907855166,0.22073226340313828,42.18,0.765,0.13483348763338066,0.9997974611730664,1.0,Yes,"Shanghai Belling Co., Ltd."
688208.SS,0.018747903538421193,0.13921885702240255,24.97,0.482,0.13466497239956762,1.8813283517711832,1.881,Yes,"Autel Intelligent Technology Corp., Ltd."
300680.SZ,0.021349190834314833,0.15857431091884194,28.85,0.549,0.13463208959010586,1.2372927470183956,1.237,Yes,"Wuxi Longsheng Technology Co.,Ltd"
301019.SZ,0.012800839786317481,0.0950984538497063,16.49,0.329,0.13460618199479818,1.0594889126511249,1.059,Yes,"Ningbo Color Master Batch Co., Ltd."
003017.SZ,0.01301635985631493,0.09672032229518089,16.79,0.335,0.1345773002760504,1.115312661959858,1.115,Yes,"Zhe Jiang Dayang Biotech Group Co., Ltd."
603727.SS,0.012496074410406075,0.09295874144529798,16.07,0.322,0.13442602832310774,0.6771717111926507,0.677,Yes,BOMESC Offshore Engineering Company Limited
159213.SZ,0.012011780109386335,0.08942912855710776,15.41,0.31,0.13431619320449756,1.9345858180396134,1.935,Yes,China Universal CSI Robot ETF
300622.SZ,0.026286556289979435,0.19572924668040628,36.53,0.678,0.13430060522789966,0.29077177128685794,0.291,Yes,"Doctorglasses Chain Co.,Ltd."
300454.SZ,0.0268403090161407,0.19986203249411405,37.42,0.692,0.13429418625036324,2.6033104145670745,2.603,Yes,Sangfor Technologies Inc.
601166.SS,0.008956509134713844,0.06670857897161066,11.29,0.231,0.13426322780051256,0.2130913872347244,0.213,Yes,"Industrial Bank Co., Ltd."
159763.SZ,0.012113788800958841,0.09031019408504784,15.55,0.313,0.13413534234630167,1.5555029956943462,1.556,Yes,CCB Principal CSI New Materials ETF
301261.SZ,0.02000489684262835,0.14923017737292285,26.83,0.517,0.13405396411636344,1.3752681583835038,1.375,Yes,"Hengong Precision Equipment Co., Ltd."
603068.SS,0.01986896185468299,0.1483956724082686,26.63,0.514,0.1338917876258492,1.4152668977647258,1.415,Yes,Beken Corporation
601518.SS,0.005732829528159903,0.04291632231801571,7.1,0.149,0.13358156567281945,0.3515495032606116,0.352,Yes,"Jilin Expressway Co., Ltd."
603686.SS,0.02042760977329243,0.1530174863724927,27.46,0.53,0.13349853181854784,1.206736705957466,1.207,Yes,"FULONGMA GROUP Co.,Ltd."
900922.SS,0.014466208553417324,0.10845805886060793,18.81,0.376,0.13338066996026116,1.1842266751131623,1.184,Yes,"Shanghai Sanmao Enterprise (Group) Co., Ltd."
301109.SZ,0.009670940759345895,0.072546886442509,12.24,0.251,0.13330607602312186,0.653721220684917,0.654,Yes,"Hunan Junxin Environmental Protection Co., Ltd."
000001.SZ,0.007904422537426,0.059305155470650336,9.91,0.205,0.13328390212783167,0.5627543490305921,0.563,Yes,"Ping An Bank Co., Ltd."
002209.SZ,0.015593818387396086,0.11700724049456339,20.4,0.405,0.13327225154173802,1.1288770879424297,1.129,Yes,"Guangzhou Tech-Long Packaging Machinery Co.,Ltd."
159870.SZ,0.010858416598103852,0.0814910753501701,13.84,0.282,0.13324669666518504,1.5858532720732355,1.586,Yes,Penghua CSI Chemicals Sub-industry ETF
301056.SZ,0.019187339038431592,0.14412207302703592,25.62,0.499,0.1331325496187682,1.214515672297032,1.215,Yes,"Sicher Elevator Co., Ltd."
000901.SZ,0.02143226473540427,0.16109242086818804,28.98,0.558,0.1330432842209316,1.8828212446511876,1.883,Yes,"Aerospace Hi-Tech Holding Group Co., Ltd."
600178.SS,0.030191553606958195,0.22704251806249062,42.89,0.786,0.13297753154168396,1.248878049675464,1.249,Yes,"Harbin Dongan Auto Engine Co.,Ltd"
159529.SZ,0.010070986759062596,0.07578488603245857,12.78,0.263,0.13288911927305935,0.22463259151186263,0.225,Yes,IGW S&P Consumer Select ETF (QDII)
300043.SZ,0.017656895252816867,0.1329244841051116,23.37,0.46,0.13283403258390283,0.9955928231240768,0.996,Yes,Rastar Group
601128.SS,0.0082952460150514,0.06261809129169947,10.42,0.217,0.13247363252273073,0.3809123494143936,0.381,Yes,"Jiangsu Changshu Rural Commercial Bank Co., Ltd."
159775.SZ,0.013216633742924736,0.09981212565240372,17.07,0.346,0.13241511145601423,1.6444345001146408,1.644,Yes,CCB Principal CNI NEV Battery ETF
600839.SS,0.04391882707582784,0.33208218993687977,67.49,1.15,0.13225288319188594,0.6234514538755426,0.623,Yes,"Sichuan Changhong Electric Co.,Ltd."
002261.SZ,0.031895783909689134,0.24127232445112579,45.76,0.836,0.13219827007614468,2.0139808307596794,2.014,Yes,"Talkweb Information System Co.,Ltd."
002278.SZ,0.019341209849196277,0.14662965734585792,25.84,0.508,0.13190516979505607,0.9198864335665975,0.92,Yes,Shanghai SK Petroleum & Chemical Equipment Corporation Ltd.
600505.SS,0.01962162455101809,0.14879464883174479,26.26,0.515,0.13187049873820386,0.38951174611966405,0.39,Yes,"Sichuan Xichang Electric Power Co.,Ltd."
561910.SS,0.014991843995062922,0.11374248369968386,19.55,0.394,0.13180514006223157,1.6816604196375264,1.682,Yes,CMF CSI Power Battery ETF
688010.SS,0.026733806523527914,0.20293693213146918,37.24,0.703,0.13173455537510975,1.3621517156014926,1.362,Yes,"Fujian Forecam Optics Co., Ltd."
516360.SS,0.012456351640695194,0.09457135178200742,16.02,0.328,0.13171379499161465,1.7201146775538634,1.72,Yes,Hwabao WP CSI New Materials ETF
000719.SZ,0.011164128691741848,0.0848411681865498,14.25,0.294,0.13158857816754746,0.40091817144820796,0.401,Yes,"Central China Land Media CO.,LTD"
159217.SZ,0.013249943696644522,0.10075031127206562,17.11,0.349,0.1315126824855602,0.3024752995769683,0.302,Yes,ICBCCS CNI HKC Innovative Drug ETF
600020.SS,0.006580542542799729,0.05004591161591129,8.19,0.173,0.13149011238527528,0.2835666399611056,0.284,Yes,Henan Zhongyuan Expressway Company Limited
301421.SZ,0.027161391992697882,0.2067364610408498,37.93,0.716,0.13138172074702859,2.820965762731536,2.821,Yes,"Nanjing Wavelength Opto-Electronic Science & Technology Co.,Ltd."
501091.SS,0.006702150463348998,0.051030518074367814,8.35,0.177,0.13133612426943847,0.8472690719838215,0.847,Yes,Harvest Fund Management - Harvest Ruixi 3 Year Closed Mixed Fund
002815.SZ,0.0174096897067918,0.13256612520617658,23.01,0.459,0.13132834409782268,1.8741146314377262,1.874,Yes,"Suntak Technology Co.,Ltd."
300655.SZ,0.022408420698997827,0.17065811683184604,30.46,0.591,0.13130591802485103,2.4303422042342406,2.43,Yes,"Crystal Clear Electronic Material Co.,Ltd"
002317.SZ,0.01942572851317634,0.1480862026648958,25.97,0.513,0.1311785174013464,1.4481885494659563,1.448,Yes,"Guangdong Zhongsheng Pharmaceutical Co., Ltd."
159521.SZ,0.009909602162892986,0.07559032592027169,12.56,0.262,0.13109616928157,1.5376548716832699,1.538,Yes,Ping An CNI 2000 ETF
588780.SS,0.027494053119440663,0.20978522244473505,38.47,0.727,0.13105810218202374,3.543219084643037,3.543,Yes,CPIC SSE STAR Chip Design ETF
517120.SS,0.010789392341882817,0.08236078718880108,13.74,0.285,0.1310015689523411,1.1023526534193482,1.102,Yes,Huatai-PB CSI SHS Brand Nm Drug Ind ETF
000777.SZ,0.013185042546303889,0.10066036702400685,17.02,0.349,0.13098544080570798,0.8524624289810558,0.852,Yes,"SUFA Technology Industry Co., Ltd., CNNC"
601177.SS,0.02430268241891047,0.18562805870317717,33.4,0.643,0.1309213843461614,1.0351590679635205,1.035,Yes,"Hangzhou Advance Gearbox Group Co., Ltd."
603171.SS,0.017730634920027157,0.1354576515426699,23.48,0.469,0.13089430326083804,1.3124977702781124,1.312,Yes,"Servyou Software Group Co., Ltd."
508096.SS,0.004995304381641909,0.03818665332256282,6.16,0.132,0.13081283503549138,0.005935576215574561,0.006,Yes,"AVIC Fund Management Co., Ltd.- AVIC Jingneng Photovoltaic Close Fund"
601688.SS,0.012322587824568637,0.09428947740183297,15.83,0.327,0.1306888972568331,1.6082538096774455,1.608,Yes,"Huatai Securities Co., Ltd."
002098.SZ,0.012374236820689288,0.0946949920388812,15.9,0.328,0.13067466984535464,0.4215065275251703,0.422,Yes,"Fujian SBS Zipper Science&Technology Co., Ltd"
159258.SZ,0.01305785702398952,0.09992898802594546,16.85,0.346,0.13067136255396872,2.022472303596624,2.022,Yes,China Southern CSI Robot ETF
300222.SZ,0.0226783392647202,0.17358543325060563,30.88,0.601,0.13064655737546502,1.8559809648734396,1.856,Yes,"CSG Smart Science&Technology Co.,Ltd."
000425.SZ,0.012806121594281976,0.09813919284431019,16.5,0.34,0.13048937150520323,0.8533418821924695,0.853,Yes,"XCMG Construction Machinery Co., Ltd."
000158.SZ,0.0462667341555929,0.3547219544963818,72.07,1.229,0.1304309856469987,1.4633135514613065,1.463,Yes,"Shijiazhuang ChangShan BeiMing Technology Co.,Ltd"
600126.SS,0.03744275940578916,0.2871940563621766,55.44,0.995,0.13037442306455882,1.5995823188722849,1.6,Yes,"Hang Zhou Iron & Steel Co.,Ltd."
561160.SS,0.014727055654236557,0.11307639254772724,19.18,0.392,0.13023987874410273,1.6436351186299452,1.644,Yes,Fullgoal CSI Battery Thematic Index ETF
688135.SS,0.02597467215636963,0.19948081886491828,36.03,0.691,0.1302113772350153,2.596982027696605,2.597,Yes,"Guangdong Leadyo IC Testing Co., Ltd."
688343.SS,0.029356161694750315,0.22555587647253214,41.51,0.781,0.13015028539203352,3.091263346075159,3.091,Yes,"Shenzhen Intellifusion Technologies Co., Ltd."
300167.SZ,0.022681475113524804,0.1743649120816241,30.88,0.604,0.130080500960578,0.7813153976716951,0.781,Yes,"Shenzhen Division Co.,Ltd."
002298.SZ,0.025100837879640184,0.19319577942469127,34.65,0.669,0.12992435939535948,1.730155974067733,1.73,Yes,"Anhui ZhongDianXinLong Science and Technology Co., Ltd."
300766.SZ,0.0358559598806353,0.27625909500600576,52.61,0.957,0.12979105676088531,1.7539827445637624,1.754,Yes,"Merit Interactive Co.,Ltd."
300044.SZ,0.02657853538310506,0.20499725953321643,37.0,0.71,0.12965312533262643,1.7098478392597156,1.71,Yes,"Shenzhen Sunwin Intelligent Co., Ltd."
301105.SZ,0.012108798616971844,0.09351754326896736,15.54,0.324,0.12948157312201336,0.39665213261733756,0.397,Yes,"Guangdong Hongming Intelligent Joint Stock Co., Ltd."
002564.SZ,0.02153561723083425,0.16642562854659462,29.13,0.577,0.12940084660581508,0.66989918744216,0.67,Yes,"SuZhou THVOW Technology. Co., Ltd."
000066.SZ,0.020768839976692342,0.1605851922772806,27.98,0.556,0.12933222348939263,2.1281837789706195,2.128,Yes,"China Greatwall Technology Group Co., Ltd."
603365.SS,0.014853322200521078,0.11491471564023126,19.35,0.398,0.12925517952829516,0.6967780197744545,0.697,Yes,"Shanghai Shuixing Home Textile Co., Ltd."
501022.SS,0.007886616745681483,0.06102840011997205,9.89,0.211,0.12922863339326704,1.1419419472460706,1.142,Yes,Yinhua Xinsheng Flexible Allocation Mixed Fund (LOF)
002031.SZ,0.021989983550364786,0.17019370779220325,29.83,0.59,0.12920562008798406,1.5421131304221998,1.542,Yes,Greatoo Intelligent Equipment Inc.
517360.SS,0.008549995500970018,0.06620663253170539,10.76,0.229,0.129141072034974,1.0388663757133763,1.039,Yes,Huaan CSI SHS Technical 100 ETF
600743.SS,0.013285043856951537,0.1030114973029837,17.16,0.357,0.128966612511968,1.170827234290107,1.171,Yes,"Beijing Huayuan Xinhang Holding Co., Ltd."
002550.SZ,0.013274239740190864,0.1029337468304333,17.15,0.357,0.12895906492219725,0.6492797339291788,0.649,Yes,"Changzhou Qianhong Biopharma CO.,LTD"
512630.SS,0.02390429706241239,0.18542434094865168,32.77,0.642,0.1289167157888513,3.069733815934182,3.07,Yes,GF CSI Satellite Industry ETF
300368.SZ,0.026707016705186517,0.20719434981571846,37.2,0.718,0.12889838322782504,1.7782596955499703,1.778,Yes,"Hebei Huijin Group Co., Ltd."
603332.SS,0.02279780695402564,0.17703743978556752,31.06,0.613,0.12877393042759178,0.8211326402762141,0.821,Yes,"Suzhou Longjie Special Fiber Co., Ltd."
002709.SZ,0.024799949137788796,0.19261441115759392,34.17,0.667,0.128754380260249,1.9179931301048931,1.918,Yes,"Guangzhou Tinci Materials Technology Co., Ltd."
002767.SZ,0.011044118560165303,0.08581231075627768,14.09,0.297,0.12870086427963204,0.7480395402099944,0.748,Yes,"Hangzhou Innover Technology Co., Ltd."
300846.SZ,0.03823392217608448,0.29721854751047194,56.87,1.03,0.12863908560328785,2.1954133294848655,2.195,Yes,"Capitalonline Data Service Co., Ltd."
002266.SZ,0.012112055729698262,0.09425296321891441,15.54,0.327,0.128505834894193,1.461060684428032,1.461,Yes,"Zhefu Holding Group Co., Ltd."
300913.SZ,0.026372298222461527,0.20526683348498082,36.67,0.711,0.12847812661557506,2.3724727785043958,2.372,Yes,"Zhejiang Zhaolong Interconnect Technology Co.,Ltd."
159703.SZ,0.01213861827455732,0.09449519683714767,15.58,0.327,0.128457516157958,1.6818687183158962,1.682,Yes,TianHong CSI New Material Theme ETF
603037.SS,0.023148685872681856,0.18021055902669522,31.6,0.624,0.1284535489912817,1.2855164709809015,1.286,Yes,"Shanghai Carthane Co.,Ltd."
003023.SZ,0.015424464929565136,0.12009619642513433,20.16,0.416,0.12843425011532694,1.099876653788218,1.1,Yes,"Chengdu Rainbow Appliance (Group) Shares Co., Ltd."
002402.SZ,0.023802957721450305,0.1853879124037295,32.62,0.642,0.128395413772249,2.328597524679967,2.329,Yes,Shenzhen H&T Intelligent Control Co.Ltd
603610.SS,0.015584032697183416,0.12138939515533013,20.39,0.421,0.12838051196516842,1.745258534180488,1.745,Yes,Keeson Technology Corporation Limited
300773.SZ,0.02031620658176132,0.15826743515348493,27.3,0.548,0.1283663096079053,1.815776662072572,1.816,Yes,"Lakala Payment Co., Ltd."
300946.SZ,0.023075579492400453,0.179941580321886,31.49,0.623,0.12823928438953366,1.3141226382987468,1.314,Yes,"Hengerda New Materials (Fujian) Co., Ltd."
688486.SS,0.021490565844520193,0.1678139173817049,29.07,0.581,0.12806188056285192,2.03519760777712,2.035,Yes,Lontium Semiconductor Corporation
002848.SZ,0.023158679182259095,0.18087573189253953,31.62,0.627,0.12803640897507437,1.5442799998863135,1.544,Yes,"Gospell Digital Technology Co., Ltd."
603859.SS,0.01890385840222018,0.14768003388694365,25.2,0.512,0.12800551235444607,1.8819888874657438,1.882,Yes,"Nancal Technology Co.,Ltd"
300735.SZ,0.029655005410604004,0.23223470396958784,42.0,0.804,0.12769411678664294,1.7653199269425135,1.765,Yes,"DBG Technology Co., Ltd."
002773.SZ,0.016270754557424737,0.12753284245294552,21.37,0.442,0.12758089794342967,0.7702529236376088,0.77,Yes,"Chengdu Kanghong Pharmaceutical Group Co., Ltd"
300865.SZ,0.028331801598067915,0.2221625885419845,39.83,0.77,0.12752732934921554,1.0004941461992598,1.0,Yes,"Chengdu Dahongli Machinery Co.,Ltd."
600120.SS,0.015399897246375943,0.1208310042776493,20.13,0.419,0.127449882076537,0.9878613575298743,0.988,Yes,"Zhejiang Orient Holdings Group Co., Ltd."
300703.SZ,0.019232887207129134,0.1509206505285252,25.68,0.523,0.12743708127267822,1.4104235951130009,1.41,Yes,"Cre8 Direct (NingBo) Co., Ltd."
002901.SZ,0.014562523785835817,0.11431636870856425,18.94,0.396,0.12738791434987942,1.3480541292191184,1.348,Yes,Double Medical Technology Inc.
688096.SS,0.02614117259565163,0.20549070354271565,36.3,0.712,0.1272134074436006,1.1532443877892444,1.153,Yes,"Jiangsu Jingyuan Environmental Protection Co.,Ltd."
002823.SZ,0.013513042206261908,0.10625948583013647,17.48,0.368,0.12717022015204826,0.7696855420854674,0.77,Yes,"Shenzhen Kaizhong Precision Technology Co., Ltd."
600348.SS,0.012638783193629393,0.09938767804174334,16.27,0.344,0.12716650034143104,0.9360920093016254,0.936,Yes,"Shan Xi Hua Yang Group New Energy Co.,Ltd."
520870.SS,0.014029125142006093,0.11042747649780044,18.2,0.383,0.12704379006872926,1.123172793720074,1.123,Yes,E Fund Itau Brazil Ibovespa ETF (QDII)
900921.SS,0.01397111417819846,0.11003220192675736,18.12,0.381,0.12697295822088786,0.7743850768530876,0.774,Yes,"Danhua Chemical Technology Co.,Ltd"
000828.SZ,0.010155869809074177,0.0799970599387055,12.89,0.277,0.12695303823485138,1.0524596051710466,1.052,Yes,"Dongguan Development (Holdings) Co., Ltd."
000678.SZ,0.019098830689985462,0.15049856578460316,25.49,0.521,0.1269037388523697,1.3256172900750698,1.326,Yes,"Xiangyang Automobile Bearing Co., Ltd."
300133.SZ,0.02277139913663989,0.1798532427380079,31.02,0.623,0.1266110012250987,1.8629147075038663,1.863,Yes,"Zhejiang Huace Film & TV Co., Ltd."
512480.SS,0.01832470626447141,0.14476056338139287,24.35,0.501,0.12658631492191896,1.9049413018348575,1.905,Yes,CPIC CSI Fully Semiconductor ETF
159506.SZ,0.013178836891798251,0.10415840001477755,17.01,0.361,0.12652687531613863,1.2798317221458877,1.28,Yes,Fullgoal HS SCHK Inno Drug & Hlthcr ETF
562880.SS,0.014265721105772549,0.1127620401560579,18.53,0.391,0.12651173290257425,1.649362714241854,1.649,Yes,Harvest CSI Power Battery ETF
002094.SZ,0.0553766039649744,0.43819035187536576,90.94,1.518,0.12637568063279755,0.07135592498921206,0.071,Yes,"Qingdao Kingking Applied Chemistry Co., Ltd."
159306.SZ,0.01056917358307433,0.08371571425592493,13.45,0.29,0.12625077235515914,1.4494787612628757,1.449,Yes,Ping An CSI Auto Components Thematic ETF
600986.SS,0.021471865791902824,0.17034708198558746,29.04,0.59,0.12604774641058714,1.5260180568357247,1.526,Yes,"Zhewen Interactive Group Co., Ltd."
600846.SS,0.012186718936320071,0.09671278978987603,15.65,0.335,0.12600938265556874,0.799987670907524,0.8,Yes,"Shanghai Tongji Science&Technology Industrial Co.,Ltd"
562910.SS,0.008974038301539214,0.07122790842786879,11.32,0.247,0.12599047900763588,1.3549116860922734,1.355,Yes,E Fund CSI Equip Industry ETF
300103.SZ,0.01676966231520218,0.13322546264025706,22.09,0.462,0.1258743034766903,1.1906602121968306,1.191,Yes,"Dagang Holding Group Co.,Ltd."
002518.SZ,0.02098450174995978,0.16683033470870354,28.3,0.578,0.12578349007451234,2.58808753401773,2.588,Yes,"Shenzhen KSTAR Science and Technology Co., Ltd."
301696.SZ,0.02806127798529971,0.22323185651663296,39.39,0.773,0.12570463025831113,0.7316014234528505,0.732,Yes,"Nanchang Sanrui Intelligence Technology Co., Ltd."
002988.SZ,0.016334950482434805,0.1299741739540267,21.46,0.45,0.125678432764748,1.1925317823462525,1.193,Yes,"Guangdong Haomei New Materials Co.,Ltd"
002468.SZ,0.014594635980288885,0.1162537411416433,18.99,0.403,0.1255412155941443,1.418150411980256,1.418,Yes,"STO Express Co.,Ltd"
301219.SZ,0.02087678643623219,0.1663726226505794,28.14,0.576,0.1254821021850345,2.7152983228027634,2.715,Yes,"Ganzhou Tengyuan Cobalt New Material Co., Ltd."
159307.SZ,0.005712952613368736,0.045585702574398465,7.08,0.158,0.12532334242397322,0.40031912799631014,0.4,Yes,Bosera CSI Dividend Low Vltlty 100 ETF
000615.SZ,0.021863581811015314,0.17448708698349336,29.63,0.604,0.12530200480155662,0.3958100933106944,0.396,Yes,"Jointown Aesthetics Valley Co., Ltd."
588830.SS,0.014751360086795689,0.11778167287582876,19.21,0.408,0.1252432549701285,2.029822639886813,2.03,Yes,Penghua SSE STAR New Energy ETF
515070.SS,0.020075204571584463,0.16033371491043102,26.94,0.555,0.12520887813769732,1.7363392971585412,1.736,Yes,ChinaAMC CSI Artificial Intelligence ETF
002810.SZ,0.014919165296030074,0.11923329161925046,19.45,0.413,0.1251258360263313,1.417109136544963,1.417,Yes,"Shandong Head Group Co.,Ltd."
002534.SZ,0.015073086792063092,0.12052218328643861,19.67,0.418,0.12506483355217432,1.4972136156552653,1.497,Yes,"Xizi Clean Energy Equipment Manufacturing Co., Ltd."
300515.SZ,0.014984347193168273,0.12007828581623232,19.54,0.416,0.12478815042463466,0.8987877225670403,0.899,Yes,"Hunan Sundy Science and Technology Co., Ltd"
603015.SS,0.01613784115636703,0.12946035729363345,21.18,0.448,0.12465469348091048,1.412272458507783,1.412,Yes,"Ningbo Techmation Co.,Ltd."
300419.SZ,0.02102316982845866,0.16867297478257262,28.36,0.584,0.12463863790603393,2.1561885669487757,2.156,Yes,"Beijing Interact Technology Co.,Ltd."
002961.SZ,0.015419606865776763,0.12380992236635827,20.16,0.429,0.12454257761465645,1.8204666143718296,1.82,Yes,"Ruida Futures Co.,Ltd."
159551.SZ,0.012233758955146858,0.09827874691256272,15.71,0.34,0.12448020899199162,1.7692185071206283,1.769,Yes,Guotai CSI Robot ETF
603978.SS,0.022064578334378627,0.17742140272215767,29.94,0.615,0.12436255150643695,1.3347707652268324,1.335,Yes,"Shenzhen SunXing Light Alloys Materials Co.,Ltd."
688552.SS,0.01849287135057209,0.14893057778286523,24.59,0.516,0.12417108444670073,1.5706838284108537,1.571,Yes,"Aerospace Nanhu Electronic Information Technology Co., Ltd."
513930.SS,0.011335959313384275,0.09135666739243399,14.48,0.316,0.12408464140541865,-0.13812949609534353,0.138,No,Huatai-PB Hang Seng Biotech ETF
159796.SZ,0.014089701546454687,0.11361317554804833,18.28,0.394,0.12401467944618791,1.705761130159709,1.706,Yes,China Universal CSI Power Battery ETF
159556.SZ,0.009636593531401616,0.07774407147841692,12.2,0.269,0.1239527766959941,1.423473344177524,1.423,Yes,Ping An CSI 2000 Enhanced Strategy ETF
601717.SS,0.014019808580247442,0.11317510249289145,18.18,0.392,0.12387714498538253,1.0454827316098867,1.045,Yes,ZCZL Industrial Technology Group Company Limited
600611.SS,0.0555579523372811,0.44856118620613755,91.33,1.554,0.12385813584804746,-0.7757875949864494,0.776,No,"Dazhong Transportation (Group) Co., Ltd."
300464.SZ,0.020302090782173546,0.1639558265891995,27.28,0.568,0.1238265891766175,1.4513992786939138,1.451,Yes,"Guangdong SACA Precision Manufacturing Co., Ltd."
159316.SZ,0.011845634379730255,0.09605034272164469,15.18,0.333,0.12332735151251963,0.1978151221003516,0.198,Yes,E Fund HS SCHK Innovative Drug ETF
166024.SZ,0.00873026679652177,0.07079193788051688,10.99,0.245,0.1233228960514794,1.3437871203304388,1.344,Yes,Zhongou Asset Management Co Ltd - Zhong Ou Hengli Three Years Regular Open Hybrid Fund
300553.SZ,0.022782002645591676,0.1847374506206309,31.04,0.64,0.12332097562814073,1.8024751559523353,1.802,Yes,"Hangzhou Jizhi Mechatronic Co., Ltd."
300911.SZ,0.021713978414322006,0.17618783552474943,29.41,0.61,0.12324334622563544,1.6165599129606039,1.617,Yes,"Zhejiang Entive Smart Kitchen Appliance Co., Ltd."
560630.SS,0.010850501582576206,0.08811257192804564,13.83,0.305,0.12314362576360757,1.9422843418487241,1.942,Yes,Wanjia CSI Robot ETF
301023.SZ,0.013784784223882764,0.11206274710161292,17.86,0.388,0.12300951547603423,1.339040916750614,1.339,Yes,"Jiangnan Yifan Motor Co.,Ltd"
300687.SZ,0.021330514430956616,0.17367820513402024,28.82,0.602,0.12281629934220444,2.5736463352656735,2.574,Yes,"Guangzhou Sie Consulting Co., Ltd."
300804.SZ,0.021869240407492666,0.17811896284261303,29.64,0.617,0.12277884430989225,0.8674538054896079,0.867,Yes,"Yingde Greatchem Chemicals Co., Ltd."
300252.SZ,0.018140979117954995,0.14790729289800764,24.08,0.512,0.12265101174195961,2.2410458888458753,2.241,Yes,"Kingsignal Technology Co., Ltd."
688620.SS,0.016968496046139744,0.1385413800012086,22.37,0.48,0.12247962338755189,1.6825188351639548,1.683,Yes,"Guangzhou Anyka Microelectronics Co., Ltd."
688778.SS,0.020397726745449908,0.1665540147945073,27.42,0.577,0.1224691387392638,2.3478457474546315,2.348,Yes,"XTC New Energy Materials(Xiamen) Co.,Ltd."
002862.SZ,0.029332645807422286,0.2395162142543762,41.47,0.83,0.12246622174927078,0.999408286738143,0.999,Yes,"Shifeng Cultural Development Co., Ltd."
300056.SZ,0.023398362957040206,0.19125856145459655,31.99,0.663,0.12233890487874874,2.4644134017437733,2.464,Yes,"Xiamen Zhongchuang Environmental Technology Co., Ltd"
300746.SZ,0.040490549151590144,0.3314954885057227,61.01,1.148,0.12214509866818639,4.393201020327753,4.393,Yes,"Hanjia Digital Intelligence Science and Technology Group Co., Ltd."
300584.SZ,0.022379363233205274,0.18328381911814612,30.42,0.635,0.12210223106917785,0.9461076052624614,0.946,Yes,"Nanjing Hicin Pharmaceutical Co., Ltd."
301067.SZ,0.016253077038999048,0.13314682015192536,21.35,0.461,0.12206883364134191,0.8333212467606593,0.833,Yes,"Fullink Technology Co.,Ltd"
688199.SS,0.017503527722323033,0.14341514090179996,23.15,0.497,0.12204797633123095,2.0718599641573707,2.072,Yes,"Tianjin Jiuri New Materials Co., Ltd."
159748.SZ,0.010594029955561775,0.08691429056263013,13.48,0.301,0.12189054167021883,1.1835503575818946,1.184,Yes,Fullgoal CSI SHS Brand Nm Drug Ind ETF
000520.SZ,0.030056778811969335,0.24660426462860133,42.67,0.854,0.12188264001531517,0.8018539150510856,0.802,Yes,"Phoenix Shipping (Wuhan) Co., Ltd."
600708.SS,0.015133003423502035,0.1241642044285851,19.75,0.43,0.12187895451145107,1.1658032434599255,1.166,Yes,"Bright Real Estate Group Co.,Limited"
600712.SS,0.01611417437168311,0.13254977537576323,21.15,0.459,0.12157074069723087,0.7886382699872156,0.789,Yes,"Nanning Department Store Co., Ltd."
002713.SZ,0.030226377136046128,0.24925991698850183,42.95,0.863,0.12126449170501989,1.616472746333782,1.616,Yes,"Dong Yi Ri Sheng Home Decoration Group Co.,Ltd."
300488.SZ,0.019200871564886316,0.15842689922350967,25.64,0.549,0.12119704203638806,1.9165723711590346,1.917,Yes,"EST Tools Co., Ltd"
600510.SS,0.01781886382897446,0.14705651635303296,23.61,0.509,0.12117017505159304,2.4176246147538527,2.418,Yes,"Black Peony (Group) Co., Ltd."
600499.SS,0.013785926723000807,0.11385474568613564,17.86,0.394,0.12108346156254733,1.0900338832345782,1.09,Yes,"Keda Industrial Group Co., Ltd."
159246.SZ,0.026762435686583076,0.22102520496022013,37.29,0.766,0.1210831845689262,3.188558300232487,3.189,Yes,Fullgoal SZSE ChiNext AI ETF
300180.SZ,0.022681739969244368,0.18737426839193988,30.88,0.649,0.12105045246554275,1.4931354893489033,1.493,Yes,"Huafon Microfibre (Shanghai) Co., Ltd."
530000.SS,0.004195047188608658,0.034675703910370594,5.15,0.12,0.12097943849826302,0.8348809693958741,0.835,Yes,TianHong SSE 50 ETF
301213.SZ,0.016065211224765695,0.1331082246874434,21.08,0.461,0.12069285171888545,1.5587868892285803,1.559,Yes,"Sichuan Discovery Dream Science & Technology Co.,Ltd"
688202.SS,0.025338301056849546,0.21008204831242097,35.02,0.728,0.12061145281279817,2.583462303584176,2.583,Yes,Shanghai Medicilon Inc.
600319.SS,0.01407028035425913,0.11671590341174554,18.25,0.404,0.12055152676685864,1.4414049704671794,1.441,Yes,"Weifang Yaxing Chemical Co., Ltd."
002012.SZ,0.014634615416045747,0.12168690595706509,19.05,0.422,0.12026450422865786,1.3023897463372034,1.302,Yes,"Zhejiang Kan Specialities Material Co., Ltd."
002104.SZ,0.029743386500613467,0.24738950817101713,42.15,0.857,0.1202289730090423,1.992699339520832,1.993,Yes,"Hengbao Co.,Ltd."
300097.SZ,0.02045899138547442,0.17027181264418362,27.51,0.59,0.12015489274333091,1.7905439005163974,1.791,Yes,"Dalian Zhiyun Automation Co., Ltd."
300845.SZ,0.015322006848862804,0.12766545435171373,20.02,0.442,0.12001685911563223,1.8903277074228262,1.89,Yes,"Zhengzhou Jiean Hi-Tech Co.,Ltd."
002757.SZ,0.012650691695670893,0.10546226963397384,16.28,0.365,0.11995466947162657,1.293224184216982,1.293,Yes,"Nanxing Machinery Co., Ltd."
600936.SS,0.014206029233840206,0.11849032517769116,18.44,0.41,0.11989189170117034,0.032545307093851256,0.033,Yes,Guangxi Beitou Technology Company Limited
601058.SS,0.01184561992013737,0.09887110064900194,15.18,0.342,0.11980871905320442,1.1241828381201668,1.124,Yes,"Sailun Group Co., Ltd."
300955.SZ,0.01666334808598161,0.13909550793916195,21.93,0.482,0.11979788803294697,1.3746806931887736,1.375,Yes,"Jahen Household Products Co., Ltd."
300906.SZ,0.011149745294928622,0.09322495913877553,14.23,0.323,0.11960043102117116,0.9561733572396338,0.956,Yes,"Jiangxi Everbright Measurement And Control Technology Co.,Ltd."
000722.SZ,0.010780517262506865,0.09013840055229144,13.73,0.312,0.11959960678748487,0.742223389710434,0.742,Yes,"Hunan Development Group Co., Ltd."
300035.SZ,0.01584657466797552,0.13261751195066393,20.76,0.459,0.11949081561619651,1.614836647986004,1.615,Yes,"Hunan Zhongke Electric Co., Ltd."
601218.SS,0.012233410509658232,0.10238876426098509,15.71,0.355,0.11948000933457632,0.7955139983874913,0.796,Yes,"Jiangsu JIXIN Wind Energy Technology Co., Ltd."
002685.SZ,0.04009807588376485,0.33565601473893797,60.28,1.163,0.11946181245985356,1.0677236678288953,1.068,Yes,"Wuxi Huadong Heavy Machinery Co., Ltd."
600967.SS,0.016102193019217764,0.13500816814469793,21.13,0.468,0.11926828754509053,1.255921597734837,1.256,Yes,"Inner Mongolia First Machinery Group Co.,Ltd."
300147.SZ,0.029624417614869385,0.24849417030351453,41.95,0.861,0.11921574489528536,0.7431330228425266,0.743,Yes,"Xiangxue Pharmaceutical Co.,Ltd."
603201.SS,0.010171267100463876,0.0853443311840121,12.91,0.296,0.11917917639466252,0.8878787713692421,0.888,Yes,"Changshu Tongrun Auto Accessory Co., Ltd."
600644.SS,0.02025025478062868,0.16995841740589565,27.2,0.589,0.11914828985649417,0.18017815900196407,0.18,Yes,"Leshan Electric Power Co.,Ltd"
513020.SS,0.01157721106202821,0.09718468600399449,14.81,0.337,0.11912587814043421,1.3202467494606165,1.32,Yes,Guotai CSI HK Connect Technology ETF
002497.SZ,0.017160009125896113,0.14410648832283157,22.65,0.499,0.11907867109670842,1.958218422712456,1.958,Yes,"Sichuan Yahua Industrial Group Co., Ltd."
513200.SS,0.011955292258114753,0.10042371715150167,15.33,0.348,0.11904849369475845,1.2938641031361855,1.294,Yes,E Fund CSI HK Health Care Composite ETF
000581.SZ,0.01033543689855026,0.0868290962576683,13.13,0.301,0.11903195292830758,1.01191550020761,1.012,Yes,"Weifu High-Technology Group Co., Ltd."
301157.SZ,0.013813703390528148,0.11606452615160623,17.9,0.402,0.11901744528284518,1.1935700481562788,1.194,Yes,"Hangzhou Huasu Technology Co.,Ltd."
000766.SZ,0.015334926452395196,0.12884840542669407,20.04,0.446,0.11901525984440468,0.8610584285188431,0.861,Yes,"Tonghua Golden-Horse Pharmaceutical Industry Co,Ltd"
600830.SS,0.01608050801322569,0.13513213041795064,21.1,0.468,0.11899840521636293,1.4983709391925852,1.498,Yes,"Sunny Loan Top Co.,Ltd."
600590.SS,0.027188719964068804,0.22864643515736377,37.98,0.792,0.11891162853843062,2.311675414804708,2.312,Yes,"Tellhow Sci-Tech Co., Ltd."
603955.SS,0.03166164494833657,0.2667664399476452,45.36,0.924,0.11868676192758877,1.1749275115232414,1.175,Yes,"Daqian Ecology&Environment Group Co.,Ltd."
513560.SS,0.010956273593716731,0.09231877830298989,13.97,0.32,0.11867871082260514,1.2525602972697694,1.253,Yes,XINGYIN CSI HKC Technology ETF
300596.SZ,0.014568925011585167,0.12278155309646487,18.95,0.425,0.1186572790795284,2.01184040222857,2.012,Yes,Rianlon Corporation
003001.SZ,0.02093630592213566,0.1764473230753426,28.23,0.611,0.11865470984332192,-0.3171283087165063,0.317,No,"Zhongyan Technology Co., Ltd."
002940.SZ,0.03377251030223918,0.2849157086519773,48.97,0.987,0.11853509398280346,1.3979254316357725,1.398,Yes,"Zhejiang AngLiKang Pharmaceutical CO.,LTD."
600895.SS,0.017604338209599352,0.1485779067974632,23.3,0.515,0.11848557157018669,2.030499344381167,2.03,Yes,"Shanghai Zhangjiang Hi-Tech Park Development Co., Ltd."
601929.SS,0.031774287535550956,0.2682249687634228,45.55,0.929,0.11846133371564006,2.7979462509913375,2.798,Yes,"JiShi Media Co., Ltd."
002801.SZ,0.013219927336900717,0.11164948938163696,17.07,0.387,0.11840562290180077,1.5595380156284233,1.56,Yes,"Hangzhou Weiguang Electronic Co.,Ltd."
600835.SS,0.0148998174418345,0.12586059580222614,19.42,0.436,0.11838349681140603,1.448600469843996,1.449,Yes,"Shanghai Mechanical & Electrical Industry Co.,Ltd."
688648.SS,0.03735189662818883,0.31573139394159244,55.28,1.094,0.11830276413722293,1.721784379158323,1.722,Yes,"China Post Technology Co., Ltd."
001256.SZ,0.015343660584753453,0.1297968162282963,20.05,0.45,0.11821291947381729,1.051834442142811,1.052,Yes,"Zhejiang Weigang Technology Co., Ltd."
000885.SZ,0.005948872478692629,0.0503601969217901,7.38,0.174,0.11812647372946712,0.5760344694437562,0.576,Yes,CEVIA Enviro Inc.
002942.SZ,0.015037023481228928,0.12731352361176976,19.61,0.441,0.11811018228576309,1.2257360996331332,1.226,Yes,"Zhejiang XinNong Chemical Co.,Ltd."
513150.SS,0.01097541791862085,0.09299238024753928,14.0,0.322,0.11802491655128139,1.2666795687898902,1.267,Yes,Huatai-PB CSI HK Connect Technology ETF
159824.SZ,0.011401467577116664,0.09666716695438259,14.57,0.335,0.11794560590047122,1.627216796194757,1.627,Yes,Bosera CSI New Energy Vehicles ETF
301187.SZ,0.014902338173104782,0.12640942908589306,19.42,0.438,0.11788945081761976,1.1336524219473731,1.134,Yes,"Suzhou Alton Electrical & Mechanical Industry Co., Ltd."
002516.SZ,0.010748058146639181,0.09136670147570276,13.69,0.317,0.1176364908992301,1.2747810537196966,1.275,Yes,"Kuangda Technology Group Co., Ltd."
688047.SS,0.020224888099192883,0.17197487127241995,27.16,0.596,0.11760374029968179,2.392938906722955,2.393,Yes,Loongson Technology Corporation Limited
002040.SZ,0.014405052471865474,0.12257993623230476,18.72,0.425,0.11751558138002327,0.8880075135510661,0.888,Yes,"Nanjing Port Co., Ltd."
603709.SS,0.01251942274213919,0.10657714030238044,16.1,0.369,0.11746818038670497,0.8970660514794943,0.897,Yes,"ZOY Home Furnishing Co.,Ltd"
002295.SZ,0.015483024016708712,0.13184702795295616,20.25,0.457,0.11743172566796994,1.0171844790969256,1.017,Yes,"Guangdong JingYi Metal CO.,Ltd"
689009.SS,0.012971445806755605,0.11060130399233685,16.73,0.383,0.11728112905119407,0.9405818505241978,0.941,Yes,Ninebot Limited
516070.SS,0.007736051422454078,0.06599616372724669,9.69,0.229,0.11721971377648771,1.0348300234304875,1.035,Yes,E Fund CSI China Main Low Carbon Eco ETF
002214.SZ,0.015296166956792716,0.13061507364121963,19.98,0.452,0.11710874197268406,1.4518334623387115,1.452,Yes,"Zhe Jiang Dali Technology Co.,Ltd"
513860.SS,0.0109364474022852,0.09341296703039353,13.94,0.324,0.11707633051337334,1.2657561272810174,1.266,Yes,HFT CSI Hong Kong Connect Technology ETF
562530.SS,0.0064435275871619095,0.055085099750987104,8.01,0.191,0.11697405680102166,0.8737925504968918,0.874,Yes,ChinaAMC CSI Smart Selected 1000 Value Stable Index ETF
159637.SZ,0.01147338436192282,0.09822101520716812,14.67,0.34,0.11681190972953309,1.68489094417354,1.685,Yes,Tibet Eastmoney CSI Nw Engy Vhcl Ind ETF
159623.SZ,0.008091954129826467,0.06928511928457401,10.15,0.24,0.11679209350265347,1.3793375866880249,1.379,Yes,BS CSI Chengdu-Chongqing Economic Circle Component ETF
688698.SS,0.020999511244466064,0.17982144740426065,28.32,0.623,0.11677979210820492,1.3800100373647624,1.38,Yes,"Suzhou Veichi Electric Co., Ltd."
603725.SS,0.01235425284588749,0.10593518931021485,15.88,0.367,0.11662085966269402,1.2611317013602177,1.261,Yes,"Guangdong Tianan New Material Co., Ltd."
600333.SS,0.014467880703613496,0.124164638335056,18.81,0.43,0.11652174804047015,0.8303457554506223,0.83,Yes,"Changchun Gas Co,.Ltd"
688330.SS,0.013379457220682114,0.11482982813319852,17.29,0.398,0.11651552073353641,1.377340805060184,1.377,Yes,"Shanghai Holystar Information Technology Co., Ltd."
601083.SS,0.00886360865054365,0.07617604109922856,11.17,0.264,0.1163569085849148,0.6605606717986198,0.661,Yes,"Shanghai Jinjiang Shipping (Group) Co., Ltd."
603312.SS,0.009541864770883318,0.08206250651971808,12.07,0.284,0.11627557060532372,1.0172773811152371,1.017,Yes,"Suzhou West Deane New Power Electric Co.,Ltd."
601727.SS,0.021548618255390162,0.18536890688935753,29.15,0.642,0.11624721004721704,0.9323408266663824,0.932,Yes,"Shanghai Electric Group Co., Ltd."
301263.SZ,0.01305967580821721,0.11234971101831395,16.85,0.389,0.11624129416842356,1.1328204004502451,1.133,Yes,"Guangdong Taienkang Pharmaceutical Co., Ltd."
000558.SZ,0.014489093250624498,0.12474230656951026,18.84,0.432,0.11615219927451581,0.8165746803446741,0.817,Yes,"Chengdu New Tianfu Culture Tourism Development Co., Ltd."
159751.SZ,0.011054327791428772,0.09518224840810795,14.1,0.33,0.11613854449026786,1.329200048540215,1.329,Yes,Penghua CSI HK Connect Technology ETF
300753.SZ,0.015974111811173523,0.13763167582784586,20.95,0.477,0.11606421061932326,0.8900855934933141,0.89,Yes,"Jiangsu Apon Medical Technology Co., Ltd."
517110.SS,0.009895341632312829,0.08526195268012336,12.54,0.295,0.1160581164430647,1.1372769025267284,1.137,Yes,Guotai CSI SHS Brand Nm Drug Ind ETF
603706.SS,0.011126914784031678,0.09608146726752739,14.2,0.333,0.11580708642854204,0.7285708453719475,0.729,Yes,Xinjiang East Universe Gas Co.Ltd.
300450.SZ,0.022959526752669483,0.19825832145318537,31.31,0.687,0.11580611892798107,2.5244970143439125,2.524,Yes,"Wuxi Lead Intelligent Equipment CO.,LTD."
000917.SZ,0.017419860369910518,0.15061011080406086,23.03,0.522,0.1156619583964932,1.1155716844781722,1.116,Yes,"Hunan TV & Broadcast Intermediary Co., Ltd."
159100.SZ,0.016738093262787593,0.14472116493091491,22.04,0.501,0.11565753544602687,1.2699289447966897,1.27,Yes,ChinaAMC Bradesco Brazil IBOV ETF (QDII)
200521.SZ,0.010160666981230708,0.0878732262074682,12.9,0.304,0.11562870079723067,0.7291656212731332,0.729,Yes,"Changhong Meiling Co., Ltd."
000422.SZ,0.012176375188201713,0.10531514430822822,15.63,0.365,0.11561846368994035,1.1566531880010271,1.157,Yes,"Hubei Yihua Chemical Industry Co., Ltd."
000042.SZ,0.016366877852827307,0.1416728668425438,21.51,0.491,0.11552584639243285,1.3910309091374922,1.391,Yes,"Shenzhen Centralcon Investment Holding Co., Ltd."
605189.SS,0.013254593937020217,0.11473847591566477,17.12,0.397,0.11552004531385467,0.6847787884519521,0.685,Yes,"Fuchun Dye and Weave Group Co., Ltd."
688093.SS,0.015108251467304875,0.1308640199395016,19.71,0.453,0.11545000279136629,1.42495525523059,1.425,Yes,"Suzhou Shihua New Material Technology Co., Ltd."
600010.SS,0.014396445376690409,0.12474675126357611,18.71,0.432,0.11540537313290275,1.408532991671133,1.409,Yes,"Inner Mongolia Baotou Steel Union Co., Ltd."
300681.SZ,0.019416912837766066,0.1682992891872846,25.96,0.583,0.11537133003668716,1.7180290770771542,1.718,Yes,"Zhuhai Enpower Electric Co.,Ltd."
513700.SS,0.011121195042664902,0.09664947965654618,14.19,0.335,0.11506730385083506,1.247014822139425,1.247,Yes,Penghua CSI HKC Health Care CompositeETF
002998.SZ,0.011708414125468334,0.10178576514733749,14.99,0.353,0.11502997603368316,0.9963751399386164,0.996,Yes,"Elite Color Environmental Resources Science & Technology Co., Ltd."
300251.SZ,0.03205845673203929,0.2788233346582986,46.03,0.966,0.11497766774551821,1.6223043745184256,1.622,Yes,"Beijing Enlight Media Co., Ltd"
300711.SZ,0.017107199755567327,0.14896448918578026,22.57,0.516,0.1148407909097864,2.0273492010737524,2.027,Yes,"GHT Co.,Ltd"
159770.SZ,0.011262460696525273,0.09807147736449318,14.38,0.34,0.11483930903444158,1.8157785524322767,1.816,Yes,TianHong CSI Robot ETF
300840.SZ,0.01963250830028218,0.1709677430381561,26.28,0.592,0.11483165158178787,0.7776933336960419,0.778,Yes,"Qingdao Kutesmart Co.,Ltd."
515700.SS,0.011248129697507098,0.09803851674389717,14.36,0.34,0.11473174086150469,1.665832978763535,1.666,Yes,Ping An CSI New En Car Ind ETF
688733.SS,0.01896778785425783,0.16539662812321204,25.29,0.573,0.11468061997084848,2.2018944400500082,2.202,Yes,"Anhui Estone Materials Technology Co.,Ltd"
688683.SS,0.015522332244966032,0.13548149484302163,20.3,0.469,0.11457160450548096,1.8887560222666002,1.889,Yes,"GuangDong Leary New Material Technology Co.,Ltd."
600803.SS,0.00966252491720384,0.08440619141544359,12.23,0.292,0.11447649461690924,0.0726268434148247,0.073,Yes,"ENN Natural Gas Co., Ltd."
300810.SZ,0.022033361269395573,0.19267622729613715,29.89,0.667,0.11435433202421494,1.507265218073028,1.507,Yes,"Beijing Zhongkehaixun Digital S&T Co., Ltd."
159806.SZ,0.011344940790963192,0.09922815836613429,14.5,0.344,0.11433186887438115,1.6861074668188394,1.686,Yes,Guotai CSI New Energy Vehicles ETF
600388.SS,0.011351705017295214,0.09928747864457443,14.51,0.344,0.11433168786500883,0.8231422752062136,0.823,Yes,"Zijin Longking Co., Ltd."
159622.SZ,0.009879920139636855,0.08641907159684276,12.52,0.299,0.11432569173767668,1.1791632454685526,1.179,Yes,Tibet Eastmoney CSISHHKSZ In Drg Ids ETF
002825.SZ,0.009889048830407563,0.08652606882381471,12.53,0.3,0.11428981999105667,0.7571986023049977,0.757,Yes,"Shanghai NAR Industrial Co., Ltd"
600973.SS,0.016037568431631566,0.14050158236288218,21.04,0.487,0.11414510898681796,1.5675052869991593,1.568,Yes,"Baosheng Science and Technology Innovation Co.,Ltd."
600980.SS,0.01496973235746716,0.13130717254986402,19.52,0.455,0.11400544286171717,1.4934938173089178,1.493,Yes,"BGRIMM Technology Co., Ltd."
002259.SZ,0.016941034032407706,0.1486982634053319,22.33,0.515,0.11392892993127078,0.8163544421565319,0.816,Yes,"Sichuan Shengda Forestry Industry Co., Ltd"
002137.SZ,0.015408445769645174,0.13560136443525525,20.14,0.47,0.11363046259761014,1.398785965724496,1.399,Yes,"Shenzhen Sea Star Technology Co.,Ltd"
600637.SS,0.009497754620452124,0.08361725513059008,12.01,0.29,0.11358606074331083,1.226792758213461,1.227,Yes,"Oriental Pearl Group Co.,Ltd."
002523.SZ,0.010158192385006561,0.08953373310977306,12.89,0.31,0.11345659375726112,0.6292787221010421,0.629,Yes,"Zhuzhou Tianqiao Crane Co., Ltd."
300113.SZ,0.013868819596549242,0.12226943998150924,17.97,0.424,0.11342833989136303,1.4634196544554712,1.463,Yes,"Hangzhou Shunwang Technology Co,Ltd"
600480.SS,0.01233693482539269,0.10880452702853863,15.85,0.377,0.11338622723075487,0.9963067999010876,0.996,Yes,Ling Yun Industrial Corporation Limited
688239.SS,0.017531086142455708,0.15467624136853575,23.19,0.536,0.11334052332371895,2.223509982797845,2.224,Yes,"Guizhou Aviation Technical Development Co., Ltd"
002887.SZ,0.009610447364852347,0.08483812979628956,12.16,0.294,0.11327981165931672,0.8010917829036479,0.801,Yes,"Tianjin LVYIN Landscape and Ecology Construction Co., Ltd"
513980.SS,0.010770808001636148,0.0951365995154947,13.72,0.33,0.11321413689882755,1.2523752776410106,1.252,Yes,IGW CSI HK Connect Technology ETF
300383.SZ,0.015435444647343305,0.136340200983467,20.18,0.472,0.11321271742305156,1.4758981783166214,1.476,Yes,"Beijing Sinnet Technology Co.,Ltd"
002967.SZ,0.012551470186561508,0.11090460289926798,16.15,0.384,0.11317357312898645,1.2079079130687365,1.208,Yes,"GRG Metrology & Test Group Co., Ltd."
002899.SZ,0.01538180954616399,0.13603305164040616,20.1,0.471,0.11307406075712192,1.9775129198670434,1.978,Yes,"Impulse (Qingdao) Health Tech Co.,Ltd."
159718.SZ,0.011203281971095809,0.09914558707614725,14.3,0.343,0.11299829171913925,1.283399879504305,1.283,Yes,Ping An CSI HK Health Care Composite ETF
600615.SS,0.013047201253123778,0.11549862246707879,16.83,0.4,0.11296412870069246,1.0419940623043502,1.042,Yes,"Chongqing Fenghwa Group Co., Ltd."
688385.SS,0.01833989817524712,0.1624519398038788,24.37,0.563,0.11289430090762896,2.5284373698114053,2.528,Yes,Shanghai Fudan Microelectronics Group Company Limited
510090.SS,0.0049787115317011035,0.04411945839669052,6.14,0.153,0.11284616159464382,0.6525838237499586,0.653,Yes,CCB Principal SSE Social Resp ETF
002472.SZ,0.01347722845328638,0.11947346565988672,17.43,0.414,0.11280520221664053,1.5846141551939934,1.585,Yes,"Zhejiang Shuanghuan Driveline Co.,Ltd."
301360.SZ,0.02007349191867803,0.17805405323760662,26.93,0.617,0.11273819131705297,2.112150042634014,2.112,Yes,"Rongcheer Industrial Technology (Suzhou) Co., Ltd."
603656.SS,0.03009657424399772,0.2669825308725932,42.74,0.925,0.11272862739607525,0.4608862635127348,0.461,Yes,"Hefei Taihe Intelligent Technology Group Co.,Ltd."
300403.SZ,0.018155335151287182,0.1612020033136434,24.1,0.558,0.11262474893666906,1.6250946309059195,1.625,Yes,"Hanyu Group Joint-Stock Co., Ltd."
900918.SS,0.007840767876969185,0.06966528112681394,9.83,0.241,0.11254914571716698,0.8306498986396744,0.831,Yes,"Shanghai Yaohua Pilkington Glass Group Co., Ltd."
600192.SS,0.01541140297754973,0.13693175430006035,20.14,0.474,0.11254805765343895,1.0503526745220797,1.05,Yes,"Lanzhou GreatWall Electrical Co., Ltd"
002050.SZ,0.018255379365375336,0.16220867754858864,24.25,0.562,0.11254255716317671,2.084731387076931,2.085,Yes,"Zhejiang Sanhua Intelligent Controls Co.,Ltd"
300580.SZ,0.018079195205381184,0.16067969644517494,23.99,0.557,0.11251698631102365,1.9539514820204336,1.954,Yes,"Wuxi Best Precision Machinery Co., Ltd."
300761.SZ,0.010284756255541918,0.09141654603464361,13.06,0.317,0.11250431898449065,0.8590857702762871,0.859,Yes,"Jiangsu Lihua Foods Group Co., Ltd"
601728.SS,0.007536058619955662,0.06702950909541983,9.43,0.232,0.11242896929511612,0.1264452409844713,0.126,Yes,China Telecom Corporation Limited
603339.SS,0.010526477627342696,0.09363197311219186,13.39,0.324,0.11242396456528415,1.357132295178928,1.357,Yes,"Square Technology Group Co.,Ltd"
001218.SZ,0.008625005904679104,0.07672020480200481,10.86,0.266,0.11242157039254567,1.1077071607234814,1.108,Yes,"HUNAN RESUN Co., Ltd."
002736.SZ,0.00880106990349736,0.07832888066327448,11.09,0.271,0.11236047073533449,1.195458957390708,1.195,Yes,"Guosen Securities Co., Ltd."
300016.SZ,0.014244286027986518,0.12688710735091885,18.5,0.44,0.11225952206942928,1.120852076708953,1.121,Yes,"Beijing Beilu Pharmaceutical Co., Ltd."
301291.SZ,0.015413444355790031,0.13736578670512237,20.15,0.476,0.11220730230939858,1.241885450978921,1.242,Yes,"Guangdong Mingyang Electric Co.,Ltd."
003025.SZ,0.010034822285894293,0.08944444478204717,12.73,0.31,0.11219055929461626,1.0606532720605695,1.061,Yes,"Sijin Intelligent Forming Machinery Co., Ltd."
159910.SZ,0.0059369535832486196,0.05292066455075764,7.36,0.183,0.11218592271369394,1.0473537520513956,1.047,Yes,Harvest SZSE Fundamental 120 ETF
001268.SZ,0.01737297137712723,0.1549744683027825,22.96,0.537,0.11210215184080942,1.855183190827296,1.855,Yes,"Guangdong Yangshan United Precision Manufacturing Co., Ltd."
900938.SS,0.01054606273556548,0.09418771741769098,13.42,0.326,0.1119685562481276,0.9717701659849193,0.972,Yes,"HNA Technology Co.,Ltd."
600232.SS,0.009812168487982767,0.08765875195014743,12.43,0.304,0.11193598208611347,0.904705011339467,0.905,Yes,"Zhejiang Golden Eagle Co.,Ltd."
159355.SZ,0.004462583156216382,0.03990421998808117,5.49,0.138,0.1118323615284121,-0.3333130498411516,0.333,No,Hwabao WP CSI 800 Div Low Vol ETF
603887.SS,0.036596149268578924,0.327311392893736,53.93,1.134,0.11180835761638193,0.5500251628289481,0.55,Yes,"Shanghai CDXJ Digital Technology Co.,Ltd"
603320.SS,0.012266302944726073,0.10980559820440516,15.75,0.38,0.11170926751741858,1.1971391504987805,1.197,Yes,"ZHEJIANG DIBAY ELECTRIC CO.,Ltd."
601326.SS,0.0063198766212062135,0.056638485776426085,7.85,0.196,0.11158272567796393,0.29333769959352385,0.293,Yes,"Qinhuangdao Port Co., Ltd."
603088.SS,0.012768405892208004,0.1144627857102475,16.45,0.397,0.1115507176675754,1.4697619152408512,1.47,Yes,JDM JingDaMachine (Ningbo) Co.Ltd
563230.SS,0.019832088776044074,0.17790112870793667,26.57,0.616,0.11147815036408652,2.959503556666146,2.96,Yes,Fullgoal CSI Satellite Industry ETF
600793.SS,0.021649893843382784,0.19473323713518745,29.31,0.675,0.11117718866016192,0.49661506040916875,0.497,Yes,"Yibin Paper Industry Co., Ltd."
002190.SZ,0.02352299760356245,0.2116036792004003,32.18,0.733,0.11116535257066527,1.911367593056087,1.911,Yes,Sichuan Chengfei Integration Technology Corp.Ltd
603758.SS,0.01574272568423354,0.14170168340618564,20.62,0.491,0.11109766169190288,1.2698255813135888,1.27,Yes,Chongqing Qin'an M&E PLC.
002460.SZ,0.016850175733083426,0.15169296044458785,22.2,0.525,0.11108080219212711,1.833773887181318,1.834,Yes,"Ganfeng Lithium Group Co., Ltd."
688237.SS,0.016623869787514175,0.14970082491593986,21.88,0.519,0.11104728245050637,1.4855002083005284,1.486,Yes,Hubei Chaozhuo Aviation Technology Group Co. Ltd.
600150.SS,0.010695392649060626,0.09637210445441834,13.62,0.334,0.11098017117722367,0.9517592376299585,0.952,Yes,China CSSC Holdings Limited
600094.SS,0.016216037622959145,0.14640039600201452,21.29,0.507,0.11076498469810155,1.4009190879156352,1.401,Yes,Greattown Holdings Ltd.
603106.SS,0.02565452704733437,0.23164597159287384,35.52,0.802,0.11074885900637688,2.564695777706857,2.565,Yes,"Cashway Fintech Co.,Ltd."
002400.SZ,0.014867322670402361,0.13424673747745042,19.37,0.465,0.11074624940438231,1.2868684661272862,1.287,Yes,"Guangdong Advertising Group Co.,Ltd"
515030.SS,0.01082582569698809,0.09776410946763475,13.79,0.339,0.11073415137660542,1.6378973863155402,1.638,Yes,ChinaAMC CSI New En Car Ind ETF
300429.SZ,0.020192609418382343,0.18253124740276078,27.11,0.632,0.11062549402200016,2.1143975501526047,2.114,Yes,"Changzhou Tronly New Electronic Materials Co., Ltd."
300230.SZ,0.010102748048145678,0.09145004918837976,12.82,0.317,0.11047285526697562,1.2617018924663823,1.262,Yes,"Shanghai YongLi Belting Co., Ltd"
562500.SS,0.010761348468160521,0.09746152609504515,13.71,0.338,0.11041637556204467,1.7916514524083613,1.792,Yes,ChinaAMC CSI Robot ETF
600694.SS,0.00973643950334257,0.08829767565059182,12.33,0.306,0.11026835566851426,0.7289857328714533,0.729,Yes,"Dashang Co., Ltd."
516590.SS,0.009286378775371284,0.08444387681347207,11.73,0.293,0.10997101419069082,1.4239851433869009,1.424,Yes,E Fund CSI Smart Electric Car ETF
002469.SZ,0.013727578174985527,0.12486529607293644,17.78,0.433,0.10993909922711399,0.7451351175566281,0.745,Yes,"Shandong Sunway Chemical Group Co., Ltd."
600039.SS,0.010468240219917312,0.09522257048836757,13.31,0.33,0.10993444270858153,0.2796007983427922,0.28,Yes,"Sichuan Road & Bridge Group Co.,Ltd"
516320.SS,0.00783747477043164,0.07131292144469452,9.82,0.247,0.10990259004477687,1.356980150962097,1.357,Yes,ChinaAMC CSI Equip Industry ETF
300242.SZ,0.020195261412299104,0.18386285026318872,27.12,0.637,0.10983872698258941,1.9749347053595694,1.975,Yes,Jiayun Technology Inc.
688013.SS,0.015297982493290473,0.13946641422701347,19.98,0.483,0.10968936555857461,1.518957567056453,1.519,Yes,"Touchstone International Medical Science Co., Ltd."
000034.SZ,0.015703195596480493,0.143372042605599,20.56,0.497,0.10952759904298977,1.8940587634154584,1.894,Yes,"Digital China Group Co., Ltd."
300791.SZ,0.012091701717390418,0.11048566649854388,15.51,0.383,0.10944136104342346,1.1290869843177584,1.129,Yes,"Sirio Pharma Co., Ltd."
300995.SZ,0.018365860451988545,0.167949644161377,24.41,0.582,0.10935337519584992,1.2973673884781123,1.297,Yes,"Guangdong Kitech New Material Holding Co.,Ltd."
563620.SS,0.006065888954381349,0.05559764571223465,7.53,0.193,0.10910334199720453,0.1507553888350781,0.151,Yes,CIB CSI All Share Free Cash Flow ETF
301316.SZ,0.017255793834944768,0.1583847566762535,22.79,0.549,0.10894857685210507,2.1000631852644807,2.1,Yes,"Hydsoft Technology Co.,Ltd."
688582.SS,0.016059481444559643,0.14742540144385965,21.07,0.511,0.1089329334516018,1.8879245361403714,1.888,Yes,Anhui XDLK Microsystem Corporation Limited
002538.SZ,0.009489172540912753,0.08716613496460485,12.0,0.302,0.1088630641334043,0.9703091214468426,0.97,Yes,"Anhui Sierte Fertilizer Industry Ltd.,Company"
600602.SS,0.01759624776645785,0.16166366247009523,23.28,0.56,0.10884479231511181,1.7022457868377359,1.702,Yes,INESA Intelligent Tech Inc.
300921.SZ,0.013101307521708468,0.12041052520214843,16.91,0.417,0.10880533491331958,1.6735090798255106,1.674,Yes,NOVA Technology Corporation Limited
600704.SS,0.006816851509917999,0.06271332252216827,8.49,0.217,0.10869861834394659,0.9081434448565096,0.908,Yes,"Wuchan Zhongda Group Co.,Ltd."
603325.SS,0.010857006610831143,0.09998753302605382,13.84,0.346,0.10858360319783193,0.8808424935823486,0.881,Yes,Shanghai Bloom Technology Inc
603416.SS,0.011861808459010097,0.10938268914915851,15.2,0.379,0.10844319655402576,1.49585951444776,1.496,Yes,"Wuxi Xinjie Electric Co., Ltd."
002577.SZ,0.011789922248779974,0.10875090067263567,15.1,0.377,0.10841218027490415,0.9910092653859081,0.991,Yes,"Shenzhen Rapoo Technology Co., Ltd."
603181.SS,0.013247615112118824,0.12221564538397174,17.11,0.423,0.10839541100076057,1.9572033400473938,1.957,Yes,"Zhejiang Huangma Technology Co.,Ltd"
002091.SZ,0.007715710327168894,0.07119203476429171,9.66,0.247,0.10837884255892791,0.8326544293937704,0.833,Yes,"Jiangsu Guotai International Group Co., Ltd."
000626.SZ,0.012917833850678968,0.11946441819249079,16.65,0.414,0.10813122472889546,0.8543820181364816,0.854,Yes,"Grand Industrial Holding Co.,Ltd"
515100.SS,0.0047296679023944984,0.04375242574796951,5.83,0.152,0.10810070119629872,0.413552227767231,0.414,Yes,IGW CSI Dividend volatiy ETF
002067.SZ,0.013937129224220097,0.12896023755442154,18.07,0.447,0.1080730734412504,0.6982498106203324,0.698,Yes,"Zhejiang Jingxing Paper Joint Stock Co., Ltd."
300098.SZ,0.01443658060471382,0.13370384780547423,18.77,0.463,0.1079743092040074,1.5730804173077297,1.573,Yes,"Gosuncn Technology Group Co., Ltd."
300980.SZ,0.015212605782773626,0.14089920716558615,19.86,0.488,0.10796800130248867,0.9499060227436396,0.95,Yes,Hubei Xiangyuan New Material Technology Inc.
600610.SS,0.032118891031258624,0.2974919395317443,46.14,1.031,0.10796558414931888,1.565844296336697,1.566,Yes,"Guizhou Zhongyida Co., Ltd"
002891.SZ,0.01307603403876512,0.12122359422154726,16.87,0.42,0.1078670709504576,0.23571382011204295,0.236,Yes,"Yantai China Pet Foods Co., Ltd."
512070.SS,0.008563081211288303,0.07940739089339742,10.77,0.275,0.10783733245667322,1.3485005797994996,1.349,Yes,E Fund CSI 300 Non-bank Financial Exchange-Traded Open-end Index Fund
688282.SS,0.015803060308758277,0.14679457605239338,20.7,0.509,0.1076542521783496,1.3011592475798637,1.301,Yes,"Beijing Navigation Control Technology Co.,Ltd."
159067.SZ,0.005680244094911309,0.05277808066884509,7.03,0.183,0.10762505992879651,,,,Penghua CNI Green Electricity ETF
300159.SZ,0.021810821079703283,0.20284292437609264,29.55,0.703,0.10752566867584532,1.7614373322906867,1.761,Yes,"Xinjiang Machinery Research Institute Co., Ltd."
688619.SS,0.014674814240114749,0.13656180727912334,19.1,0.473,0.10745913907041663,1.8368252768148345,1.837,Yes,"ROPEOK Technology Group Co., Ltd."
600458.SS,0.014021893377486551,0.1305137171805593,18.19,0.452,0.10743616594789,1.626798466863768,1.627,Yes,"Zhuzhou Times New Material Technology Co., Ltd."
301283.SZ,0.010128725506792946,0.0942767132890611,12.85,0.327,0.1074361329900984,1.4478917289401132,1.448,Yes,Focus Hotmelt Company Ltd.
601601.SS,0.011309833674370447,0.10536737423753595,14.45,0.365,0.10733715019673941,0.9930072900973315,0.993,Yes,"China Pacific Insurance (Group) Co., Ltd."
200019.SZ,0.0030110378282380682,0.02806168309661297,3.67,0.097,0.10730068534632901,0.2255286722157137,0.226,Yes,"Shenzhen Cereals Holdings Co.,Ltd."
900901.SS,0.008061532536611666,0.07513566732618736,10.11,0.26,0.10729301839583111,0.9581246831986046,0.958,Yes,INESA Intelligent Tech Inc.
605133.SS,0.016474684749155363,0.15376523592212105,21.66,0.533,0.10714180386976062,2.0581648770106415,2.058,Yes,"Jiangsu Rongtai Industry Co., Ltd."
600843.SS,0.024769033592868705,0.23122747637785457,34.13,0.801,0.10711976786181332,0.67912658106807,0.679,Yes,"Shang Gong Group Co., Ltd."
603697.SS,0.013412159105226994,0.12521254500062481,17.34,0.434,0.10711513854430534,1.0562255013451671,1.056,Yes,"YouYou Foods Co., Ltd."
002692.SZ,0.014052284984964145,0.1312357372952004,18.23,0.455,0.10707666428813571,0.8559863923111614,0.856,Yes,"Yuan Cheng Cable Co.,Ltd."
600216.SS,0.010266627441014583,0.09589306433978241,13.04,0.332,0.10706329505371065,0.6501065698555308,0.65,Yes,"Zhejiang Medicine Co., Ltd."
516380.SS,0.00915802885138425,0.08567755876220905,11.56,0.297,0.10688947005133047,1.44700260052593,1.447,Yes,Hwabao WP CSI Smart Electric Car ETF
159559.SZ,0.010579317377164289,0.09900771719906608,13.46,0.343,0.1068534623002507,1.7480820210807886,1.748,Yes,IGW National Securities Robot Idsty ETF
000987.SZ,0.011054403160135126,0.1036785179558689,14.1,0.359,0.10662192494727278,1.6539060355358337,1.654,Yes,"Guangzhou Yuexiu Capital Holdings Group Co., Ltd."
600679.SS,0.010142479577396266,0.09523868756112594,12.87,0.33,0.10649537322620743,0.5164875801598687,0.516,Yes,"Shanghai Phoenix Enterprise (Group) Co., Ltd."
688252.SS,0.014094443826614596,0.13243929715142205,18.29,0.459,0.10642191652904931,1.6569135187021662,1.657,Yes,Jadard Technology Inc.
600337.SS,0.015097036079506854,0.14186148670472,19.7,0.491,0.10642096336499585,1.6060832871072046,1.606,Yes,"Markor International Home Furnishings Co., Ltd."
301121.SZ,0.01592130909769487,0.14975961925206882,20.87,0.519,0.10631243039485044,1.5514119162142637,1.551,Yes,"Chongqing VDL Electronics Co., Ltd."
002293.SZ,0.00919176995042925,0.08651259833197128,11.61,0.3,0.10624776191738046,0.7443147944613171,0.744,Yes,"Luolai Lifestyle Technology Co., Ltd."
603173.SS,0.013444830748868618,0.12667135436164137,17.38,0.439,0.10613947262681185,1.572654207077825,1.573,Yes,"Hangzhou Fortune Gas Cryogenic Group Co., Ltd."
600101.SS,0.016550702572611837,0.15596231966781313,21.77,0.54,0.10611987951874188,0.64658604044832,0.647,Yes,"Sichuan Mingxing Electric Power Co., Ltd."
603788.SS,0.010949132693908835,0.10333145992897427,13.96,0.358,0.10596126969883916,0.7516930259816098,0.752,Yes,"Ningbo Gaofa Automotive Control System Co., Ltd."
300061.SZ,0.03126191247701737,0.29521096528050084,44.69,1.023,0.10589685395768825,3.094354951474673,3.094,Yes,"QITIAN Technology Group Co., Ltd."
159776.SZ,0.010398883120103005,0.09824849206316465,13.22,0.34,0.10584267403735306,1.2889243894512743,1.289,Yes,Yinhua CSI HK Health Care Composite ETF
300082.SZ,0.013340871503653623,0.12608096250169223,17.24,0.437,0.10581194209613179,1.4820611655127942,1.482,Yes,"Liaoning Oxiranchem,Inc."
200468.SZ,0.017565397086705223,0.1661628265036722,23.24,0.576,0.10571195408930424,0.697898492149414,0.698,Yes,"Nanjing Putian Telecommunications Co., Ltd."
601002.SS,0.009854408661411417,0.09324321734087437,12.49,0.323,0.10568499181432266,0.7246971444851825,0.725,Yes,"Gem-Year Industrial Co.,Ltd."
300554.SZ,0.01580670925511594,0.1495889271172514,20.71,0.518,0.1056676423832244,1.638577731753586,1.639,Yes,"NanJing Sanchao Advanced Materials Co.,Ltd."
300528.SZ,0.02610657405505944,0.24708096671080393,36.24,0.856,0.10565999640763869,1.4257601254417893,1.426,Yes,Omnijoi Media Corporation
002629.SZ,0.01651026531905285,0.1563159922123215,21.71,0.541,0.105621088958238,1.0290202764857193,1.029,Yes,"Zhejiang Renzhi Co., Ltd."
516390.SS,0.010471194677351477,0.09920620806133781,13.31,0.344,0.1055497925177957,1.6977523215205246,1.698,Yes,China Universal CSI New En Car Ind ETF
002562.SZ,0.011582811699183812,0.10984069580711313,14.82,0.38,0.1054510044212022,1.2034625563028176,1.203,Yes,"Brother Enterprises Holding Co.,Ltd."
000803.SZ,0.012661358837297748,0.12010299929363606,16.3,0.416,0.10542083804537128,1.2592234434246279,1.259,Yes,Shandong High Speed Renewable Energy Group Limited
159730.SZ,0.006460982265426958,0.061384766263414825,8.03,0.213,0.10525383834975499,1.0552133375602204,1.055,Yes,Bosera CNI Top House Apps ETF
603390.SS,0.018374819172063413,0.17461800474941055,24.42,0.605,0.10522866298027288,1.369649190407114,1.37,Yes,"Guangzhou Tongda Auto Electric Co., Ltd"
562360.SS,0.010050613436808374,0.09552603538305916,12.75,0.331,0.1052133420643434,1.7375883167616173,1.738,Yes,Yinhua CSI Robot ETF
300411.SZ,0.03819323966913925,0.36329282127479606,56.8,1.258,0.10513073045351957,1.0843204108342928,1.084,Yes,"Zhejiang Jindun Fans Co., Ltd"
688251.SS,0.014406910609652839,0.13722187408881717,18.73,0.475,0.10498989833303059,0.8215212480738016,0.822,Yes,"Hefei Jingsong Intelligent Technology Co.,Ltd."
002958.SZ,0.0066168171306097345,0.0630578134515261,8.24,0.218,0.10493254948803807,0.45476650396226503,0.455,Yes,"Qingdao Rural Commercial Bank Co., Ltd."
516660.SS,0.010141735840701873,0.09680500126598543,12.87,0.335,0.10476458559032524,1.6178631852288619,1.618,Yes,Huaan CSI New Energy Vehicles ETF
000526.SZ,0.015578782388782983,0.1487524418018322,20.38,0.515,0.10472959099076179,0.6558301234332409,0.656,Yes,"Xueda (Xiamen) Education Technology Group Co., Ltd"
300449.SZ,0.013104315408772247,0.12531747820720399,16.91,0.434,0.1045689364025116,1.2871053815400477,1.287,Yes,Beijing Hanbang Technology Corp.
300591.SZ,0.021768813116730706,0.20825282478497736,29.49,0.721,0.10453069791109519,1.6167739564878014,1.617,Yes,"Guangdong Wanlima Industry Co. ,Ltd"
300128.SZ,0.016808619404383725,0.16081942056773113,22.14,0.557,0.10451859200241653,2.1327010387587304,2.133,Yes,"Suzhou Jinfu Technology Co., Ltd."
003040.SZ,0.021574989106602167,0.20649973627236165,29.19,0.715,0.10447949956771838,1.594052312123113,1.594,Yes,"Chutian Dragon Co., Ltd."
688631.SS,0.02744151081768062,0.26287081987811767,38.38,0.911,0.10439162030385919,1.5764694390093923,1.576,Yes,"Nanjing LES Information Technology Co., Ltd."
600819.SS,0.00902032196932028,0.08644953397398496,11.38,0.299,0.10434205431384677,0.8816231502228458,0.882,Yes,"Shanghai Yaohua Pilkington Glass Group Co., Ltd."
603408.SS,0.00974404466687198,0.09339151931549898,12.34,0.324,0.10433543364846927,0.881929923928592,0.882,Yes,Runner (Xiamen) Corp.
300281.SZ,0.01606150476785908,0.15396476070422965,21.07,0.533,0.10431935654882517,1.4506414715416498,1.451,Yes,"Guangdong Jinming Machinery Co., Ltd."
000564.SZ,0.017317519309655097,0.16610720294559161,22.88,0.575,0.10425507745938896,0.9103555385708424,0.91,Yes,"Ccoop Group Co., Ltd"
300059.SZ,0.018185746772766433,0.174491009666053,24.14,0.604,0.10422168344128992,3.046645109478643,3.047,Yes,"East Money Information Co.,Ltd."
603117.SS,0.015176121855582658,0.1456765932459405,19.81,0.505,0.10417680368157266,0.10305273970732727,0.103,Yes,"Jiangsu Wanlin Modern Logistics Co., Ltd."
002313.SZ,0.015405219559756007,0.14808757775796655,20.14,0.513,0.10402776379349121,1.5032273601001171,1.503,Yes,"Sunsea AIoT Technology Co., Ltd."
002301.SZ,0.013330606060424603,0.12816566478212124,17.22,0.444,0.10401074330700297,1.033812954693516,1.034,Yes,"Shenzhen Comix Group Co., Ltd."
508077.SS,0.005639638297087327,0.05436007212763551,6.98,0.188,0.10374596788329599,0.23155705690673276,0.232,Yes,"Huaxia Fund Management Co.,Ltd. - China Resources Youchao REIT"
688787.SS,0.01780094094798632,0.17162296111131958,23.58,0.595,0.10372120858840163,1.9540258655549634,1.954,Yes,Beijing Haitian Ruisheng Science Technology Ltd.
600571.SS,0.01597260932482258,0.15403855447596573,20.94,0.534,0.10369228261821133,1.671820974924601,1.672,Yes,"Sunyard Technology Co.,Ltd"
515910.SS,0.007254456946032693,0.07001212969523132,9.06,0.243,0.10361714430930688,1.3885969793683857,1.389,Yes,CICC MSCI China A Quality ETF
000958.SZ,0.02552835990600007,0.24685131976012453,35.32,0.855,0.10341593446130658,0.22902275654620605,0.229,Yes,"SPIC Industry-Finance Holdings Co., Ltd."
600173.SS,0.015093715098208239,0.1460538992232195,19.69,0.506,0.10334345867165082,1.0937983419999917,1.094,Yes,"Wolong New Energy Group Co., Ltd."
603933.SS,0.012326038718937686,0.11945794879869139,15.84,0.414,0.10318307691444903,1.4482588277567832,1.448,Yes,"Fujian Raynen Technology Co., Ltd."
300967.SZ,0.014395506289092034,0.13952141170346236,18.71,0.483,0.1031777568283793,1.132227158089193,1.132,Yes,"Ningxia Xiaoming Agriculture & Animal Husbandry Co.,Ltd"
600063.SS,0.010112803175333186,0.09801627981765385,12.83,0.34,0.10317472968925877,1.4595439284711174,1.46,Yes,"Anhui Wanwei Updated High-Tech Material Industry Co.,Ltd"
600033.SS,0.0060057881551657715,0.05826652577651158,7.45,0.202,0.10307441665909017,0.08986235776494472,0.09,Yes,"Fujian Expressway Development Co.,Ltd"
300568.SZ,0.0145408881357983,0.14112471310206579,18.91,0.489,0.10303573212780866,1.8833028625222668,1.883,Yes,"Shenzhen Senior Technology Material Co., Ltd."
002426.SZ,0.014815043554366676,0.14394829612465837,19.3,0.499,0.10291920052695126,1.1682199763847472,1.168,Yes,"Suzhou Victory Precision Manufacture Co., Ltd."
603733.SS,0.010032620015371465,0.09750835969657906,12.73,0.338,0.10288984499985845,1.6417838532088873,1.642,Yes,"Xianhe Co.,Ltd."
513060.SS,0.009936789629041312,0.09658088016507724,12.6,0.335,0.1028856810173735,1.2622563438145995,1.262,Yes,Bosera Heng seng Health Care ETF(QDII)
000925.SZ,0.013856818871080373,0.13500455311199794,17.96,0.468,0.10263964104666118,1.749127774616761,1.749,Yes,"UniTTEC Co.,Ltd"
301004.SZ,0.012563336709190479,0.12245874543604843,16.16,0.424,0.10259240093024981,0.07919901274569915,0.079,Yes,"Zhejiang Cayi Vacuum Container Co., Ltd."
000728.SZ,0.008506198770624248,0.08303973190554566,10.7,0.288,0.10243528700573969,1.4624399699050772,1.462,Yes,Guoyuan Securities Company Limited
002125.SZ,0.013481705567118465,0.13162579314695663,17.43,0.456,0.10242449633003545,1.6558086692825313,1.656,Yes,"Xiangtan Electrochemical Scientific Co.,Ltd"
002161.SZ,0.012290923513950206,0.1200106878106682,15.79,0.416,0.10241524099370772,1.3187253544120905,1.319,Yes,"Invengo Information Technology Co.,Ltd."
300740.SZ,0.015092477168624302,0.14740053203655654,19.69,0.511,0.10239092736029776,2.0313537879649615,2.031,Yes,"SYoung Group Co., Ltd."
159033.SZ,0.012452163565937105,0.12162935763388222,16.01,0.421,0.10237794401101329,-0.16136106513015214,0.161,No,Guotai CNI Grain Industry ETF
512560.SS,0.008556265233915087,0.08367518860928055,10.76,0.29,0.10225570298823441,1.4528222317287938,1.453,Yes,E Fund CSI National Defense Ind ETF
300981.SZ,0.014374009272126722,0.14065977817251915,18.68,0.487,0.1021899043129231,0.7756178822802913,0.776,Yes,"Zhonghong Pulin Medical Products Co., Ltd."
301151.SZ,0.011927885077890218,0.11680821452425404,15.29,0.405,0.1021151220097925,1.1200277916292898,1.12,Yes,"Shanghai Karon Eco-Valve Manufacturing Co., Ltd."
600509.SS,0.01149886526648053,0.11276979331955642,14.71,0.391,0.10196760079089734,0.6097229542131031,0.61,Yes,"Xinjiang Tianfu Energy Co., Ltd."
603116.SS,0.011963687537217346,0.11751503229921931,15.34,0.407,0.10180559289432135,0.8877823793156877,0.888,Yes,"Zhejiang Red Dragonfly Footwear Co., Ltd."
300441.SZ,0.00980482211670895,0.09641811473363368,12.42,0.334,0.10169066408107975,0.9234248569542043,0.923,Yes,"Ningbo BaoSi Energy Equipment Co., Ltd."
301413.SZ,0.0199642186924847,0.19654837892211913,26.77,0.681,0.10157406945795965,2.0119246568285836,2.012,Yes,"Shenzhen Ampron Technology Co., Ltd."
200025.SZ,0.006795369708656025,0.0669215709664408,8.47,0.232,0.10154229212675989,0.3327041500040403,0.333,Yes,"Shenzhen Tellus Holding Co., Ltd."
600621.SS,0.008966606969043323,0.08836734322471583,11.31,0.306,0.101469690519511,1.2955766611767285,1.296,Yes,"Shanghai Chinafortune Co., Ltd."
300647.SZ,0.01527692571006619,0.15056629904177476,19.95,0.522,0.10146311496856007,1.4557957452662003,1.456,Yes,Shenzhen Fluence Technology PLC.
600356.SS,0.0082816438905252,0.08163340292538401,10.4,0.283,0.10144920576317189,0.955352481091295,0.955,Yes,"Mudanjiang Hengfeng Paper Co.,Ltd"
300380.SZ,0.02160802304284631,0.21323825620010367,29.24,0.739,0.10133276940029584,2.9870578717939638,2.987,Yes,"Shanghai Amarsoft Information & Technology Co.,Ltd"
300884.SZ,0.011535250364263783,0.11383614016702255,14.76,0.394,0.10133205805589546,1.5411951246313824,1.541,Yes,"Dnake (Xiamen) Intelligent Technology Co., Ltd."
688513.SS,0.014367581480148038,0.1418183853112717,18.67,0.491,0.10130972404327682,0.9107404063960378,0.911,Yes,"Chengdu Easton Biopharmaceuticals Co., Ltd."
600468.SS,0.015349339865949631,0.1515191093688701,20.06,0.525,0.101302996895144,1.0906233578276672,1.091,Yes,"Tianjin Benefo Tejing Electric Co., Ltd."
300758.SZ,0.01392244962217373,0.13751513230158366,18.05,0.476,0.10124303696003785,1.726044508770003,1.726,Yes,"Anshan Hifichem Co., Ltd."
002485.SZ,0.013589787926378149,0.13439945745015416,17.58,0.466,0.1011149016834261,0.2817954362050434,0.282,Yes,"Cedar Development Co.,Ltd."
600979.SS,0.009269516191066843,0.09180487210272385,11.71,0.318,0.10096976313735115,0.5623314434410829,0.562,Yes,"Sichuan Guangan Aaa Public Co.,Ltd"
300807.SZ,0.015229103720807968,0.1510369501276852,19.89,0.523,0.10083031806411231,1.5309791431710122,1.531,Yes,"Zhengzhou Tiamaes Technology Co., Ltd."
002830.SZ,0.01171036652931226,0.11614114446279944,14.99,0.402,0.10082875094332437,1.2481719662684325,1.248,Yes,"Shenzhen Mingdiao Decoration Co.,Ltd."
300465.SZ,0.01616693218703271,0.16041924863659904,21.22,0.556,0.10077925388901421,1.8568160518901398,1.857,Yes,"Global Infotech Co., Ltd."
688077.SS,0.015314999248041881,0.15230859019853446,20.01,0.528,0.10055243258491697,2.119005299470528,2.119,Yes,"Earth-Panda Advanced Magnetic Material Co.,Ltd."
159750.SZ,0.009005751065276648,0.0896206668574638,11.36,0.31,0.10048743644811019,1.1887485372406792,1.189,Yes,CMF CSI HK Tech ETF(QDII)
688557.SS,0.012322932317144254,0.12265582490194343,15.83,0.425,0.10046756708860552,1.7363377392142605,1.736,Yes,"BlueSword Intelligent Technology Co., Ltd."
300531.SZ,0.012114155674273031,0.12065378460709504,15.55,0.418,0.10040427421089498,0.7062336462365466,0.706,Yes,"Urovo Technology Co., Ltd."
002872.SZ,0.008903412558238228,0.08875980404041019,11.22,0.307,0.10030906055385971,0.41486478238147795,0.415,Yes,"Tiansheng Pharmaceutical Group Co., Ltd."
159525.SZ,0.0043394661149424385,0.04331877307255062,5.33,0.15,0.10017518519452678,0.20368520864015735,0.204,Yes,Fullgoal CSI Dividend Low Volatility ETF
300506.SZ,0.024622874386064482,0.24599370007401952,33.9,0.852,0.10009554870167593,1.6248503160507566,1.625,Yes,"Shenzhen Minkave Technology Co., Ltd."
605258.SS,0.012872382826191107,0.12861161168642796,16.59,0.446,0.10008725228928529,0.9424632321173894,0.942,Yes,"Jiangsu Xiehe Electronic Co.,Ltd."
002210.SZ,0.012291132001292865,0.1228631231987347,15.79,0.426,0.10003922805552973,1.3132895115329588,1.313,Yes,"Shenzhen Feima International Supply Chain Co., Ltd."
510810.SS,0.005281830712801174,0.05287514596711997,6.53,0.183,0.09989250367432825,0.9087242481918085,0.909,Yes,China Universal CS SH Stated Owned ETF
600233.SS,0.009867480193027644,0.09879947217870108,12.51,0.342,0.09987381486391025,0.7672239404718177,0.767,Yes,"YTO Express Group Co.,Ltd."
300644.SZ,0.011267942272621253,0.11282789024657017,14.39,0.391,0.09986841239339565,1.3376801572569588,1.338,Yes,"Nanjing Julong Science & Technology Co.,LTD"
605169.SS,0.011018948410073991,0.1105295970801296,14.05,0.383,0.09969228786825024,1.158327821072189,1.158,Yes,"Xinjiang Hongtong Natural Gas Co., Ltd."
603912.SS,0.012258320621546326,0.12299544164568744,15.74,0.426,0.09966483682264282,1.5856425084708519,1.586,Yes,"Nanjing Canatal Data-Centre Environmental Tech Co., Ltd"
159507.SZ,0.0161354115044187,0.1619273474927425,21.18,0.561,0.09964599404768167,1.9999089004367274,2.0,Yes,GF CNI Communications ETF
603500.SS,0.011026116943981687,0.11071198240304793,14.06,0.384,0.0995928056264137,1.4602308510540216,1.46,Yes,"Zhejiang Tiantai Xianghe Industrial Co.,Ltd."
002107.SZ,0.00936829594012488,0.09428979863543378,11.84,0.327,0.0993564105099733,0.9984402517394215,0.998,Yes,"Shandong Wohua Pharmaceutical Co., Ltd."
002714.SZ,0.008533709930673563,0.08599951251918524,10.74,0.298,0.0992297477124631,1.1381750783711748,1.138,Yes,"Muyuan Foods Group Co., Ltd."
300922.SZ,0.014055951293448832,0.1418686796430539,18.23,0.491,0.09907719821467324,0.7606852259769651,0.761,Yes,"Qinhuangdao Tianqin Equipment Manufacturing Co.,Ltd."
300071.SZ,0.016547913072607,0.16704754185236728,21.77,0.579,0.0990610989488948,1.3526273725035802,1.353,Yes,FS Development Investment Holdings
512870.SS,0.007660399579792513,0.07738677847012615,9.59,0.268,0.09898848008965355,1.5512099324121973,1.551,Yes,NANHUA CSI HZ ETF
000421.SZ,0.011771800661815022,0.1189240203451353,15.08,0.412,0.09898589559662964,0.6033332547338366,0.603,Yes,"Nanjing Public Utilities Development Co., Ltd."
300014.SZ,0.015842071010908707,0.16025368858223424,20.76,0.555,0.0988562020073525,2.1262449978025733,2.126,Yes,"EVE Energy Co., Ltd."
512720.SS,0.010266608085420108,0.1040266118699387,13.04,0.36,0.09869213176197775,1.9806640467859031,1.981,Yes,Guotai CSI Computer Theme ETF
600329.SS,0.011170898317708254,0.11323550060371441,14.26,0.392,0.09865190914643089,1.4787361920000583,1.479,Yes,Tianjin Pharmaceutical Da Ren Tang Group Corporation Limited
159692.SZ,0.008407765287266384,0.08526727626541782,10.57,0.295,0.09860483007683868,1.5511392425441068,1.551,Yes,Tibet Eastmoney CSI Scrts Cmpny 30 ETF
002338.SZ,0.01492099691304805,0.15132887705459197,19.45,0.524,0.09859979934738623,2.0449393182636797,2.045,Yes,"Changchun UP Optotech Co.,Ltd."
002258.SZ,0.011326066307981374,0.11525676327564592,14.47,0.399,0.0982681274928237,0.9177742873737965,0.918,Yes,"Lier Chemical Co.,LTD."
301397.SZ,0.016174716273225313,0.16462785599145022,21.23,0.57,0.09825017871863272,1.974264303980292,1.974,Yes,"Chongqing Sulian Plastic Co.,Ltd."
002803.SZ,0.014708995790825331,0.14976345327393487,19.15,0.519,0.09821485462091248,2.1730124721078146,2.173,Yes,"Xiamen Jihong Co., Ltd"
301336.SZ,0.01314324459881,0.1340386557066232,16.96,0.464,0.09805562827769061,1.0303887179563196,1.03,Yes,"Chengdu Qushui Science and Technology Co., Ltd."
159936.SZ,0.005888683351900209,0.06007122999312334,7.3,0.208,0.09802834655748378,1.0789163066452807,1.079,Yes,GF Fund Management Co. Ltd - CSI All Shares Index Fund
002136.SZ,0.009763596614868851,0.09972082748467265,12.37,0.345,0.09790930200984886,1.2194998903500303,1.219,Yes,"Anhui Annada Titanium Industry Co., Ltd."
002263.SZ,0.01286873863661961,0.13147383907455476,16.58,0.455,0.09788060291844179,0.8492219618273337,0.849,Yes,Zhejiang Great Southeast Corp.Ltd
000729.SZ,0.009169725212997812,0.09376171932081354,11.58,0.325,0.09779817690440203,0.2883204350073711,0.288,Yes,"Beijing Yanjing Brewery Co.,Ltd."
159966.SZ,0.009188776464573334,0.09396431783770695,11.6,0.326,0.09779006197271586,1.892531369376479,1.893,Yes,ChinaAMC ChiNext Low Volatility Val ETF
603196.SS,0.016806087448290218,0.1720494131954755,22.14,0.596,0.09768174814520192,2.0250188926261146,2.025,Yes,Shanghai Porigine Chemical Material Group Co. Ltd.
300292.SZ,0.011815572718217824,0.12104906353486074,15.14,0.419,0.09760978212619609,1.362629860811481,1.363,Yes,"Wutong Holding Group Co., Ltd."
002725.SZ,0.017471528669446398,0.17899413376952186,23.1,0.62,0.09760950429774003,0.7899341039316673,0.79,Yes,"Zhejiang Yueling Co., Ltd."
900939.SS,0.017052180171412284,0.17473624816740477,22.5,0.605,0.09758810979548771,0.47734315614652506,0.477,Yes,"Shanghai Huili Building Materials Co., Ltd."
603444.SS,0.014238649276232205,0.14592325465169434,18.49,0.505,0.09757628631720543,2.035875783937585,2.036,Yes,"G-bits Network Technology (Xiamen) Co., Ltd."
002593.SZ,0.010746377309021475,0.11020079389589331,13.69,0.382,0.0975163329510455,0.9622378702800828,0.962,Yes,"Xiamen Sunrise Group Co., Ltd."
688062.SS,0.01474403889359481,0.1512704602363781,19.2,0.524,0.09746806396011154,1.9132217073097482,1.913,Yes,"Mabwell (Shanghai) Bioscience Co., Ltd."
601108.SS,0.007890794519575252,0.08115430700760788,9.89,0.281,0.0972319869459981,1.5232748570476584,1.523,Yes,"Caitong Securities Co.,Ltd."
001206.SZ,0.01101946638131073,0.11338194308634207,14.05,0.393,0.09718890046644586,0.8416833048204546,0.842,Yes,"Tianjin Yiyi Hygiene Products Co.,Ltd"
600076.SS,0.01179111478849055,0.12136221433055601,15.1,0.42,0.09715639133260144,1.7307436508153036,1.731,Yes,"Kangxin New Materials Co., Ltd"
601877.SS,0.008445674981030788,0.08694494185783387,10.62,0.301,0.09713819804308513,1.4013193915994917,1.401,Yes,"Zhejiang Chint Electrics Co., Ltd."
601997.SS,0.005399477588279504,0.05563873902261023,6.68,0.193,0.09704529044206568,0.5054460017147446,0.505,Yes,"Bank of Guiyang Co.,Ltd."
300157.SZ,0.014748397462056355,0.1520193211637242,19.21,0.527,0.09701659860835972,1.3729414998906908,1.373,Yes,"New JCM Group Co.,Ltd"
300320.SZ,0.012349756189173954,0.127320204969396,15.87,0.441,0.0969976147316325,1.6695529004937932,1.67,Yes,"Jiangyin Haida Rubber And Plastic Co., Ltd."
001332.SZ,0.01576660617433527,0.16273062492961193,20.65,0.564,0.09688776271310341,1.3420101161763962,1.342,Yes,"Wuxi Chemical Equipment Co., Ltd."
515850.SS,0.007831562064136188,0.08084969993083255,9.81,0.28,0.09686569116318479,1.458675034471415,1.459,Yes,Fullgoal CSI Security Agency ETF
600941.SS,0.005127799021960227,0.05294594526106406,6.33,0.183,0.09684970202489067,-0.04698822761072545,0.047,No,China Mobile Limited
601766.SS,0.006501240387436874,0.06717550549053158,8.09,0.233,0.09677992506291191,0.3075434597937489,0.308,Yes,CRRC Corporation Limited
600789.SS,0.008361150155008348,0.08641403670261055,10.51,0.299,0.09675685194273258,0.7579983828114194,0.758,Yes,"Shandong Lukang Pharmaceutical Co.,Ltd."
301230.SZ,0.017091093233968336,0.17664912281782547,22.55,0.612,0.09675164507663037,1.937608155648306,1.938,Yes,"PharmaResources (Shanghai) Co., Ltd."
600650.SS,0.020766240656409314,0.214636714211527,27.97,0.744,0.0967506455393458,0.4004672769879922,0.4,Yes,"Shanghai Jin Jiang Online Network Service Co., Ltd."
301356.SZ,0.01311757566398402,0.13560655017277637,16.93,0.47,0.09673261097838497,1.912874449681073,1.913,Yes,"Zhejiang Tianzhen Technology Co., Ltd."
601881.SS,0.008660383726191679,0.0895701874671543,10.9,0.31,0.09668823936946065,1.3456353428232588,1.346,Yes,"China Galaxy Securities Co., Ltd."
002480.SZ,0.009655468082833636,0.1000439179233123,12.22,0.347,0.0965122946327926,0.862528691294919,0.863,Yes,"Chengdu Xinzhu Road & Bridge Machinery Co., Ltd."
603020.SS,0.011880690173607796,0.12327156953381131,15.23,0.427,0.09637818532317075,1.3496945793036974,1.35,Yes,"Apple Flavor & Fragrance Group Co.,Ltd."
603109.SS,0.013911016075924848,0.14437929356320212,18.03,0.5,0.09635049273762579,1.7892261117677715,1.789,Yes,"Senci Electric Machinery Co.,Ltd."
000670.SZ,0.011891823624674669,0.12345890243273215,15.24,0.428,0.09632212331673733,1.478093696522321,1.478,Yes,"Infotmic Co.,Ltd"
561500.SS,0.005962069583148961,0.06202959390481241,7.39,0.215,0.09611653418686025,1.2392417009711139,1.239,Yes,Huatai-PB CSI Entprs Core Cmptvns 50 ETF
300530.SZ,0.021549584369004858,0.2242501325303115,29.16,0.777,0.09609619457456525,1.6371825812001268,1.637,Yes,"Hunan Lead Power Technology Group Co., Ltd."
301220.SZ,0.014174358906747054,0.1475088122133376,18.4,0.511,0.09609160764068185,0.8400074047539214,0.84,Yes,"Kunshan Asia Aroma Corp., Ltd."
002370.SZ,0.016885443373274595,0.17580113460832691,22.25,0.609,0.09604854605116302,0.8152221632907115,0.815,Yes,"Zhejiang Yatai Pharmaceutical Co., Ltd."
159998.SZ,0.010115481118085438,0.10534631667335259,12.84,0.365,0.09602121305722078,2.034558984326646,2.035,Yes,TianHong CSI Computer Theme ETF
002553.SZ,0.013481340633968842,0.14044139655043722,17.43,0.487,0.09599264152238218,1.5308151267395156,1.531,Yes,"Jiangsu NanFang Precision Co.,Ltd."
600501.SS,0.01754636895659581,0.18280292929948352,23.21,0.633,0.09598516295026013,1.5413589657321793,1.541,Yes,Aerosun Corporation
515630.SS,0.007865656006572483,0.0820190046562822,9.86,0.284,0.0959004079546583,1.4561153771514996,1.456,Yes,Penghua CSI 800 Ensurance ETF
301210.SZ,0.01672263866547624,0.17450402271971766,22.02,0.604,0.095829531060929,1.7052856030353796,1.705,Yes,"Wuxi Jinyang Precision Manufacturing Co., Ltd."
300324.SZ,0.01652396134978812,0.17246907869538838,21.73,0.597,0.09580825429567248,2.1236922636620714,2.124,Yes,"Beijing Watertek Information Technology Co., Ltd."
003015.SZ,0.014316918074897166,0.14952249523038022,18.6,0.518,0.09575093067326121,0.9244238974008869,0.924,Yes,"Jiangsu Rijiu Optoelectronics Jointstock Co., Ltd"
000953.SZ,0.016512720455555685,0.17253085087649953,21.72,0.598,0.09570879858104779,0.6522609612099405,0.652,Yes,"Guangxi Chisage Fine Chemical Technology Co., Ltd."
300925.SZ,0.021398104976332242,0.22394835872825586,28.93,0.776,0.09554928242317327,3.2382035358496766,3.238,Yes,"Shenzhen Farben Information Technology Co.,Ltd."
300552.SZ,0.021092532796939616,0.22087135361482166,28.46,0.765,0.09549691461448169,1.7315084605673332,1.732,Yes,"Vanjee Technology Co., Ltd."
501093.SS,0.007239775260438787,0.07586532458842653,9.04,0.263,0.09542930580887854,1.1302445234570884,1.13,Yes,China Asset Management - Camc Xiangyang 2 Year Mixed Fund
002100.SZ,0.007325185108653003,0.0768227143582441,9.15,0.266,0.09535181319542783,0.554928317583619,0.555,Yes,TECON BIOLOGY Co.LTD
000528.SZ,0.010109238749980964,0.10606462810863437,12.83,0.367,0.09531206520261211,1.0643143929795176,1.064,Yes,"Guangxi Liugong Machinery Co., Ltd."
160926.SZ,0.005589852056592313,0.05867990976520122,6.92,0.203,0.09526006565039483,1.1391263323826681,1.139,Yes,Dacheng ChiNext 2-year Regular Open Mixed Fund
301156.SZ,0.010857978003490367,0.11408745496056892,13.84,0.395,0.095172409685562,1.0075389678260083,1.008,Yes,"Shanghai Menon Animal Nutrition Technology Co., Ltd."
301095.SZ,0.01742212810076046,0.1834638954833106,23.03,0.636,0.09496216165509973,2.97688463639089,2.977,Yes,Semitronix Corporation
002395.SZ,0.01533530851050828,0.16153766101998854,20.04,0.56,0.09493333265863434,0.8328944752831713,0.833,Yes,"Wuxi Double Elephant Micro Fibre Material Co.,Ltd"
000623.SZ,0.008229700866305137,0.08674705266479722,10.34,0.301,0.0948700919915499,1.5126028642152265,1.513,Yes,"Jilin Aodong Pharmaceutical Group Co., Ltd."
600617.SS,0.008925244478424361,0.09408654913264783,11.25,0.326,0.09486206647712325,0.30452803314464305,0.305,Yes,Shanxi Guoxin Energy Corporation Limited
589630.SS,0.018503681317156434,0.1951293408912542,24.61,0.676,0.09482777542649805,3.8098806667927905,3.81,Yes,Guotai SSE STAR Composite ETF
688558.SS,0.011196309641860079,0.11812788770186831,14.29,0.409,0.0947812566505665,2.064250814918065,2.064,Yes,"Nantong Guosheng Intelligence Technology Group Co., Ltd."
002762.SZ,0.013519586315299469,0.14278495980382835,17.49,0.495,0.09468494674701013,1.3113976089380213,1.311,Yes,"Jinfa Labi Maternity & Baby Articles Co., Ltd"
601162.SS,0.017923443188344768,0.18942521057834144,23.76,0.656,0.0946201571249255,2.3730029238754797,2.373,Yes,"Tianfeng Securities Co., Ltd."
688681.SS,0.010118412998939895,0.10696340743392714,12.84,0.371,0.09459695835877505,1.2259611206752734,1.226,Yes,"Shandong Kehui Power Automation Co.,Ltd."
600983.SS,0.00782554493276297,0.0827799302056579,9.81,0.287,0.09453432629528968,0.6539562940068926,0.654,Yes,"Whirlpool China Co., Ltd."
603429.SS,0.01839105503171978,0.1946785268741962,24.44,0.674,0.09446884218311513,0.9597150952925517,0.96,Yes,"Anhui Genuine NewMaterials Co.,Ltd."
159916.SZ,0.005351924392953686,0.056680068898698595,6.61,0.196,0.0944233925071423,1.0357412786845859,1.036,Yes,CCB Principal SZSE Fundamental 60 Exchange Trade Fund
159993.SZ,0.007860883983755593,0.08327367496856758,9.85,0.288,0.09439818750310655,1.5188706801497676,1.519,Yes,Penghua CNI Security Leader ETF
605018.SS,0.012407515671324983,0.13153089931917605,15.95,0.456,0.09433156570469883,1.0667025455627401,1.067,Yes,"Changhua Holding Group Co., Ltd."
001223.SZ,0.014019672937932274,0.14867433305973107,18.18,0.515,0.09429787004526034,2.1168790302124316,2.117,Yes,"OK Science and Technology Co., Ltd."
603338.SS,0.011868188162869229,0.1258910503301891,15.21,0.436,0.09427348593677748,0.9101081891300518,0.91,Yes,"Zhejiang Dingli Machinery Co.,Ltd"
300024.SZ,0.013909398237016092,0.14763862137947845,18.03,0.511,0.09421246356171596,2.010442710463373,2.01,Yes,"Siasun Robot&Automation Co.,Ltd."
603179.SS,0.016033026805697365,0.17021808543733363,21.03,0.59,0.09419108882880708,1.8624958545557735,1.862,Yes,"Jiangsu Xinquan Automotive Trim Co.,Ltd."
508018.SS,0.004217630155302648,0.04480234278871545,5.18,0.155,0.09413860733115413,0.2720444302937813,0.272,Yes,Huaxia Fund Management Co Ltd- China Communications Construction REIT
600847.SS,0.010808219292569837,0.11504923090466719,13.77,0.399,0.09394429851969903,1.2557922082607895,1.256,Yes,"Chongqing Wanli New Energy Co., Ltd."
000560.SZ,0.015371777969263693,0.16382615650162113,20.09,0.568,0.09382981507663939,1.691678028938527,1.692,Yes,"5i5j Holding Group Co., Ltd."
600320.SS,0.007213982516443857,0.07693059286757986,9.01,0.266,0.09377261044720192,0.7761651144654295,0.776,Yes,"Shanghai Zhenhua Heavy Industries Co., Ltd."
601033.SS,0.005898916419161747,0.06293148899008755,7.31,0.218,0.09373552912582278,0.5282386809546196,0.528,Yes,"Grandtop Yongxing Group Co.,Ltd"
301162.SZ,0.012707081598101072,0.13572323573428108,16.36,0.47,0.09362495323187692,1.4646165297260827,1.465,Yes,"State Power Rixin Technology Co., Ltd."
300917.SZ,0.01935284955331707,0.2067734928147269,25.86,0.716,0.09359444138547103,2.9153683569697897,2.915,Yes,"Shenzhen SDG Service Co.,Ltd."
301024.SZ,0.016805662407795286,0.17959648106456375,22.14,0.622,0.09357456397908911,1.410918566768784,1.411,Yes,"Shanghai HYP-ARCH Architectural Design Consultant Co.,Ltd."
300956.SZ,0.031145369988573174,0.33308191018084043,44.49,1.154,0.0935066391677152,1.1561012923693057,1.156,Yes,Anhui Shiny Electronic Technology Company Limited
600678.SS,0.016031405493885764,0.17154792834287474,21.03,0.594,0.09345146658864698,1.2222459384857747,1.222,Yes,"Sichuan Golden Summit (group) Joint-Stock Co., Ltd."
300839.SZ,0.011641911018774745,0.12464621441454835,14.9,0.432,0.09339963570859906,1.422263384002615,1.422,Yes,"Ningbo Bohui Chemical Technology Co.,Ltd"
600770.SS,0.021410350808855245,0.2292836122477408,28.94,0.794,0.0933793331279227,2.087449997148481,2.087,Yes,"Jiangsu Zongyi Co.,LTD"
300386.SZ,0.01679619086261603,0.17997606690280568,22.13,0.623,0.0933245800492276,2.1237522056394584,2.124,Yes,"Feitian Technologies Co., Ltd."
560520.SS,0.004278493553787742,0.045847556851683,5.26,0.159,0.09331999014971905,0.38969495547449884,0.39,Yes,DaCheng CSI Dividend Low Vltlty 100 ETF
301231.SZ,0.01669057124703799,0.17910542758238038,21.97,0.62,0.0931885285238555,1.2911129304776385,1.291,Yes,"Rongxin Education and Culture Industry Development Co., Ltd."
600538.SS,0.00994136393971348,0.10689176006218917,12.6,0.37,0.09300402513654596,0.9963457201303297,0.996,Yes,"Beihai Gofar Chuanshan Biological Co., Ltd."
515560.SS,0.007298284548473712,0.07855159840809549,9.12,0.272,0.09291070705598213,1.4062780765830039,1.406,Yes,CCB Principal CSI Security Agency ETF
002247.SZ,0.011739614322959906,0.12639625003003768,15.03,0.438,0.09287945109265522,0.5452693782914427,0.545,Yes,"Zhejiang Juli Culture Development Co.,Ltd."
000420.SZ,0.010157522877818579,0.10936722652888795,12.89,0.379,0.09287538141177604,1.0702623121470165,1.07,Yes,"Jilin Chemical Fibre Stock Co.,Ltd"
516730.SS,0.007782540285258012,0.08383582786849834,9.75,0.29,0.0928307202675377,1.5304134986500872,1.53,Yes,SPDB CSI Securities House 30 ETF
688501.SS,0.012097184446173173,0.13039342883701946,15.52,0.452,0.09277449449767604,1.6468003105393956,1.647,Yes,"Qingdao Daneng Environmental Protection Equipment Co., Ltd."
600281.SS,0.01393651844025126,0.15028802214167045,18.07,0.521,0.09273206368444896,1.1183367509877944,1.118,Yes,"Shanxi Huayang New Material Co.,Ltd."
605499.SS,0.008602237894625175,0.09277230087920545,10.83,0.321,0.09272420553442728,0.6696624740455259,0.67,Yes,"Eastroc Beverage (Group) Co., Ltd."
159568.SZ,0.009613848397339635,0.10390122470510733,12.17,0.36,0.0925287302880758,1.109502514826415,1.11,Yes,Bosera HK Equity Connect Internet ETF
600107.SS,0.015664701611398248,0.1693130822094135,20.5,0.587,0.09251914504765492,2.1824738902098955,2.182,Yes,"Hubei Mailyard Share Co.,Ltd"
688122.SS,0.011356503013148134,0.12278228558839933,14.51,0.425,0.09249300873269552,1.8604511438205384,1.86,Yes,"Western Superconducting Technologies Co., Ltd."
688293.SS,0.01386203825917388,0.14990596649348037,17.96,0.519,0.09247155789343955,1.3773777787773975,1.377,Yes,"Shanghai OPM Biosciences Co., Ltd."
513320.SS,0.008370278563097642,0.09053038137234456,10.52,0.314,0.09245822713008711,1.1502290935286485,1.15,Yes,E Fund HSSCNE ETF
513890.SS,0.008618828545693917,0.09323204437294928,10.85,0.323,0.09244491637678406,1.350779580778369,1.351,Yes,JPM Hangsheng Tech ETF (QDII)
301108.SZ,0.011880196676469373,0.12856318549198398,15.23,0.445,0.092407454210211,0.543367128613906,0.543,Yes,"Tongling Jieya Biologic Technology Co., Ltd."
603600.SS,0.008488851405697129,0.09189713381812362,10.68,0.318,0.09237340766794393,1.0864802073955033,1.086,Yes,"UE Furniture Co., Ltd."
002023.SZ,0.011435395483965018,0.1239030803943118,14.62,0.429,0.09229306848201653,1.6654522679173407,1.665,Yes,"Sichuan Haite High-tech Co.,Ltd"
002778.SZ,0.011329645557581093,0.12276231204057882,14.48,0.425,0.09228928137029631,0.9083170463087438,0.908,Yes,"Jiangsu Zhongsheng Gaoke Environmental Co.,Ltd."
688128.SS,0.007195906482605928,0.07802462709958093,8.99,0.27,0.0922260925825633,1.283061698238304,1.283,Yes,"China National Electric Apparatus Research Institute Co., Ltd."
002369.SZ,0.02185641361453704,0.23710206394784178,29.62,0.821,0.09218145658717278,1.6256160804346684,1.626,Yes,"Shenzhen Zowee Technology Co., Ltd."
000400.SZ,0.009734464384257166,0.10562141607876142,12.33,0.366,0.09216373672739077,0.8597990166844603,0.86,Yes,"XJ Electric Co., Ltd."
159720.SZ,0.007708820633203663,0.08377512269343801,9.65,0.29,0.09201801663022195,1.4184790408900851,1.418,Yes,Tai Kang CSI Smart Electric Car ETF
000997.SZ,0.012030277385010167,0.1308564312098166,15.43,0.453,0.09193493413954329,1.4043899405963425,1.404,Yes,"Newland Digital Technology Co.,Ltd."
002294.SZ,0.011560358416525418,0.12577407844475275,14.79,0.436,0.09191368014358695,0.25838005480741777,0.258,Yes,"Shenzhen Salubris Pharmaceuticals Co., Ltd."
002267.SZ,0.005897914509453108,0.06416829999388739,7.31,0.222,0.09191321119641532,0.555383002064398,0.555,Yes,"Shaanxi Provincial Natural Gas Co.,Ltd"
601199.SS,0.005167886098544399,0.05623683077147462,6.38,0.195,0.0918950450736591,0.606780010376279,0.607,Yes,"Jiangsu Jiangnan Water Co., Ltd."
300507.SZ,0.009156407372830324,0.09964742187215189,11.56,0.345,0.09188805089787508,1.420674331696032,1.421,Yes,"Jiangsu Olive Sensors High-Tech Co., Ltd."
301300.SZ,0.008844792476550433,0.09628437710337878,11.15,0.334,0.09186113825147293,1.2360710048897123,1.236,Yes,"Fujian Yuanxiang New Materials Co.,Ltd"
516100.SS,0.01192985098422935,0.12989181076360912,15.29,0.45,0.09184451978993931,2.0934694593068532,2.093,Yes,ChinaAMC CSI financial technology theme ETF
301141.SZ,0.015343374867290814,0.16706633679411986,20.05,0.579,0.09184001494088452,1.430734816107682,1.431,Yes,"Zhejiang Zhongke Magnetic Industry Co., Ltd."
501087.SS,0.004982252290040397,0.054299794004714456,6.15,0.188,0.09175453390500568,0.6313593355382148,0.631,Yes,BOCOM Schroders Ruifeng 3-year Closed Operation Mixed Fund
688595.SS,0.015355672271756741,0.16750050182688603,20.07,0.58,0.09167538069603536,1.9638161664254867,1.964,Yes,"Chipsea Technologies (Shenzhen) Corp., Ltd."
301399.SZ,0.01348456590260958,0.14755210811103517,17.44,0.511,0.09138850047782605,1.389859782986964,1.39,Yes,"Zhejiang Extek Technology Co., Ltd."
300047.SZ,0.015734504324060636,0.1722297338402833,20.6,0.597,0.09135765336926072,2.204584207232187,2.205,Yes,"Shenzhen Tianyuan DIC Information Technology Co., Ltd."
603680.SS,0.01101191479951793,0.12055777564547045,14.04,0.418,0.0913413899730628,1.1005615676952578,1.101,Yes,"KTK Group Co., Ltd."
600674.SS,0.005147906133294877,0.05638199901588973,6.36,0.195,0.09130407263219029,0.0012973522091583312,0.001,Yes,Sichuan Chuantou Energy Co.Ltd
512570.SS,0.007378743555742253,0.08083930060487629,9.22,0.28,0.09127668721192722,1.4620861436920987,1.462,Yes,E Fund CSI Security Agency ETF
000617.SZ,0.012949845579127846,0.14193726394831438,16.7,0.492,0.0912364041612318,1.2852599835824383,1.285,Yes,CNPC Capital Company Limited
159247.SZ,0.011050520177977826,0.12118513007622542,14.1,0.42,0.09118709672570431,1.8714110482885147,1.871,Yes,China Universal ChiNext ETF
159747.SZ,0.00810520878430554,0.08889414405892901,10.17,0.308,0.09117820830731548,1.1915514271932068,1.192,Yes,China Southern CSI HK Tech ETF(QDII)
300961.SZ,0.01393285589423721,0.1528385644211501,18.06,0.529,0.09116060430824849,1.133208709065375,1.133,Yes,"Hynar Water Group Co., Ltd."
002315.SZ,0.012530888033256663,0.13746122679987716,16.12,0.476,0.09115943691889022,1.1565241885638664,1.157,Yes,"Focus Technology Co., Ltd."
900923.SS,0.007331454960572998,0.08042552272401247,9.16,0.279,0.0911583128372265,0.7562057625730251,0.756,Yes,"Shanghai Bailian (Group) Co., Ltd."
300998.SZ,0.013356413914855647,0.1467069811855469,17.26,0.508,0.0910414337949139,2.2044053456300152,2.204,Yes,"Ningbo Fangzheng Automobile Mould Co.,Ltd."
301202.SZ,0.015111516241424353,0.16605448058912192,19.72,0.575,0.09100336340104932,2.560404164848011,2.56,Yes,"Suzhou Longway Electronic Machinery Co., Ltd."
600817.SS,0.008531528816955326,0.09404463984526786,10.73,0.326,0.09071786367614673,1.01896392344128,1.019,Yes,"Yutong Heavy Industries Co.,Ltd."
002889.SZ,0.01085477142862734,0.11968737773664537,13.83,0.415,0.09069269988111597,0.8352089022768681,0.835,Yes,"Shenzhen Easttop Supply Chain Management Co., Ltd."
603025.SS,0.010234134524579212,0.11288413529790799,13.0,0.391,0.09066052105170243,1.7396555077381328,1.74,Yes,"Beijing Dahao Technology Corp.,Ltd"
600288.SS,0.012057184525897198,0.13301929487022196,15.47,0.461,0.09064237288026965,1.8200556763079492,1.82,Yes,Daheng New Epoch Technology Inc.
600971.SS,0.007975824632391545,0.0880818984430972,10.0,0.305,0.09055009909378939,0.8699994855409818,0.87,Yes,"Anhui Hengyuan Coal Industry and Electricity Power Co.,Ltd"
002388.SZ,0.014690854117114219,0.16231710972302674,19.13,0.562,0.09050711993444358,1.211032015482262,1.211,Yes,"Sunyes Manufacturing (Zhejiang) Holding Co., Ltd."
000573.SZ,0.014962640393159057,0.1654245607210816,19.51,0.573,0.09044993275446689,0.6213017374304804,0.621,Yes,DongGuan Winnerway Industry Zone LTD.
002488.SZ,0.014200351579392543,0.1571093417902813,18.44,0.544,0.09038515098833524,0.8327128140507021,0.833,Yes,Zhejiang Jingu Company Limited
603900.SS,0.014873121057677853,0.16469054931448845,19.38,0.571,0.090309499358561,1.1423104078537945,1.142,Yes,Leysen Jewellery Inc.
515010.SS,0.007795284563470502,0.08637929559131537,9.77,0.299,0.09024482672736966,1.5750493783449657,1.575,Yes,ChinaAMC CSI Security Agency ETF
603006.SS,0.013979918349461308,0.1550027383201226,18.13,0.537,0.09019142823521603,1.4088057977592123,1.409,Yes,"Shanghai Lianming Machinery Co., Ltd."
688616.SS,0.00819151700739544,0.09091919524740691,10.29,0.315,0.09009667304142872,0.9155690306797901,0.916,Yes,"Hangzhou Xili Intelligent Technology Co.,Ltd"
600018.SS,0.004887576740207285,0.054264714865183805,6.03,0.188,0.09006914995038792,-0.028171201434307264,0.028,No,"Shanghai International Port (Group) Co., Ltd."
603799.SS,0.012127993187927946,0.13470798453742985,15.56,0.467,0.09003173219148024,2.0028360553143956,2.003,Yes,"Zhejiang Huayou Cobalt Co., Ltd"
516980.SS,0.0071842785247348915,0.07981280187857358,8.97,0.276,0.09001411246863608,1.3984577025586684,1.398,Yes,Harfor CSI Security Pioneer Strategy ETF
002074.SZ,0.01072009922697472,0.11913462751421838,13.65,0.413,0.08998306748132744,1.2816564206049903,1.282,Yes,"Gotion High-tech Co.,Ltd."
600713.SS,0.004348804822606796,0.048356491214343746,5.35,0.168,0.08993218311333623,0.7062498950653544,0.706,Yes,Nanjing Pharmaceutical Group Company Limited
159031.SZ,0.010585024661574327,0.11784119744817524,13.47,0.408,0.08982448320952831,-0.17905241700188798,0.179,No,Bosera CNI Grain Industry ETF
002749.SZ,0.007348863014183549,0.08183986884389394,9.18,0.284,0.08979563528139557,0.3615788850191648,0.362,Yes,"Sichuan Guoguang Agrochemical Co., Ltd."
512880.SS,0.007293341701743842,0.08127857762350509,9.11,0.282,0.08973264438174258,1.4569506352659085,1.457,Yes,Guotai CSI Security Agency ETF
166027.SZ,0.00779879011276427,0.08693534508531506,9.77,0.301,0.08970793300596935,1.6511898426854617,1.651,Yes,Lombarda China Chinext 2-Year Regular Open Mixed Fund
300106.SZ,0.011689016540142871,0.13037418521042488,14.96,0.452,0.0896574465357288,1.0246338985086658,1.025,Yes,"Xinjiang Western Animal Husbandry Co., Ltd"
516520.SS,0.007959514090073165,0.08878435991660888,9.98,0.308,0.08964995746490909,1.5461003989894766,1.546,Yes,Huatai-PB CSI Smart Car Theme ETF
001965.SZ,0.005712765315321867,0.06383620452606348,7.07,0.221,0.0894909927326494,-0.2264443050562711,0.226,No,"China Merchants Expressway Network & Technology Holdings Co.,Ltd."
688277.SS,0.01373368923699009,0.1537108111806879,17.78,0.532,0.08934758154939447,1.3474990712548276,1.347,Yes,"Tinavi Medical Technologies Co., Ltd."
605007.SS,0.00843764535923948,0.09458327494342539,10.61,0.328,0.08920864036782851,1.1453457889215972,1.145,Yes,"Wuzhou Special Paper Group Co., Ltd."
603271.SS,0.007749148995579569,0.08687723325265859,9.71,0.301,0.08919654442773628,1.697040988033987,1.697,Yes,"Yong Jie New Material Co.,Ltd."
588960.SS,0.009959881261346932,0.11168973445274213,12.63,0.387,0.08917454509269275,2.5195724658992558,2.52,Yes,Fullgoal SSE STAR New Energy ETF
600882.SS,0.011979573206593302,0.13439182753349946,15.36,0.466,0.08913914950376867,0.751612721071896,0.752,Yes,"Shanghai Milkground Food Tech Co., Ltd"
603577.SS,0.011168408437070692,0.12531222984063625,14.26,0.434,0.08912464849818673,1.0950656263943337,1.095,Yes,"Qingdao Huijintong Power Equipment Co.,Ltd."
002973.SZ,0.01125163456226846,0.12633740943594343,14.37,0.438,0.08906019691636427,0.8607160740944807,0.861,Yes,"QiaoYin City Management Co., Ltd."
600568.SS,0.008620594627238356,0.09689547260529979,10.85,0.336,0.08896798163474609,0.4804049409305338,0.48,Yes,"Zhongzhu Healthcare Holding Co.,Ltd"
300237.SZ,0.01472361841169413,0.16554970110763756,19.17,0.573,0.08893775291156271,1.533673318361541,1.534,Yes,"Shandong Meichen Technology Group Co., Ltd."
513070.SS,0.007710094021943811,0.08685555500098364,9.65,0.301,0.08876915266797264,1.1820319052674138,1.182,Yes,E Fund CSI HK Connect Consu Theme ETF
002578.SZ,0.010683240238990284,0.1203806540029244,13.6,0.417,0.08874549093852536,0.9476558288540355,0.948,Yes,Fujian Minfa Aluminium Inc.
161914.SZ,0.00852552964128196,0.09635402274044652,10.72,0.334,0.0884813046596673,1.749631488297657,1.75,Yes,"Wanjia Asset Management Co.,Ltd. - Wjnb Fund"
300708.SZ,0.008040440954779281,0.09091076562356892,10.09,0.315,0.08844322121399854,1.2425144205839995,1.243,Yes,"Focus Lightings Tech Co., Ltd."
300397.SZ,0.013616131816358425,0.15400355571069638,17.62,0.533,0.08841439896320986,1.781049211954618,1.781,Yes,"Xi'an Tianhe Defense Technology Co., Ltd."
600300.SS,0.005812520583783934,0.06586596227864087,7.2,0.228,0.08824771373102414,0.581295802243934,0.581,Yes,"V V Food & Beverage Co.,Ltd"
301032.SZ,0.01269009607140833,0.1438521052821569,16.34,0.498,0.08821626938665585,1.025684609210847,1.026,Yes,"Zhejiang Xinchai Co.,Ltd"
000681.SZ,0.009973899541800075,0.11307296344901267,12.65,0.392,0.08820764254841121,1.3332538727904144,1.333,Yes,"Visual China Group Co.,Ltd."
516860.SS,0.011560788915806293,0.13121713355262696,14.79,0.455,0.08810426354245601,2.0699196804928177,2.07,Yes,Bosera CSI Fintech Theme ETF
512900.SS,0.007152345932928132,0.08121093217062154,8.93,0.281,0.0880712207304958,1.466959318399789,1.467,Yes,China Southern CSI Security Age ETF
600775.SS,0.01567950988716169,0.17807107134896355,20.53,0.617,0.08805197704704522,1.6527237489864903,1.653,Yes,Nanjing Panda Electronics Company Limited
601818.SS,0.0050614977502351855,0.05754828984019072,6.25,0.199,0.0879521835364832,0.12376737369882268,0.124,Yes,China Everbright Bank Company Limited
688039.SS,0.01674495336672173,0.1904065543293926,22.05,0.66,0.08794315629363213,2.8600775531093103,2.86,Yes,"Hangzhou Arcvideo Technology Co., Ltd."
600336.SS,0.01187073148552731,0.13506095342375396,15.21,0.468,0.08789166065104598,1.4260328159554272,1.426,Yes,"AUCMA Co.,Ltd."
300960.SZ,0.011692213693128868,0.13307103941516188,14.97,0.461,0.08786445002996406,1.0262036201811755,1.026,Yes,"Shenzhen Tongye Technology Co.,Ltd."
603151.SS,0.013002592460020444,0.14801280688616747,16.77,0.513,0.08784775272872418,1.1798475339609926,1.18,Yes,"Shandong Teamgene Technology Co., Ltd."
600825.SS,0.01086777260169802,0.12382837350819041,13.85,0.429,0.08776480134400853,0.5566165217096205,0.557,Yes,"Shanghai Xinhua Media Co., Ltd."
688026.SS,0.011403534875531857,0.1301875590588086,14.58,0.451,0.08759312301400957,1.4314835381873647,1.431,Yes,"Guangzhou Jet Bio-Filtration Co., Ltd."
000524.SZ,0.008354138231941085,0.0954082100402738,10.5,0.331,0.08756204763106475,1.0683220799283992,1.068,Yes,Guangzhou Lingnan Group Holdings Company Limited
600692.SS,0.011753271326128356,0.1342702423733546,15.05,0.465,0.0875344463402916,0.9163030750498502,0.916,Yes,"Shang Hai Ya Tong Co.,Ltd."
200020.SZ,0.009363461915545363,0.10698543701371009,11.83,0.371,0.08752090169380197,0.637510443864185,0.638,Yes,"Shenzhen Zhongheng Huafa Co., Ltd."
159399.SZ,0.005258170290862386,0.060089181481121134,6.5,0.208,0.08750610611186976,0.31583397901463717,0.316,Yes,Guotai FTSE China A Free Cash Flow Focus ETF
000970.SZ,0.010522661382783217,0.12033803874438391,13.38,0.417,0.08744252019209764,1.6911571494043094,1.691,Yes,"Beijing Zhong Ke San Huan High-Tech Co., Ltd."
688623.SS,0.00811524609377677,0.09295781396827921,10.18,0.322,0.08730031126319306,1.3238758365085088,1.324,Yes,"Zhejiang Shuangyuan Technology Co., Ltd."
300560.SZ,0.013968040740278548,0.16029401838967,18.11,0.555,0.08714012463224083,1.8816123093408499,1.882,Yes,"Zhong Fu Tong Group Co., Ltd."
000599.SZ,0.014007290696130253,0.16080521523756175,18.17,0.557,0.08710719161338713,1.233275040636886,1.233,Yes,"Qingdao Doublestar Co.,Ltd"
600551.SS,0.00782342546447962,0.08994964845069203,9.8,0.312,0.08697560912390014,0.7708010680960791,0.771,Yes,"Time Publishing and Media Co., Ltd."
601333.SS,0.005572881327633579,0.06415439867787731,6.9,0.222,0.08686670660908719,0.3996869139046477,0.4,Yes,Guangshen Railway Company Limited
003030.SZ,0.007657006574937939,0.08828239058715615,9.59,0.306,0.0867331131838644,1.069011114425314,1.069,Yes,Zuming Bean Products Group Corp.
002965.SZ,0.014212780503392421,0.1640822184327976,18.45,0.568,0.08661987044753106,1.488281400187673,1.488,Yes,"Lucky Harvest Co., Ltd."
159842.SZ,0.007347245975532408,0.08486501917307375,9.18,0.294,0.08657567095517214,1.546232021945929,1.546,Yes,Yinhua CSI Security Enterprise ETF
603966.SS,0.007721051995342383,0.08919275891219196,9.67,0.309,0.08656590612858568,1.2634372142199533,1.263,Yes,"Eurocrane (China) Co., Ltd."
300637.SZ,0.01664192841121663,0.19246190478441413,21.9,0.667,0.08646868807548204,2.132158349675115,2.132,Yes,"Yangfan New Materials (Zhejiang) Co., Ltd."
300988.SZ,0.016736376307010876,0.19356357507932656,22.04,0.671,0.0864644926099962,1.3237933632772552,1.324,Yes,TianJin JinRong TianYu Precision Machinery Inc.
601798.SS,0.011719965416463697,0.1355474908531869,15.01,0.47,0.08646390532715749,1.736974815521788,1.737,Yes,Lanpec Technologies Limited
300072.SZ,0.019830843805360907,0.22937436794184732,26.57,0.795,0.08645623302769631,3.20057587575985,3.201,Yes,"Beijing Haixin Energy Technology Co.,Ltd."
603021.SS,0.017738175708718124,0.2053886996629306,23.49,0.711,0.08636393208501131,1.1148648689580059,1.115,Yes,"Shandong Huapeng Glass Co.,Ltd."
002594.SZ,0.00923210344054645,0.10697075793314957,11.66,0.371,0.08630492686904183,0.47496331314038054,0.475,Yes,BYD Company Limited
002797.SZ,0.007971102607221336,0.09242488601515428,10.0,0.32,0.08624411617791304,1.4322383140315271,1.432,Yes,"First Capital Securities Co., Ltd."
002884.SZ,0.005589578695762367,0.0649319679127935,6.92,0.225,0.08608361759910647,0.6059173453165692,0.606,Yes,"Guangdong Lingxiao Pump Industry Co.,Ltd."
301361.SZ,0.01334590887386616,0.15510311556919026,17.24,0.537,0.08604539518687268,1.2708397252540398,1.271,Yes,"SMARTGEN (Zhengzhou) Technology Co., Ltd."
605033.SS,0.012527520145615659,0.14572444380498273,16.11,0.505,0.08596718449226504,0.6099600390477421,0.61,Yes,"Shaanxi Meibang Pharmaceutical Group Co., Ltd."
516200.SS,0.006822827979465824,0.07936766011027739,8.5,0.275,0.08596483718917561,1.4279624604810623,1.428,Yes,Huaan CSI Security Enterprise ETF
000417.SZ,0.009273303266804053,0.10795633950000745,11.71,0.374,0.08589864485728893,1.3893426861707663,1.389,Yes,"Hefei Department Store Group Co.,Ltd"
002735.SZ,0.020447698761763968,0.23821724526599747,27.49,0.825,0.08583634966868883,2.1178282845092036,2.118,Yes,"Shenzhen Prince New Materials Co.,Ltd."
688511.SS,0.017888956710126098,0.2084451294219556,23.71,0.722,0.08582093887122434,1.440735875056604,1.441,Yes,"Sichuan Tianwei Electronic Co.,Ltd."
603101.SS,0.012559513604079288,0.14640015561406744,16.16,0.507,0.08578893616198081,1.215503233140856,1.216,Yes,"Xinjiang Winka Times Department Store Co.,Ltd."
002235.SZ,0.01754897475345885,0.20479673525456063,23.22,0.709,0.08568971928017124,1.4206645865047245,1.421,Yes,"Xiamen Annie Co., Ltd."
513260.SS,0.007972211682225864,0.0931006076431851,10.0,0.323,0.08563007142531173,1.359644624976777,1.36,Yes,China Universal Hangsheng Tech ETF(QDII)
300484.SZ,0.015148125176070474,0.17700994451070923,19.77,0.613,0.0855778200368511,1.324785651338058,1.325,Yes,"Shenzhen V&T Technologies Co., Ltd."
300770.SZ,0.0067867815227458245,0.07938375542284987,8.46,0.275,0.08549332903936054,1.1674536656237093,1.167,Yes,"Guangdong Southern New Media Co.,Ltd."
300462.SZ,0.013229641371526697,0.15475674647820054,17.08,0.536,0.08548668586406513,0.24589769162585323,0.246,Yes,"Shanghai Huaming Intelligent Terminal Equipment Co., Ltd."
001202.SZ,0.006920732123339303,0.08122034308216691,8.63,0.281,0.08520934362882356,1.1813555635240307,1.181,Yes,"Jushen Logistics Group Co., Ltd."
159841.SZ,0.0074295084603528405,0.08722171451411045,9.29,0.302,0.08517957370754181,1.5872730387108405,1.587,Yes,TianHong CSI Security Agency ETF
002917.SZ,0.012633661872398833,0.1483258342779908,16.26,0.514,0.0851750602576821,0.3395505240882312,0.34,Yes,Shenzhen King Explorer Science and Technology Corporation
512660.SS,0.007148368454088287,0.0839921428931734,8.92,0.291,0.08510758516043627,1.4936896605945686,1.494,Yes,Guotai CSI National Defense Ind ETF
002946.SZ,0.01086468891886726,0.1276823778088297,13.85,0.442,0.08509153029037594,1.2362338424109889,1.236,Yes,"New Hope Dairy Co., Ltd."
300717.SZ,0.008903648948307204,0.10464063766072634,11.22,0.362,0.08508786975453338,1.3304352672543447,1.33,Yes,"Jiangsu Huaxin New Material Co.,Ltd."
002651.SZ,0.013652280048703756,0.16047135443914287,17.67,0.556,0.08507611901463226,1.537735282760036,1.538,Yes,"Chengdu Leejun Industrial Co., Ltd."
301036.SZ,0.012084410500423208,0.14206138931885615,15.51,0.492,0.08506470729565938,0.7074706863739846,0.707,Yes,"Sunlour Pigment Co., Ltd."
512680.SS,0.007143085912989275,0.0840200177605076,8.92,0.291,0.08501647706562113,1.4600371436923132,1.46,Yes,GF National Defense Ind ETF
002204.SZ,0.006991745711523563,0.08235039167199296,8.72,0.285,0.08490239778545496,0.9877919703303619,0.988,Yes,"Dalian Huarui Heavy Industry Group Co., LTD."
002108.SZ,0.006694863852098153,0.07888614951443844,8.34,0.273,0.08486741834031081,0.9881811729558965,0.988,Yes,"Cangzhou Mingzhu Plastic Co.,Ltd."
600267.SS,0.006667565314410821,0.07859759920464807,8.3,0.272,0.08483166638525667,0.7574764129128793,0.757,Yes,"Zhejiang Hisun Pharmaceutical Co., Ltd."
600689.SS,0.008985327474259295,0.10593789837973709,11.33,0.367,0.08481693153899618,0.6486684861216535,0.649,Yes,"Shanghai Sanmao Enterprise (Group) Co., Ltd."
600157.SS,0.005721040192062825,0.06754714091340577,7.09,0.234,0.08469699997216901,0.832479594354885,0.832,Yes,"Wintime Energy Group Co.,Ltd."
600165.SS,0.01951120922291878,0.23067281982360713,26.1,0.799,0.0845839108302347,-0.22587679809810285,0.226,No,"Ningxia Zhongke Biotechnology Co., Ltd"
002780.SZ,0.008254371054200838,0.09773352711776405,10.37,0.339,0.08445792654402752,0.872873031335147,0.873,Yes,"Beijing Sanfo Outdoor Products Co., Ltd"
589100.SS,0.01785172980831981,0.21161980242172085,23.66,0.733,0.08435755824374351,3.7025414859999475,3.703,Yes,Guotai SSE STAR Chip ETF
300638.SZ,0.013265977258468155,0.1574192883328918,17.13,0.545,0.08427161244951652,1.4122637761508925,1.412,Yes,Fibocom Wireless Inc.
159848.SZ,0.007043577088024834,0.08384688760853164,8.79,0.29,0.0840052301155199,1.5214375175156345,1.521,Yes,CPIC CSI Securities Company ETF
300206.SZ,0.008614606094982945,0.1025509283158006,10.84,0.355,0.08400319954642131,1.469673161590144,1.47,Yes,"Edan Instruments, Inc."
600008.SS,0.004319601886709131,0.05145883793306056,5.31,0.178,0.08394285724695569,0.43507751845028625,0.435,Yes,"Beijing Capital Eco-Environment Protection Group Co., Ltd."
000565.SZ,0.010898360955420298,0.12998598446402546,13.89,0.45,0.08384258503220782,1.007365814364746,1.007,Yes,"Chongqing Sanxia Paints Co., Ltd"
601666.SS,0.008153289237893184,0.09732010057619886,10.23,0.337,0.08377806012961722,1.1554008313466815,1.155,Yes,"Pingdingshan Tianan Coal. Mining Co., Ltd."
301233.SZ,0.009127689021508002,0.10901276588544447,11.52,0.378,0.08373045989035623,1.2049126404616388,1.205,Yes,"Chengdu Shengbang Seals Co.,Ltd."
600908.SS,0.004685989585070065,0.05596586571262494,5.77,0.194,0.08372942195036905,0.5146228776573194,0.515,Yes,"Wuxi Rural Commercial Bank Co.,Ltd"
300564.SZ,0.011368269923950151,0.1358442327626475,14.53,0.471,0.08368606964576294,0.9846251749641106,0.985,Yes,"Zhubo Design Co., Ltd"
000676.SZ,0.014271271350462187,0.17056522159937448,18.54,0.591,0.08367046468583561,0.7711442720406764,0.771,Yes,"Genimous Technology Co., Ltd."
516000.SS,0.008809444360214204,0.10540586369782873,11.1,0.365,0.08357641644556507,1.8649454268883665,1.865,Yes,ChinaAMC CSI Big Data Industry ETF
688709.SS,0.013106995234798502,0.1568902468042408,16.91,0.543,0.0835424476777878,2.03245392017172,2.032,Yes,"Chengdu Sino-Microelectronics Tech. Co., Ltd."
301082.SZ,0.01419807660025533,0.17009822133755317,18.43,0.589,0.08346987104632805,1.0290914362142103,1.029,Yes,"Jiusheng Electric Co., Ltd."
002172.SZ,0.008814394571327773,0.1056220402781468,11.11,0.366,0.08345222785051115,1.1039876116612704,1.104,Yes,Jiangsu Aoyang Health Industry Co.ltd.
605286.SS,0.01020239656566091,0.12239098428924441,12.95,0.424,0.08335905315991061,1.0023070179043163,1.002,Yes,"Jiangsu Tongli Tianqi Technology Co., Ltd."
560090.SS,0.00731186339772506,0.08782709433159401,9.14,0.304,0.08325293525160796,1.6058683957245867,1.606,Yes,China Universal CSI Security Company ETF
300287.SZ,0.019145469840695668,0.2305326703582252,25.56,0.799,0.0830488355986398,2.020795379189703,2.021,Yes,"Beijing Philisense Technology Co., Ltd."
002570.SZ,0.013724510780157925,0.16529189789007506,17.77,0.573,0.08303196318361114,1.0027667106718534,1.003,Yes,"Beingmate Co., Ltd."
600960.SS,0.010400100862226471,0.12546688944073361,13.22,0.435,0.08289119869460965,1.3938010312574582,1.394,Yes,"Bohai Automotive Systems CO., LTD."
300771.SZ,0.00983964278238074,0.11871753429080922,12.47,0.411,0.08288280952902588,1.113169194276702,1.113,Yes,"Shenzhen Zhilai Sci and Tech Co., Ltd."
300696.SZ,0.01382410458846436,0.16682196834587432,17.91,0.578,0.08286741084245362,2.5115646171276724,2.512,Yes,Chengdu ALD Aviation Manufacturing Corporation
517050.SS,0.007811693960994805,0.09435015358009588,9.79,0.327,0.08279471378245601,1.4164662299394402,1.416,Yes,Huatai-PB CSI SHS Internet ETF
513730.SS,0.004289045323013253,0.05180813877540467,5.27,0.179,0.08278709531733708,0.343820546395595,0.344,Yes,"Huatai-Pinebridge Fund Management Co., Ltd. - Csop Iedge Southeast Asia+ Tech ETF"
688321.SS,0.012016476600571716,0.14527824031124156,15.41,0.503,0.08271353352592808,1.6265284468638381,1.627,Yes,"Shenzhen Chipscreen Biosciences Co., Ltd."
000409.SZ,0.008443048990488533,0.10217005066106004,10.62,0.354,0.08263722035822013,0.993024255072991,0.993,Yes,"Yunding Technology Co.,Ltd."
000755.SZ,0.004644635589828166,0.05625163343067285,5.72,0.195,0.08256890167558303,0.4523423316724637,0.452,Yes,"Shanxi Hi-speed Group Co., Ltd."
002765.SZ,0.010773790901631906,0.13066984571778226,13.72,0.453,0.08245047541343925,0.9147203188407739,0.915,Yes,"Landai Technology Group Corp., Ltd."
159790.SZ,0.005624417626295887,0.06828385945772449,6.96,0.237,0.08236818584892737,1.0927614320537864,1.093,Yes,ChinaAMC CSI mainland low carbon economy theme ETF
300665.SZ,0.0087099375659315,0.10582876051106045,10.97,0.367,0.0823021787637889,1.117660611029515,1.118,Yes,"Zhuzhou Feilu High-Tech Materials Co., Ltd."
200625.SZ,0.006248045835479865,0.07598422590707615,7.76,0.263,0.0822281961932576,0.5105772386775284,0.511,Yes,Chongqing Changan Automobile Company Limited
000423.SZ,0.007394216913105859,0.09004810491511886,9.24,0.312,0.08211407580510212,0.5618556072215959,0.562,Yes,"Dong-E-E-Jiao Co., Ltd."
300424.SZ,0.012486090127701245,0.15208214798043881,16.06,0.527,0.08210095855108016,1.4032907102173189,1.403,Yes,"Guangzhou Hangxin Aviation Technology Co., Ltd."
600130.SS,0.013829002751704171,0.16847899877613615,17.92,0.584,0.082081463281244,1.5751529461173508,1.575,Yes,"Ningbo Bird Co.,Ltd."
300149.SZ,0.015254736301940453,0.18590551096506866,19.92,0.644,0.08205639640670358,2.01877929594544,2.019,Yes,"ChemPartner PharmaTech Co.,Ltd."
688716.SS,0.012694884006268455,0.15476292453052548,16.34,0.536,0.08202794076668221,1.677054541636367,1.677,Yes,"Jilin Joinature Polymer Co.,Ltd."
300410.SZ,0.012552945740123866,0.15320360318305945,16.15,0.531,0.0819363610209914,1.9376821338471302,1.938,Yes,"Guangdong Zhengye Technology Co.,Ltd."
688098.SS,0.012927150744287123,0.15895799064435848,16.66,0.551,0.0813243215511539,1.9800124965513473,1.98,Yes,Shanghai Shen Lian Biomedical Corporation
301035.SZ,0.010678083647732642,0.13133069886778695,13.59,0.455,0.08130683640450635,1.9656390689999992,1.966,Yes,"Shandong Weifang Rainbow Chemical Co., Ltd"
300415.SZ,0.00866661752425152,0.10670974506544728,10.91,0.37,0.08121673909853412,1.6902558131167176,1.69,Yes,"Yizumi Holdings Co., Ltd."
513230.SS,0.007844688066458645,0.09660543404776091,9.83,0.335,0.08120338305793748,1.3989390924177565,1.399,Yes,ChinaAMC CSI HK Stock Connect Consumer Thematic Index ETF
301020.SZ,0.008432351924190052,0.10398198256955664,10.6,0.36,0.08109435611644931,1.663363118591169,1.663,Yes,"Yantai Ishikawa Sealing Technology Co., Ltd."
300272.SZ,0.007615080013599778,0.09397152474628694,9.53,0.326,0.08103603760990023,0.7493054512952199,0.749,Yes,"Canature Health Technology Co., Ltd."
002178.SZ,0.01278692156386511,0.15785826716135348,16.47,0.547,0.08100254610545717,0.5658572382800645,0.566,Yes,"Shanghai Yanhua Smartech Group Co., Ltd."
002065.SZ,0.012206978024799978,0.15073630396862667,15.67,0.522,0.08098233606245689,1.5585930773902708,1.559,Yes,"DHC Software Co.,Ltd."
688636.SS,0.013385437366914171,0.16569448299154893,17.3,0.574,0.08078384461115028,2.3432425975345836,2.343,Yes,"Chengdu Zhimingda Electronics Co., Ltd."
159586.SZ,0.008372330925717165,0.10378746536541497,10.52,0.36,0.08066803535706221,1.6608949866130154,1.661,Yes,China Southern CSI All Index Cmptr ETF
600121.SS,0.008602089072775427,0.10668239493753907,10.83,0.37,0.08063269556154808,0.8337572834490229,0.834,Yes,"Zhengzhou Coal Industry & Electric Power Co., Ltd."
605218.SS,0.013299434596667428,0.16502555128529398,17.18,0.572,0.08059015402818162,1.7865936012075854,1.787,Yes,"Ways Electron Co.,Ltd."
300930.SZ,0.012361990479264734,0.15379828119596692,15.89,0.533,0.08037794950070551,1.1442723214986334,1.144,Yes,"Hangzhou Yitong New Material Co., LTD"
002366.SZ,0.011348950269483396,0.1412568674203742,14.5,0.489,0.08034264440899302,1.2574433158564924,1.257,Yes,"RongFa Nuclear Equipment Co., Ltd."
002310.SZ,0.014909251947604158,0.18617303028391244,19.43,0.645,0.08008276990962473,-0.47020209414890624,0.47,No,"Beijing Orient EcoEnergy Co., Ltd."
688193.SS,0.010370209834941673,0.12966587020871131,13.18,0.449,0.07997640256645557,1.384989628458709,1.385,Yes,"Shanghai Rendu Biotechnology Co., Ltd."
600406.SS,0.004873323850602558,0.06097182454021998,6.01,0.211,0.0799274728508063,0.47646455320656506,0.476,Yes,"NARI Technology Co., Ltd."
159741.SZ,0.00749255796918146,0.09375980572109564,9.37,0.325,0.07991225996637981,1.3587769211048373,1.359,Yes,Harvest Hang Seng Technology ETF(QDII)
600797.SS,0.010573862352912577,0.13241815881289162,13.45,0.459,0.07985205690598346,1.3786308308430297,1.379,Yes,"Insigma Technology Co., Ltd."
513590.SS,0.006558184800624803,0.08238765485756398,8.16,0.285,0.07960154724591846,1.1044584237845925,1.104,Yes,Penghua CSI HK Consumption Theme ETF
001380.SZ,0.009169947917141706,0.11524585569938137,11.58,0.399,0.07956856983266714,0.7965781500720174,0.797,Yes,Hwaway Technology Corporation Limited
513010.SS,0.007439812347261514,0.09361441572406312,9.3,0.324,0.07947293469406494,1.3686285801044178,1.369,Yes,E Fund Hangsheng Technology ETF(QDII)
002846.SZ,0.01600862905938578,0.20149463706415416,21.0,0.698,0.07944940516847986,1.2332050191370374,1.233,Yes,"Guangdong Enpack Packaging Co., Ltd."
159740.SZ,0.007528146922560088,0.09497875523037247,9.42,0.329,0.07926137697109684,1.392004926645506,1.392,Yes,DaCheng Hang Seng Technology ETF(QDII)
000063.SZ,0.010149701843499163,0.12805530203813012,12.88,0.444,0.07926030146316752,2.0005375570686867,2.001,Yes,ZTE Corporation
300923.SZ,0.008758035707954134,0.1104983745604076,11.03,0.383,0.07925940759577656,1.0396315626077008,1.04,Yes,"Yeal Electric Co., Ltd."
000753.SZ,0.010676639638717574,0.13475185748793894,13.59,0.467,0.07923185503897928,1.07630917208975,1.076,Yes,"Fujian Zhangzhou Development Co.,LTD."
002833.SZ,0.006280409154829905,0.07928721846056415,7.8,0.275,0.07921086496373501,1.424483835558885,1.424,Yes,"Guangzhou KDT Machinery Group Co., Ltd."
000796.SZ,0.010485066802566726,0.13258052708953538,13.33,0.459,0.07908451589942665,0.6809608250411541,0.681,Yes,"Caissa Tourism Group Co., Ltd."
300674.SZ,0.013924869370364598,0.17643660953573823,18.05,0.611,0.07892278936330409,1.6384271004486093,1.638,Yes,"Yusys Technologies Co., Ltd."
563600.SS,0.003826456797778664,0.04855391518044599,4.69,0.168,0.07880840882878348,1.1470099444315363,1.147,Yes,E Fund CSI A500 Enh Stgy ETF
002458.SZ,0.006721881976229626,0.08535125119336184,8.37,0.296,0.07875551772523304,1.077249514996321,1.077,Yes,"Shandong Yisheng Livestock & Poultry Breeding Co., Ltd."
000820.SZ,0.013461757753983509,0.17109838263851046,17.41,0.593,0.07867846291934244,0.4690685126424896,0.469,Yes,"Shenwu Energy Saving Co., Ltd."
002857.SZ,0.011976476202671787,0.15238417279386912,15.36,0.528,0.0785939640783589,1.3690129901537076,1.369,Yes,"SMS Electric Co.,Ltd.Zhengzhou"
300487.SZ,0.008731309415489838,0.11110895271614851,11.0,0.385,0.07858331126381712,1.821550054845659,1.822,Yes,"Sunresin New Materials Co.,Ltd"
603889.SS,0.007072150091406655,0.09000556402006767,8.82,0.312,0.07857458778692666,0.8577797943980109,0.858,Yes,Zhejiang Xinao Textiles Inc.
562580.SS,0.004469479848174035,0.056981175185806164,5.5,0.197,0.07843783203136478,0.9740138231076386,0.974,Yes,ChinaAMC CSI All Index Cnsmr Optnl ETF
508089.SS,0.0034103588359325064,0.04363538934298824,4.17,0.151,0.07815580168486605,0.012305011067105496,0.012,Yes,China TBEA New Energy Close-end Infrastructure Fund
516550.SS,0.004720666707970493,0.06054258206338927,5.81,0.21,0.07797266893948894,1.0006447263287834,1.001,Yes,Harvest CSI Grand Agriculture ETF
300466.SZ,0.012090131073197107,0.15523132626338204,15.51,0.538,0.07788460850153209,1.6724650640204337,1.672,Yes,"Saimo Technology Co.,Ltd."
603059.SS,0.008481885803887616,0.10898142953971844,10.67,0.378,0.07782872586376177,0.8173129103930568,0.817,Yes,"Perfect Group Corp., Ltd"
688130.SS,0.012021831400173441,0.1545055213704267,15.42,0.535,0.07780842583192302,2.037600410175738,2.038,Yes,Hangzhou SDIC Microelectronics Inc.
002820.SZ,0.014925461866779623,0.19190575852287775,19.46,0.665,0.07777495569524719,1.224019830173832,1.224,Yes,"Tianjin Guifaxiang 18th Street Mahua Food Co.,Ltd."
300388.SZ,0.007628703477154323,0.0981677430215482,9.55,0.34,0.07771089812546463,0.7605052648326136,0.761,Yes,"CECEP Guozhen Environmental Protection Technology Co., Ltd."
002057.SZ,0.009598327774033641,0.1238542232992795,12.15,0.429,0.07749697602834572,1.7258248393421,1.726,Yes,"Sinosteel New Materials Co., Ltd."
601555.SS,0.006510495933245565,0.08401044442956464,8.1,0.291,0.07749626820155728,1.5177572066151732,1.518,Yes,"Soochow Securities Co., Ltd."
520900.SS,0.004321781600872757,0.05581885909281569,5.31,0.193,0.0774251152945726,0.2045094543329411,0.205,Yes,GF CSI China Rfm HKC C-SOEs HiDiv ETF
300879.SZ,0.013048890217045939,0.16861234914615325,16.83,0.584,0.07738988444870759,0.6803199353142765,0.68,Yes,"Ningbo Daye Garden Machinery Co.,Ltd."
688004.SS,0.01144434438818958,0.14799020037810343,14.63,0.513,0.07733177169130234,1.0524025848955025,1.052,Yes,"Beijing Bohui Science & Technology Co., Ltd"
300640.SZ,0.00789819043669751,0.10217079206755766,9.9,0.354,0.07730379961696927,0.857815100287125,0.858,Yes,"Profit Cultural and Creative Group Co., Ltd."
000686.SZ,0.006645172518564773,0.08596890442775733,8.27,0.298,0.0772973968064109,1.5359688223162615,1.536,Yes,"Northeast Securities Co., Ltd."
562010.SS,0.0057585449818849015,0.07461906427836064,7.13,0.258,0.0771725702751122,1.2561142646045524,1.256,Yes,Hwabao WP CSI Green Energy ETF
002843.SZ,0.01328488515169322,0.17229689544916563,17.16,0.597,0.07710461129935324,1.226427650412232,1.226,Yes,"Bichamp Cutting Technology (Hunan) Co., Ltd."
300892.SZ,0.017268566936896417,0.2240190191154202,22.81,0.776,0.07708527162151005,2.7033897622205485,2.703,Yes,"Pinlive Foods Co., Ltd."
601628.SS,0.006633554096099049,0.0862959333649478,8.26,0.299,0.07686983427186043,1.078685841943171,1.079,Yes,China Life Insurance Company Limited
300585.SZ,0.011838047865171683,0.15414559484761992,15.17,0.534,0.0767978343907534,1.458989799196375,1.459,Yes,"NanJing AoLian AE&EA Co.,Ltd"
159666.SZ,0.0034373976984425213,0.04487941655517082,4.2,0.155,0.07659185351077116,0.5708268582076713,0.571,Yes,ChinaAMC CSI All-Refers To Transport ETF
300619.SZ,0.014421836221757273,0.1884590679462277,18.75,0.653,0.07652503208745678,2.676051222606829,2.676,Yes,"Foshan Golden Milky Way Intelligent Equipment Co., Ltd."
603638.SS,0.00777061081355194,0.10161353131745936,9.73,0.352,0.07647220515617278,1.4170818893022372,1.417,Yes,"Yantai Eddie Precision Machinery Co., Ltd."
300590.SZ,0.010504617064316529,0.13746947549710237,13.36,0.476,0.0764141786846197,2.430253393799157,2.43,Yes,"Queclink Wireless Solutions Co., Ltd."
002839.SZ,0.004551119559471641,0.05958284449349182,5.6,0.206,0.07638305284281545,0.4630727754000142,0.463,Yes,"Jiangsu Zhangjiagang Rural Commercial Bank Co., Ltd"
002869.SZ,0.014035235309426354,0.18408744763156634,18.21,0.638,0.07624221797847158,0.4853488333491257,0.485,Yes,"Shenzhen Genvict Technologies Co., Ltd."
301314.SZ,0.010482462833795047,0.13769751361036198,13.33,0.477,0.07612674012006433,1.2575337835157585,1.258,Yes,"Zhuhai Kles Technologyco.,Ltd"
512030.SS,0.0026891042883620425,0.03532666070752089,3.28,0.122,0.07612110045231486,0.42632944998785505,0.426,Yes,"E Fund Management Co., Ltd. - Csi A50 Enhanced Fund"
159742.SZ,0.007147490096099517,0.09404775187331624,8.92,0.326,0.07599852153539295,1.382873341443715,1.383,Yes,Bosera Hangsheng Technology ETF(QDII)
600299.SS,0.007793338451262555,0.10268551328392943,9.76,0.356,0.07589520860370705,0.5724199003467257,0.572,Yes,Bluestar Adisseo Company
605259.SS,0.0064932133366328625,0.08556567673739394,8.08,0.296,0.07588572409192663,0.8288205876266829,0.829,Yes,"Lutian Machinery Co., Ltd."
603355.SS,0.007575661382255913,0.09986815348301482,9.48,0.346,0.07585662814467027,1.1558481919151575,1.156,Yes,"Kingclean Electric Co.,Ltd"
300767.SZ,0.013675151326032111,0.18060599186758022,17.7,0.626,0.07571814857648074,2.664202784377446,2.664,Yes,"QuakeSafe Technologies Co., Ltd."
159119.SZ,0.0049855451783275915,0.0658596634726991,6.15,0.228,0.07569952404014722,0.04472970464746134,0.045,Yes,CMF CSI 800 Free Cash Flow ETF
603089.SS,0.00776474364157664,0.10262158935322808,9.73,0.355,0.0756638412103524,0.9860514010664594,0.986,Yes,"ADD Industry (Zhejiang) CO., LTD"
600757.SS,0.004748778587751602,0.06287756982783006,5.85,0.218,0.07552420681579457,0.1940175153601715,0.194,Yes,"Changjiang Publishing & Media Co.,Ltd"
600211.SS,0.0055499812779407865,0.07350436406331357,6.87,0.255,0.07550546622184591,1.0809004327199305,1.081,Yes,Tibet Rhodiola Pharmaceutical Holding Co.
513180.SS,0.007102629224083682,0.09416003323404992,8.86,0.326,0.07543146471103035,1.374397840413008,1.374,Yes,ChinaAMC Hangsheng Tech ETF (QDII)
180605.SZ,0.003833603904639788,0.05084516270221224,4.7,0.176,0.0753976130844988,0.15843673069066994,0.158,Yes,"E Fund Management Co., Ltd. - E Fund Huawei Farmers Market Close-end Infrastructure Fund"
002284.SZ,0.00849647583962129,0.11270021208041976,10.69,0.39,0.07539006078851422,1.468773023848618,1.469,Yes,"Zhejiang Asia-Pacific Mechanical & Electronic Co.,Ltd"
688621.SS,0.009504032579298872,0.12608007811813055,12.02,0.437,0.07538092235629869,1.3965184309657381,1.397,Yes,"Beijing Sun-Novo Pharmaceutical Research Co., Ltd."
002892.SZ,0.009838186888492566,0.13059615220555487,12.47,0.452,0.07533290010725217,1.6118683566725382,1.612,Yes,"Keli Motor Group Co., Ltd."
688798.SS,0.010520962020120695,0.13967067687935086,13.38,0.484,0.07532692083399026,1.7740048601962595,1.774,Yes,"Shanghai Awinic Technology Co.,Ltd."
002686.SZ,0.008648703986424129,0.1148166315516493,10.89,0.398,0.07532622991586008,0.9454939010156267,0.945,Yes,"Zhejiang Yilida Ventilator Co.,Ltd."
002496.SZ,0.010784777746923884,0.1432696917869326,13.74,0.496,0.07527605882591525,1.1650491854090266,1.165,Yes,"Jiangsu Huifeng Bio Agriculture Co., Ltd."
688070.SS,0.016401922784726887,0.2184772986287005,21.56,0.757,0.07507380806919328,1.604509302021788,1.605,Yes,"Chengdu JOUAV Automation Tech Co.,Ltd."
603219.SS,0.007532520586148785,0.10042044445857948,9.42,0.348,0.07500983118288956,0.8645246165642824,0.865,Yes,"Ningbo Fujia Industrial Co., Ltd."
000020.SZ,0.009391024320523312,0.12521872012225194,11.87,0.434,0.07499696779646675,0.9467619506152432,0.947,Yes,"Shenzhen Zhongheng Huafa Co., Ltd."
002286.SZ,0.007543573590550674,0.10060797119971866,9.44,0.349,0.0749798798305533,0.9673618238559927,0.967,Yes,"Baolingbao Biology Co.,Ltd."
000166.SZ,0.004565110828143904,0.06090441821118098,5.62,0.211,0.07495533102893724,0.926870975207076,0.927,Yes,"Shenwan Hongyuan Group Co., Ltd."
002467.SZ,0.014545067620568964,0.19428279128972065,18.92,0.673,0.07486544497334764,1.338832288608575,1.339,Yes,NET263 Ltd.
600137.SS,0.0068151545105052695,0.09111344923829226,8.49,0.316,0.07479855682646096,0.6695151013823214,0.67,Yes,Sichuan Langsha Holding Ltd.
300546.SZ,0.012866664445425531,0.17235709179944567,16.58,0.597,0.07465120414306568,1.7474479975064572,1.747,Yes,"Shenzhen Emperor Technology Co., Ltd."
301287.SZ,0.007618730296843858,0.1021604904596207,9.54,0.354,0.07457609358145348,1.239118127043147,1.239,Yes,"Jiangsu Kangliyuan Sports Tech. Co., Ltd."
688597.SS,0.006842920794625614,0.09179025333146072,8.53,0.318,0.07454953599392923,1.2458135379260353,1.246,Yes,"Beijing Yupont Electric Power Technology Co., Ltd."
001234.SZ,0.007642186093003581,0.10255286574546955,9.57,0.355,0.07451947868498436,0.9387713392478771,0.939,Yes,"Jiiangsu Times Textile Technology Co.,LTD"
603086.SS,0.011373024963133601,0.1530267597362565,14.53,0.53,0.07432049781838908,0.8369628312313814,0.837,Yes,"Shandong Cynda Chemical Co.,Ltd."
520660.SS,0.004032418047689057,0.054264973523737936,4.95,0.188,0.0743097763776683,0.15967104915176422,0.16,Yes,China Southern CNRfm HKC C-SOE HiDiv ETF
300966.SZ,0.008903629878859218,0.11991720175934306,11.22,0.415,0.07424814578918836,1.306273061043576,1.306,Yes,"Hubei Goto Biopharm Group Co., Ltd."
513580.SS,0.007454693249112599,0.10044939128066036,9.32,0.348,0.0742134238353305,1.5693022671974797,1.569,Yes,Huaan Hangsheng Technology ETF(QDII)
603895.SS,0.010854998472164442,0.14653070060376638,13.83,0.508,0.07408002846800986,1.547881023811557,1.548,Yes,"Shanghai Tianyong Engineering Co., Ltd."
002983.SZ,0.008243339028190336,0.11129385035479822,10.35,0.386,0.07406823469500838,1.6407153971477757,1.641,Yes,"Anhui Coreach Technology Co.,Ltd"
513130.SS,0.006891765111378512,0.09314819198760525,8.59,0.323,0.07398710553926331,1.3418715546404882,1.342,Yes,Huatai-PB CSOP HS Tech Id ETF(QDII)
159527.SZ,0.012078212880496998,0.1632912738620017,15.5,0.566,0.0739672892178204,2.619254588552308,2.619,Yes,GF CSI Cloud Computing And Big Data ETF
515250.SS,0.006716533255556393,0.0908197228915671,8.36,0.315,0.07395456671427528,1.6156943644530757,1.616,Yes,Fullgoal CSI Smart Car Theme ETF
002688.SZ,0.006956212084548858,0.09411794413448529,8.67,0.326,0.0739095201081859,0.6321705042304054,0.632,Yes,"Jinhe Biotechnology CO., LTD."
601003.SS,0.012265358877833763,0.16617923879368815,15.75,0.576,0.07380800975422225,1.063811289046388,1.064,Yes,"Liuzhou Iron&Steel Co., Ltd"
515400.SS,0.00774551357354566,0.10501715547428615,9.7,0.364,0.07375474548481917,1.8644956102254393,1.864,Yes,Fullgoal CSI Big data Industry ETF
159805.SZ,0.006577457934667875,0.08918140221645575,8.18,0.309,0.07375369495428502,1.4874042036505586,1.487,Yes,Penghua CSI Medium ETF
512580.SS,0.005093163553535524,0.06907960428833403,6.29,0.239,0.07372890458777054,1.1443728126209884,1.144,Yes,GF CSI Envirnmt Protect Inds ETF
516960.SS,0.005064615254662868,0.06873017338400707,6.25,0.238,0.07368838175870747,1.2329499389147804,1.233,Yes,Guotai CSI Machinery Sub-industry ETF
300327.SZ,0.009772916744701153,0.1330427095512437,12.38,0.461,0.07345698819323088,2.2569798618127592,2.257,Yes,Sino Wealth Electronic Ltd.
605151.SS,0.007160500717048609,0.09750631048570443,8.94,0.338,0.0734362799841393,1.336043392123323,1.336,Yes,"West Shanghai Automotive Service Co.,Ltd."
300348.SZ,0.012427758883408068,0.16958516364440643,15.98,0.587,0.07328329092200031,1.6603618353628338,1.66,Yes,"Shenzhen Sunline Tech Co., Ltd."
300817.SZ,0.011242446363580075,0.15346805927343415,14.36,0.532,0.07325593623067456,0.8426796577977071,0.843,Yes,"SF Oilless Bearing Group Co., Ltd."
159735.SZ,0.00600961577912124,0.08209313275036086,7.45,0.284,0.07320485377742907,1.1057686379156528,1.106,Yes,Yinhua CSI HK Connect ConsuTheme ETF
688176.SS,0.00899823580505097,0.12294924020848452,11.35,0.426,0.07318659139164015,0.9602238413995372,0.96,Yes,"Jiangsu Yahong Meditech Co., Ltd."
605398.SS,0.011337336620491792,0.1549164086861424,14.49,0.537,0.07318357504311253,1.2294506800242009,1.229,Yes,"Shanghai New Centurion Network Information Technology Co., Ltd."
300310.SZ,0.011897973438318023,0.1625808423246132,15.25,0.563,0.07318189073324036,2.1511690546801825,2.151,Yes,"Eastone Century Technology Co.,Ltd."
688316.SS,0.020226382962126824,0.2767035269051044,27.16,0.959,0.07309766951060032,2.1168760431499147,2.117,Yes,QingCloud Technologies Corp.
300867.SZ,0.0073881131831304864,0.10113746142972596,9.24,0.35,0.07305021382471637,0.7840980322128956,0.784,Yes,"Shengyuan Environmental Protection Co.,Ltd."
600256.SS,0.0064216545105498755,0.08800497696597911,7.98,0.305,0.0729692198321051,0.6485525250576796,0.649,Yes,"Guanghui Energy Co., Ltd."
300752.SZ,0.010527600776062698,0.14435706511295138,13.39,0.5,0.07292750630407618,1.798793459427649,1.799,Yes,"Shenzhen Longli Technology Co.,Ltd"
300935.SZ,0.009263189238735967,0.12709732850816563,11.7,0.44,0.07288264314808815,1.632747366445647,1.633,Yes,"Beijing YJK Building Software Co.,Ltd."
002442.SZ,0.00720076340956017,0.09891052854124396,8.99,0.343,0.07280077779139131,0.9289824668775688,0.929,Yes,"Longxing Technology Group Co., Ltd."
002211.SZ,0.009942715843952683,0.13667253772096133,12.61,0.473,0.07274845414996475,1.1737336084687544,1.174,Yes,"Shanghai Hongda New Material Co., Ltd."
688522.SS,0.012906907799813863,0.17752281787152796,16.64,0.615,0.0727056271107329,1.5529924601869955,1.553,Yes,"Guangdong Naruida Technology Co., Ltd."
600854.SS,0.005880461393485168,0.08088211218014833,7.29,0.28,0.07270410273643256,0.7893948990231293,0.789,Yes,"Jiangsu chunlan refrigerating equipment stock co.,ltd."
688518.SS,0.011935991063951485,0.16428540847516593,15.3,0.569,0.07265399389231686,2.4286581479753675,2.429,Yes,"Shenzhen United Winners Laser Co., Ltd."
002640.SZ,0.01519574014039351,0.20915954325492622,19.84,0.725,0.07265143107466417,2.338403808054415,2.338,Yes,"Global Top E-Commerce Co., Ltd."
003002.SZ,0.010062528712939143,0.13852765765561612,12.77,0.48,0.0726391312986385,1.700771396777976,1.701,Yes,"Shanxi Huhua Group Co., Ltd."
200028.SZ,0.0035929185630429153,0.04950960313578883,4.4,0.172,0.07257013458962096,0.6226169623311619,0.623,Yes,China National Accord Medicines Corporation Ltd.
603998.SS,0.006221934676294459,0.08574390930596278,7.73,0.297,0.0725641590948755,0.8663865073932301,0.866,Yes,"Hunan Fangsheng Pharmaceutical Co., Ltd."
300600.SZ,0.012631205191211217,0.17437352719797106,16.26,0.604,0.07243763083871477,1.527906136219724,1.528,Yes,"Changshu Guorui Technology Co.,Ltd."
688203.SS,0.009369694583620086,0.12940145985577878,11.84,0.448,0.07240795114725018,1.450669856849147,1.451,Yes,Zhejiang Hisun Biomaterials Co.Ltd.
300387.SZ,0.006705886555982435,0.0926559851929287,8.35,0.321,0.07237402464632381,0.9555323491688569,0.956,Yes,"Hubei Forbon Technology Co.,Ltd."
688190.SS,0.01103396680657512,0.15251789250709027,14.07,0.528,0.07234539256475873,1.6501531977109323,1.65,Yes,"Qingdao Yunlu Advanced Materials Technology Co., Ltd."
300719.SZ,0.010339801646688069,0.14300996363389634,13.14,0.495,0.0723012675757182,1.3873946186435888,1.387,Yes,"Beijing Andawell Science & Technology Co., Ltd."
002386.SZ,0.005962845342525925,0.08260105865438365,7.39,0.286,0.07218848571270067,1.272104928650298,1.272,Yes,"Yibin Tianyuan Group Co., Ltd."
688029.SS,0.007699841495274624,0.1067152554218473,9.64,0.37,0.07215314684706525,1.346448524471371,1.346,Yes,"Micro-Tech (Nanjing) Co.,Ltd"
000702.SZ,0.01101538010380663,0.1527189884923078,14.05,0.529,0.07212842497553247,0.9952952144798398,0.995,Yes,"Hunan Zhenghong Science and Technology Develop Co.,Ltd."
159880.SZ,0.008884228290249586,0.12323638626787858,11.2,0.427,0.07209095105189114,1.3710834310403053,1.371,Yes,Penghua CNI Non-ferrous Metal Indtry ETF
600525.SS,0.007737869116670813,0.10734757857227148,9.69,0.372,0.07208238154586144,0.6963817892751201,0.696,Yes,ChangYuan Technology Group Ltd.
560560.SS,0.004739137816443084,0.06579748372548695,5.84,0.228,0.07202612543992101,1.0065241198626398,1.007,Yes,Tai Kang CSI China Main Low Crbn Eco ETF
002033.SZ,0.00411895262517927,0.05724698372794036,5.06,0.198,0.07195056153096403,0.6891905983479627,0.689,Yes,"LiJiang YuLong Tourism Co., LTD."
300165.SZ,0.0125869522768692,0.1749477449689339,16.2,0.606,0.07194692494667085,2.3739128643329463,2.374,Yes,"Jiangsu Skyray Instrument Co., Ltd."
159856.SZ,0.0071734417812716385,0.09980570100688767,8.96,0.346,0.0718740684039341,1.545398697785471,1.545,Yes,ICBCCS CSI SHS Internet ETF
520580.SS,0.002511640635558936,0.03497224617029715,3.06,0.121,0.07181811037611129,0.2636154509280746,0.264,Yes,CMF iEdge Emerging Asia Select 50 ETF (QDII)
159885.SZ,0.004892876135007465,0.06827540166649441,6.03,0.237,0.07166382057930248,1.0876413928208386,1.088,Yes,Penghua CSI CN Main Low Carbon Eco ETF
600444.SS,0.006282547229398587,0.08766720761975683,7.81,0.304,0.07166359463219338,1.1118056839155748,1.112,Yes,"Sinomach General Machinery Science & Technology Co.,Ltd."
603677.SS,0.00937885081653376,0.13105105071182724,11.85,0.454,0.07156639161296956,0.9706353479374582,0.971,Yes,"Qijing Machinery Co., Ltd."
688701.SS,0.00975339520604722,0.13634762137362721,12.35,0.472,0.0715332992815506,0.9355997021864377,0.936,Yes,"Zhejiang Zone-King Environmental Sci&Tech Co., Ltd."
301190.SZ,0.008583893120858365,0.12004916729643242,10.8,0.416,0.07150314587074573,1.2131449943692232,1.213,Yes,"Jiujiang Shanshui Technology Co.,Ltd"
600493.SS,0.006529835445119383,0.0913299587875776,8.12,0.316,0.07149719031743995,0.4702846188747354,0.47,Yes,"Fujian Fynex Textile Science & Technology Co., Ltd."
300859.SZ,0.008395060115774303,0.11746771574985598,10.55,0.407,0.07146695636485631,1.778795914382244,1.779,Yes,"Western Regions Tourism Development Co.,Ltd"
000886.SZ,0.007445774334768522,0.1045237215375761,9.31,0.362,0.07123525861152752,0.83726447180744,0.837,Yes,"Hainan Expressway Co., Ltd."
600598.SS,0.005360226592124419,0.07528650826319053,6.63,0.261,0.07119770481831694,0.4828500953295316,0.483,Yes,Heilongjiang Agriculture Company Limited
300815.SZ,0.01001204308588113,0.14066240770405838,12.7,0.487,0.07117781679768775,1.6083044709340992,1.608,Yes,"EIT Environmental Development Group Co.,Ltd"
159613.SZ,0.007146487489597348,0.10040488297365381,8.92,0.348,0.0711766925864809,1.8101997400846097,1.81,Yes,Harvest CSI Information Security ETF
159616.SZ,0.004359650492910081,0.06125775535185202,5.36,0.212,0.07116895596107205,1.0048068616332677,1.005,Yes,CCB Principal CSI Agriculture and Animal Husbandry Thematic Index ETF
002383.SZ,0.01053035363314293,0.14808221333491392,13.39,0.513,0.07111153592313404,1.5989324228428703,1.599,Yes,"Beijing UniStrong Science&Technology Co.,Ltd."
605050.SS,0.007872686634678109,0.11076494892418917,9.87,0.384,0.07107561291854529,0.5914384026676659,0.591,Yes,"Friend Co.,Ltd."
508050.SS,0.0010956909721013444,0.015449780948209015,1.32,0.054,0.07091951502576871,-0.014754243674098725,0.015,No,China Asset Management Co. - CNNC Clean Energy Closed Infrastructure Fund
600455.SS,0.007421841503581872,0.10469685101941774,9.28,0.363,0.0708888704036129,0.8193358090355658,0.819,Yes,"But'one Information Corporation,Xi'an"
002802.SZ,0.007745867308787481,0.10933556216742162,9.7,0.379,0.07084490311511375,0.7301270503251616,0.73,Yes,"Wuxi Honghui New Materials Technology Co., Ltd."
603648.SS,0.005402487263731397,0.07629360679516611,6.68,0.264,0.07081179525613532,0.3641600846542051,0.364,Yes,"Shanghai Shine-Link International Logistics Co., Ltd."
688722.SS,0.007702052035495277,0.10891478027849257,9.64,0.377,0.07071631614920683,1.2739953810499058,1.274,Yes,Beijing Tongyizhong New Material Technology Corporation
200530.SZ,0.0035337660488161836,0.049978969920584274,4.32,0.173,0.07070505963670874,0.6818701949934846,0.682,Yes,"Bingshan Refrigeration & Heat Transfer Technologies Co., Ltd."
002673.SZ,0.007086528941224719,0.1002384793972485,8.84,0.347,0.07069669236641712,1.6067315167836973,1.607,Yes,"Western Securities Co.,Ltd."
300725.SZ,0.010177360753695387,0.1440359653825231,12.92,0.499,0.07065846871416379,2.0937095752177544,2.094,Yes,"PharmaBlock Sciences (Nanjing), Inc."
159708.SZ,0.00393841927010332,0.05589516981333018,4.83,0.194,0.07046081590334599,0.9967099779898925,0.997,Yes,WL SZSE Dividend ETF
159886.SZ,0.004940646401952143,0.07015524724149955,6.09,0.243,0.07042447423703982,1.271949802921834,1.272,Yes,Fullgoal CSI Machinery Sub-industry ETF
600645.SS,0.008018391993037074,0.11401359973743762,10.06,0.395,0.07032838197813823,0.8633687220193561,0.863,Yes,"Vcanbio Cell & Gene Engineering Corp., Ltd"
301359.SZ,0.007834898411736848,0.11146601772602997,9.82,0.386,0.07028956960671263,0.972586156357635,0.973,Yes,"Dongnan Electronics Co.,Ltd"
159729.SZ,0.006713278128110498,0.09561207870539444,8.36,0.331,0.0702137033208518,1.4676165362983837,1.468,Yes,China Universal CSI SHS Internet ETF
588250.SS,0.0033790724775159785,0.048193654838654315,4.13,0.167,0.07011446815620533,0.6170639851094422,0.617,Yes,Penghua SSE STAR Biology and Medicine ETF
600751.SS,0.006066545090462846,0.0865524613443786,7.53,0.3,0.07009095982059965,0.990785194369013,0.991,Yes,"HNA Technology Co.,Ltd."
002575.SZ,0.012155287856483555,0.17342367570362777,15.6,0.601,0.07009012931577072,1.097297566979243,1.097,Yes,"Guang Dong Qun Xing Toys Joint-Stockco.,Ltd."
600148.SS,0.0100103663154224,0.14292795405445924,12.7,0.495,0.0700378479608558,1.2681256894872357,1.268,Yes,"Changchun Yidong Clutch CO.,LTD"
159136.SZ,0.002325983781049285,0.033238528374813,2.83,0.115,0.06997854281695078,0.47056999251805887,0.471,Yes,GF Fund Management Co Ltd -GF CSI A50 Index Etf
002225.SZ,0.010365495140539277,0.14835798720216695,13.17,0.514,0.06986813002803988,1.4111548522531472,1.411,Yes,"Puyang Refractories Group Co., Ltd."
002292.SZ,0.008181900513535912,0.1171946546088138,10.27,0.406,0.06981462201366119,0.9059267608711047,0.906,Yes,Alpha Group
600488.SS,0.005591710602940504,0.080100660845321,6.92,0.277,0.06980854519712915,0.4394724857670558,0.439,Yes,"Tianjin Tianyao Pharmaceuticals Co., Ltd."
002659.SZ,0.008002221465195088,0.11465246787529094,10.04,0.397,0.06979545764247494,1.1390789798778993,1.139,Yes,"Beijing Kaiwen Education Technology Co., Ltd"
601996.SS,0.008109895508824828,0.1162501531327376,10.18,0.403,0.06976245011535365,0.7273270005045955,0.727,Yes,"Guangxi Fenglin Wood Industry Group Co.,Ltd"
516700.SS,0.007277342411533781,0.10434482963660224,9.09,0.361,0.06974320085507163,1.8981490604302185,1.898,Yes,Hwabao WP CSI Big Data Industry ETF
600318.SS,0.009877112031912676,0.14171068849011337,12.52,0.491,0.06969913234598225,1.9563964756255292,1.956,Yes,"Anhui Xinli Finance Co., Ltd."
688255.SS,0.010533891862607543,0.15115465287461238,13.4,0.524,0.06968949789025511,1.6368677038267871,1.637,Yes,"Hangzhou Kaierda Welding Robot Co.,Ltd."
516090.SS,0.006174927734381291,0.08870348961370703,7.67,0.307,0.06961313203429037,1.4883482542745532,1.488,Yes,E Fund CSI New Energy ETF
301112.SZ,0.009878939557845608,0.14199965778825588,12.52,0.492,0.06957016454628842,1.4907452752560635,1.491,Yes,"United Faith Auto-Engineering Co.,Ltd."
300121.SZ,0.008706705050014316,0.1252352777768539,10.96,0.434,0.06952278307337693,1.8434994441545383,1.843,Yes,"Shandong Yanggu Huatai Chemical Co., Ltd."
300193.SZ,0.006497791927741316,0.0935330215169764,8.08,0.324,0.06947056582109834,1.4666369113028712,1.467,Yes,"Shenzhen Jasic Technology Co.,Ltd."
300673.SZ,0.006582697460231122,0.09480359087209987,8.19,0.328,0.06943510683167983,0.9426373100465206,0.943,Yes,"Petpal Pet Nutrition Technology Co., Ltd."
300722.SZ,0.009522428880458254,0.13727221504198783,12.04,0.476,0.06936894605762428,1.1890928140748804,1.189,Yes,"Jiangxi Xinyu Guoke Technology Co., Ltd"
300535.SZ,0.0076639959345339926,0.1105722163209857,9.59,0.383,0.06931213092704762,1.24101534979589,1.241,Yes,Sichuan Dowell Science and Technology Inc.
301122.SZ,0.00886885402021092,0.1280661408658761,11.18,0.444,0.06925213768641071,1.5532205304455793,1.553,Yes,"Caina Technology Co., Ltd."
301097.SZ,0.009297518877728202,0.13464336856700967,11.75,0.466,0.06905292831485413,1.5348428283479192,1.535,Yes,"Ningbo Tianyi Medical Appliance Co., Ltd."
513220.SS,0.007027903328038279,0.10185317625673938,8.77,0.353,0.06900033544681194,1.3723255764572029,1.372,Yes,CMF CSI Global China Internet ETF(QDII)
002476.SZ,0.007126887502020359,0.10331401728565505,8.9,0.358,0.06898277396681886,0.9032519653308918,0.903,Yes,"Shandong Newleaf Chemical Co., Ltd."
300414.SZ,0.012670987066208268,0.1836936813312734,16.31,0.636,0.06897889450730423,1.6123192045668753,1.612,Yes,"Sichuan Zhongguang Lightning Protection Technologies Co., Ltd."
159888.SZ,0.006259785403095042,0.09075687724503874,7.78,0.314,0.06897312460623732,1.6055315568934179,1.606,Yes,ChinaAMC CSI Smart Car Theme ETF
000912.SZ,0.006666800846913502,0.09673292756169022,8.3,0.335,0.06891966381004888,0.546504464948288,0.547,Yes,Sichuan Lutianhua Company Limited By Shares
002591.SZ,0.007863034189700108,0.11409137366891867,9.85,0.395,0.06891874413325777,1.1532113534027804,1.153,Yes,"Jiangxi Hengda Hi-Tech Co.,Ltd."
600735.SS,0.010276949025367016,0.14917122854758366,13.05,0.517,0.06889364072032701,0.9482332549805381,0.948,Yes,"Shandong Hiking International Co.,Ltd"
600435.SS,0.008301059597928255,0.12049982928660329,10.43,0.417,0.06888855898861539,1.388286442438281,1.388,Yes,"North Navigation Control Technology Co.,Ltd."
002949.SZ,0.009557626755028487,0.13880061903051572,12.09,0.481,0.06885867528391365,1.1700414712772913,1.17,Yes,"Shenzhen Capol International & Associatesco.,Ltd"
600019.SS,0.0043323106096893466,0.06293031391028865,5.32,0.218,0.06884298425501807,0.5602889332434645,0.56,Yes,"Baoshan Iron & Steel Co., Ltd."
562920.SS,0.0064993535161389365,0.09441412192115985,8.08,0.327,0.0688387858075532,1.6573073084586694,1.657,Yes,E Fund CSI Security Theme ETF
600128.SS,0.006804967056420232,0.09901771217209641,8.48,0.343,0.06872474537275663,0.9392387952958401,0.939,Yes,Soho Holly Corporation
159108.SZ,0.007868864038219684,0.11469731455199085,9.86,0.397,0.06860547754719076,2.4131424180240337,2.413,Yes,Bosera CNI Industrial Software ETF
301388.SZ,0.007891497951598644,0.11528457528032769,9.89,0.399,0.06845233139307284,1.204528419290311,1.205,Yes,"Xinling Electrical CO., LTD."
000972.SZ,0.00826983656747054,0.12095460672739652,10.39,0.419,0.06837140635832765,1.183051826671515,1.183,Yes,"Chalkis Health Industry Co., Ltd"
002206.SZ,0.006277620225297633,0.09183112830363412,7.8,0.318,0.06836048234691246,1.2415953971638103,1.242,Yes,"Zhejiang Hailide New Material Co.,Ltd"
600691.SS,0.009848248942792593,0.1440979501264625,12.48,0.499,0.06834412935194166,1.786710820198401,1.787,Yes,"Shanxi Lu'an Chemical Technology Co., Ltd."
508048.SS,0.0036266390361524617,0.053113016457894256,4.44,0.184,0.06828154900649462,0.16608698035387176,0.166,Yes,Hua An Fund Management Co -  Waigaoqiao Warehouse and Logistics REIT Fund
688265.SS,0.011543809821897573,0.16907313956643386,14.77,0.586,0.06827701816799626,2.5135710101433633,2.514,Yes,"Shanghai Model Organisms Center, Inc."
300375.SZ,0.008286191713973004,0.12171979780239847,10.41,0.422,0.06807595694025813,1.2720305071416242,1.272,Yes,"Tianjin Pengling Group Co.,Ltd"
300768.SZ,0.00988309187721586,0.1453065675249717,12.53,0.503,0.06801545205805924,1.4787312617238886,1.479,Yes,"Hangzhou DPtech Technologies Co.,Ltd."
600826.SS,0.008193868609187211,0.1204777651825638,10.29,0.417,0.06801145918311799,1.592089231409893,1.592,Yes,Dlg Exhibitions & Events Corporation Limited
000590.SZ,0.00717480905331839,0.10569197448351653,8.96,0.366,0.06788414246568321,0.8946107246066398,0.895,Yes,"Guhan Pharmaceutical Group Co., Ltd."
517200.SS,0.006679117850999391,0.098398141446131,8.32,0.341,0.06787849600447929,1.5194146345286952,1.519,Yes,Harvest CSI SHS Internet ETF
300968.SZ,0.011649413802745942,0.17184439707415733,14.91,0.595,0.06779047790379096,0.6956038655359833,0.696,Yes,"Guangdong Green Precision Components Co., Ltd"
002403.SZ,0.010185084575126492,0.15033564688914358,12.93,0.521,0.06774896563711799,1.3189297656296333,1.319,Yes,"Aishida Co., Ltd"
159861.SZ,0.00498541636119171,0.07363831757300456,6.15,0.255,0.0677013886995612,1.2107711438640676,1.211,Yes,Guotai CSI Envirnmt Protect Inds 50 ETF
002140.SZ,0.006345695241334247,0.09383695120113093,7.89,0.325,0.0676246953903354,0.9699877725129633,0.97,Yes,"East China Engineering Science and Technology Co., Ltd."
300701.SZ,0.006160504522056166,0.09128585127599337,7.65,0.316,0.06748586375593427,1.2602379363265346,1.26,Yes,"Senba Sensing Technology Co.,Ltd."
300472.SZ,0.013840190160046081,0.2057086978357757,17.93,0.713,0.0672805297279903,1.32298707018001,1.323,Yes,"New Universal Science and Technology Co., Ltd."
002183.SZ,0.0103441830779225,0.15393505887622244,13.14,0.533,0.06719835723868563,1.1699554891734594,1.17,Yes,Eternal Asia Supply Chain Management Ltd.
300629.SZ,0.008328105006191203,0.12423350080938358,10.46,0.43,0.06703590377743075,1.725323291383762,1.725,Yes,"Guangdong Kingstrong Technology Co., Ltd."
002311.SZ,0.0055995271049989834,0.08355440289037883,6.93,0.289,0.06701654145437931,1.0585488431349113,1.059,Yes,"Guangdong Haid Group Co., Limited"
600241.SS,0.010462354339864777,0.1563087442565338,13.3,0.541,0.06693390308794221,1.3759918794101214,1.376,Yes,"Liaoning Shidai Wanheng Co.,Ltd."
300893.SZ,0.007153790545431343,0.10694298682223027,8.93,0.37,0.06689349865758829,1.3781292259158275,1.378,Yes,"Zhejiang Songyuan Automotive Safety Systems Co.,Ltd."
688219.SS,0.006930538296874937,0.10368824488423391,8.64,0.359,0.06684015439370934,1.4061719275241475,1.406,Yes,"Orinko Advanced Plastics Co.,LTD"
000715.SZ,0.0066219830975622,0.09910861268980217,8.24,0.343,0.06681541510714308,0.9485753717051519,0.949,Yes,"Zhongxing Shenyang Commercial Building Group Co.,Ltd"
003022.SZ,0.00780682075707981,0.11699686737475717,9.78,0.405,0.06672675031608737,2.132520813025778,2.133,Yes,Levima Advanced Materials Corporation
002527.SZ,0.012983930020163513,0.1945976117249121,16.74,0.674,0.06672193921124742,1.6249473419273919,1.625,Yes,Shanghai STEP Electric Corporation
000045.SZ,0.008155106202607815,0.1222312565267368,10.24,0.423,0.06671866455716235,0.2103748089131209,0.21,Yes,"Shenzhen Textile (Holdings) Co., Ltd."
159795.SZ,0.006011361336768872,0.09012699636052827,7.46,0.312,0.06669878703959103,1.5970257776637198,1.597,Yes,China Universal CSI Smart Car Theme ETF
300185.SZ,0.006148960274220416,0.09221780617786003,7.63,0.319,0.06667866574879201,0.9405184487472009,0.941,Yes,"Tongyu Heavy Industry Co., Ltd."
561320.SS,0.0029055090955055454,0.0436111112298767,3.54,0.151,0.06662313831423461,0.4442036695136631,0.444,Yes,Guotai CSI Mainland Transportation ETF
000798.SZ,0.008750284285228366,0.13146626975908862,11.02,0.455,0.06655915849185669,0.20620811213021936,0.206,Yes,"CNFC Overseas Fisheries Co.,Ltd"
159605.SZ,0.006213105057504409,0.09342462627949086,7.72,0.324,0.06650393268812409,1.1056889288677993,1.106,Yes,GF CSI Overses China Intrnt 30 ETF(QDII)
600358.SS,0.0075854722267937515,0.11425176361615821,9.49,0.396,0.06639260512667453,0.9833710111776249,0.983,Yes,"China Tourism And Culture Investment Group Co.,Ltd"
600792.SS,0.007104429541673756,0.10719778801131485,8.87,0.371,0.06627403114814155,0.9638832710147056,0.964,Yes,"Yunnan Coal & Energy Co.,Ltd."
605507.SS,0.0052185768279509525,0.07874384141331535,6.45,0.273,0.06627282507795595,0.7582684389471472,0.758,Yes,Guobang Pharma Ltd.
002421.SZ,0.008108954376026269,0.12273320159222662,10.18,0.425,0.06606976980008851,1.396501026665482,1.397,Yes,"Shenzhen Das Intellitech Co., Ltd."
510200.SS,0.005171442913324215,0.07840830032758694,6.39,0.272,0.06595529926956865,1.4057350365219219,1.406,Yes,HORIZON SSE Securities ETF
300650.SZ,0.00964471603546615,0.14640658719291758,12.21,0.507,0.06587624382472262,1.3643229193084268,1.364,Yes,"Tecnon Electronics Co., Ltd."
601500.SS,0.006080749684585371,0.09232461459060608,7.55,0.32,0.06586271398531329,0.9392671917604891,0.939,Yes,"Jiangsu General Science Technology Co., Ltd."
603612.SS,0.008534307289329862,0.1296170700386663,10.74,0.449,0.0658424641660545,1.675811315955602,1.676,Yes,"Sunstone Development Co., Ltd."
513050.SS,0.0059542148511329135,0.0904719423227528,7.38,0.313,0.06581283321951503,0.9331634792821721,0.933,Yes,E Fund CSI China Ovsea Net 50 QDII-ETF
600057.SS,0.006268170289533778,0.0953633128425064,7.79,0.33,0.06572936806301741,0.6174452005060755,0.617,Yes,"Xiamen Xiangyu Co., Ltd."
300040.SZ,0.008685064116957303,0.13217494403647084,10.93,0.458,0.06570885412715473,0.7195486643695077,0.72,Yes,"Harbin Jiuzhou Group Co.,Ltd."
300417.SZ,0.008761808832274653,0.1335376638003096,11.04,0.463,0.06561301570601791,0.6849359588102901,0.685,Yes,"Nanhua Instruments Co., Ltd."
002331.SZ,0.0076642040368243404,0.11695059474715688,9.59,0.405,0.06553369013123946,1.01143781541482,1.011,Yes,"Anhui Wantong Technology Co.,Ltd."
601689.SS,0.010725412704924601,0.1639884820295616,13.66,0.568,0.06540345134112023,2.254345775477102,2.254,Yes,"Ningbo Tuopu Group Co.,Ltd."
002397.SZ,0.008311628511612,0.12736395687993626,10.44,0.441,0.06525887476507365,1.4428320401677934,1.443,Yes,"Hunan Mendale Hometextile Co.,Ltd"
508036.SS,0.0027055989207437963,0.04147912358443462,3.3,0.144,0.06522796739512342,-0.19595853163340274,0.196,No,Ping An Fynd Management Co. Ltd. - Ping An Ningbo Transport Hangzhou REIT Fund
605268.SS,0.005869178703782906,0.09032467885809915,7.27,0.313,0.06497868332311965,0.7916044313005501,0.792,Yes,"Wangli Security & Surveillance Product Co., Ltd"
300918.SZ,0.011075464645421506,0.17051279005487732,14.13,0.591,0.0649538644101537,1.3536621927043768,1.354,Yes,"Shandong Nanshan Fashion Sci-Tech Co., Ltd."
603351.SS,0.0046787757275249834,0.07211487737857225,5.76,0.25,0.06487947976342541,0.6939924993012929,0.694,Yes,"Nanjing Well Pharmaceutical Group Co.,Ltd."
002681.SZ,0.007836321236909503,0.12080429241299691,9.82,0.418,0.06486790394930057,0.4940073282697218,0.494,Yes,"Shenzhen Fenda Technology Co., Ltd."
300066.SZ,0.009364255953084873,0.14478377031293738,11.83,0.502,0.06467752520082092,2.232784986770028,2.233,Yes,"Sanchuan Wisdom Technology Co., Ltd."
159029.SZ,0.005547566040391268,0.08586434480768079,6.86,0.297,0.06460849439679209,1.242068878448482,1.242,Yes,GF CSI Nonferrous Metal Mining ETF
159607.SZ,0.006027659151311314,0.09332417021353165,7.48,0.323,0.06458840338488567,1.1114981855042974,1.111,Yes,Harvest CSI Ovrs China Intr 30 ETF(QDII)
603867.SS,0.00782788031786959,0.12121201113793481,9.81,0.42,0.06458007126836425,1.6697870833927555,1.67,Yes,"Zhejiang Xinhua Chemical Co.,Ltd"
601860.SS,0.003269090854407115,0.05063875324042038,3.99,0.175,0.06455709600286313,0.5423972861248018,0.542,Yes,"Jiangsu Zijin Rural Commercial Bank Co.,Ltd"
516080.SS,0.004904502546944925,0.07603970691667034,6.05,0.263,0.06449923001833271,1.1015638456022445,1.102,Yes,E Fund CSI Brand Name Drug Industry ETF
159889.SZ,0.00579880675193235,0.09013514581516549,7.18,0.312,0.06433458002967678,1.594405997290195,1.594,Yes,Guotai CSI Smart Car Theme ETF
605088.SS,0.008520694216413518,0.13244607907382755,10.72,0.459,0.06433330662558873,1.4009386575427092,1.401,Yes,"GSP Automotive Group Wenzhou Co.,Ltd."
562300.SS,0.004252007848557816,0.06612249081905508,5.22,0.229,0.06430501627946053,1.0244840574167844,1.024,Yes,Yinhua CSI China Mainland L-C Ecnm ETF
601066.SS,0.00622181787263131,0.09679838669003217,7.73,0.335,0.06427604927502374,1.6373735540473824,1.637,Yes,"CSC Financial Co., Ltd."
688591.SS,0.009805573894435368,0.15262587599567976,12.42,0.529,0.06424581566177498,1.6918639894449077,1.692,Yes,"Telink Semiconductor(Shanghai)Co.,Ltd."
300826.SZ,0.006577723370451735,0.10247772412796227,8.19,0.355,0.06418686037795139,1.1930381636003085,1.193,Yes,"NanJing Research Institute of Surveying, Mapping & Geotechnical Investigation,Co.Ltd."
300256.SZ,0.010475981155385757,0.16322309942274854,13.32,0.565,0.06418197664690167,0.9647314073927219,0.965,Yes,"Jiangxi Firstar Panel Technology Co.,Ltd."
603586.SS,0.00702986674883794,0.11000948183741864,8.77,0.381,0.06390237124493754,0.450504731994119,0.451,Yes,"Shandong Gold Phoenix Co.,Ltd"
301682.SZ,0.014893086763663915,0.23466762345988165,19.41,0.813,0.06346459960723985,1.5871062423384885,1.587,Yes,"Chengdu Hongming Electronics Co., Ltd."
000538.SZ,0.00321594647162309,0.05067846752298621,3.93,0.176,0.06345784765816832,0.4206297559515577,0.421,Yes,"Yunnan Baiyao Group Co.,Ltd"
301335.SZ,0.007702695178677813,0.12163979395168173,9.65,0.421,0.06332380981948646,1.1655104855430878,1.166,Yes,"Hangzhou Tianyuan Pet Products CO., LTD"
688067.SS,0.006658930528515424,0.10515808217929236,8.29,0.364,0.06332305031164494,1.0720259149800901,1.072,Yes,"AVE Science&Technology CO.,LTD"
002486.SZ,0.0077509558632899685,0.1224569439151119,9.71,0.424,0.0632953560286707,1.3216747557977209,1.322,Yes,"Shanghai Challenge Textile Co.,Ltd."
000856.SZ,0.011190852202557753,0.1768802003624418,14.29,0.613,0.06326797561076251,0.2680393609763325,0.268,Yes,"TangshanJidong Equipment and Engineering Co.,Ltd."
300405.SZ,0.007205936372201414,0.11390437695775493,9.0,0.395,0.06326303312184364,1.1617923298582744,1.162,Yes,"Liaoning Kelong Fine Chemical, Inc."
688772.SS,0.010915600661496968,0.1726327170043336,13.91,0.598,0.0632301967489914,2.01585105372299,2.016,Yes,"Zhuhai CosMX Battery Co., Ltd."
300883.SZ,0.007199696971709714,0.11392434806524145,8.99,0.395,0.06319717509014525,1.3229341435294044,1.323,Yes,"LD Intelligent Technology CO., Ltd"
301138.SZ,0.009520959067591586,0.15067974778282717,12.04,0.522,0.06318672023073747,1.8399107560973835,1.84,Yes,"Guangzhou Huayan Precision Machinery Co.,Ltd."
003003.SZ,0.0057837289878722485,0.09159513847752578,7.17,0.317,0.06314449744831568,0.6653357747166199,0.665,Yes,"Guangdong Tengen Industrial Group Co.,Ltd."
600820.SS,0.003891504747483799,0.06193564487095081,4.77,0.215,0.06283142373978899,0.4966550265670667,0.497,Yes,"Shanghai Tunnel Engineering Co., Ltd."
301046.SZ,0.008684717598722245,0.13823617052912637,10.93,0.479,0.06282521835985304,1.2695780978698363,1.27,Yes,"Shanghai Nenghui Technology Co.,Ltd."
600753.SS,0.008795751494359818,0.1401318619748775,11.08,0.485,0.06276767731764457,1.0961989674467092,1.096,Yes,"Fujian Haiqin Energy Group Co., Ltd."
000532.SZ,0.005760776826845659,0.09182980500221148,7.14,0.318,0.06273319241728681,0.9589138881544309,0.959,Yes,"Zhuhai Huajin Capital Co., Ltd."
159022.SZ,0.011281887127208753,0.17990938742025558,14.41,0.623,0.06270871847756929,2.824423636105237,2.824,Yes,Fullgoal CSI STAR&CHINEXT AI ETF
300253.SZ,0.010419314951364512,0.16659903037974055,13.25,0.577,0.06254127006390767,1.7547936607763197,1.755,Yes,"Winning Health Technology Group Co., Ltd."
688185.SS,0.009583251882709169,0.15340944737956844,12.13,0.531,0.062468459709643,2.0242506667270845,2.024,Yes,CanSino Biologics Inc.
300248.SZ,0.008794247667933077,0.14078589403663977,11.08,0.488,0.06246540342773516,1.3479840851932514,1.348,Yes,"Newcapec Electronics Co., Ltd."
300634.SZ,0.00892711956629639,0.14303379687918288,11.25,0.495,0.06241265883361055,1.6730621893771724,1.673,Yes,"Richinfo Technology Co., Ltd."
300850.SZ,0.009750652776722355,0.15655599323289607,12.35,0.542,0.0622822069942546,1.4534797470068683,1.453,Yes,"Luoyang Xinqianglian Slewing Bearing Co., Ltd."
688626.SS,0.007936203685927547,0.12748993394942384,9.95,0.442,0.06224964936506983,1.7346533484831101,1.735,Yes,"Xiangyu Medical Co.,Ltd"
002454.SZ,0.005106054584608366,0.08229840829234558,6.3,0.285,0.062043175445997904,1.0216912546316577,1.022,Yes,"Songz Automobile Air Conditioning Co., Ltd"
300688.SZ,0.006583177921925009,0.10615879938977196,8.19,0.368,0.06201255062949851,1.2040200685431697,1.204,Yes,"Dark Horse Technology Group Co., Ltd."
688261.SS,0.011802599501357838,0.19061156152527217,15.12,0.66,0.0619196412164799,2.8747522929027007,2.875,Yes,Suzhou Oriental Semiconductor Company Limited
003008.SZ,0.004864865066419454,0.0787177631643835,6.0,0.273,0.061801363134014985,0.7084032608640137,0.708,Yes,"Xuchang KETOP Testing Research Institute Co.,Ltd"
000757.SZ,0.007362646337561071,0.11920530500439994,9.2,0.413,0.061764418431623586,1.0770633366646893,1.077,Yes,"Sichuan Haowu Electromechanical Co., Ltd."
601375.SS,0.004825084627616106,0.07814861554610561,5.95,0.271,0.061742419797180335,1.3819384575496818,1.382,Yes,"Central China Securities Co., Ltd."
001299.SZ,0.005643996513047423,0.09146469300101129,6.99,0.317,0.06170683274457631,0.6498232136599061,0.65,Yes,"Shaanxi Meineng Clean Energy Corp.,Ltd."
300844.SZ,0.010621676659686883,0.17216920149898904,13.52,0.596,0.061693244594325736,1.508466665405781,1.508,Yes,"Guangzhou S.P.I Design Co., Ltd."
603013.SS,0.006285450990861939,0.10206781372589142,7.81,0.354,0.06158112691373849,1.2753063099002513,1.275,Yes,"YAPP Automotive Systems Co., Ltd."
600561.SS,0.0067460382037573445,0.10957461168312124,8.4,0.38,0.06156570486661827,0.7222295608436895,0.722,Yes,"Jiangxi Changyun Co., Ltd."
601127.SS,0.011023943551992217,0.17960659507689877,14.06,0.622,0.06137827815995455,1.11536539128421,1.115,Yes,"Seres Group Co.,Ltd"
603042.SS,0.007235557112235973,0.11820644365528939,9.04,0.409,0.06121119025741203,1.1302269399433593,1.13,Yes,"Nanjing Huamai Technology Co., Ltd."
603556.SS,0.007471303614896071,0.12225566161727607,9.34,0.424,0.06111212778255738,0.2938678398890874,0.294,Yes,"Hexing Electrical Co.,Ltd."
603585.SS,0.006319781096412255,0.1034359239188745,7.85,0.358,0.061098512557096724,0.7874809427224693,0.787,Yes,"Suli Co., Ltd."
002976.SZ,0.007769602720074274,0.12727623223920295,9.73,0.441,0.06104519738981653,1.5304478104401689,1.53,Yes,"Suzhou Cheersson Precision Industry Group Co., Ltd."
159752.SZ,0.005556758056424871,0.09105643274946733,6.88,0.315,0.06102543102818156,1.4496019527513033,1.45,Yes,SWS CSI CN Mainland New Energy ETF
200726.SZ,0.002694836951616705,0.04421331916597268,3.28,0.153,0.06095079497425964,0.1387563095517232,0.139,Yes,"Lu Thai Textile Co., Ltd."
603669.SS,0.006883118395263279,0.11298226764966948,8.58,0.391,0.06092211227877063,0.43762535745358194,0.438,Yes,"Lionco Pharmaceutical Group Co.,Ltd."
516770.SS,0.0058712092553381235,0.09637634712612628,7.28,0.334,0.06091960766737258,1.4993635100459,1.499,Yes,Huatai-PB CSI Anime Comic & Game ETF
000750.SZ,0.0074400702743060085,0.1227757087874125,9.3,0.425,0.060598878620106954,2.0838224016434435,2.084,Yes,"Sealand Securities Co., Ltd."
508066.SS,0.002310940521466344,0.03817751175524199,2.81,0.132,0.060531459888792744,0.010920303832920135,0.011,Yes,Huatai Tianjin Huatai Securities Assets Management- Jiangsu Traffic Control Reit
301085.SZ,0.008300400943696374,0.13735251815198787,10.43,0.476,0.060431370719476275,1.8741712162528084,1.874,Yes,"Beijing Asiacom Information Technology Co,.Ltd"
516810.SS,0.003738841924357193,0.06194936050787769,4.58,0.215,0.06035319644472761,0.9003377339016915,0.9,Yes,ChinaAMC CSI agriculture theme ETF
300099.SZ,0.0056910617743614715,0.09431804603823567,7.05,0.327,0.06033905507387597,1.3202520503752044,1.32,Yes,"Uroica Precision Information Engineering Co.,Ltd"
000563.SZ,0.004552169150795585,0.07556268848316536,5.6,0.262,0.06024361020200816,0.9434116219008586,0.943,Yes,"Shaanxi International Trust Co.,Ltd."
508088.SS,0.003263655696469224,0.0541775189369578,3.99,0.188,0.06024003609812566,0.3195371244416572,0.32,Yes,Guotai Junan Dongjiu New Economic Industrial Park Closed Infrastructure Securities Investment Fund
512670.SS,0.005194415272813284,0.08626591509168767,6.41,0.299,0.0602139937574696,1.483689945265269,1.484,Yes,Penghua CSI National Defense ETF
002105.SZ,0.00842839245255018,0.1407247775929143,10.6,0.487,0.059892739549616894,0.8258788918890798,0.826,Yes,HL Corp (Shenzhen)
603023.SS,0.00883478533230193,0.14759932444053905,11.13,0.511,0.0598565431501081,0.6737758932675897,0.674,Yes,"Harbin VITI Electronics Co., Ltd."
300295.SZ,0.01010191664258418,0.1690066906092904,12.82,0.585,0.059772288340571,2.0025747218001486,2.003,Yes,"Everyday Network Co.,Ltd."
600993.SS,0.004660655476111009,0.07819201621407543,5.74,0.271,0.05960526025254276,0.5580981310460112,0.558,Yes,"Mayinglong Pharmaceutical Group Co., Ltd."
002461.SZ,0.004655106713773732,0.07812870762204435,5.73,0.271,0.059582538294288556,0.4373538627793804,0.437,Yes,"Guangzhou Zhujiang Brewery Co., Ltd"
516850.SS,0.005426235668680205,0.09120473734069286,6.71,0.316,0.059495107676377015,1.57779255581526,1.578,Yes,ChinaAMC CSI New Energy ETF
300875.SZ,0.010192053619397953,0.17171240244316255,12.94,0.595,0.05935537255540735,0.9954662573156285,0.995,Yes,"Tianjin Jieqiang Power Equipment Co.,Ltd."
300743.SZ,0.006101321753548182,0.10284246982464457,7.57,0.356,0.05932686918110262,1.0943167928376019,1.094,Yes,"Hangzhou Todaytec Digital Co., Ltd"
601866.SS,0.003411422077172,0.057539935994289776,4.17,0.199,0.05928790184108907,0.4526202884998497,0.453,Yes,"COSCO SHIPPING Development Co., Ltd."
301066.SZ,0.01187133152950621,0.20035146659442596,15.21,0.694,0.059252531220734705,1.1033179237890829,1.103,Yes,"Hangzhou Wensli Silk Culture Co., Ltd."
002363.SZ,0.006053190172121289,0.10221664782824479,7.51,0.354,0.05921922016355398,0.9830769236032617,0.983,Yes,"Shandong Longji Machinery Co.,Ltd"
603079.SS,0.007155087974096687,0.12095271229644382,8.93,0.419,0.05915607710028225,0.7338866511028747,0.734,Yes,"Zhejiang Shengda Bio-Pharm Co., Ltd."
002512.SZ,0.009696327411540223,0.1642701374760908,12.28,0.569,0.05902672001447314,1.2666215306459674,1.267,Yes,"Tatwah Smartech Co.,Ltd."
688005.SS,0.00886485707961039,0.15036693725581313,11.17,0.521,0.05895482904282988,2.0063155082526425,2.006,Yes,"Ningbo Ronbay New Energy Technology Co.,Ltd."
002276.SZ,0.009057792907220431,0.15383667777774399,11.43,0.533,0.058879280533519485,1.5140641846812768,1.514,Yes,"Zhejiang Wanma Co., Ltd."
688080.SS,0.007999214953786013,0.13637283606594852,10.03,0.472,0.05865695240009289,2.009630422799052,2.01,Yes,"Beijing InHand Networks Technology Co., Ltd."
000019.SZ,0.003968174237197802,0.0676982964306285,4.87,0.235,0.05861557005742459,0.525268248928433,0.525,Yes,"Shenzhen Cereals Holdings Co.,Ltd."
001231.SZ,0.005097683626051375,0.08725539035281146,6.29,0.302,0.05842256398646806,0.8493737581650175,0.849,Yes,"Norsyn Crop Technology Co., Ltd."
159320.SZ,0.011200789753522459,0.1920301304942783,14.3,0.665,0.05832829319384437,3.695657961250547,3.696,Yes,GF HS China A Power Grid Equipment ETF
159662.SZ,0.0026510625461845616,0.04552897668761486,3.23,0.158,0.05822802836914461,0.550668792173339,0.551,Yes,China Southern CNI Transportation ETF
520600.SS,0.00435448587025958,0.0748119811151154,5.35,0.259,0.058205728619313044,0.29586850711149837,0.296,Yes,GF CSI HKC Automobile ETF
300095.SZ,0.0071716222396614225,0.12322858469564438,8.95,0.427,0.058197716523112106,1.5027276593541539,1.503,Yes,"Jiangxi Huawu Brake Co.,Ltd."
300609.SZ,0.009113511348672014,0.15692680881250576,11.5,0.544,0.05807491669291973,1.9210605952899633,1.921,Yes,"Winner Technology Co., Inc."
688665.SS,0.00884831066049255,0.15281037890532792,11.15,0.529,0.05790385917421505,2.504208822539064,2.504,Yes,"Cubic Sensor and Instrument Co.,Ltd."
600805.SS,0.005272661191314972,0.0911508846631566,6.51,0.316,0.05784541983108359,1.093419385826282,1.093,Yes,"Jiangsu Yueda Investment Co., Ltd."
600990.SS,0.010130324907198637,0.17514260638772577,12.86,0.607,0.05784043709371556,1.7333278801455902,1.733,Yes,"Sun Create Electronics Co., Ltd"
603916.SS,0.007210914532107181,0.12467045015326476,9.0,0.432,0.05783980504796748,1.37345782947743,1.373,Yes,"Sobute New Materials Co., Ltd"
300783.SZ,0.007191846901096561,0.124525969396989,8.98,0.431,0.05775379172651884,1.360925376634152,1.361,Yes,Three Squirrels Inc.
688528.SS,0.009169786005753014,0.15887480753937752,11.58,0.55,0.05771705500559149,2.5462278699527796,2.546,Yes,Chengdu Qinchuan IoT Technology Co.Ltd.
159546.SZ,0.00996754178219782,0.17271236949412985,12.64,0.598,0.05771180032670791,2.020525284621184,2.021,Yes,Guotai CSI All Shr Intgrtd Circuits ETF
600235.SS,0.004614746184326826,0.08011946989978232,5.68,0.278,0.0575983114978069,0.7193189416881527,0.719,Yes,"Minfeng Special Paper Co.,Ltd."
603879.SS,0.011569717709780138,0.20208599772053093,14.8,0.7,0.05725145651001584,0.44875951314745405,0.449,Yes,"Yongyue Science&Technology Co.,Ltd"
300345.SZ,0.00991859697847339,0.17361360435298762,12.57,0.601,0.05713029814361266,1.083506656932583,1.084,Yes,"Hunan Huamin Holdings Co., Ltd."
002226.SZ,0.0042418889805383025,0.07444011802942654,5.21,0.258,0.05698390992423552,0.7171556557396869,0.717,Yes,"Anhui Jiangnan Chemical Industry Co.,Ltd."
600099.SS,0.005042304610617166,0.08853504576277706,6.22,0.307,0.056952640247429694,0.7861419580434704,0.786,Yes,"Linhai Co.,Ltd."
603299.SS,0.00378380984966784,0.06650318642310082,4.64,0.23,0.056896669966981915,0.7404288636965606,0.74,Yes,"Jiang Su Suyan Jingshen Co.,Ltd"
300267.SZ,0.007887138272770414,0.1386508985608078,9.89,0.48,0.05688486951500981,1.378489170657124,1.378,Yes,"Hunan Er-Kang Pharmaceutical Co., Ltd"
003006.SZ,0.006882151695970388,0.12137030143013697,8.58,0.42,0.0567037538415597,0.9472865705941389,0.947,Yes,"Chongqing Baiya Sanitary Products Co., Ltd."
600800.SS,0.007759904404038236,0.13703197332787398,9.72,0.475,0.05662842193384496,1.1462892532228415,1.146,Yes,"Tian Jin Bohai Chemical Co.,Ltd."
300886.SZ,0.006092415943417195,0.10760254397332558,7.56,0.373,0.05661962736612892,1.0060264368949265,1.006,Yes,"Anhui Hyea Aromas Co., Ltd."
301158.SZ,0.006439254663450887,0.11383348845035053,8.01,0.394,0.05656731381169457,1.1297716429841482,1.13,Yes,"Dezhou United Petroleum Technology Co.,Ltd."
516110.SS,0.004274917875383071,0.07560567174786549,5.25,0.262,0.05654229076410212,1.1643978202560958,1.164,Yes,Guotai CSI 800 Automobile&Component ETF
601789.SS,0.006027947415770084,0.10669255756104672,7.48,0.37,0.0564982933539769,0.7478520501735197,0.748,Yes,"Ningbo Construction Co., Ltd."
159875.SZ,0.0051155810801045655,0.09057968495557206,6.31,0.314,0.056476030829801176,1.5575303202113322,1.558,Yes,Harvest CSI New Energy ETF
002841.SZ,0.006341612259476733,0.11237542248746496,7.88,0.389,0.056432377463889974,1.285549127383033,1.286,Yes,Guangzhou Shiyuan Electronic Technology Company Limited
001217.SZ,0.007287474335264034,0.12935875355119925,9.1,0.448,0.05633537843559775,0.8225999665089678,0.823,Yes,"Anhui Huaertai Chemical Co., Ltd."
000677.SZ,0.015274560892630934,0.27117963784591814,19.95,0.939,0.05632635626318597,-0.157634839136913,0.158,No,"CHTC Helon Co., Ltd."
000519.SZ,0.0069085003717455065,0.12277126265033492,8.61,0.425,0.056271314822440334,1.6330345254846106,1.633,Yes,"North Industries Group Red Arrow Co., Ltd"
300947.SZ,0.0078089251935837345,0.1390462410764974,9.78,0.482,0.056160635002621834,1.604872781916855,1.605,Yes,Shanghai DOBE Cultural & Creative Industry Development (Group)Co. LTD.
603039.SS,0.007253144717220506,0.12969050632937731,9.06,0.449,0.0559265664273032,1.3284550273616178,1.328,Yes,"Weaver Network Technology Co., Ltd."
300278.SZ,0.008606062265469283,0.15417452315533328,10.83,0.534,0.05582026193003716,1.4535212930073205,1.454,Yes,"Huachangda Intelligent Equipment Group Co.,Ltd."
002387.SZ,0.008095083275987241,0.14525363219025575,10.16,0.503,0.05573067711920732,1.1785922265196092,1.179,Yes,Visionox Technology Inc.
516270.SS,0.0050072982076844194,0.08985208459669433,6.18,0.311,0.055728236358231785,1.3912087313341215,1.391,Yes,Huaan CSI CN Mainland New Energy ETF
002466.SZ,0.00810152183380376,0.14548446092691103,10.17,0.504,0.055686509625751925,2.273381412433108,2.273,Yes,Tianqi Lithium Corporation
603238.SS,0.006198962286017326,0.11135791701170725,7.7,0.386,0.05566701005520441,1.1380529995343533,1.138,Yes,"HangZhou Nbond Nonwovens Co., Ltd."
002393.SZ,0.004872147152000443,0.08763263756029019,6.01,0.304,0.05559740397689691,0.7400928865881218,0.74,Yes,"Tianjin Lisheng Pharmaceutical Co.,Ltd."
002406.SZ,0.0069762329585284395,0.12560523915310995,8.7,0.435,0.05554093925990276,1.226572692463269,1.227,Yes,Xuchang Yuandong Drive Shaft Co.Ltd
600249.SS,0.005572215386694497,0.10036330588842036,6.9,0.348,0.05552044482163081,0.564487087828863,0.564,Yes,"Liuzhou Liangmianzhen Co., Ltd."
601360.SS,0.007193522770026834,0.12972466846690642,8.98,0.449,0.05545223476028344,1.402046064970138,1.402,Yes,360 Security Technology Inc.
688173.SS,0.008099302492850142,0.1460996772354984,10.16,0.506,0.05543682673435929,2.057812509970241,2.058,Yes,"Halo Microelectronics Co., Ltd."
603032.SS,0.009307041353311472,0.1679587850304184,11.76,0.582,0.05541264990471269,2.552702950150715,2.553,Yes,"Delixi New Energy Technology Co., Ltd."
688299.SS,0.008524067462432549,0.15396828757086442,10.72,0.533,0.05536248793121972,2.026021396520502,2.026,Yes,"Ningbo Solartron Technology Co.,Ltd."
300126.SZ,0.007714196704145725,0.13950159005215984,9.66,0.483,0.0552982708029448,1.0891582310826387,1.089,Yes,"Ken Holding Co., Ltd."
301368.SZ,0.00905335615717845,0.16383927404868207,11.42,0.568,0.055257545602212556,1.9964681411390814,1.996,Yes,"Zhejiang FORE Intelligent Technology Co.,Ltd"
601933.SS,0.008030490853701009,0.1456778593981981,10.07,0.505,0.05512499213590406,1.641408674972494,1.641,Yes,"Yonghui Superstores Co., Ltd."
688118.SS,0.00841108632014558,0.15279644032091166,10.57,0.529,0.055047658849120724,1.6623922615008926,1.662,Yes,"Primeton Information Technologies, Inc."
603551.SS,0.003924286673209356,0.07131805460619518,4.81,0.247,0.05502515029158501,0.7871159675124408,0.787,Yes,AUPU Intelligent Technology Corporation Limited
900945.SS,0.005881308863917134,0.10715195496083109,7.29,0.371,0.05488755539800482,1.1690726662004478,1.169,Yes,"Hainan Airlines Holding Co., Ltd."
002910.SZ,0.008510277896464804,0.15529225433183227,10.7,0.538,0.054801689453743356,1.423209794559679,1.423,Yes,"Lanzhou Zhuangyuan Pasture Co., Ltd."
588120.SS,0.007426527936767299,0.13571246106436566,9.29,0.47,0.05472252052996849,2.2893160196204625,2.289,Yes,Guotai SSE Tchnlgy Invtn Board 100 ETF
001222.SZ,0.005783404466962256,0.10589159617031789,7.17,0.367,0.05461627434211236,1.132851905522036,1.133,Yes,"Wenzhou Yuanfei pet toy products Co., Ltd."
603527.SS,0.0061077681266054965,0.11188259064872232,7.58,0.388,0.05459087147688644,1.4514244155160079,1.451,Yes,"Anhui Zhongyuan New Materials Co., Ltd."
600746.SS,0.005272100489442996,0.09660903172880307,6.51,0.335,0.054571507395319116,0.3036999530580927,0.304,Yes,Jiangsu SOPO Chemical Co. Ltd.
000888.SZ,0.004443075895817185,0.08143684796893673,5.46,0.282,0.05455854452411949,0.6954796464481227,0.695,Yes,"Emei Shan Tourism Co.,Ltd"
300119.SZ,0.006186974358712533,0.11348877311968754,7.68,0.393,0.054516179782714065,1.0892453507489586,1.089,Yes,"Tianjin Ringpu Bio-Technology Co.,Ltd."
001368.SZ,0.00588769941281745,0.10801725432689445,7.3,0.374,0.05450702713660362,1.3537844796475047,1.354,Yes,"Tongda Smart Tech (Xiamen) Co., Ltd."
000708.SZ,0.004059932953673576,0.07450294707230001,4.98,0.258,0.054493588686279605,0.6351569534510386,0.635,Yes,"Citic Pacific Special Steel Group Co., Ltd"
300457.SZ,0.00819237709036782,0.15034520315238542,10.29,0.521,0.05449044544550098,1.93755011396051,1.938,Yes,"Shenzhen Yinghe Technology Co., Ltd"
159725.SZ,0.0051868658695160014,0.0953465758483652,6.4,0.33,0.05440012736026256,1.5972685845430483,1.597,Yes,ICBCCS CSI Online Consump Theme ETF
301118.SZ,0.006871634529880528,0.12655217298376928,8.56,0.438,0.05429882686219728,1.502426335014973,1.502,Yes,"Hunan Hengguang Technology Co., Ltd."
000008.SZ,0.004764968270011664,0.08787502453078504,5.87,0.304,0.0542243748488783,0.5659215314600147,0.566,Yes,"China High-Speed Railway Technology Co., Ltd."
600035.SS,0.002592182205260559,0.04787634025964124,3.16,0.166,0.05414328228103339,0.3071045329897228,0.307,Yes,"Hubei Chutian Smart Communication Co.,Ltd."
002695.SZ,0.006324693408396726,0.11683144797824777,7.86,0.405,0.05413519662594859,1.243963923677993,1.244,Yes,"Jiangxi Huangshanghuang Group Food Co., Ltd."
002239.SZ,0.004684312124325905,0.0865566840221573,5.77,0.3,0.05411843322379109,1.0500245460956799,1.05,Yes,"Aotecar New Energy Technology Co., Ltd."
300177.SZ,0.00909386337689648,0.16821124757584063,11.48,0.583,0.054062159980095094,2.4343739059462246,2.434,Yes,"Hi-Target Navigation Tech Co.,Ltd"
002157.SZ,0.004326897906443201,0.08006316407615591,5.32,0.277,0.054043553691276364,0.8960697378495152,0.896,Yes,"Jiangxi ZhengBang Technology Co., Ltd."
300876.SZ,0.007226904994456009,0.13412109408257752,9.03,0.465,0.0538834330564471,1.395781400926231,1.396,Yes,"Guangdong Modern High-tech Fiber Co., Ltd"
002696.SZ,0.005622951731251915,0.10439610129865223,6.96,0.362,0.05386170231746488,0.9334452516989776,0.933,Yes,"Baiyang Investment Group, Inc."
600369.SS,0.00410841038587837,0.07628633835783842,5.04,0.264,0.053855126282335596,1.3245821369290347,1.325,Yes,"Southwest Securities Co., Ltd."
300244.SZ,0.009637429577800206,0.1789714970344215,12.2,0.62,0.05384896331255833,2.396342739657915,2.396,Yes,"Dian Diagnostics Group Co.,Ltd."
301238.SZ,0.007592752457334377,0.14149211380732976,9.5,0.49,0.05366201870214089,2.0107398014500366,2.011,Yes,"Jiangsu Ruitai New Energy Materials Co., Ltd."
601089.SS,0.005817724689858819,0.1085503790112331,7.21,0.376,0.05359469716136859,0.8413480359711016,0.841,Yes,"Beijing Foyou Pharma CO.,LTD"
600097.SS,0.004642794198909077,0.08680928903654785,5.72,0.301,0.05348268889697277,0.3885030366414753,0.389,Yes,"Shanghai Kaichuang Marine International Co., Ltd."
300582.SZ,0.006348250416074772,0.11904626293759805,7.89,0.412,0.05332591094776669,1.8035533198146587,1.804,Yes,"Inventronics (Hangzhou), Inc."
516580.SS,0.0046588966880686915,0.08736652606564815,5.74,0.303,0.05332587774599102,1.4630589096431192,1.463,Yes,Bosera CSI New Energy ETF
688320.SS,0.008424932889728187,0.15816165427193019,10.59,0.548,0.053267860206134714,1.8138329248803347,1.814,Yes,"Zhejiang Hechuan Technology Co., Ltd."
900924.SS,0.005052315104735754,0.09507203060988322,6.23,0.329,0.053141971117323966,0.8337544179287607,0.834,Yes,"Shang Gong Group Co., Ltd."
600495.SS,0.004886750137709254,0.09230910318464464,6.02,0.32,0.05293898401259901,0.7331966258077575,0.733,Yes,Jinxi Axle Company Limited
603839.SS,0.00674999466948934,0.1276923408720983,8.41,0.442,0.05286139030257423,0.699627334799903,0.7,Yes,"Anzheng Fashion Group Co., Ltd."
000025.SZ,0.004538699634288426,0.0858781205729556,5.58,0.297,0.05285047697839041,0.38704730864217507,0.387,Yes,"Shenzhen Tellus Holding Co., Ltd."
301269.SZ,0.00681941335915834,0.12904240067637762,8.5,0.447,0.05284629953731708,1.7669631005009074,1.767,Yes,"Empyrean Technology Co., Ltd."
600874.SS,0.0027776522285727296,0.05267395869220345,3.38,0.182,0.05273293098784817,0.6602722989713156,0.66,Yes,Tianjin Capital Environmental Protection Group Company Limited
900903.SS,0.004796157300386077,0.09104542742389558,5.91,0.315,0.05267872792837576,0.5021559853992011,0.502,Yes,"Dazhong Transportation (Group) Co., Ltd."
002900.SZ,0.006264209410418631,0.119125525891107,7.78,0.413,0.05258494653903785,0.4567044327100336,0.457,Yes,"Harbin Medisan Pharmaceutical Co., Ltd."
600864.SS,0.0052349650821682265,0.0997008005146336,6.47,0.345,0.05250675074970801,0.8761738479528263,0.876,Yes,"Harbin Hatou Investment Co.,Ltd"
300598.SZ,0.008077091296414391,0.15459643839724896,10.13,0.536,0.052246296099393984,2.255187613635301,2.255,Yes,"ArcherMind Technology Co., Ltd."
688273.SS,0.006824798191355812,0.13074651530081938,8.5,0.453,0.052198700482788636,2.1513632031714485,2.151,Yes,"Nanjing Medlander Medical Technology Co.,Ltd."
300211.SZ,0.00856389726557856,0.1642086583730302,10.77,0.569,0.05215253172657979,1.7084658625267422,1.708,Yes,"Jiangsu Yitong High-Tech Co., Ltd."
159537.SZ,0.0071548917643010955,0.1372162008739317,8.93,0.475,0.052143199700410744,2.1473888515182633,2.147,Yes,Guotai CNI Information Tech Invtn ETF
002828.SZ,0.0056690993499687245,0.1088601131736696,7.02,0.377,0.05207691949506379,0.671421734867772,0.671,Yes,"Beiken Energy Group Co., Ltd."
000716.SZ,0.009282276604194112,0.17825588422563804,11.73,0.617,0.052072764074618236,1.091762863072665,1.092,Yes,"Nanfang Black Sesame Group Co.,Ltd."
301168.SZ,0.00588997528403539,0.11318178166707853,7.3,0.392,0.05203995905772724,1.4123986754831532,1.412,Yes,"Jiangsu TongLin Electric Co.,Ltd."
159858.SZ,0.004070080279662913,0.0782507085096225,4.99,0.271,0.052013334539487456,1.1453540154221085,1.145,Yes,Southern CSI Brand Name Drug ETF
501088.SS,0.002590147319706771,0.04981344028590509,3.15,0.173,0.05199695714330463,0.9287658588206583,0.929,Yes,Harvest Ruihong 3-year Regular Open Mixed Fund
300350.SZ,0.0054898732228096745,0.10565785356423461,6.79,0.366,0.05195896980314966,0.9824544840066558,0.982,Yes,"HPF Co.,Ltd"
600866.SS,0.00545738428386592,0.10545484224346478,6.75,0.365,0.05175091221763336,0.7356803477763423,0.736,Yes,"Star Lake Bioscience Co., Inc.Zhaoqing Guangdong"
000965.SZ,0.0058586225857839,0.11325485246576647,7.26,0.392,0.05172955028619886,1.3572289580051424,1.357,Yes,"Tianjin Tianbao Infrastructure Co., Ltd."
002599.SZ,0.00786149896914109,0.15199272600431749,9.85,0.527,0.05172286316463445,0.7522543255509084,0.752,Yes,"Beijing Shengtong Printing Co., Ltd"
300247.SZ,0.0059432574411876085,0.11519820509280639,7.37,0.399,0.05159158023685856,0.8265503824227799,0.827,Yes,"Youngy Health Co., Ltd."
600883.SS,0.004260008267435248,0.08273143493742242,5.23,0.287,0.05149201474212907,0.7451053399748475,0.745,Yes,"Yunnan Bowin Technology Industry Co.,Ltd"
603169.SS,0.005940994349602765,0.11552497346914356,7.37,0.4,0.051426061146766594,0.971681254088266,0.972,Yes,"Lanzhou LS Heavy Equipment Co., Ltd"
000809.SZ,0.006033071492494187,0.1174018280959597,7.48,0.407,0.051388224445389284,-0.13628049884356208,0.136,No,"Liaoning HeZhan Energy Group Co., Ltd."
002812.SZ,0.007423467621297117,0.14448576183840803,9.28,0.501,0.05137854088072343,1.6011847793666996,1.601,Yes,"Yunnan Energy New Material (Group) Co., Ltd."
000605.SZ,0.006658197619013367,0.12970821619565415,8.29,0.449,0.05133211923113664,0.7560860832925174,0.756,Yes,"Bohai Water Industry Co.,Ltd"
300245.SZ,0.012345623821529225,0.24166975171537838,15.86,0.837,0.051084687818395376,1.8621068420018612,1.862,Yes,"Shanghai DragonNet Technology Co.,Ltd."
300289.SZ,0.005457426817179667,0.10709490530909699,6.75,0.371,0.05095879025644085,1.3281175646645489,1.328,Yes,"Beijing Leadman Biochemistry Co.,Ltd."
159905.SZ,0.002744426088650432,0.053932471542814935,3.34,0.187,0.05088634008682018,0.960725433172541,0.961,Yes,ICBCCS SZSE Dividend ETF
002427.SZ,0.008552060037463359,0.16825910131874225,10.76,0.583,0.05082673074107731,1.3745814218511712,1.375,Yes,"Zhejiang Unifull Industrial Fibre Co., Ltd."
605228.SS,0.006526994934076683,0.128731203378323,8.12,0.446,0.05070250850444362,1.7909690707859214,1.791,Yes,"Shentong Technology Group Co., Ltd"
603810.SS,0.006112531166299422,0.12064035751847542,7.59,0.418,0.05066738272359083,0.6621781380038683,0.662,Yes,"Jiangsu Fengshan Group Co.,Ltd"
688682.SS,0.007448802202496789,0.14733598828197228,9.31,0.51,0.05055656998235379,1.695609734523246,1.696,Yes,"Shanghai Hollywave Electronic System Co., Ltd."
159793.SZ,0.004847763848315022,0.0959840963795591,5.97,0.332,0.05050590703219256,1.561817577296316,1.562,Yes,Ping An CSI SHS Online Consumption ETF
603506.SS,0.00546874630141385,0.10831207713812029,6.76,0.375,0.05049064191096684,1.418764327076483,1.419,Yes,"Nacity Property Service Group Co.,Ltd."
002205.SZ,0.004911438709920624,0.09727491430651349,6.06,0.337,0.05049029079012775,0.9243379988634652,0.924,Yes,"XinJiang GuoTong Pipeline CO.,Ltd"
600153.SS,0.004904540889940385,0.0971395679082446,6.05,0.337,0.050489630493035356,1.345025103490891,1.345,Yes,Xiamen C&D Inc.
603630.SS,0.006241849606700535,0.12391110073785098,7.75,0.429,0.05037361115777615,0.7773275476490172,0.777,Yes,"Lafang China Co.,Ltd"
000895.SZ,0.0032995618641725767,0.06585732153838965,4.03,0.228,0.050101671114109785,0.3103520263075683,0.31,Yes,"Henan Shuanghui Investment & Development Co.,Ltd."
600100.SS,0.006183904267867713,0.12345683143282886,7.68,0.428,0.05008960780944948,1.429314238071759,1.429,Yes,"Tsinghua Tongfang Co., Ltd."
516010.SS,0.004974170094872958,0.09941775561346616,6.14,0.344,0.05003301537214753,1.583705573620782,1.584,Yes,Guotai CSI Anime Comic & Game ETF
002981.SZ,0.00672537406328569,0.1344681748584289,8.38,0.466,0.050014615505611745,0.7671007146389035,0.767,Yes,Risuntek Inc.
159827.SZ,0.0031316887431229457,0.06263838397745954,3.82,0.217,0.04999632085415687,0.9292381277291191,0.929,Yes,Yinhua CSI Agriculture Theme ETF
003032.SZ,0.008813079248529476,0.1763191814197539,11.1,0.611,0.04998366699280799,0.7586121888853856,0.759,Yes,"Jiangsu Chuanzhiboke Education Technology Co., LTD."
159739.SZ,0.006945523788476741,0.1389782234612987,8.66,0.481,0.04997562650821236,1.8367285655247303,1.837,Yes,Penghua CSI Cloud&Big Data Theme ETF
159378.SZ,0.004097606404326528,0.08212654219790118,5.03,0.284,0.04989381379837573,1.8116768161538686,1.812,Yes,Maxwealth CNI GAI ETF
605378.SS,0.006412632806733265,0.12856711702277598,7.97,0.445,0.04987770555356897,1.2525700951195757,1.253,Yes,"Zhejiang Mustang Battery Co.,Ltd"
002233.SZ,0.003046860404373056,0.061094139470037924,3.72,0.212,0.049871565927650255,0.5839366420713259,0.584,Yes,"Guangdong Tapai Group Co., Ltd."
688006.SS,0.0076130896014083805,0.1532447684780345,9.53,0.531,0.04967927895365388,2.15003673790127,2.15,Yes,Zhejiang HangKe Technology Incorporated Company
002004.SZ,0.003706351176364055,0.07462413673782707,4.54,0.259,0.049666921969032315,0.8988078129849897,0.899,Yes,"Huapont Life Sciences Co.,Ltd."
301010.SZ,0.007242224856193055,0.14591644509502394,9.05,0.505,0.04963268431791058,1.0786689424376732,1.079,Yes,"Jiangsu Jingxue Insulation Technology Co., Ltd."
002121.SZ,0.0070273590586941315,0.14162109418248403,8.77,0.491,0.04962084991123652,1.6318090653577721,1.632,Yes,"Shenzhen Clou Electronics Co., Ltd."
159869.SZ,0.0049191256015015394,0.09936083018444805,6.07,0.344,0.04950769425305668,1.5858332050992545,1.586,Yes,ChinaAMC CSI Anime Comic & Game ETF
159512.SZ,0.00388363397625147,0.07860852313339962,4.76,0.272,0.04940474418608394,0.9657434265999001,0.966,Yes,GF CSI All Share Auto ETF
002753.SZ,0.004097460833077867,0.08294686754294647,5.03,0.287,0.049398620520013856,0.6879274739953753,0.688,Yes,"Shanxi Yongdong Chemistry Industry Co., Ltd."
001333.SZ,0.005676594979251776,0.11506405741828891,7.03,0.399,0.04933421527641617,0.962314892363856,0.962,Yes,"Zhejiang Guanghua Technology Co.,Ltd."
000637.SZ,0.004180037626130424,0.08495083589135376,5.13,0.294,0.04920537369963496,0.7985241270554813,0.799,Yes,"Maoming Petro-Chemical Shihua Co., Ltd"
600717.SS,0.0030060037093796554,0.061108638773180436,3.67,0.212,0.0491911417064479,0.6232095970551979,0.623,Yes,"Tianjin Port Holdings Co., Ltd."
600624.SS,0.010414807676545425,0.21199476251771104,13.24,0.734,0.04912766500858871,1.1295049761941893,1.13,Yes,"Shanghai Fudan Forward S&T Co., Ltd"
301113.SZ,0.004768067344791313,0.0970932607550156,5.87,0.336,0.04910811839785704,0.9282053532041548,0.928,Yes,"Zhejiang Yayi Metal Technology Co.,Ltd"
300158.SZ,0.009577759454982503,0.19515596864148663,12.12,0.676,0.049077461077182985,1.182551201256407,1.183,Yes,"Shanxi Zhendong Pharmaceutical Co.,Ltd"
200553.SZ,0.005071314770763251,0.10390199085875627,6.26,0.36,0.0488086390727312,0.607607883145008,0.608,Yes,ADAMA Ltd.
300635.SZ,0.006422314426695422,0.131845927414852,7.98,0.457,0.04871075316939953,1.3887473015763714,1.389,Yes,"SinoDaan Co., Ltd."
159046.SZ,0.0021217927980999845,0.0436217111753022,2.58,0.151,0.04864075115194711,,,,TianHong CNI Green Electricity ETF
688114.SS,0.010220376836838166,0.21026565673354447,12.98,0.728,0.048606971749978946,1.7375849692350431,1.738,Yes,"MGI Tech Co., Ltd."
002542.SZ,0.012910277129825074,0.26627509166306473,16.64,0.922,0.04848473452470459,0.10336540277262446,0.103,Yes,"China Zhonghua Geotechnical Engineering Group Co., Ltd."
002701.SZ,0.0037948107722996617,0.07830853741645845,4.65,0.271,0.048459732456988654,0.7385089633278401,0.739,Yes,"ORG Technology Co., Ltd."
300293.SZ,0.008211878073052386,0.16972085052518024,10.31,0.588,0.04838461537072046,2.155319101818847,2.155,Yes,"Shenyang Blue Silver Industry Automation Equipment Co., Ltd"
688499.SS,0.009027315513096785,0.18716565550710706,11.39,0.648,0.048231688066051194,2.4541579485525955,2.454,Yes,"Guangdong Lyric Robot Automation Co.,Ltd."
603182.SS,0.003571123748214803,0.07404686924826792,4.37,0.257,0.048227883021513936,0.6683321282208183,0.668,Yes,"Shandong Sinoglory Health Food Co., Ltd"
002702.SZ,0.006398575730894005,0.13274550589984796,7.95,0.46,0.04820182564765331,0.6601617557800895,0.66,Yes,"HaiXin Foods Co.,Ltd"
600395.SS,0.0037185947382208507,0.07723840294930565,4.55,0.268,0.04814437632354334,0.6214981667478674,0.621,Yes,"Guizhou Panjiang Refined Coal Co.,Ltd."
300965.SZ,0.00877136919639155,0.18262787787413867,11.05,0.633,0.048028643263524635,1.5362343909174874,1.536,Yes,"Beijing Hengyu Datacom Aviation Equipment Co., Ltd."
301301.SZ,0.005078814430005394,0.10579464101763399,6.27,0.366,0.048006348725724686,0.8696017547976985,0.87,Yes,"Yili Chuanning Biotechnology Co.,Ltd."
000985.SZ,0.00430857938460281,0.08979131216344965,5.29,0.311,0.04798436820657863,0.8802403351860668,0.88,Yes,Daqing Huake Company Limited
002679.SZ,0.005922678302024862,0.12346589101332432,7.34,0.428,0.04797015802028831,0.986404372363173,0.986,Yes,"Fujian Jinsen Forestry Co.,Ltd"
688271.SS,0.004491878131099847,0.09369020756682599,5.53,0.325,0.04794394470623779,0.6595498878784033,0.66,Yes,"Shanghai United Imaging Healthcare Co., Ltd."
601008.SS,0.004957483887653794,0.10344124414506423,6.11,0.358,0.047925601906928954,0.5440171814027107,0.544,Yes,"Jiangsu Lianyungang Port Co., Ltd."
000058.SZ,0.0055767738102067,0.11689213283294118,6.9,0.405,0.047708718072386115,0.5782619523643471,0.578,Yes,"Shenzhen SEG Co.,Ltd"
603077.SS,0.003790747093475467,0.07958800393572002,4.64,0.276,0.04762962891414011,1.0669715762534349,1.067,Yes,Sichuan Hebang Biotechnology Corporation Limited
600390.SS,0.005900564769971304,0.12389833025173307,7.32,0.429,0.04762424770360268,1.6677078253248574,1.668,Yes,Minmetals Capital Company Limited
003029.SZ,0.009342920243633169,0.19654510371597506,11.81,0.681,0.04753575676519782,1.9270061642538525,1.927,Yes,"Jilin University Zhengyuan Information Technologies Co., Ltd."
688395.SS,0.004828370924958887,0.10169417139922858,5.95,0.352,0.047479328053166216,1.3774831810895083,1.377,Yes,"Shenzhen Sine Electric Co.,Ltd."
002492.SZ,0.0044122195191230165,0.09323660436979461,5.43,0.323,0.04732282507440201,1.1084672237275188,1.108,Yes,"Zhuhai Winbase International Chemical Tank Terminal Co.,Ltd"
603948.SS,0.0055346794085412935,0.1172448012054041,6.85,0.406,0.04720618186596564,1.7586403154532462,1.759,Yes,"Zhejiang Jianye Chemical Co., Ltd."
300268.SZ,0.00653473429375343,0.1384738453963252,8.13,0.48,0.04719110872562544,0.7699959594705368,0.77,Yes,"Joyvio Food Co., Ltd"
000536.SZ,0.00970131398759867,0.2059804184673209,12.28,0.714,0.0470982341903427,2.244577525919687,2.245,Yes,"Hua Ying Technology (Group) Co.,Ltd."
002783.SZ,0.004646096711290899,0.098681731800561,5.72,0.342,0.04708162925921094,1.0324933297580685,1.032,Yes,"Hubei Kailong Chemical Group Co., Ltd."
515210.SS,0.003289765220041227,0.06988366349375656,4.02,0.242,0.04707488210510223,1.112374501155858,1.112,Yes,Guotai CSI Steel ETF
600582.SS,0.003184199292805816,0.06812385201182682,3.89,0.236,0.046741327725464125,0.6682262783927291,0.668,Yes,Tiandi Science & Technology Co.Ltd
600106.SS,0.006472279512153489,0.13850992982203852,8.05,0.48,0.04672790983627857,1.9488986491695974,1.949,Yes,"Chongqing road & bridge co.,ltd"
002615.SZ,0.004003606586597447,0.08586475444134106,4.91,0.297,0.04662689147189643,0.8716022361356308,0.872,Yes,"ZheJiang Haers Vacuum Containers Co.,Ltd."
000544.SZ,0.0026190836290786476,0.05618608029905923,3.19,0.195,0.04661445708862701,0.6905813211241,0.691,Yes,"Zhongyuan Environmental Protection Co., Ltd."
600279.SS,0.003982673840266559,0.0855105202036023,4.89,0.296,0.04657524981468633,0.3875463904721553,0.388,Yes,"Chongqing Port Co.,Ltd."
688073.SS,0.0065706714704051,0.14157872241108546,8.18,0.49,0.04641002093045179,1.8955695915270863,1.896,Yes,"Bide Pharmatech Co., Ltd."
600523.SS,0.005693396650547576,0.12291623333282944,7.05,0.426,0.04631932248632401,1.2526581755337305,1.253,Yes,"Guizhou Guihang Automotive Components Co.,Ltd"
605333.SS,0.005424249922818281,0.11753996305635572,6.71,0.407,0.04614813363704708,1.1437766960542524,1.144,Yes,"Kunshan Huguang Auto Harness Co.,Ltd."
002555.SZ,0.004849585755223264,0.10509207215048826,5.98,0.364,0.04614606654894789,1.5511612388976348,1.551,Yes,"37 Interactive Entertainment Network Technology Group Co., Ltd."
300416.SZ,0.006275723070112484,0.136254906795913,7.8,0.472,0.046058694088077605,1.7068248617328559,1.707,Yes,"Suzhou Sushi Testing Group Co.,Ltd."
002404.SZ,0.0031635417431588415,0.0687776650188913,3.86,0.238,0.04599664356575503,0.9052219387313065,0.905,Yes,"Zhejiang Jiaxin Silk Corp.,Ltd."
600463.SS,0.0065336971613273245,0.1420854262719989,8.13,0.492,0.045984287993193956,1.7422162198830098,1.742,Yes,"Beijing Airport High-Tech Park Co., Ltd."
600389.SS,0.005588868755632941,0.1215441632962158,6.92,0.421,0.045982206006982704,1.1805794397884997,1.181,Yes,"Nantong Jiangshan Agrochemical & Chemicals Co.,Ltd."
300143.SZ,0.0043291601499838095,0.09421317598859029,5.32,0.326,0.04595068688171699,0.970475667277879,0.97,Yes,"INKON Life Technology Co., Ltd."
300511.SZ,0.006899135776920663,0.1509128532061062,8.6,0.523,0.045716025045913794,1.4385341522367439,1.439,Yes,"Shanghai Xuerong Biotechnology Co., Ltd."
300326.SZ,0.005333271270639694,0.11686384292660995,6.59,0.405,0.045636624100997336,1.4358971390934991,1.436,Yes,"Shanghai Kinetic Medical Co., Ltd"
603665.SS,0.0069935287213425705,0.15328434745081992,8.72,0.531,0.04562454573899914,1.2750303352874934,1.275,Yes,"ZheJiang KangLongDa Special Protection Technology Co., Ltd"
159822.SZ,0.004407160189349967,0.09663099662700501,5.42,0.335,0.04560814172663018,1.0799494509260703,1.08,Yes,Yinhua ICBC CSOP SP New CN Sec ETF(QDII)
600149.SS,0.0051292234883959014,0.11273863567096948,6.33,0.391,0.04549659003649528,0.565980521517018,0.566,Yes,"Langfang Development Co., Ltd."
600261.SS,0.002880034514132973,0.06332502033209861,3.51,0.219,0.04548019880655485,0.8437229157124577,0.844,Yes,"Zhejiang Yankon Group Co., Ltd."
000059.SZ,0.004665916636700226,0.10290640858522807,5.75,0.356,0.045341361153769834,0.8284571566969187,0.828,Yes,"North Huajin Chemical Industries Co.,Ltd"
300550.SZ,0.005096822858511318,0.11247131138298627,6.29,0.39,0.045316648270914736,1.6481025180790254,1.648,Yes,"Heren Health Co.,Ltd."
002117.SZ,0.004689089502043196,0.10408378657040952,5.77,0.361,0.045051104082105706,0.9669039746705548,0.967,Yes,Tungkong Inc.
603227.SS,0.0036372859185525804,0.08075318715806483,4.45,0.28,0.04504201068167158,0.41537768375120615,0.415,Yes,"Xinjiang Xuefeng Sci-Tech(Group)Co.,Ltd"
605500.SS,0.004558520572246522,0.10123200120766541,5.61,0.351,0.04503043027762791,0.7627085873630071,0.763,Yes,"Forest Packaging Group Co.,Ltd."
688009.SS,0.0031766854178145853,0.07061918400268928,3.88,0.245,0.04498332093009758,0.5577578053926625,0.558,Yes,China Railway Signal & Communication Corporation Limited
300945.SZ,0.006133534288455622,0.13668169234865205,7.61,0.473,0.04487458549174242,1.163677702918818,1.164,Yes,"MCLON JEWELLERY Co.,Ltd."
002355.SZ,0.006279379510611617,0.139945430822015,7.8,0.485,0.04487020028969606,1.0519891045096745,1.052,Yes,"Xingmin Intelligent Transportation Systems (Group) Co., Ltd."
603267.SS,0.007086917414532871,0.15830425375942317,8.84,0.548,0.044767700464340913,1.7432237833834474,1.743,Yes,"Beijing Yuanliu Hongyuan Electronic Technology Co., Ltd."
003020.SZ,0.00484702737173151,0.10840498269610017,5.97,0.376,0.044712219412640336,0.9100249409599872,0.91,Yes,"Hefei Lifeon Pharmaceutical Co., Ltd."
300200.SZ,0.006368913021457648,0.1424999286328195,7.92,0.494,0.04469414885019675,1.8543598607444967,1.854,Yes,"Beijing Comens New Materials Co.,Ltd."
159728.SZ,0.003881060199440657,0.08684329393807222,4.76,0.301,0.04469038452420095,1.4236402108343615,1.424,Yes,China Southern CNI Online Consumption ETF
301380.SZ,0.00476926124404857,0.10675181931828251,5.88,0.37,0.044676158912373476,1.3763998685652759,1.376,Yes,"Beijing Waluer Information Technology Co., Ltd."
000530.SZ,0.004231184064917122,0.09473768353259454,5.2,0.328,0.04466210178615335,1.0916508689619318,1.092,Yes,"Bingshan Refrigeration & Heat Transfer Technologies Co., Ltd."
300030.SZ,0.006591898000804443,0.14768538404271234,8.2,0.512,0.044634735140059556,1.7872271494532896,1.787,Yes,"Improve Medical Instruments Co., Ltd."
300519.SZ,0.004259652155325587,0.09544226324773351,5.23,0.331,0.04463067000275417,0.8930664970838161,0.893,Yes,"Zhejiang Xinguang Pharmaceutical Co., Ltd."
600448.SS,0.0048801556644259385,0.1094362849598853,6.02,0.379,0.04459357941668795,0.8717496598575972,0.872,Yes,"Huafang Co.,Ltd"
688768.SS,0.007052601810372151,0.15833710441930324,8.8,0.548,0.0445416874095138,2.1981349820404157,2.198,Yes,Anhui Ronds Science & Technology Incorporated Company
300091.SZ,0.006877668567544263,0.15447249582633737,8.57,0.535,0.04452358027073211,1.7398193166800415,1.74,Yes,"Jin Tong Ling Technology Group Co., Ltd."
002624.SZ,0.006056352146370593,0.13624535126577048,7.51,0.472,0.04445180764044283,1.7259432039853455,1.726,Yes,"Perfect World Co., Ltd."
688015.SS,0.004383376299139081,0.09867380780388851,5.39,0.342,0.04442289597104554,1.1413984503783954,1.141,Yes,"Traffic Control Technology Co., Ltd."
002526.SZ,0.004466389442453221,0.10065702123383173,5.49,0.349,0.04437235860653531,1.0514169860513074,1.051,Yes,"Shandong Mining Machinery Group Co., Ltd."
516060.SS,0.0033178551520608264,0.07477334469101163,4.05,0.259,0.04437216451626324,1.0540647503057714,1.054,Yes,ICBCCS CSI Brand Name Drug Industry ETF
600604.SS,0.004482019452461549,0.1012269102105308,5.51,0.351,0.044276956030169116,1.1244565431570142,1.124,Yes,"Shanghai Shibei Hi-Tech Co.,Ltd."
300019.SZ,0.004879124591481211,0.11029967863279294,6.01,0.382,0.04423516597654537,1.72830511250497,1.728,Yes,"Chengdu Guibao Science & Technology Co.,Ltd."
300504.SZ,0.00517014700706229,0.11693675762939834,6.38,0.405,0.044213189350159436,1.1713705228586788,1.171,Yes,"Sichuan Tianyi Comheart Telecom Co., Ltd."
600573.SS,0.003591006351515518,0.08128052874780121,4.4,0.282,0.044180400974724976,0.6093954279045624,0.609,Yes,"FuJian YanJing HuiQuan Brewery Co.,Ltd"
600958.SS,0.003405985663814013,0.07712875740208165,4.16,0.267,0.0441597372826609,1.251227129642851,1.251,Yes,Orient Securities Company Limited
002847.SZ,0.006158686875558457,0.1396786117575864,7.65,0.484,0.04409183910165802,1.1269028394064513,1.127,Yes,"YanKer shop Food Co.,Ltd"
600006.SS,0.004890365136810486,0.11137216947081108,6.03,0.386,0.0439101183001753,0.7972275407285146,0.797,Yes,DongFeng Automobile Co. LTD
300240.SZ,0.005338834258664001,0.12190070641798348,6.6,0.422,0.04379658178811329,0.842944291599416,0.843,Yes,Jiangsu Feiliks International Logistics Inc.
508098.SS,0.0035007843862773684,0.07994037741987628,4.28,0.277,0.04379244255865794,0.6546365295319683,0.655,Yes,Harvest Fund Management - Jingdong Warehouse Logistic Fund
688289.SS,0.0035705148780174416,0.08156273688668124,4.37,0.283,0.04377630048116357,0.895771700609171,0.896,Yes,Sansure Biotech Inc.
001219.SZ,0.0033642640940953826,0.07690418650229908,4.11,0.266,0.0437461762110286,0.24566429156459105,0.246,Yes,"Qingdao Foods Co., Ltd."
003000.SZ,0.003688950473938831,0.08434262445651854,4.52,0.292,0.043737677096360804,0.8700424550685695,0.87,Yes,"Jinzai Food Group Co.,Ltd."
301391.SZ,0.007152431523071001,0.16433637050550598,8.93,0.569,0.04352311969084996,2.169602346991378,2.17,Yes,Colorlight Cloud Tech Ltd
301001.SZ,0.005080477332668108,0.11700620884314053,6.27,0.405,0.043420578983795956,1.004834824984049,1.005,Yes,"Shanghai Kaytune Industrial Co.,Ltd"
002868.SZ,0.007205546508736612,0.16599133697342222,9.0,0.575,0.043409172069566085,1.3858190699238666,1.386,Yes,"Lifecome Biochemistry Co.,Ltd."
000586.SZ,0.0056487473005620535,0.13022704030028778,6.99,0.451,0.043376147438632766,1.916292048825008,1.916,Yes,"Sichuan Huiyuan Optical Communication Co., Ltd."
159169.SZ,0.0036898610093144615,0.08516752246122165,4.52,0.295,0.04332474284425173,0.1036089621148078,0.104,Yes,GF Hang Seng Biotech ETF
688779.SS,0.005368389231126773,0.12417548014163629,6.64,0.43,0.0432322808416244,1.7995526124384214,1.8,Yes,"Minmetals New Energy Materials(Hunan)Co.,Ltd."
300610.SZ,0.003377714936659499,0.07827035194508428,4.13,0.271,0.04315446210117156,0.9982832386818851,0.998,Yes,"Yangzhou Chenhua New Material Co., Ltd."
600690.SS,0.003682144694302625,0.0857368192727795,4.51,0.297,0.04294706434802003,1.0332789622906353,1.033,Yes,"Haier Smart Home Co., Ltd."
688393.SS,0.0074337337016949796,0.17332026470152795,9.29,0.6,0.04289015894648265,1.2165489936300307,1.217,Yes,"Guangzhou LBP Medicine Science & Technology Co., Ltd."
600824.SS,0.003063646187228125,0.07152952879916988,3.74,0.248,0.04283050984202317,0.6756275809937312,0.676,Yes,"Shanghai Yimin Commercial Group Co., Ltd."
002093.SZ,0.0051835419275149995,0.12130136363694531,6.4,0.42,0.04273275890804763,0.8746046564917627,0.875,Yes,"Guomai Technologies, Inc."
000929.SZ,0.005231320335953614,0.12256713251075856,6.46,0.425,0.042681265595362,1.3204420183182786,1.32,Yes,"Lanzhou Huanghe Enterprise Co., Ltd"
000514.SZ,0.0049207262544366135,0.11555537841127993,6.07,0.4,0.04258327325036285,1.2572105090428216,1.257,Yes,"Chongqing Yukaifa Co., Ltd"
603713.SS,0.0061892991977435235,0.14550303948936283,7.69,0.504,0.04253725021459775,2.327780993255616,2.328,Yes,"Milkyway Intelligent Supply Chain Service GroupCo., Ltd."
159825.SZ,0.002726565246480061,0.06419109126048943,3.32,0.222,0.04247575781841089,0.9678324622110552,0.968,Yes,Fullgoal CSI Agriculture Thematic ETF
600778.SS,0.006173474747123655,0.14536353675570435,7.66,0.504,0.04246921122660009,0.865692674692208,0.866,Yes,"Xinjiang Youhao(Group)Co.,Ltd"
600884.SS,0.006254933881034814,0.14748868262029435,7.77,0.511,0.04240958539943009,2.1134850919665213,2.113,Yes,"Ningbo Shanshan Co.,Ltd."
603183.SS,0.0033431202279616506,0.07885971435963936,4.09,0.273,0.042393258143383156,0.4417379473118023,0.442,Yes,"Suzhou Institute of Building Science Group Co.,Ltd"
002537.SZ,0.005213052160461219,0.1229693813864042,6.44,0.426,0.04239309087910551,1.1119183545245561,1.112,Yes,"HyUnion Holding Co.,Ltd"
300670.SZ,0.005786535867077889,0.1365515373768104,7.17,0.473,0.04237620445905413,1.5408737925488638,1.541,Yes,"Jiangsu Daybright Intelligent Electric Co.,LTD."
301678.SZ,0.009721858060577099,0.22968485973962632,12.31,0.796,0.04232694341106297,4.116720753975814,4.117,Yes,HENGHUI Technology Corporation Limited
301130.SZ,0.0041786640067905684,0.09902420574923108,5.13,0.343,0.04219840972390748,0.9254708035233921,0.925,Yes,"Jilin Province Xidian Pharmaceutical Sci-Tech Development Co.,Ltd"
603309.SS,0.0033844486822951973,0.0803001451681688,4.14,0.278,0.0421474790015299,0.6745575967706244,0.675,Yes,"Well Lead Medical Co., Ltd."
589090.SS,0.005701855271130252,0.13561089289369077,7.06,0.47,0.04204570259411313,3.0654041409713155,3.065,Yes,Penghua SSE STAR AI ETF
600808.SS,0.004166401071880142,0.09924647057502999,5.12,0.344,0.04198034497086077,0.9740695486592837,0.974,Yes,Maanshan Iron & Steel Company Limited
605123.SS,0.00621372417824015,0.14815599553523703,7.72,0.513,0.041940416625004515,1.9679340957385119,1.968,Yes,"Wuxi Paike New Materials Technology Co.,Ltd."
002175.SZ,0.00664419934156501,0.15862347116565603,8.27,0.549,0.04188660916785915,1.0908303986739947,1.091,Yes,"Guangxi Oriental Intelligent Manufacturing Technology Co., Ltd."
589280.SS,0.008498715141018284,0.20298763436190537,10.69,0.703,0.04186814220350969,3.38557704581054,3.386,Yes,Hwabao WP SSE STAR Compst Enh Strtg ETF
900928.SS,0.0030720251379141583,0.07345119561123692,3.75,0.254,0.04182403175809142,0.5499689657742127,0.55,Yes,"Shanghai Lingang Holdings Co.,Ltd."
605008.SS,0.004370315105587793,0.10455695037297365,5.37,0.362,0.0417984178956835,0.8837951117735939,0.884,Yes,Ningbo Changhong Polymer Scientific and Technical Inc.
002662.SZ,0.0031758951416264924,0.07598767491729756,3.88,0.263,0.041794871932626314,1.1387186330808112,1.139,Yes,"Fengjing New Energy Technology Co., Ltd."
002798.SZ,0.005590952568218835,0.13384410416265613,6.92,0.464,0.04177212439200417,1.2762916252249685,1.276,Yes,"DO and Shuihua Group Co., Ltd."
603860.SS,0.003579917881090137,0.08574903414454588,4.38,0.297,0.04174878372455511,0.3360531250866745,0.336,Yes,"RoadMainT Co.,Ltd."
002669.SZ,0.004934045076600486,0.11818641269684921,6.08,0.409,0.04174798916400333,1.7357042380555325,1.736,Yes,"Kangda New Materials (Group) Co., Ltd."
002244.SZ,0.00558167269282878,0.13411782794407834,6.91,0.465,0.041617678860383193,1.1409713223359597,1.141,Yes,"Hangzhou Binjiang Real Estate Group Co.,Ltd"
002483.SZ,0.003926191414405142,0.09440270999035474,4.81,0.327,0.04158981680511382,1.145067514594601,1.145,Yes,"Jiangsu Rainbow Heavy Industries Co., Ltd."
002194.SZ,0.00491960093421371,0.11841892649818828,6.07,0.41,0.04154404266018217,1.4326062033583131,1.433,Yes,"Wuhan Fingu Electronic Technology Co., LTD."
600278.SS,0.0039019289673812613,0.09407240994564699,4.78,0.326,0.041477931410875,0.9023853184681292,0.902,Yes,"Orient International Enterprise, Ltd."
000710.SZ,0.006360486942694314,0.15356182637286328,7.91,0.532,0.0414197140847389,1.2290309201462633,1.229,Yes,"Berry Genomics Co.,Ltd"
605136.SS,0.008192057872628314,0.19794648405580803,10.29,0.686,0.04138521536113108,0.8680671050749983,0.868,Yes,"Shanghai Lily&Beauty Cosmetics Co.,Ltd."
300908.SZ,0.003595469166446322,0.08698104174413462,4.4,0.301,0.04133623941896252,1.187102191081936,1.187,Yes,"Zhongjing Food Co., Ltd."
300809.SZ,0.006790700428411959,0.16484516765622745,8.46,0.571,0.04119441609943622,1.7105518118282523,1.711,Yes,"Hiecise Precision Equipment Co.,Ltd."
002722.SZ,0.0041866058904829985,0.10165060623792482,5.14,0.352,0.041186236318982404,1.5430431592602076,1.543,Yes,"Wuchan Zhongda Geron Co.,Ltd."
001367.SZ,0.003859009223189212,0.0938518175970944,4.73,0.325,0.04111810854592,1.0184821290203496,1.018,Yes,"Zhejiang Haisen Pharmaceutical Co., Ltd."
600398.SS,0.004825010105759792,0.11743069500452491,5.95,0.407,0.04108815080736661,0.7395394659757455,0.74,Yes,"Hla Group Corp., Ltd."
301498.SZ,0.005498811057204277,0.1338487495749201,6.8,0.464,0.04108227439305579,0.8234883487352604,0.823,Yes,"Gambol Pet Group Co., Ltd."
002243.SZ,0.005482295510332513,0.1337140255690255,6.78,0.463,0.04100015302809395,1.2131042101021159,1.213,Yes,"Shenzhen Leaguer Co., Ltd."
603703.SS,0.004757411461307824,0.11604102536584468,5.86,0.402,0.04099766824973362,1.3823865970828004,1.382,Yes,"Zhejiang Shengyang Science and Technology Co., Ltd."
517990.SS,0.0031858537200197892,0.0777976008548263,3.89,0.269,0.04095053941270928,1.0919554438453976,1.092,Yes,CMF CSI SH-HK-SZ 500 Health Care ETF
515120.SS,0.0031988229193301624,0.07830062700918582,3.91,0.271,0.04085309456021206,1.1365864416214877,1.137,Yes,GF CSI Brand Name Drug Industry ETF
301025.SZ,0.006421623868977181,0.15728424355033482,7.98,0.545,0.04082814479075333,0.9826891425906497,0.983,Yes,Dook Media Group Limited
300306.SZ,0.003543079830959471,0.0868363902325083,4.34,0.301,0.040801786226635134,1.1135555353206261,1.114,Yes,"HangZhou Everfine Photo-e-info Co., Ltd."
300134.SZ,0.00711747215063246,0.17529872007406277,8.88,0.607,0.04060196302417591,2.498962364848632,2.499,Yes,"Anhui Tatfook Technology Co., Ltd"
002617.SZ,0.004898449378352992,0.12107898129318972,6.04,0.419,0.0404566451256434,1.5415593115921826,1.542,Yes,"Roshow Technology Co., Ltd."
002075.SZ,0.004353473728667904,0.10811102077076463,5.35,0.375,0.040268547069765244,1.0558968889677156,1.056,Yes,"Jiangsu Shagang Co., Ltd."
301363.SZ,0.004866803269935336,0.12092271043931155,6.0,0.419,0.0402472228107877,1.6213588443719293,1.621,Yes,MeHow Innovative Ltd.
002446.SZ,0.00501170620306463,0.12458264301424704,6.18,0.432,0.04022796500224755,2.0203636723727683,2.02,Yes,"Guangdong Shenglu Telecommunication Tech. Co., Ltd."
159792.SZ,0.0043239091017741385,0.10795706069838225,5.31,0.374,0.0400521195538527,1.293931500256126,1.294,Yes,Fullgoal CSI-HK Connect Internet ETF
603999.SS,0.003796764810155588,0.09486240008416509,4.65,0.329,0.04002391681832814,0.5654213733169614,0.565,Yes,"DuZhe Publish&Media Co.,Ltd"
508087.SS,0.0019257823818279421,0.04812752061293697,2.34,0.167,0.04001416148810043,0.21392382968374318,0.214,Yes,Guotai Asset Management Co Ltd - Guotai Junan Jinan Enery Heating Fund
002197.SZ,0.007043868691902002,0.1761824196245983,8.79,0.61,0.039980542365752304,1.0838900369320785,1.084,Yes,"SZZT Electronics CO.,LTD"
002590.SZ,0.005019506640950022,0.12559235589592782,6.19,0.435,0.039966657247113346,1.6118982842508887,1.612,Yes,"Zhejiang VIE Science & Technology Co., Ltd."
601113.SS,0.0030312600894711723,0.07642464575490168,3.7,0.265,0.03966338423330873,0.6780015816929924,0.678,Yes,"Yiwu Huading Nylon Co.,Ltd."
600742.SS,0.0036823743638354786,0.09294259892033756,4.51,0.322,0.03961987728567495,0.9223166493842507,0.922,Yes,"Changchun FAWAY Group Automobile Components Co., Ltd."
601595.SS,0.005900732183657418,0.14924444642039184,7.32,0.517,0.03953736520979972,1.4603553744806734,1.46,Yes,"Shanghai Film Co., Ltd."
603096.SS,0.0038257317666070124,0.09681903379637212,4.69,0.335,0.0395142526897471,0.8648956045130684,0.865,Yes,Thinkingdom Media Group Ltd.
002481.SZ,0.0034129620081655874,0.08640335341949786,4.17,0.299,0.039500341978572044,0.949585023809172,0.95,Yes,"Yantai Shuangta Food Co., Ltd."
002795.SZ,0.005832068447124597,0.1477509072061761,7.23,0.512,0.03947230211579244,0.9765176155219074,0.977,Yes,"Yorhe Fluid Intelligent Control Co., Ltd."
159992.SZ,0.0030859787783722764,0.07858295507956016,3.77,0.272,0.03927033254537097,1.1552274679524661,1.155,Yes,Yinhua CSI Brand Name Drug Industry ETF
560900.SS,0.0031187653445866113,0.07979139381254283,3.81,0.276,0.039086487847469535,1.1947545404997482,1.195,Yes,JPM CSI Brand Name Drug Industry ETF
603915.SS,0.005534477980654273,0.1416355202419725,6.85,0.491,0.039075494418342786,1.9412890027779541,1.941,Yes,"Jiangsu Guomao Reducer Co., Ltd."
600243.SS,0.007282847143758683,0.18654420281519613,9.1,0.646,0.03904086556350179,1.9278994217285639,1.928,Yes,"Qinghai Huading Industrial Co., Ltd."
600400.SS,0.004375416550021547,0.11239629552438339,5.38,0.389,0.0389284765090175,1.2362109933811554,1.236,Yes,"Jiangsu Hongdou Industrial Co.,LTD"
301135.SZ,0.003963594703368554,0.10186000133505761,4.86,0.353,0.03891217996680299,1.3458325557977286,1.346,Yes,"Guangdong Real-Design Intelligent Technology Co., Ltd"
601999.SS,0.0029456815634919717,0.07570152932068243,3.59,0.262,0.03891178408052559,0.44012998461610897,0.44,Yes,Northern United Publishing & Media (Group) Company Limited
300112.SZ,0.004695446756362295,0.12069165108332004,5.78,0.418,0.038904486882201744,1.4118702036936364,1.412,Yes,"Shenzhen Maxonic Automation Control Co., Ltd."
603616.SS,0.006378713317799053,0.16435776545820824,7.93,0.569,0.03880992966785612,1.1326123593316044,1.133,Yes,"Beijing Hanjian Heshan Pipeline Co.,Ltd"
002706.SZ,0.005021622786951929,0.12954323771653478,6.2,0.449,0.03876406731426764,2.005901032649663,2.006,Yes,"Shanghai Liangxin Electrical Co.,LTD."
601528.SS,0.002368535563810678,0.06113280756203605,2.88,0.212,0.03874409925320618,0.45641936343587786,0.456,Yes,"Zhejiang Shaoxing RuiFeng Rural Commercial Bank Co.,Ltd"
603518.SS,0.00415053307621085,0.10713513794652363,5.1,0.371,0.038741099846089554,0.8200068073222416,0.82,Yes,"Jinhong Fashion Group Co.,Ltd."
159288.SZ,0.0033186337123516057,0.085681659306268,4.06,0.297,0.0387321363664211,1.9336158029194364,1.934,Yes,Yinhua ChiNext Composite ETF
300827.SZ,0.006018569739047654,0.15545158298315753,7.47,0.539,0.0387166835071711,0.8057015373681896,0.806,Yes,"Sineng Electric Co.,Ltd."
300155.SZ,0.0059985160387063296,0.15496156699345648,7.44,0.537,0.03870970173500909,1.860510309409401,1.861,Yes,"Guangdong Anjubao Digital Technology Co., Ltd."
301329.SZ,0.0047410642566274065,0.12266126385812089,5.84,0.425,0.03865168275219529,1.510451849886988,1.51,Yes,"Singatron Electronic (China) Co., Ltd."
000156.SZ,0.002989739922829722,0.07770601364321449,3.65,0.269,0.03847501348553343,0.9489827199866236,0.949,Yes,"Wasu Media Holding Co.,Ltd"
603739.SS,0.004028632889969058,0.10489697197557263,4.94,0.363,0.03840561661691442,1.1905232964549475,1.191,Yes,Qingdao Vland Biotech INC.
300698.SZ,0.005156100219207541,0.13428743664277404,6.37,0.465,0.03839599852459459,1.443929446734239,1.444,Yes,"Wanma Technology Co., Ltd."
603717.SS,0.00397721166375988,0.10364713993168252,4.88,0.359,0.03837261371979391,0.8309556640396385,0.831,Yes,"TianYu Bio-Technology Co., Ltd."
300615.SZ,0.006079332378376846,0.15849709278264693,7.54,0.549,0.038356112857626135,1.7508399813621938,1.751,Yes,XDC Industries (Shenzhen) Limited
002193.SZ,0.005837572216929377,0.15223344949677822,7.23,0.527,0.03834618630942157,1.2495555863122156,1.25,Yes,"Shandong Ruyi Woolen Garment Group Co., Ltd."
513040.SS,0.00411841148981701,0.10741820249214003,5.06,0.372,0.038339977715772716,1.3481556187413024,1.348,Yes,E Fund CSI HK Eq Cnn Intrnt ETF
605555.SS,0.004181028254006626,0.1095185220688855,5.13,0.379,0.03817644883279946,1.3826686692923422,1.383,Yes,"Ningbo Dechang Electrical Machinery Made Co., Ltd."
002678.SZ,0.004048362470189068,0.10617448735268002,4.97,0.368,0.03812933380823977,1.0695864904050738,1.07,Yes,"Guangzhou Pearl River Piano Group Co.,Ltd"
600507.SS,0.003792955653283479,0.10041897727971648,4.65,0.348,0.03777130335353071,0.8333150176869838,0.833,Yes,"Fangda Special Steel Technology Co., Ltd."
600892.SS,0.005308565237421654,0.14118010994105065,6.56,0.489,0.03760136778217718,1.2140532967335884,1.214,Yes,"Dasheng Times Cultural Investment Co., Ltd."
000561.SZ,0.0051988514323866464,0.13858072007014732,6.42,0.48,0.03751496910793271,1.6251602855661649,1.625,Yes,"Shaanxi Fenghuo Electronics Co., Ltd."
600081.SS,0.003955569278771795,0.10555171944284454,4.85,0.366,0.03747517614730763,1.086811575276168,1.087,Yes,"Dong Feng Electronic Technology Co.,Ltd."
603072.SS,0.004113539762538265,0.11009956463723405,5.05,0.381,0.03736199844288146,1.805902311812447,1.806,Yes,"Baotou Tianhe Magnetics Technology Co., Ltd."
002430.SZ,0.004738354713103981,0.1269840536899802,5.84,0.44,0.03731456490334003,2.151046778145008,2.151,Yes,"Hangzhou Oxygen Plant Group Co., Ltd."
001336.SZ,0.003979506254554574,0.1071460020350504,4.88,0.371,0.03714096820199384,0.8895599401734735,0.89,Yes,Hangzhou Chuhuan Science & Technology Company Limited
300150.SZ,0.004004710553604673,0.108489652744269,4.91,0.376,0.036913294976107514,1.2192590104674945,1.219,Yes,"Beijing Century Real Technology Co.,Ltd"
300434.SZ,0.004330615444122853,0.11750647704832,5.32,0.407,0.036854270104124176,1.312969897638929,1.313,Yes,Sichuan Goldstone Asia Pharmaceutical Inc.
688329.SS,0.0046606570187327275,0.12658991948995008,5.74,0.439,0.03681696802961262,1.5070636141877083,1.507,Yes,"Suzhou Iron Technology CO.,LTD"
002034.SZ,0.0026634743409289004,0.07235449906103579,3.24,0.251,0.03681145437386118,0.8169345280341173,0.817,Yes,"Wangneng Environment Co.,Ltd"
600269.SS,0.002103526315755969,0.0575473922758396,2.55,0.199,0.036552938935498956,0.4198580080770814,0.42,Yes,"Jiangxi Ganyue Expressway CO.,LTD."
600446.SS,0.005101989388811781,0.13965865590037332,6.3,0.484,0.03653185229314628,2.1445989854009464,2.145,Yes,"Shenzhen Kingdom Sci-Tech Co., Ltd"
002769.SZ,0.005416856109169249,0.14829235808275643,6.7,0.514,0.03652822154292201,0.9298444042196189,0.93,Yes,"Guangdong Prolto Supply Chain Management Co., Ltd."
600287.SS,0.0043031491063580925,0.1181107943247723,5.29,0.409,0.03643315694351875,0.9681612341371343,0.968,Yes,"Soho Fashion Group Co., Ltd."
601816.SS,0.001920842110795711,0.05272549598707762,2.33,0.183,0.036430991777990786,0.07218679919943027,0.072,Yes,"Beijing-Shanghai High-Speed Railway Co., Ltd."
600386.SS,0.004849847093511114,0.13351867023261507,5.98,0.463,0.03632336275564872,0.8323750620442117,0.832,Yes,"Beijing Bashi Media Co., Ltd."
688288.SS,0.006242479266134507,0.17193332399053746,7.75,0.596,0.03630755877480778,0.785620547481744,0.786,Yes,"Hangzhou Hopechart IoT Technology Co.,Ltd"
603728.SS,0.006400424089880594,0.1770979884362784,7.96,0.613,0.03614058040068326,2.5938685702284667,2.594,Yes,"Shanghai Moons' Electric Co., Ltd."
603194.SS,0.0036100353450073614,0.10000237970468714,4.42,0.346,0.03609949438871361,1.166864088981453,1.167,Yes,"Zhejiang E-P Equipment Co., Ltd."
603177.SS,0.005409837586666822,0.1500767903565895,6.69,0.52,0.03604713009795048,1.6638164339657466,1.664,Yes,"Zhejiang Tuna Environmental Science & TechnologyCo.,Ltd."
002622.SZ,0.005232852539018795,0.14518848176718238,6.46,0.503,0.03604178840722337,1.4271755192625462,1.427,Yes,"Whole Shine Medical Technology Co., Ltd."
605166.SS,0.003398019562870257,0.09435199479228987,4.15,0.327,0.03601428428037784,1.337846971292415,1.338,Yes,"Juheshun Advanced Material Co., Ltd."
159835.SZ,0.0027193324285661974,0.07560846028890696,3.31,0.262,0.035965980766905915,1.0713376595827855,1.071,Yes,CCB Principal CSI New Drug Industry ETF
561380.SS,0.006105938994377658,0.16981952354739555,7.58,0.588,0.03595545945972184,2.2254419682733264,2.225,Yes,Guotai HS China A Power Grid Equip ETF
003011.SZ,0.004001557123785984,0.11189709358254313,4.91,0.388,0.03576104611541278,0.9636124119256739,0.964,Yes,"Zhejiang Walrus New Material Co., Ltd."
600061.SS,0.0029225404197280014,0.08192886115741771,3.56,0.284,0.03567168368314856,1.3371262102878918,1.337,Yes,"SDIC Capital Co.,Ltd"
688053.SS,0.005859322874651976,0.16532956971456034,7.26,0.573,0.03544025962668403,2.1731560358279354,2.173,Yes,"Chengdu Screen Micro Electronics Co.,Ltd."
002285.SZ,0.004729266444515361,0.1337276070150222,5.83,0.463,0.035364922397692365,1.3901951609155396,1.39,Yes,Shenzhen Worldunion Group Incorporated
603289.SS,0.003291531468016826,0.09342548622590124,4.02,0.324,0.03523162255808826,0.9234646048879237,0.923,Yes,"Tederic Machinery Co., LTD"
603041.SS,0.0027441021148625505,0.07790492245629829,3.34,0.27,0.03522373206137119,0.8673146866425955,0.867,Yes,"Jiangsu Maysta Chemical Co., Ltd."
589560.SS,0.004822782085153723,0.13715581838583682,5.94,0.475,0.03516279616798043,3.1049784714114024,3.105,Yes,China Universal SSE STAR AI ETF
600159.SS,0.004192666461815881,0.11932687286983507,5.15,0.413,0.03513597868595244,1.192071349281744,1.192,Yes,"Beijing Dalong Weiye Real Estate Development Co.,Ltd"
600307.SS,0.003754193879689481,0.1069365816746537,4.6,0.37,0.03510673168057051,0.6414279092383957,0.641,Yes,"Gansu Jiu Steel Group Hongxing Iron & Steel Co.,Ltd."
301192.SZ,0.004405701651042274,0.12552439438794227,5.42,0.435,0.03509837010187942,1.2705380231373309,1.271,Yes,"Shiyan Taixiang Industry Co.,Ltd."
301101.SZ,0.005435046248501689,0.15490655606249332,6.72,0.537,0.035085966576579565,0.8599842890379059,0.86,Yes,"Mingyue Optical Lens Co.,Ltd."
000089.SZ,0.001870883416024136,0.05337526077462255,2.27,0.185,0.03505150867410196,0.6286068881962885,0.629,Yes,"Shenzhen Airport Co., Ltd."
600833.SS,0.0026742440846469645,0.07631649039014604,3.26,0.264,0.03504149720428262,0.6886667962353362,0.689,Yes,"Shanghai No.1 Pharmacy Co.,Ltd."
600929.SS,0.0031949936815715264,0.09130651428961992,3.9,0.316,0.0349919576541621,1.0822957695444462,1.082,Yes,"Snowsky Salt Industry Group CO.,LTD"
605168.SS,0.005687556570230661,0.1629956024562158,7.04,0.565,0.03489392648957179,2.281613512208996,2.282,Yes,"Three's Company Future Technology Group Co., Ltd."
300898.SZ,0.003700346655072392,0.10644797233758298,4.53,0.369,0.03476202104946936,1.3152843684967892,1.315,Yes,Panda Dairy Corporation
002389.SZ,0.0036653431931200154,0.10562545451362033,4.49,0.366,0.034701324694866725,1.2653499194124465,1.265,Yes,"Aerospace CH UAV Co.,Ltd"
300702.SZ,0.003110897794774683,0.0898336780465625,3.8,0.311,0.034629527170892925,1.0327464063361715,1.033,Yes,"Zhejiang Tianyu Pharmaceutical Co., Ltd."
588700.SS,0.002863352431922782,0.08271193432574904,3.49,0.287,0.034618371039974484,1.382242708569134,1.382,Yes,Harvest STAR Biopharmaceutical ETF
000430.SZ,0.003461777827098185,0.10010636316600775,4.23,0.347,0.03458099682791864,1.501514622685313,1.502,Yes,"Zhang Jia Jie Tourism Group Co., Ltd"
301596.SZ,0.0052548850643672745,0.1520058092005073,6.49,0.527,0.03457029104351978,1.871742439626527,1.872,Yes,"Reach Machinery Co., Ltd."
601121.SS,0.003003010352594932,0.0873576153698332,3.66,0.303,0.03437605685413372,0.962163005707813,0.962,Yes,"Xinjiang Baodi Mining Co., Ltd."
000915.SZ,0.003134047707011249,0.09144797931113366,3.83,0.317,0.034271371883989606,1.086359591938772,1.086,Yes,"Shandong Wit Dyne Health Co.,Ltd."
516600.SS,0.0019473526939789054,0.056826782365928565,2.36,0.197,0.034268220245854936,1.0361815764709637,1.036,Yes,ICBCCS CSI Leading Csmpt Services ETF
600536.SS,0.004267290490825759,0.12453709368765992,5.24,0.431,0.03426521660709507,1.6843883237062829,1.684,Yes,China National Software & Service Company Limited
600017.SS,0.001698994197304891,0.04967293941390929,2.06,0.172,0.034203617046853145,0.5330341376670202,0.533,Yes,"Rizhao Port Co.,Ltd"
000913.SZ,0.0037126058679426755,0.10858021523014931,4.55,0.376,0.034192286873564806,0.7136046846681962,0.714,Yes,"Zhejiang Qianjiang Motorcycle Co., Ltd."
002376.SZ,0.0029431246484378235,0.08651925404680336,3.59,0.3,0.03401699056311459,1.2342706294063102,1.234,Yes,"Shandong New Beiyang Information Technology Co., Ltd."
002494.SZ,0.0032842108276504604,0.09676886071266418,4.01,0.335,0.03393871544486061,0.9003109570351489,0.9,Yes,Huasi Holding Company Limited
301376.SZ,0.002740487854221799,0.08080310808529173,3.34,0.28,0.03391562427684188,1.048968854483662,1.049,Yes,"Ziel Home Furnishing Technology Co., Ltd."
688805.SS,0.003995638775788871,0.117950130057613,4.9,0.409,0.03387566231454931,2.087641066852936,2.088,Yes,"Ningbo Jansen Superconducting Technologies Co., Ltd."
002933.SZ,0.003502587849428962,0.10358426503416729,4.29,0.359,0.033813898744887876,0.8707359238659825,0.871,Yes,"Beijing Emerging Eastern Aviation Equipment Co., Ltd."
300523.SZ,0.0037349271509757656,0.11063924959389362,4.58,0.383,0.03375770501594131,1.2539035607875364,1.254,Yes,"Beijing Global Safety Technology Co., Ltd."
600928.SS,0.001930085981768117,0.05742473178592091,2.34,0.199,0.03361070956262307,0.576746564801509,0.577,Yes,"Bank of Xi'an Co.,Ltd."
002616.SZ,0.003181354008878811,0.09488367627827034,3.89,0.329,0.03352899185259946,0.41102707651283305,0.411,Yes,Guangdong Chant Group Inc.
603869.SS,0.0037923673691860464,0.11342959567182409,4.65,0.393,0.033433667348671245,1.04533545089692,1.045,Yes,"ENC Digital Technology Co., Ltd"
001282.SZ,0.004111488683027039,0.12306525357854459,5.05,0.426,0.03340901321430214,1.6760784308013845,1.676,Yes,"Wuhu Sanlian Forging Co., Ltd."
301037.SZ,0.0035450227494087613,0.10613689086086849,4.34,0.368,0.03340047669246144,1.0716889739672657,1.072,Yes,"Shanghai Baolijia Chemical Co., Ltd."
600027.SS,0.002417259452086269,0.07246138402481711,2.94,0.251,0.03335927797429854,0.13584467740530343,0.136,Yes,Huadian Power International Corporation Limited
603811.SS,0.0034658553512793952,0.10394861188398184,4.24,0.36,0.033342007059677464,1.246493196578516,1.246,Yes,"Zhejiang Cheng Yi Pharmaceutical Co., Ltd."
002500.SZ,0.00248724602587895,0.07472138501851815,3.03,0.259,0.03328693686904408,1.324630279226737,1.325,Yes,"Shanxi Securities Co., Ltd."
002923.SZ,0.004576994063014899,0.13762161051306937,5.63,0.477,0.033257815004135854,0.6790937719623217,0.679,Yes,"Zhuhai Rundu Pharmaceutical Co., Ltd."
688030.SS,0.003940669509821214,0.118744561978497,4.83,0.411,0.033186105065887685,1.7972560574336345,1.797,Yes,"Hillstone Networks Co.,Ltd."
301290.SZ,0.00311809002063698,0.09411738010796963,3.81,0.326,0.033129800437070894,1.3012788916475075,1.301,Yes,"Jiangsu Canopus Wisdom Medical Technology Co.,Ltd."
159070.SZ,0.0018478331799905573,0.05606154939618919,2.24,0.194,0.03296079398255384,,,,Harvest CSI Construction Machnry Thm ETF
600834.SS,0.0032603851502922753,0.09896360745790805,3.98,0.343,0.032945294073672554,0.4033908609097345,0.403,Yes,"Shanghai Shentong Metro Co.,Ltd."
002501.SZ,0.004339344596269173,0.13200989328624116,5.33,0.457,0.03287135901897926,1.1985400818692624,1.199,Yes,"Jilin Liyuan Precision Manufacturing Co., Ltd."
300343.SZ,0.00459703012634246,0.13990373740948017,5.66,0.485,0.03285852266324771,1.5474566604302233,1.547,Yes,"Lecron Industrial Development Group Co., Ltd."
002626.SZ,0.0028549278196982287,0.08703816029350137,3.48,0.302,0.03280087504229325,0.8620180566504008,0.862,Yes,Xiamen Kingdomway Group Company
603214.SS,0.003941730053567601,0.12064060634606161,4.83,0.418,0.032673327604642644,1.5011552463023472,1.501,Yes,"Shanghai Aiyingshi Co.,Ltd"
603022.SS,0.0031580606444757122,0.09699186142352431,3.86,0.336,0.03256005811338888,1.0515163141610724,1.052,Yes,"Shanghai Xintonglian Packaging Co., Ltd."
600658.SS,0.004764747524991513,0.14637379020889094,5.87,0.507,0.03255191737668139,2.2084681629196194,2.208,Yes,"Beijing Electronic Zone High-tech Group Co., Ltd."
900905.SS,0.0014905228642615425,0.04616217939027312,1.8,0.16,0.03228883219875906,0.3666458570313845,0.367,Yes,"Lao Feng Xiang Co., Ltd."
600649.SS,0.0038897658764997663,0.1204854881785575,4.77,0.417,0.032284102718953156,1.7714308255521782,1.771,Yes,"Shanghai Chengtou Holding Co., Ltd."
600405.SS,0.0037173157886006597,0.11551963808915755,4.55,0.4,0.03217908097783038,1.377538925621205,1.378,Yes,"Beijing Dynamic Power Co.,LTD"
002010.SZ,0.002742738433778126,0.08538431522415872,3.34,0.296,0.03212227475945246,1.1800660094478626,1.18,Yes,"Transfar Zhilian Co., Ltd."
688588.SS,0.005480260338252963,0.1709937926953003,6.78,0.592,0.03204946946827729,2.4226693969410453,2.423,Yes,"Linkage Software Co., LTD"
002133.SZ,0.0033401687461743195,0.10461758966047068,4.08,0.362,0.0319274106487696,1.22238369447101,1.222,Yes,"Cosmos Group Co., Ltd."
603300.SS,0.005912695390860197,0.18548467032790744,7.33,0.643,0.03187700299117706,0.9877825966871103,0.988,Yes,"Zhejiang Haikong Nanke Huatie Digital Intelligence and Technology Co., Ltd."
600168.SS,0.0022171118545774604,0.06974718789874841,2.69,0.242,0.031787831472087864,0.7402986088729383,0.74,Yes,"Wuhan Sanzhen Industry Holding Co.,Ltd"
159377.SZ,0.0019512408423709951,0.0613928152641481,2.37,0.213,0.03178288589594085,0.6864861500069419,0.686,Yes,Guotai SZSE ChiNext Healthcare ETF
605005.SS,0.0027527797470699375,0.08691967308763678,3.35,0.301,0.031670387718721014,0.8102980291219839,0.81,Yes,"CWB Automotive Electronics Co., Ltd."
300481.SZ,0.004009466604964831,0.12666100377517128,4.92,0.439,0.03165509892912113,1.7654687684811212,1.765,Yes,"Puyang Huicheng Electronic Material Co., Ltd."
301353.SZ,0.0027228929739875054,0.08624091667901938,3.32,0.299,0.031573098696548625,1.1257326167844297,1.126,Yes,"Zhejiang Prulde Electric Appliance Co., Ltd."
000567.SZ,0.0039340301535458234,0.12463329727038143,4.82,0.432,0.03156484053383645,1.718749317543185,1.719,Yes,"Hainan Haide Capital Management Co., Ltd."
603126.SS,0.003710889603286062,0.11773738923783494,4.55,0.408,0.03151836156133796,0.9453423130730764,0.945,Yes,Sinoma Energy Conservation Ltd.
605080.SS,0.003484151965626212,0.11065205163058095,4.26,0.383,0.03148745924077648,1.020386364819781,1.02,Yes,Zhejiang Natural Outdoor Goods Inc.
601139.SS,0.0017699089092751514,0.05631217593151831,2.14,0.195,0.03143030579083912,0.5413428754901247,0.541,Yes,Shenzhen Gas Corporation Ltd.
600082.SS,0.0038020153948307134,0.12101889551362577,4.66,0.419,0.03141670876018395,1.0004980962114278,1.0,Yes,"Tianjin Hi-Tech Development Co., Ltd."
301078.SZ,0.005556324217795637,0.1774718966812237,6.88,0.615,0.031308192010681815,2.3636455972946466,2.364,Yes,"Kidswant Digital Technology Co., Ltd."
300910.SZ,0.0032976823084251406,0.10533704206415276,4.03,0.365,0.03130600825507113,1.1991964075413115,1.199,Yes,"Xinxiang Richful Lube Additive Co.,Ltd."
603659.SS,0.004652849991351927,0.14897066103457413,5.73,0.516,0.031233331174331448,1.950853505979446,1.951,Yes,"Shanghai Putailai New Energy Technology Group Co.,Ltd."
300663.SZ,0.006948334225122586,0.2230773516982642,8.66,0.773,0.03114764529982831,1.7562085436956085,1.756,Yes,"Client Service International, Inc."
002906.SZ,0.003599351888406912,0.1155796329629145,4.41,0.4,0.031141748733203016,1.7044610374885736,1.704,Yes,Foryou Corporation
603255.SS,0.003994512143326483,0.1287762631500092,4.9,0.446,0.03101900960329425,1.734560597799996,1.735,Yes,"Liaoning Dingjide Petrochemical Co., Ltd."
000056.SZ,0.005696306706422602,0.1837611000931887,7.05,0.637,0.030998436032075874,1.27597019177705,1.276,Yes,"Shenzhen Wongtee International Enterprise Co., Ltd."
002168.SZ,0.004311812556226891,0.13923641182792507,5.3,0.482,0.030967564443959046,0.614591439566951,0.615,Yes,"Chongqing Hifuture Information Technology Co., Ltd."
688612.SS,0.004222121705640755,0.13705928524597277,5.19,0.475,0.030805076052042333,2.2463254102791166,2.246,Yes,"Shenzhen VMAX New Energy Co., Ltd."
688338.SS,0.0030517432693117396,0.09981662301098762,3.72,0.346,0.03057349745218098,1.38203357768894,1.382,Yes,Beijing Succeeder Technology Inc.
301208.SZ,0.003450807121887327,0.11320681577430756,4.22,0.392,0.030482326512627625,1.8779700252380307,1.878,Yes,"ChinaEtek Service & Technology Co., Ltd."
000768.SZ,0.002254066651515241,0.07415958849197027,2.74,0.257,0.03039481066914635,0.892564069008825,0.893,Yes,AVIC Xi'an Aircraft Industry Group Company Ltd.
300428.SZ,0.003259354285989065,0.1072856706081193,3.98,0.372,0.03038014552655832,1.7197966930494928,1.72,Yes,"Lizhong Sitong Light Alloys Group Co., Ltd."
603051.SS,0.003126796621756464,0.10332238563375089,3.82,0.358,0.030262528324114465,1.27879799618279,1.279,Yes,"Guangzhou Lushan New Materials Co., Ltd."
510950.SS,0.001918364346120331,0.06348373017112034,2.33,0.22,0.03021820458485003,0.8475263519070376,0.848,Yes,GF SSE 50ETF
001379.SZ,0.0058970956873171925,0.195766544301391,7.31,0.678,0.030123102537062515,0.4085503597367742,0.409,Yes,"Shandong Tengda Fasten Tech. Co., Ltd."
600761.SS,0.003522911562339444,0.11695741196488624,4.31,0.405,0.030121319402973086,1.4309020201238765,1.431,Yes,"Anhui Heli Co.,Ltd."
001328.SZ,0.0028852161565554634,0.09626507133403875,3.52,0.333,0.02997157864812456,0.2649447978741406,0.265,Yes,"Dencare (Chongqing) Oral Care Co., Ltd."
600984.SS,0.0038843365526086385,0.12993039218204724,4.76,0.45,0.029895519342127756,1.0586646337863825,1.059,Yes,"Shaanxi Construction Machinery Co.,Ltd"
300558.SZ,0.0035559393214430394,0.1199077401214103,4.35,0.415,0.029655627883925933,1.6169517450068296,1.617,Yes,"Betta Pharmaceuticals Co., Ltd."
560980.SS,0.00297316904881169,0.10037043386938656,3.63,0.348,0.029621960712860086,1.5755851527472502,1.576,Yes,GF CSI Photovoltaic Leading 30 ETF
510660.SS,0.0019352767095305173,0.06549233775492562,2.35,0.227,0.029549666050590277,1.0124687782451476,1.012,Yes,ChinaAMC SSE Health Care Sector ETF
300195.SZ,0.003077667548214192,0.10482851259259067,3.76,0.363,0.029359069132034246,1.410833054303341,1.411,Yes,"Masterwork Group Co.,Ltd."
002316.SZ,0.003602704995435922,0.12293743635104246,4.41,0.426,0.029305190529177426,1.0921163327688328,1.092,Yes,"Jilin Asia Link Technology Development Co.,Ltd."
000541.SZ,0.002991148965279834,0.10259099111340017,3.65,0.355,0.029156058761275947,1.0280666183493061,1.028,Yes,"Foshan Electrical and Lighting Co.,Ltd"
688718.SS,0.0030810006057139182,0.105745623959139,3.76,0.366,0.02913596317616361,1.639464618460519,1.639,Yes,"Wave Cyber (Shanghai) Co., Ltd."
002530.SZ,0.003375574346817942,0.11619570830673992,4.13,0.403,0.029050766125603474,1.311394994584824,1.311,Yes,JC Finance & Tax Interconnect Holdings Ltd.
688370.SS,0.0028975654777485664,0.0999184712721324,3.53,0.346,0.02899929753585719,1.4673199948036313,1.467,Yes,"Shanghai Conglin Environmental Protection Technology Co., Ltd."
001335.SZ,0.003940500238812053,0.13592472759074994,4.83,0.471,0.02899031183403464,2.695471083394748,2.695,Yes,"Trust Chem Co., Ltd."
000950.SZ,0.002063703155445099,0.07131552383235856,2.5,0.247,0.02893764280966718,0.9579127193222521,0.958,Yes,"C.Q. Pharmaceutical Holding Co., Ltd."
300299.SZ,0.0033441482957823556,0.11581030306360114,4.09,0.401,0.028876086214417413,1.035038189936075,1.035,Yes,"Fuchun Technology Co., Ltd."
301011.SZ,0.005362476833380985,0.18675899650645494,6.63,0.647,0.028713352147379103,0.42832134271025374,0.428,Yes,GuangZhou Wahlap Technology Corporation Limited
600478.SS,0.0033845464345194343,0.1184554203115275,4.14,0.41,0.02857232219191296,1.5501483416175073,1.55,Yes,"Hunan Corun New Energy Co., Ltd."
301459.SZ,0.0033283217296153954,0.11697742326229418,4.07,0.405,0.02845268460181775,1.1639530233256574,1.164,Yes,"Zhejiang Fengmao Technology Co., Ltd."
002543.SZ,0.0021425985003668993,0.07540705330989372,2.6,0.261,0.02841376776203747,0.7757870310312551,0.776,Yes,"Guangdong Vanward New Electric Co., Ltd."
688659.SS,0.0034528166805637994,0.12170741415428868,4.22,0.422,0.028369813824050672,1.6883601135494684,1.688,Yes,"Anhui Yuanchen Environmental Protection Science&Technology Co.,Ltd."
513330.SS,0.0028511403294704915,0.10124239127564391,3.48,0.351,0.028161526940903025,1.3211933578590263,1.321,Yes,ChinaAMC Hang Seng Int&InfoTech ETF QDII
002721.SZ,0.0032879155818086665,0.1167694902597339,4.02,0.405,0.028157317245243226,1.00253974684501,1.003,Yes,"Beijing Kingee Culture Development Co., Ltd."
561010.SS,0.0030732292247809723,0.10930728195960324,3.75,0.379,0.028115503099937548,1.8056113572463413,1.806,Yes,Huaan CSI All-Inclsv Sftwr Dvlpmnt ETF
159899.SZ,0.0030692124535475654,0.10947364025463109,3.75,0.379,0.02803608655388371,1.880567540170594,1.881,Yes,CMF CSI Software ETF
600182.SS,0.0016448321134875253,0.05885503973780154,1.99,0.204,0.027947175310988347,0.46403368566137304,0.464,Yes,Giti Tire Corporation
603937.SS,0.0025731872682812993,0.09254705554152716,3.13,0.321,0.027804096556336946,1.188619483202673,1.189,Yes,"Jiangsu Lidao New Materials Co., Ltd."
301288.SZ,0.0036550979947399674,0.13169328962877574,4.48,0.456,0.027754625957352556,1.186405318718316,1.186,Yes,"Qingyan Environmental Technology Co., Ltd."
600212.SS,0.0035717106601157924,0.12884811452228584,4.37,0.446,0.02772031762636326,0.6700915010742622,0.67,Yes,"Gresgying Digital Energy Technology Co.,Ltd"
300076.SZ,0.003556883209622801,0.12948942516355227,4.35,0.449,0.02746852266221942,1.3935490921027536,1.394,Yes,"Ningbo GQY Video & Telecom Joint-Stock Co., Ltd."
159985.SZ,0.0011596807720611589,0.042362213019728194,1.4,0.147,0.027375358589531017,0.32210304866622974,0.322,Yes,ChinaAMC Feed&Soybean Meal Futures ETF
300532.SZ,0.0031270858166046246,0.11457571406564612,3.82,0.397,0.027292745605870382,1.5017590013625257,1.502,Yes,"New Trend International Logis-Tech Co.,Ltd."
300148.SZ,0.0034659873776711593,0.12705035828493813,4.24,0.44,0.027280421908751542,1.2451047042569325,1.245,Yes,"Tangel Culture Co., Ltd."
300699.SZ,0.002858249437871221,0.10480883777188532,3.48,0.363,0.027271072732360156,1.129699486150734,1.13,Yes,"Weihai Guangwei Composites Co., Ltd."
688021.SS,0.0035209078416548055,0.1296550003377277,4.31,0.449,0.027155974181354216,1.581607382052898,1.582,Yes,"Aofu Environmental Technology Co.,Ltd."
601901.SS,0.002366729481797917,0.08746660590183235,2.88,0.303,0.02705866378825997,1.5789302317858738,1.579,Yes,"Founder Securities Co., Ltd."
300772.SZ,0.0033679831160250157,0.12457120974214328,4.12,0.432,0.02703660920526169,1.2463283791522968,1.246,Yes,"Windey Energy Technology Group Co., Ltd."
300347.SZ,0.00385729382098238,0.14337127932101493,4.73,0.497,0.026904229628485918,1.9290965357048246,1.929,Yes,"Hangzhou Tigermed Consulting Co., Ltd"
159688.SZ,0.002701900289132856,0.10091919859431073,3.29,0.35,0.026772906709201457,1.3664472220541684,1.366,Yes,Huaan Hang Seng Internet and Information Technology Index ETF
002162.SZ,0.0026722787439954305,0.10015317879527845,3.25,0.347,0.026681916401852745,0.9984129750461512,0.998,Yes,"Everjoy Health Group Co.,Ltd."
688327.SS,0.004807644886676897,0.18091866075502963,5.92,0.627,0.026573515781142226,2.543024321216765,2.543,Yes,"CloudWalk Technology Co., Ltd."
300890.SZ,0.003882258178361579,0.14654023834229155,4.76,0.508,0.026492779200299407,1.710932234260643,1.711,Yes,"Shanghai XFH Technology Co., Ltd"
601377.SS,0.0019899587932456914,0.0754457666588156,2.41,0.261,0.02637601659275035,1.2769509875929677,1.277,Yes,"Industrial Securities Co.,Ltd."
300851.SZ,0.0022699039593168497,0.08657533015727482,2.76,0.3,0.026218831105735176,0.8952370153072979,0.895,Yes,"Beijing Jiaoda Signal Technology Co., Ltd."
605338.SS,0.0024777262316290974,0.09504704860638365,3.01,0.329,0.026068418409182312,0.9208614755805898,0.921,Yes,"Zhongyin Babi Food Co., Ltd."
601512.SS,0.0019072441130255837,0.07354023478054479,2.31,0.255,0.025934702530078797,1.0115651196377236,1.012,Yes,"China-Singapore Suzhou Industrial Park Development Group Co., Ltd."
002809.SZ,0.003508778957140281,0.13543827668404984,4.29,0.469,0.02590684880999744,0.9284859174517157,0.928,Yes,"Guangdong Redwall New Materials Co., Ltd."
600109.SS,0.0020272687750164126,0.07829985516288496,2.46,0.271,0.025891092273403866,1.4776216923718175,1.478,Yes,"Sinolink Securities Co., Ltd."
600423.SS,0.002446877883195584,0.09461103764334307,2.98,0.328,0.025862499177100495,0.3207874496504003,0.321,Yes,"Liuzhou Chemical Industry Co., Ltd."
600802.SS,0.0027708310369129806,0.10756981686718686,3.38,0.373,0.025758443377606938,0.7805035227787124,0.781,Yes,Fujian Cement Inc.
300587.SZ,0.003662355392144986,0.14220025624933122,4.48,0.493,0.025754914152359063,1.877229697848271,1.877,Yes,"Zhejiang Tiantie Science and Technology Co., Ltd."
605588.SS,0.003778401077316573,0.14737415095853074,4.63,0.511,0.025638153317536456,1.805443548757715,1.805,Yes,"Keystone Technology Co.,Ltd."
000948.SZ,0.003435140496365113,0.13421963322782976,4.2,0.465,0.025593427829847876,1.3277164665641403,1.328,Yes,"Yunnan Nantian Electronics Information Co.,Ltd."
601155.SS,0.003278285162800204,0.12819603420253958,4.01,0.444,0.02557243820523163,1.5760182970081387,1.576,Yes,"Seazen Holdings Co., Ltd"
688355.SS,0.002634732693882097,0.10323834689594752,3.21,0.358,0.02552087255462941,1.6067813328216245,1.607,Yes,"Suzhou Mingzhi Technology Co., Ltd."
002643.SZ,0.0035242288284574254,0.13839108025151134,4.31,0.479,0.025465722372081404,1.9796435896407076,1.98,Yes,"Valiant Co.,Ltd"
688356.SS,0.004067585938838323,0.16028931524242376,4.99,0.555,0.025376525769583897,2.172240677452353,2.172,Yes,"Jenkem Technology Co., Ltd."
002829.SZ,0.004115674803727611,0.16222748545644036,5.05,0.562,0.025369774993108114,0.9611083994691958,0.961,Yes,"Beijing StarNeto Technology Co., Ltd."
159981.SZ,0.0018068217948746064,0.07129870365395106,2.19,0.247,0.025341579892448438,-0.28811446863520335,0.288,No,CCB Principal Yisheng ZS Engy&Chem ETF
603501.SS,0.0027850188064554447,0.1100003680034789,3.39,0.381,0.02531826808404282,1.2331154172687864,1.233,Yes,"OmniVision Integrated Circuits Group, Inc."
003027.SZ,0.0022023972647414922,0.08711839018315952,2.68,0.302,0.025280509202604943,0.9212986954046585,0.921,Yes,"Tongxing Environmental Protection Technology Co.,Ltd"
600309.SS,0.0026027482172105852,0.10365541219310948,3.17,0.359,0.025109621988301772,1.577247452027728,1.577,Yes,"Wanhua Chemical Group Co., Ltd."
688657.SS,0.0027371606789120197,0.11183042411725884,3.33,0.387,0.024475993009218967,1.8274011091835238,1.827,Yes,"Gstarsoft Co., Ltd."
300971.SZ,0.002424952764284067,0.09913165715276731,2.95,0.343,0.024461941159190776,1.3942407692115515,1.394,Yes,"Xiangyang BOYA Precision Industrial Equipments Co., Ltd"
605066.SS,0.002337873247643155,0.09574257682797403,2.84,0.332,0.024418323854430414,1.0751723098163188,1.075,Yes,"Zhejiang Tengen Electrics Co.,Ltd."
301270.SZ,0.003130731295998407,0.12831807569818515,3.82,0.445,0.024398209519305363,1.3658800212451474,1.366,Yes,"Beijing Hanyi Innovation Technology Co., Ltd."
159167.SZ,0.0021420631158910416,0.08797984713257188,2.6,0.305,0.02434720206621054,0.4968025483630526,0.497,Yes,ICBCCS CSI HKC Medical Treatment Thm ETF
000525.SZ,0.0033076420289717334,0.13621490653489632,4.04,0.472,0.02428252614279306,-0.1623516414446302,0.162,No,"Nanjing Red Sun Co.,Ltd."
301333.SZ,0.003722377720378876,0.1552143925155232,4.56,0.538,0.02398216853508992,1.5899223820649506,1.59,Yes,"R&G PharmaStudies Co., Ltd."
688580.SS,0.003940272249420291,0.164855647229384,4.83,0.571,0.023901348334993362,2.0945381925890953,2.095,Yes,"Nanjing Vishee Medical Technology Co., Ltd"
002096.SZ,0.0020670596137266676,0.08658372566953847,2.51,0.3,0.02387353509845433,0.5708141146602324,0.571,Yes,"Explosive Co., Ltd."
000570.SZ,0.0022410736072697745,0.0940141804756,2.72,0.326,0.023837612538157603,0.7702048616870796,0.77,Yes,"Changchai Company, Limited"
601011.SS,0.002948164711869884,0.12385957117861374,3.6,0.429,0.02380247794995539,1.5352680242237176,1.535,Yes,"Baotailong New Materials Co., Ltd."
002893.SZ,0.002289471241519137,0.09863323111240668,2.78,0.342,0.023211966349454344,0.5154561777958924,0.515,Yes,"Beijing Jingneng Thermal Co., Ltd."
589110.SS,0.0032732142489131227,0.1411368722314637,4.0,0.489,0.02319177261874607,3.046004956350305,3.046,Yes,Guotai SSE STAR AI ETF
000900.SZ,0.0013115679734940259,0.05706005779423376,1.59,0.198,0.022985745619531553,0.6730571991697833,0.673,Yes,"Xiandai Investment Co.,Ltd"
600796.SS,0.001625762669740927,0.07090513098229685,1.97,0.246,0.02292870272176547,0.583978659615959,0.584,Yes,"Zhejiang Qianjiang Biochemical Co., Ltd"
603878.SS,0.004355563362699641,0.19085500535311167,5.35,0.661,0.022821321110448038,1.574043923199218,1.574,Yes,"Jiangsu Wujin Stainless Steel Pipe Group CO.,LTD."
002724.SZ,0.0028150392837448914,0.12399636291129948,3.43,0.43,0.022702595605635815,1.3048601779852012,1.305,Yes,"Ocean's King Lighting Science & Technology Co., Ltd."
301069.SZ,0.002986431866791969,0.13216185846036874,3.64,0.458,0.02259677566268113,2.168384175818288,2.168,Yes,"Shandong Kaisheng New Materials Co.,Ltd."
603676.SS,0.002089824660873198,0.09342241689808714,2.54,0.324,0.022369627443410617,0.7103035635326013,0.71,Yes,"Tibet Weixinkang Medicine Co., Ltd."
516950.SS,0.0010981883183029013,0.049557142985307716,1.33,0.172,0.02216004095773808,0.722159728176073,0.722,Yes,Yinhua CSI Infrastructure ETF
002999.SZ,0.002391166348200951,0.10823438182388712,2.91,0.375,0.022092483995443536,0.9423266900198977,0.942,Yes,"Guangdong Tianhe Agricultural Means of Production Co., Ltd."
688811.SS,0.005510179507822316,0.2498350201247104,6.82,0.865,0.02205527273587103,4.467353681182646,4.467,Yes,"Grinm Metal Composites (Beijing) Technolgy Co., Ltd."
002344.SZ,0.001911859393691786,0.08673420653650724,2.32,0.3,0.022042738038850526,1.0207627139905813,1.021,Yes,"Haining China Leather Market Co.,Ltd"
301276.SZ,0.0026366590998901673,0.12084043038899543,3.21,0.419,0.02181934549059898,1.3300515417911145,1.33,Yes,"Beijing Jiaman Dress Co.,Ltd."
002166.SZ,0.0018467422222688402,0.08483205616390138,2.24,0.294,0.02176939126290664,0.9870509688505636,0.987,Yes,Guilin Layn Natural Ingredients Corp.
600516.SS,0.00205143002618047,0.09477444895031524,2.49,0.328,0.021645391230456175,1.3261764692685023,1.326,Yes,"FangDa Carbon New Material Co.,Ltd"
603730.SS,0.0026687274796352075,0.12351917274659804,3.25,0.428,0.021605775203094608,1.418347520674343,1.418,Yes,"Shanghai Daimay Automotive Interior Co., Ltd"
601228.SS,0.0011765277033291993,0.05459678432060475,1.42,0.189,0.021549395591146187,0.5451072278736425,0.545,Yes,Guangzhou Port Company Limited
600351.SS,0.0017223483757422945,0.08024451783073305,2.09,0.278,0.021463751322867916,0.8067250900072052,0.807,Yes,"Yabao Pharmaceutical Group Co., Ltd"
300231.SZ,0.003081883820488657,0.14378256526052516,3.76,0.498,0.021434336040009255,2.0284421092769716,2.028,Yes,"Beijing Trust & Far Technology Co.,Ltd"
688180.SS,0.002499348658695308,0.11666600127250609,3.04,0.404,0.02142311068721195,1.2673984178953472,1.267,Yes,"Shanghai Junshi Biosciences Co., Ltd."
002343.SZ,0.0029039307784697196,0.13683428186808214,3.54,0.474,0.02122224590815124,1.245572214042489,1.246,Yes,"Ciwen Media Co.,Ltd."
002188.SZ,0.0021152239821416413,0.10110429001310871,2.57,0.35,0.020921208999809912,1.064809176656103,1.065,Yes,"Zhongtian Service Co., Ltd."
002663.SZ,0.0020891228092012526,0.10016045333800372,2.54,0.347,0.020857761118065747,0.98811164951216,0.988,Yes,"Pubang Landscape Architecture Co., Ltd"
300412.SZ,0.0021497536839966743,0.10381169438182364,2.61,0.36,0.020708203413863882,1.3462425826906008,1.346,Yes,Zhejiang Canaan Technology Limited
002139.SZ,0.0019340663567041386,0.09412631617038723,2.35,0.326,0.020547562418177467,0.9399023868690057,0.94,Yes,"Shenzhen Topband Co., Ltd."
300389.SZ,0.0024673213974911617,0.12103302067894203,3.0,0.419,0.020385522757761256,1.7403292129463575,1.74,Yes,"Shenzhen Absen Optoelectronic Co.,Ltd."
159375.SZ,0.0035104632321995414,0.17247850158063346,4.29,0.597,0.02035304806122985,2.2311882000555863,2.231,Yes,Guotai SZSE ChiNext 50 ETF
301065.SZ,0.0019379997612864641,0.09532488117468495,2.35,0.33,0.02033047130407681,1.1515929828117186,1.152,Yes,"Zhejiang Benli Technology Co., Ltd."
002011.SZ,0.001813889773629456,0.0892325849816804,2.2,0.309,0.02032766140308331,1.0629823245077286,1.063,Yes,"Zhejiang Dun'an Artificial Environment Co., Ltd"
600218.SS,0.001867527355268132,0.09209393078682515,2.26,0.319,0.020278506295827458,1.1565553376009392,1.157,Yes,"Anhui Quanchai Engine Co., Ltd."
300369.SZ,0.0031187903375094954,0.15413816960343818,3.81,0.534,0.020233731499040248,1.6367647398474598,1.637,Yes,"NSFOCUS Technologies Group Co., Ltd."
600997.SS,0.0016273641093076264,0.08064943730868461,1.97,0.279,0.020178245051839763,0.6897296740747214,0.69,Yes,"Kailuan Energy Chemical Co.,Ltd."
515960.SS,0.0012495401639281642,0.06283222098935128,1.51,0.218,0.01988693291838171,0.9971426890516043,0.997,Yes,Harvest CSI Medical&Health 100 Str ETF
601098.SS,0.001464656720446128,0.07385554532719014,1.77,0.256,0.019831371008872778,0.19554268863256438,0.196,Yes,"China South Publishing & Media Group Co., Ltd"
601956.SS,0.0017131738939846273,0.08799034340451799,2.08,0.305,0.019470021683045985,0.675721836365475,0.676,Yes,"Hubei Donper Electromechanical Group Co., Ltd."
600546.SS,0.0021789714044341824,0.11205789166309606,2.65,0.388,0.019445050875892763,1.1210964622599644,1.121,Yes,"Shanxi Coal International Energy Group Co.,Ltd"
000504.SZ,0.0028207688637655573,0.14538231477829439,3.44,0.504,0.019402420907021482,0.6724371656831433,0.672,Yes,"Landfar Bio-medicine Co., Ltd"
601880.SS,0.0012963032925404755,0.06682201093901889,1.57,0.231,0.019399345729410464,0.849724881686144,0.85,Yes,"Liaoning Port Co., Ltd."
159619.SZ,0.0009468381441889186,0.04886291703291575,1.14,0.169,0.019377437977169797,0.7123366056750209,0.712,Yes,Guotai CSI Infrastructure ETF
603176.SS,0.0024014017255280635,0.12402572221307456,2.92,0.43,0.019362126522452228,0.8109625737206487,0.811,Yes,"Huitong Construction Group Co.,Ltd."
601099.SS,0.001961721046204672,0.10137409697329433,2.38,0.351,0.019351304768923976,1.7708504527929536,1.771,Yes,"The Pacific Securities Co., Ltd"
300926.SZ,0.0023200788660588272,0.12006480568773491,2.82,0.416,0.019323554914942344,1.5527950369682104,1.553,Yes,"Jiangsu Bojun Industrial Technology Co., Ltd"
600798.SS,0.0018107853389493075,0.09386030782101645,2.19,0.325,0.01929234392031102,0.6789077874684697,0.679,Yes,Ningbo Marine Company Limited
002006.SZ,0.002565058337314678,0.1331941745002617,3.12,0.461,0.019258036974504757,1.4640036654357445,1.464,Yes,"Zhejiang Jinggong Integration Technology Co., Ltd."
002878.SZ,0.0025912314878454835,0.13513668543450874,3.15,0.468,0.019174893031554126,0.9801864161148397,0.98,Yes,"Beijing Yuanlong Yato Culture Dissemination Co.,Ltd."
688151.SS,0.002737539106684035,0.14536534954506625,3.33,0.504,0.018832129632346404,1.1328941025547592,1.133,Yes,"Hubei Huaqiang High-Tech Co., Ltd."
300194.SZ,0.0014665730931612624,0.0779229283475832,1.77,0.27,0.01882081595572824,0.8523537053634315,0.852,Yes,"Fuan Pharmaceutical (Group) Co., Ltd."
300169.SZ,0.0031591024345293097,0.16904665192694016,3.86,0.586,0.018687755116822035,2.263080754815132,2.263,Yes,"Changzhou Tiansheng New Materials Group Co., Ltd."
002077.SZ,0.002029924060542422,0.10992969578472361,2.46,0.381,0.018465657036999737,1.3875894415850485,1.388,Yes,"Jiangsu Dagang Co., Ltd."
002918.SZ,0.0029650623621100174,0.16078352413051944,3.62,0.557,0.018441332083896016,2.148598588965329,2.149,Yes,"Monalisa Group CO.,Ltd"
002200.SZ,0.001969237563513662,0.10695106009921078,2.39,0.37,0.018412510934318393,0.2663896392819784,0.266,Yes,"YCIC Eco-Technology Co.,Ltd."
562930.SS,0.0020346124852033435,0.11057399399735822,2.47,0.383,0.01840046119028633,1.902079753414687,1.902,Yes,E Fund CSI Software Services ETF
600741.SS,0.0013509440827745535,0.07373275868049728,1.63,0.255,0.018322169235909597,0.7135282834959622,0.714,Yes,HUAYU Automotive Systems Company Limited
300517.SZ,0.002105564192698773,0.1153833965858199,2.56,0.4,0.018248415759997978,1.01344537762668,1.013,Yes,"Haibo Heavy Engineering Science and Technology Co., Ltd."
600873.SS,0.0015036396676839172,0.08242717248029194,1.82,0.286,0.018242038668054912,0.29604681433159863,0.296,Yes,"MeiHua Holdings Group Co.,Ltd"
603329.SS,0.0013521404064991234,0.07418762609677469,1.63,0.257,0.01822595596650191,0.7905933862860673,0.791,Yes,"Shanghai Ace Investment&Development Co.,Ltd"
603102.SS,0.001443585864730175,0.07934508607419066,1.75,0.275,0.01819376518642084,0.8095130908814946,0.81,Yes,"Weihai Baihe Biology Technological Co., Ltd."
603602.SS,0.0020266392595247287,0.11142284858043457,2.46,0.386,0.0181887223791602,0.9155092410932566,0.916,Yes,"Hangzhou Freely Communication Co., Ltd."
159635.SZ,0.0008988187154035156,0.04950590945982509,1.08,0.171,0.018155786353807372,0.7216839651141581,0.722,Yes,ChinaAMC CSI Infrastructure Index ETF
600071.SS,0.0018956603832791274,0.10636777953182677,2.3,0.368,0.01782175383958183,1.1403297414607594,1.14,Yes,Phenix Optical Company Limited
600119.SS,0.0025054317775248937,0.14092520800241903,3.05,0.488,0.017778450094477684,0.09426624031718839,0.094,Yes,"Y.U.D.Yangtze River Investment Industry Co.,Ltd."
301129.SZ,0.0023196393938097726,0.1305466217349569,2.82,0.452,0.017768666572768425,1.322238159380898,1.322,Yes,"Runa Smart Equipment Co., Ltd."
600050.SS,0.0012934117753750202,0.07305262445610981,1.56,0.253,0.01770520614426529,0.6174999426975787,0.617,Yes,China United Network Communications Limited
301199.SZ,0.0015332355399616765,0.0875040194192081,1.86,0.303,0.01752188699602883,1.0399196260540906,1.04,Yes,"MH Robot & Automation Co., Ltd."
301117.SZ,0.0035752889498025632,0.2043871158556259,4.38,0.708,0.017492731549321634,2.3091656184412486,2.309,Yes,"Jiayuan Science and Technology Co.,Ltd."
002122.SZ,0.0023099175084021497,0.13216110021879474,2.81,0.458,0.01747804387658733,1.2099899608671694,1.21,Yes,"HuiZhou Intelligence Technology Group Co., Ltd"
600731.SS,0.0014620942912055889,0.08372983865865981,1.77,0.29,0.01746204596387779,0.8518637988422496,0.852,Yes,"Hunan Haili Chemical Industry Co.,Ltd."
688377.SS,0.0024940828492165134,0.1436733078343978,3.03,0.498,0.01735940298730554,2.0466553314743674,2.047,Yes,"Nanjing Develop Advanced Manufacturing Co., Ltd."
300318.SZ,0.0017014037631205895,0.09826092342671064,2.06,0.34,0.017315161549337633,0.5002453445453577,0.5,Yes,"Beijing Bohui Innovation Biotechnology Group Co., Ltd."
300987.SZ,0.0019887842120896687,0.11555198987038319,2.41,0.4,0.017211163687622558,0.8625205111529979,0.863,Yes,"Sichuan Newsnet Media (Group) Co., Ltd."
688426.SS,0.002904710548679448,0.17313420330228993,3.54,0.6,0.01677721959772364,1.9474715302614405,1.947,Yes,"Jiangsu CoWin Biotech Co., Ltd."
301088.SZ,0.0016663171676347863,0.09979986657629346,2.02,0.346,0.016696587127808894,1.1317070734982917,1.132,Yes,"Rumere Co.,Ltd."
603222.SS,0.0024451635364281443,0.1467835415498307,2.97,0.508,0.016658295000996755,1.9097445144613021,1.91,Yes,"Chimin Health Management Co., Ltd."
600359.SS,0.0013591906378227214,0.08168164040557487,1.64,0.283,0.016640099673242547,0.8392390111778358,0.839,Yes,"Xinjiang Talimu Agriculture Development Co., Ltd."
603959.SS,0.003474415164609034,0.20889149674458082,4.25,0.724,0.016632630905303564,0.34946853803410244,0.349,Yes,"Hunan Baili Engineering Sci&Tech Co.,Ltd"
601567.SS,0.0019046659063254518,0.11471981607946212,2.31,0.397,0.0166027629002313,0.25708911444666493,0.257,Yes,"Ningbo Sanxing Medical Electric Co.,Ltd."
301223.SZ,0.0010551402794695948,0.06399983698148255,1.27,0.222,0.016486608860814517,1.0458809350582516,1.046,Yes,"ZRP Printing Group Co., Ltd"
560770.SS,0.001528061893387904,0.09307563317565569,1.85,0.322,0.016417421415808053,1.996493766005392,1.996,Yes,CMF CSI Robot ETF
002073.SZ,0.001759291220387667,0.10826906856718034,2.13,0.375,0.01624925053544759,1.1656926056815688,1.166,Yes,"Mesnac Co., Ltd."
300187.SZ,0.0015309858515507053,0.09670945743005249,1.85,0.335,0.015830776970887556,1.2659979433441368,1.266,Yes,"Yonker Environmental Protection Co.,Ltd"
300078.SZ,0.0025144274516651728,0.15890712154533815,3.06,0.55,0.01582325214384917,1.706312952421808,1.706,Yes,"Hangzhou Century Co., Ltd"
605001.SS,0.0013250208374118876,0.08429147973633583,1.6,0.292,0.015719510934634903,0.9723517118245317,0.972,Yes,"Qingdao Victall Railway Co., Ltd."
200541.SZ,0.0006751506180578152,0.04360531491137187,0.81,0.151,0.015483218489077855,0.3983217337026522,0.398,Yes,"Foshan Electrical and Lighting Co.,Ltd"
002032.SZ,0.0009962452320236871,0.06460553819389886,1.2,0.224,0.015420430815601028,0.48483545752607227,0.485,Yes,"Zhejiang Supor Co., Ltd."
589330.SS,0.004428774321823065,0.2889441200601047,5.45,1.001,0.015327442278118735,5.171976132222697,5.172,Yes,Eastmoney SSE STAR 200 ETF
300994.SZ,0.0015973614795582094,0.10438513346044291,1.93,0.362,0.01530257639765853,1.0590797876541918,1.059,Yes,Joy Kie Corporation Limited
000419.SZ,0.0011447853981696875,0.07544643468295462,1.38,0.261,0.015173485705194303,0.8647376839762355,0.865,Yes,Changsha Tongcheng Holdings Co.Ltd
520760.SS,0.001293720266259434,0.08563165722777874,1.56,0.297,0.015107967171745377,0.1929754010378272,0.193,Yes,JPM Hang Seng Biotech ETF
600665.SS,0.001584091835436555,0.10501972612338321,1.92,0.364,0.01508375515639293,1.240543958048279,1.241,Yes,"Tande Co., Ltd."
002845.SZ,0.0014975361663403274,0.10164899428258421,1.81,0.352,0.014732424820428393,1.1734665246002576,1.173,Yes,"Shenzhen TXD Technology Co.,Ltd."
603398.SS,0.002962512640124033,0.20165485578946504,3.61,0.699,0.014691005721265662,1.7708458488349956,1.771,Yes,"Mubang High-Tech Co.,Ltd."
000576.SZ,0.0017276539711254789,0.11823312883298363,2.09,0.41,0.014612266360352913,1.5354475348038716,1.535,Yes,"Guangdong Ganhua Science & Industry Co.,Ltd."
002251.SZ,0.0021396696123841988,0.1474709515772192,2.6,0.511,0.014509092058471042,0.45926169611889467,0.459,Yes,"Better Life Commercial Chain Share Co.,Ltd"
688509.SS,0.0014187952865234782,0.09906994368141835,1.72,0.343,0.014321147603413737,1.3525822524003037,1.353,Yes,"Zhengyuan Geomatics Group Co.,Ltd."
688466.SS,0.00154801306754853,0.10871861597217497,1.87,0.377,0.01423871205226456,1.1884317378535705,1.188,Yes,"GreenTech Environmental Co., Ltd."
300080.SZ,0.002258527175131814,0.15992103783357214,2.74,0.554,0.014122764620138568,2.236444830831892,2.236,Yes,"Henan Yicheng New Energy Co., Ltd."
603596.SS,0.0017975175710054736,0.12741424201915952,2.18,0.441,0.01410766600750313,1.552289621286733,1.552,Yes,"Bethel Automotive Safety Systems Co., Ltd"
002697.SZ,0.0012037326880242707,0.08607537352497727,1.45,0.298,0.013984635078870412,0.7947476658426734,0.795,Yes,"Chengdu Hongqi Chain Co.,Ltd."
001330.SZ,0.0019939006955385545,0.14363091990450316,2.42,0.498,0.013882113244587255,1.6690794984540493,1.669,Yes,"Bona Film Group Co., Ltd."
300541.SZ,0.0016397357537540676,0.11840723429213083,1.99,0.41,0.013848273406239352,1.5450622284949724,1.545,Yes,"Beijing Advanced Digital Technology Co., Ltd"
002212.SZ,0.0021486765211988926,0.1579852126643768,2.61,0.547,0.013600491368540505,1.8257391834126049,1.826,Yes,Topsec Technologies Group Inc.
688391.SS,0.0018092982937571492,0.13428463926817058,2.19,0.465,0.013473605794508816,2.415630085737374,2.416,Yes,"Hi-Trend Technology (Shanghai) Co., Ltd."
001366.SZ,0.0014964852462941599,0.11111781276689323,1.81,0.385,0.01346755492239159,0.9092660836703029,0.909,Yes,"Boen Group Co., Ltd."
600202.SS,0.0013748104897280615,0.10221710691647691,1.66,0.354,0.013449906098902203,1.0342571319141949,1.034,Yes,"Harbin Air Conditioning Co.,Ltd."
688687.SS,0.0019176475536687673,0.14262231536236628,2.33,0.494,0.013445634708681617,1.5394394974051178,1.539,Yes,"Beijing Kawin Technology Share-Holding Co., Ltd."
002907.SZ,0.001544438511607246,0.11533921055974318,1.87,0.4,0.01339040300442546,0.9937359095972139,0.994,Yes,"Chongqing Pharscin Pharmaceutical Co., Ltd."
002063.SZ,0.0012213153151105897,0.09123103354595276,1.48,0.316,0.013387059947045513,1.2552407498525537,1.255,Yes,YGSOFT Inc.
601928.SS,0.000918653183387467,0.06935476294636005,1.11,0.24,0.013245711532428801,0.20592791920980102,0.206,Yes,Jiangsu Phoenix Publishing & Media Corporation Limited
000837.SZ,0.0016099798175770552,0.12264095800236377,1.95,0.425,0.013127586768736954,1.807981777807983,1.808,Yes,"Qinchuan Machine Tool & Tool Group Share Co., Ltd."
301378.SZ,0.002190292536683455,0.16840991584160353,2.66,0.583,0.013005721935895482,2.695797426930379,2.696,Yes,"Nanjing TDH Technology Co.,Ltd."
601236.SS,0.0009832645901084373,0.07610846673966783,1.19,0.264,0.01291925369449019,1.1668442313418246,1.167,Yes,"Hongta Securities Co., Ltd."
603055.SS,0.001085102580733548,0.0841425045831329,1.31,0.291,0.012896010002429454,0.7714767886155321,0.771,Yes,"Zhejiang Taihua New Material Group Co., Ltd."
512120.SS,0.0008557970117482609,0.06664558649066668,1.03,0.231,0.012841015539237699,0.9618484073479296,0.962,Yes,Huaan CSI Medican Segmentation Index ETF Fund
603029.SS,0.0012897412727973148,0.10119367460278243,1.56,0.351,0.012745275609962402,1.0560867882180973,1.056,Yes,"Shandong Swan CottonIndustrial Machinery Stock Co.,Ltd."
002300.SZ,0.0013813266755350478,0.10894920990033938,1.67,0.377,0.012678629581606034,0.8114320995362805,0.811,Yes,"Fujian Nanping Sun Cable Co., Ltd."
200058.SZ,0.0007759941202255669,0.06136937571882337,0.94,0.213,0.012644647450561437,0.5795464522389709,0.58,Yes,"Shenzhen SEG Co.,Ltd"
002299.SZ,0.0009767607916317891,0.07779220241056803,1.18,0.269,0.012556024400449377,0.9343523163598368,0.934,Yes,"Fujian Sunner Development Co., Ltd."
301565.SZ,0.0018771345509592413,0.15123028213155315,2.28,0.524,0.012412425107600789,1.262731559587414,1.263,Yes,"Sinolong New Materials Co., Ltd."
600810.SS,0.0011106209401891426,0.08955677691092961,1.34,0.31,0.012401305389694089,1.0508413217940633,1.051,Yes,Shenma Industry Co.Ltd
159852.SZ,0.001378260637749749,0.1121823772590133,1.67,0.389,0.012285892592269991,1.9285565574108159,1.929,Yes,Harvest CSI Software Service ETF
159837.SZ,0.0009214228176467581,0.07501159621541732,1.11,0.26,0.012283738303616792,1.1768444776854443,1.177,Yes,E Fund CSI Bio-Tech Them ETF
002589.SZ,0.001058545782327722,0.08805917359786833,1.28,0.305,0.012020846200098186,0.7005340092401104,0.701,Yes,"Realcan Pharmaceutical Group Co., Ltd."
000521.SZ,0.0012385926689210828,0.103321028787613,1.5,0.358,0.011987808130202976,0.9939293941836568,0.994,Yes,"Changhong Meiling Co., Ltd."
301215.SZ,0.0008940304528883989,0.07512060910588235,1.08,0.26,0.011901267355650228,0.7497351827818582,0.75,Yes,"CATARC Automotive Proving Ground Co.,Ltd."
603901.SS,0.0014459653700735452,0.12195034487358926,1.75,0.422,0.011857001073448357,1.646374538954135,1.646,Yes,"Hangzhou Youngsun Intelligent Equipment Co., Ltd."
001313.SZ,0.0009767375702399589,0.08263677817688513,1.18,0.286,0.011819647277986069,0.7350627009792428,0.735,Yes,"Guangdong Yuehai Feeds Group Co.,Ltd."
159061.SZ,0.0005491916035553421,0.04687610944880338,0.66,0.162,0.011715810249891833,,,,China Southern CNI Green Electricity ETF
515230.SS,0.0012805421418767874,0.10957951347226817,1.55,0.38,0.011685963017173466,1.8932110301218987,1.893,Yes,Guotai CSI Software ETF
688592.SS,0.0015544256101474015,0.13731579338950087,1.88,0.476,0.011320078861855468,2.0128144688441587,2.013,Yes,ComNav Technology Ltd.
688475.SS,0.0011726925289859658,0.10417864790503625,1.42,0.361,0.011256553550732682,1.463434436767598,1.463,Yes,"Hangzhou EZVIZ Network Co., Ltd."
300011.SZ,0.0012092363603293337,0.10748159974691501,1.46,0.372,0.011250636045394754,1.321701089231825,1.322,Yes,Beijing Dinghan Technology Group Co.Ltd
688302.SS,0.0016592781843799047,0.14795490478058604,2.01,0.513,0.011214756191020357,1.6718788685945292,1.672,Yes,Hinova Pharmaceuticals Inc.
601811.SS,0.0008559820444095617,0.0764919809845392,1.03,0.265,0.01119048079801431,0.3647473653414057,0.365,Yes,"Xinhua Winshare Publishing and Media Co., Ltd."
516970.SS,0.0004928244129555678,0.04579029712128422,0.59,0.159,0.010762638461380359,0.7874414528951095,0.787,Yes,GF CSI Infras Engineering ETF
159368.SZ,0.001981968858690403,0.18462807504693354,2.4,0.64,0.010734926734119795,3.260727638924307,3.261,Yes,ChinaAMC ChiNext New Energy ETF
301408.SZ,0.001288289669274482,0.12013406021858054,1.56,0.416,0.01072376698939897,1.4202161695136255,1.42,Yes,"Anhui Huaren Health Pharmaceutical Co., Ltd."
300315.SZ,0.0012299884726909745,0.11612594601229338,1.49,0.402,0.010591848892759633,1.4444612177192675,1.444,Yes,"Ourpalm Co., Ltd."
300940.SZ,0.0013118800371703205,0.1238762076764751,1.59,0.429,0.010590250232688185,1.106796697865557,1.107,Yes,"Shen Zhen Australis Electronic Technology Co.,Ltd."
300841.SZ,0.001234330039002051,0.11776678566937876,1.49,0.408,0.010481138905050343,1.630045162047136,1.63,Yes,"Chengdu Kanghua Biological Products Co., Ltd."
002649.SZ,0.0011847867448458549,0.11460376535383167,1.43,0.397,0.01033811359677322,1.3296799052879151,1.33,Yes,Beyondsoft Corporation
300662.SZ,0.0018059448828081604,0.1755442517400015,2.19,0.608,0.010287690225726927,2.2543255108094837,2.254,Yes,"Beijing Career International Co., Ltd"
002760.SZ,0.0011872955182454395,0.11646846945682872,1.43,0.403,0.010194136866248881,1.0059249672063268,1.006,Yes,"Fengxing Co., Ltd."
300002.SZ,0.0011826579635669408,0.11612222103752766,1.43,0.402,0.010184596479469133,1.5053370945372693,1.505,Yes,"Beijing Ultrapower Software Co., Ltd."
688566.SS,0.0009694859038816373,0.09655913542708675,1.17,0.334,0.010040333310706894,1.2344415181038213,1.234,Yes,"Jiangsu Jibeier Pharmaceutical Co., Ltd."
513970.SS,0.0007176037085029248,0.07147313021745523,0.86,0.248,0.010040188618011177,1.0780202619955226,1.078,Yes,IGW Hang Seng Consumer ETF (QDII)
002152.SZ,0.001064404895630891,0.10740450198345755,1.28,0.372,0.00991024469155707,1.4360770607157984,1.436,Yes,"GRG Banking Equipment Co., Ltd."
600052.SS,0.001040389166827524,0.10599285879303,1.26,0.367,0.009815653419246574,1.0820797634286663,1.082,Yes,"Zhejiang Dongwang Times Technology Co., Ltd."
603073.SS,0.000855485349749967,0.08880377405714632,1.03,0.308,0.009633434601545782,0.8271699158176951,0.827,Yes,"Zhejiang Cady Industry Co., Ltd."
301100.SZ,0.0011754935219913745,0.12229886732752848,1.42,0.424,0.00961164684251152,0.9854617985676034,0.985,Yes,"Yingkou Fengguang Advanced Material Co.,Ltd"
002036.SZ,0.0013219306506682368,0.14047260373787146,1.6,0.487,0.009410594062419616,1.8323444152097816,1.832,Yes,"LianChuang Electronic Technology Co.,Ltd"
002187.SZ,0.0010512978539553366,0.11240023056914746,1.27,0.389,0.009353164567652636,0.9550874955240422,0.955,Yes,"Guangzhou Grandbuy Co., Ltd."
603611.SS,0.0008854229463610632,0.09690871902288596,1.07,0.336,0.009136669592670621,1.399460641129679,1.399,Yes,"Noblelift Intelligent Equipment Co.,Ltd."
301299.SZ,0.0013142340079749972,0.14426878578613025,1.59,0.5,0.009109621328090123,1.7882267195833776,1.788,Yes,"Sublime China Information Co., Ltd."
002179.SZ,0.0008638831332845897,0.09627932066607421,1.04,0.334,0.00897267582808148,1.1983820040071498,1.198,Yes,"Jonhon Optronic Technology Co., Ltd."
300101.SZ,0.001402957971715722,0.15651768237014804,1.7,0.542,0.0089635749167169,2.4036031813205536,2.404,Yes,"Chengdu CORPRO Technology Co.,Ltd."
600688.SS,0.0005625256704951955,0.06430815597100209,0.68,0.223,0.0087473456826977,0.9043663105630058,0.904,Yes,Sinopec Shanghai Petrochemical Company Limited
002374.SZ,0.0009945583039560483,0.11502607362351444,1.2,0.398,0.008646372710341159,1.3556329662889326,1.356,Yes,"Shandong Chiway Industry Development Co.,Ltd"
000701.SZ,0.0011056982380741466,0.12860141405104203,1.33,0.445,0.008597869986369619,0.8180702713111224,0.818,Yes,Xiamen Xindeco Ltd.
603528.SS,0.0008807131878361689,0.10298093352186495,1.06,0.357,0.008552196583546948,0.9421762471212609,0.942,Yes,DuoLun Technology Corporation Ltd.
508010.SS,0.0006861485703014466,0.08237573962451702,0.83,0.285,0.00832949814385924,0.2652617354968918,0.265,Yes,"Cicc Fund Management Co.,Ltd - CICC Liandong Science & Technology Innovation"
603123.SS,0.0015748371986233267,0.1896490982834441,1.91,0.657,0.0083039529999221,1.8026480459348555,1.803,Yes,"Beijing Cuiwei Tower Co., Ltd."
603209.SS,0.0006542908220126523,0.07997178632054554,0.79,0.277,0.008181520660175107,1.085830884799432,1.086,Yes,"Xingtong Shipping Co., Ltd."
688606.SS,0.0009005240337568114,0.11046398875869382,1.09,0.383,0.008152195515264133,1.008957465258225,1.009,Yes,"Hangzhou Alltest Biotech Co., Ltd."
300229.SZ,0.001265879059333743,0.15850930821527956,1.53,0.549,0.007986149668980248,2.276877620588518,2.277,Yes,"TRS Information Technology Co., Ltd."
300631.SZ,0.0009176445495594681,0.11510438961387763,1.11,0.399,0.007972281097512825,1.9305245235094608,1.931,Yes,"JiangSu JiuWu Hi-Tech Co., Ltd."
603326.SS,0.0009536222130878132,0.11989846292601178,1.15,0.415,0.007953581637458393,1.3429513227152898,1.343,Yes,"Nanjing OLO Home Furnishing Co.,Ltd"
300902.SZ,0.0009545214559109458,0.12497612970481725,1.15,0.433,0.007637630147176444,1.5942863109949188,1.594,Yes,"Guoanda Co., Ltd."
000545.SZ,0.0009214890491641616,0.12105413361654709,1.11,0.419,0.00761220638762394,1.0352125952914708,1.035,Yes,"Gpro Titanium Industry Co., Ltd."
301221.SZ,0.0011639874107006766,0.1541390293312181,1.41,0.534,0.007551542368931552,2.681821362863365,2.682,Yes,"Wuhan Kotei Informatics Co.,Ltd."
002666.SZ,0.0006164956980518338,0.08197882794240029,0.74,0.284,0.007520181899709448,0.9694427591375645,0.969,Yes,"Guangdong Delian Group Co., Ltd."
300171.SZ,0.0008749725822320286,0.11722607360817386,1.06,0.406,0.00746397584855234,1.6447437544506134,1.645,Yes,"Tofflon Science and Technology Group Co., Ltd."
600051.SS,0.0005294312555186582,0.07347676902853262,0.64,0.255,0.007205423734855144,0.8428455374121148,0.843,Yes,"Ningbo United Group Co.,Ltd."
601788.SS,0.0005619093946396185,0.07815926065224618,0.68,0.271,0.007189287487502225,1.2379826431601093,1.238,Yes,Everbright Securities Company Limited
300675.SZ,0.0006736709249119277,0.09393403962890536,0.81,0.325,0.007171744423782088,0.941422890941875,0.941,Yes,"Shenzhen Institute of Building Research Co., Ltd."
300989.SZ,0.0009717853003758317,0.13590092644069757,1.17,0.471,0.0071506892986479016,1.3965955953435607,1.397,Yes,LAY-OUT Planning Consultants Co. Ltd.
300190.SZ,0.0006275135735394265,0.08793969463772414,0.76,0.305,0.007135726091892038,1.3833686426976837,1.383,Yes,"WELLE Group Co., Ltd."
002576.SZ,0.0007180023828404623,0.10247972180309944,0.87,0.355,0.007006287392348744,1.4090859010536831,1.409,Yes,"Jiangsu Tongda Power Technology Co.,Ltd."
002766.SZ,0.000788564689766614,0.11457893354530206,0.95,0.397,0.006882283377640554,0.8020716775177926,0.802,Yes,"Shenzhen Soling Industrial Co.,Ltd"
589320.SS,0.0019356220651599865,0.28488920351438246,2.35,0.987,0.006794297717436202,5.1090292543762965,5.109,Yes,Harvest SSE STAR 200 ETF
688311.SS,0.0012087416602912615,0.18283759682937406,1.46,0.633,0.006611012621322472,2.3182799278491353,2.318,Yes,"Chengdu M&S Electronics Technology Co.,Ltd."
300203.SZ,0.0008302499928435157,0.1273976215793261,1.0,0.441,0.006516997590308604,1.3325464550894406,1.333,Yes,"Focused Photonics (Hangzhou), Inc."
603160.SS,0.0006603201459164312,0.10192026366547306,0.8,0.353,0.006478791578520259,0.9551122814451499,0.955,Yes,"Shenzhen Goodix Technology Co., Ltd."
688088.SS,0.0008220388964200354,0.12710260864242848,0.99,0.44,0.006467521832951809,1.8713747020664104,1.871,Yes,ArcSoft Corporation Limited
300452.SZ,0.0005135295561623744,0.08317317603484378,0.62,0.288,0.00617422083229383,0.9841572663726587,0.984,Yes,"Anhui Sunhere Pharmaceutical Excipients Co.,Ltd."
688148.SS,0.0009113359737054831,0.14858205459208013,1.1,0.515,0.006133553451037418,1.9807608925917985,1.981,Yes,"Guangdong Fangyuan New Materials Group Co., Ltd."
300213.SZ,0.0007111094241452644,0.11678654224672877,0.86,0.405,0.006088967191467498,1.6423399104552172,1.642,Yes,"Beijing Jiaxun Feihong Electrical Co., Ltd."
600633.SS,0.0007325952424158285,0.12055222398104738,0.88,0.418,0.006076994834462808,1.5652217951332763,1.565,Yes,"Zhejiang Daily Digital Culture Group Co.,Ltd"
160421.SZ,0.0005991575694764421,0.09864995765043813,0.72,0.342,0.006073571481900997,1.9364587266529785,1.936,Yes,Huaan Zhizeng Selection Flx Alloc (LOF)
000727.SZ,0.0005022183127309321,0.08416171051626069,0.6,0.292,0.005967301634558624,1.0809998929253597,1.081,Yes,"TPV Technology Co., Ltd."
000548.SZ,0.00048082163915451256,0.08131849274363703,0.58,0.282,0.005912820355270735,0.7246656720895878,0.725,Yes,"Hunan Investment Group Co.,Ltd."
300460.SZ,0.0007902891248963742,0.13649149319884107,0.95,0.473,0.005790024758136974,0.6319008391604602,0.632,Yes,"Guangdong Faith Long Crystal Technology Co.,LTD."
000813.SZ,0.0007747752442194211,0.1357999937868738,0.93,0.47,0.005705267155132297,1.2207891134663822,1.221,Yes,Dezhan Healthcare Company Limited
001228.SZ,0.0005978866880603712,0.10713012284310597,0.72,0.371,0.005580939069172797,1.2507717536809084,1.251,Yes,"Yongtaiyun Chemical Logistics Co.,Ltd"
600486.SS,0.0005908328215162224,0.10697329697445226,0.71,0.371,0.005523180440604043,1.3449474491780344,1.345,Yes,"Jiangsu Yangnong Chemical Co., Ltd."
600850.SS,0.0006719266103472958,0.12219630825580488,0.81,0.423,0.005498747220257174,1.2847925194417988,1.285,Yes,"CETC Digital Technology Co.,Ltd."
159699.SZ,0.00039461385289374097,0.07214166136858484,0.47,0.25,0.005469985656104968,1.1005489775336113,1.101,Yes,GF Hang Seng Consumer ETF (QDII)
688113.SS,0.0005815492666126973,0.1107679747494649,0.7,0.384,0.005250157077693674,1.748309293542086,1.748,Yes,"Jiangsu Liance Electromechanical Technology Co., Ltd."
688297.SS,0.000558821015541219,0.10941950916116935,0.67,0.379,0.005107142408380796,1.0592961748498044,1.059,Yes,"AVIC (Chengdu)UAS Co., Ltd."
516560.SS,0.000308663929117293,0.06072666419624472,0.37,0.21,0.005082840185652426,0.957175562714412,0.957,Yes,Hwabao WP Pension ETF
301315.SZ,0.0008698022819929295,0.17135118060196725,1.05,0.594,0.005076138249746868,2.75860745736143,2.759,Yes,"Shanghai Wisdom Information Technology Co., Ltd."
301131.SZ,0.0005112292895358833,0.10085633993181857,0.62,0.349,0.005068886000438715,1.0087718488739197,1.009,Yes,"Super-Dragon Engineering Plastics Co., Ltd"
603066.SS,0.0004028601187292722,0.08023813466509133,0.48,0.278,0.005020806134274977,0.8108550018152205,0.811,Yes,"Nanjing Inform Storage Equipment (Group) Co., Ltd."
000698.SZ,0.0003958415177422756,0.08217571416059002,0.48,0.285,0.00481701341796326,0.9322558545458572,0.932,Yes,"Shenyang Chemical Co., Ltd"
300363.SZ,0.0007110883178331131,0.1492835497141346,0.86,0.517,0.0047633400947042544,2.2005482047374376,2.201,Yes,Porton Pharma Solutions Ltd.
301152.SZ,0.0006467057299499923,0.13632339461876342,0.78,0.472,0.0047439086428161786,1.6028024517978081,1.603,Yes,"Tianli Lithium Energy Group Co., Ltd."
603220.SS,0.0006626645920977689,0.14126368136342388,0.8,0.489,0.004690976376248868,1.912494051545703,1.912,Yes,"China Bester Group Telecom Co., Ltd."
300074.SZ,0.0005212408369028963,0.11421618250828926,0.63,0.396,0.004563633851666048,1.260604189772278,1.261,Yes,"AVCON Information Technology Co., Ltd."
002321.SZ,0.0004336884089506693,0.09737183484589292,0.52,0.337,0.004453941015254084,0.9418852415004355,0.942,Yes,"Henan Huaying Agricultural Development Co., Ltd."
300138.SZ,0.0005203892085031663,0.11697981199889576,0.63,0.405,0.00444853859491652,1.1946271606377776,1.195,Yes,"ChenGuang Biotech Group Co., Ltd."
300232.SZ,0.0005444380594060434,0.12493674590125017,0.66,0.433,0.004357709619204958,1.627050614002174,1.627,Yes,"Unilumin Group Co., Ltd"
300691.SZ,0.0004620523126446991,0.11228235681421231,0.56,0.389,0.00411509275147504,1.7391349040974,1.739,Yes,"Union Optech Co.,Ltd."
000517.SZ,0.00037276017829650313,0.09343459489079418,0.45,0.324,0.003989530630835218,0.8396637250399169,0.84,Yes,"Rongan Property Co.,Ltd."
600123.SS,0.00041972324591836444,0.10543726373190758,0.5,0.365,0.003980786593491113,0.6062155197497745,0.606,Yes,"Shanxi Lanhua Sci-Tech Venture Co.,Ltd"
002333.SZ,0.000257728615062918,0.0652423481698531,0.31,0.226,0.0039503270849777315,0.3810201395351342,0.381,Yes,"ZYF Lopsking Material Technology Co., Ltd."
002832.SZ,0.00039886898213286655,0.10384428540047766,0.48,0.36,0.0038410296781822896,1.0351720087228375,1.035,Yes,"BIEM.L.FDLKK Garment Co.,Ltd."
516500.SS,0.0002688302151794524,0.07240402383215207,0.32,0.251,0.0037129181632592416,1.1089011480648487,1.109,Yes,ChinaAMC CSI Biotechnology Thematic ETF
002035.SZ,0.00030991683733139745,0.08925525118777562,0.37,0.309,0.0034722532647338913,0.9011743517177688,0.901,Yes,Vatti Corporation Limited
159230.SZ,0.0003002893379076527,0.08725920911031498,0.36,0.302,0.003441348379951741,1.7634765254268048,1.763,Yes,ChinaAMC CNI General Aviation ETF
000035.SZ,0.00029279880098164753,0.09257767193404165,0.35,0.321,0.003162736703837794,0.9930560573924763,0.993,Yes,China Tianying Inc.
002690.SZ,0.00030466787018471975,0.09727493546605985,0.37,0.337,0.0031320284996850115,1.4955435570616704,1.496,Yes,Hefei Meyer Optoelectronic Technology Inc.
301163.SZ,0.0003144775718887545,0.10337584109507691,0.38,0.358,0.0030420799343196924,1.5163308510481177,1.516,Yes,"Jiangsu Hongde Special Parts Co.,Ltd."
300354.SZ,0.00039751689487841296,0.13881572068312362,0.48,0.481,0.0028636302352658583,1.7744954996664182,1.774,Yes,"DongHua Testing Technology Co. , Ltd."
600221.SS,0.00025831753377109453,0.09049625032482847,0.31,0.313,0.00285445565803982,1.0597171589688634,1.06,Yes,"Hainan Airlines Holding Co., Ltd."
159907.SZ,0.00032450916369346417,0.11706850035842237,0.39,0.406,0.002771959687703625,1.4833324937591643,1.483,Yes,GF CNI 2000 ETF
601015.SS,0.00030293193006317165,0.11316769716015769,0.36,0.392,0.002676840986120403,1.2430737320256262,1.243,Yes,"Shaanxi Heimao Coking Co., Ltd."
688111.SS,0.00039674566626106135,0.1544214577132005,0.48,0.535,0.0025692392244989542,2.2267302094020747,2.227,Yes,"Beijing Kingsoft Office Software, Inc."
688152.SS,0.00042325727035395105,0.17634385964716548,0.51,0.611,0.0024001815044811764,2.456418828499054,2.456,Yes,"Hunan Kylinsec Technology Co., Ltd."
603797.SS,0.00019819191418271438,0.08947999824276856,0.24,0.31,0.002214929795204053,0.919368111170871,0.919,Yes,"Guangdong Liantai Environmental Protection Co.,Ltd."
300271.SZ,0.00037304929913080934,0.17127731255559117,0.45,0.593,0.0021780426932477086,1.4603083809151967,1.46,Yes,"Beijing Thunisoft Co., Ltd."
301212.SZ,0.0002055485850761477,0.10730876708833399,0.25,0.372,0.0019154873423058252,1.2630762451952662,1.263,Yes,"Zhejiang Realsun Chemical Co.,Ltd."
688156.SS,0.00025976518268013796,0.1380913045791465,0.31,0.478,0.0018811118011507707,1.603353756313451,1.603,Yes,"Road Biology Environmental Protection Technology Co., Ltd."
600906.SS,0.00016493477259633366,0.09178446220548189,0.2,0.318,0.0017969792341005057,1.5991829442142182,1.599,Yes,"Caida Securities Co., Ltd."
161837.SZ,7.143184829102788e-05,0.039880090100626056,0.09,0.138,0.0017911656696559598,0.7136776173257461,0.714,Yes,Yinhua Fund Management Company Limited - Yinhua Large Cap Selected 2-year Regular Open Mixed Fund
301386.SZ,0.00015195935192519129,0.08579791826438425,0.18,0.297,0.0017711309901125123,1.4064618493018297,1.406,Yes,"Suzhou Future Electrical Co., Ltd."
600569.SS,0.00017220544275282803,0.09925859542456354,0.21,0.344,0.0017349171829023518,0.9915977072494478,0.992,Yes,"Anyang Iron and Steel Co.,Ltd."
000705.SZ,0.00015939192962334536,0.09617749715610215,0.19,0.333,0.0016572684290655038,0.8253088760857914,0.825,Yes,"Zhejiang Zhenyuan Share Co.,Ltd."
603666.SS,0.0001953811251496724,0.1242081792374556,0.23,0.43,0.001573013358292223,0.7344725275549586,0.734,Yes,"Yijiahe Technology Co., Ltd."
300787.SZ,0.00014735739214795731,0.09373409227774072,0.18,0.325,0.0015720789369926044,1.1385634728229386,1.139,Yes,Anfu CE LINK Limited
300838.SZ,0.0001516272248351769,0.09995055805341209,0.18,0.346,0.0015170222937039488,1.192908249072882,1.193,Yes,"Zhejiang Linuo Flow Control Technology Co.,Ltd"
603071.SS,6.466289332749695e-05,0.0608873678512313,0.08,0.211,0.00106200835426965,0.6325195966724856,0.633,Yes,"ZJMI Environmental Energy Co., Ltd."
001358.SZ,0.0001220042219862408,0.11528376541623102,0.15,0.399,0.001058294908617407,1.3516316825669734,1.352,Yes,"Shaoxing Xingxin New Material Co.,Ltd"
688058.SS,0.0001382182778873951,0.15541529552746416,0.17,0.538,0.0008893479719502248,1.4875193894313143,1.488,Yes,Beijing Baolande Software Corporation
300233.SZ,0.00010870368980553182,0.13907494636151663,0.13,0.482,0.0007816194983312334,1.5364275676944845,1.536,Yes,"Shandong Jincheng Pharmaceutical Group Co., Ltd"
002462.SZ,6.000562196632971e-05,0.07852202354397983,0.07,0.272,0.0007641884309402805,0.6748116254607067,0.675,Yes,"Cachet Pharmaceutical Co., Ltd."
600125.SS,4.8058011448053544e-05,0.06400701365542634,0.06,0.222,0.0007508241472843549,0.45319828254975625,0.453,Yes,"China Railway Tielong Container Logistics Co., Ltd"
300003.SZ,8.463118688940643e-05,0.12384088457096866,0.1,0.429,0.0006833864856715183,1.8343591387952667,1.834,Yes,"Lepu Medical Technology (Beijing) Co., Ltd."
601022.SS,6.005477515884982e-05,0.09115689155004429,0.07,0.316,0.00065880674667236,0.9133389249085813,0.913,Yes,"Ningbo Ocean Shipping Co., Ltd."
300238.SZ,5.218973744968872e-05,0.10417548449577052,0.06,0.361,0.0005009790710578131,1.3799564846628682,1.38,Yes,"Guanhao Biotech Co.,Ltd."
688186.SS,5.1611054502469464e-05,0.14674200208498062,0.06,0.508,0.0003517128958931655,1.634649478899063,1.635,Yes,"Zhangjiagang Guangda Special Material Co., Ltd."
002337.SZ,2.0292564359670435e-05,0.08812261739121197,0.02,0.305,0.00023027645978311706,1.2043104667038396,1.204,Yes,"Tianjin Saixiang Technology Co.,Ltd"
002399.SZ,2.1145857648933214e-05,0.097442807332898,0.03,0.338,0.00021700788624338095,1.0739518385151214,1.074,Yes,"Shenzhen Hepalink Pharmaceutical Group Co., Ltd."
159392.SZ,9.407004184479924e-06,0.0834212814410119,0.01,0.289,0.00011276504055061442,1.7202499527756405,1.72,Yes,Fullgoal CNI General Aviation ETF
300425.SZ,1.0225182031868364e-06,0.0996455889700954,0.0,0.345,1.0261550097252212e-05,0.33451194404010187,0.335,Yes,"Cscec Scimee Sci.&Tech. Co.,Ltd"
300357.SZ,-1.737094743094509e-05,0.12604211657682982,-0.02,0.437,-0.0001378185951071086,2.1026537561202003,2.103,Yes,"Zhejiang Wolwo Bio-Pharmaceutical Co., Ltd."
301211.SZ,-2.7207382224412164e-05,0.1141630398352617,-0.03,0.395,-0.00023832040793301108,1.135070988073923,1.135,Yes,"Hubei Biocause Heilen Pharmaceutical Co., Ltd."
002865.SZ,-6.063029010976821e-05,0.2447342935578949,-0.07,0.848,-0.00024773924907841075,2.26580876787653,2.266,Yes,"Hainan Drinda New Energy Technology Co., Ltd."
000989.SZ,-2.5820305082453258e-05,0.09165979668691475,-0.03,0.318,-0.0002816971673049689,0.5921501392903992,0.592,Yes,"Jiuzhitang Co., Ltd."
603825.SS,-4.671545063282585e-05,0.1339661211617317,-0.06,0.464,-0.00034871092950753004,1.3415222512558347,1.342,Yes,"Hylink Digital Solutions Co.,Ltd"
001260.SZ,-3.401059981058948e-05,0.0837422700059582,-0.04,0.29,-0.00040613419970786147,0.7843734452779766,0.784,Yes,"Shandong Kuntai New Material Technology Co., Ltd."
600283.SS,-2.541388102692941e-05,0.06020878000496399,-0.03,0.209,-0.00042209593060736535,0.6404302602963892,0.64,Yes,"Qian Jiang Water Resources Development Co.,Ltd"
300832.SZ,-5.498730140446903e-05,0.10270995596418249,-0.07,0.356,-0.0005353648620358135,0.9863121381499257,0.986,Yes,"Shenzhen New Industries Biomedical Engineering Co., Ltd."
002997.SZ,-6.897116814479076e-05,0.11185436896135491,-0.08,0.387,-0.0006166157726804568,1.250927366905321,1.251,Yes,"Rayhoo Motor Dies Co.,Ltd."
515950.SS,-5.021259088948156e-05,0.06565720048944884,-0.06,0.227,-0.0007647689897706004,0.9940129912707433,0.994,Yes,Fullgoal CSI Medical 50 ETF
002324.SZ,-0.00010437134891218974,0.126748296474267,-0.13,0.439,-0.0008234536622224322,1.9503929147149917,1.95,Yes,"Shanghai Pret Composites Co., Ltd."
600543.SS,-0.00011044464890243339,0.12840267267629296,-0.13,0.445,-0.0008601429129194818,0.7142696531052658,0.714,Yes,"Gansu Mogao Industrial Development Co.,Ltd"
603135.SS,-0.00012431359787878546,0.12656559557878155,-0.15,0.438,-0.0009822068731261623,1.9457708578910555,1.946,Yes,"Zhongzhong Science & Technology (Tianjin) Co., Ltd."
300824.SZ,-0.0001060302778254571,0.0985095251337769,-0.13,0.341,-0.0010763454364587275,1.1518105532776757,1.152,Yes,"Shenzhen Crastal Technology Co.,Ltd"
159253.SZ,-6.40954922897151e-05,0.057337373761306105,-0.08,0.199,-0.001117865854068288,-0.9459398214989674,0.946,No,Bosera CSI Banks ETF
300933.SZ,-0.00013687907950363966,0.11141824141780607,-0.16,0.386,-0.0012285158853868306,1.5007786258955655,1.501,Yes,"Sinostar Cable Co., Ltd"
688358.SS,-0.00016412637691665073,0.12658506353364024,-0.2,0.439,-0.0012965698506209131,1.8540921807727084,1.854,Yes,"Chison Medical Technologies Co., Ltd."
159864.SZ,-0.00012851169849548922,0.09355652870936151,-0.15,0.324,-0.0013736261944339327,1.5699255830039374,1.57,Yes,Guotai CSI Photovoltaic Industry ETF
300492.SZ,-0.0001993954015671389,0.12184212769155614,-0.24,0.422,-0.0016365062342961474,0.5800900042463122,0.58,Yes,"Huatu Cendes CO., LTD"
002789.SZ,-0.00022024349824174957,0.12689714270206637,-0.26,0.44,-0.00173560644118556,0.9731428370158437,0.973,Yes,"Shenzhen Jianyi Decoration Group Co., Ltd."
588760.SS,-0.00029891962460881067,0.1707530633229815,-0.36,0.592,-0.0017505959705296796,3.0949967851662925,3.095,Yes,GF SSE STAR AI ETF
600718.SS,-0.00015889826391144823,0.0875852521091751,-0.19,0.303,-0.0018142125538827174,1.0989172373408114,1.099,Yes,Neusoft Corporation
517880.SS,-0.00011602776404357632,0.06312548458633808,-0.14,0.219,-0.001838049478810458,0.9355357464775724,0.936,Yes,Huatai-PB SHS Consumer Brand 50 ETF
600764.SS,-0.0002321805456283654,0.11531206819910499,-0.28,0.399,-0.002013497366359504,1.1058945519806247,1.106,Yes,China Marine Information Electronics Company Limited
002866.SZ,-0.0002617380957418214,0.12832734844816346,-0.31,0.445,-0.0020396127474538125,1.3904145679048148,1.39,Yes,"Jiangsu Transimage Technology Co., Ltd."
300579.SZ,-0.0002495174004246473,0.12075683942464488,-0.3,0.418,-0.002066279654332557,1.7595918700320423,1.76,Yes,"Beijing Certificate Authority Co.,Ltd."
001319.SZ,-0.00021622424083472854,0.0947402614476665,-0.26,0.328,-0.0022822846119563275,1.3589120556523917,1.359,Yes,"Winstech Precision Holding Co., LTD."
600257.SS,-0.0003132467214181343,0.13037264588145253,-0.38,0.452,-0.002402702800884847,1.0045514682495686,1.005,Yes,"Dahu Health Industry Co., Ltd."
002049.SZ,-0.00032538945838818015,0.1304246669749007,-0.39,0.452,-0.0024948459975811096,2.361571698082582,2.362,Yes,"Unigroup Guoxin Microelectronics Co., Ltd."
000159.SZ,-0.00023792050359163326,0.08765196787186803,-0.29,0.304,-0.0027143772053062373,0.9218356320828136,0.922,Yes,"Xinjiang International Industry Co.,Ltd"
002574.SZ,-0.00033514980266476606,0.11942028754463507,-0.4,0.414,-0.0028064729164171453,0.9139566537278347,0.914,Yes,"Zhejiang Ming Jewelry Co., Ltd."
603529.SS,-0.0003424086986690628,0.10998264463817477,-0.41,0.381,-0.0031132975552236666,0.6233838386176214,0.623,Yes,"AIMA Technology Group CO., LTD"
300079.SZ,-0.0003438258667764048,0.10605930678119269,-0.41,0.367,-0.003241826457396522,1.5897039922520335,1.59,Yes,"Sumavision Technologies Co.,Ltd."
000788.SZ,-0.00027268138960152925,0.08382973680273693,-0.33,0.29,-0.00325280025921096,0.5644282908426637,0.564,Yes,"PKU HealthCare Corp.,Ltd."
002216.SZ,-0.00026745041126561685,0.07475407910476965,-0.32,0.259,-0.003577736686325553,0.7676056538429528,0.768,Yes,"Sanquan Food Co., Ltd."
603587.SS,-0.00020775492673321167,0.05775243656317394,-0.25,0.2,-0.0035973361315405935,0.7414538098362601,0.741,Yes,"Dazzle Fashion Co., Ltd"
301063.SZ,-0.0004938567077393557,0.13390920812946885,-0.59,0.464,-0.003687996625757618,1.165880020863143,1.166,Yes,"Zhangjiagang Haiguo New Energy Equipment Manufacturing Co., Ltd."
003042.SZ,-0.00043454288344069327,0.11684421438924006,-0.52,0.405,-0.003718993582284802,0.7745652032752365,0.775,Yes,"Shandong Sino-Agri United Biotechnology Co.,Ltd"
300937.SZ,-0.0005491864283024867,0.13095412924844838,-0.66,0.454,-0.004193731281741876,0.9854203192416604,0.985,Yes,"Sichuan Hezong Medicine Easy-to-buy Pharmaceutical Co., Ltd."
300314.SZ,-0.0004596582573621777,0.10926799961424916,-0.55,0.379,-0.004206705155991853,1.6883511056574518,1.688,Yes,"Ningbo David Medical Device Co., Ltd."
002671.SZ,-0.00041703875995351255,0.0972428945430078,-0.5,0.337,-0.004288629641408586,0.678740412329579,0.679,Yes,"Shandong Longquan Pipe Industry Co.,Ltd"
180301.SZ,-0.0002566856292095375,0.054971032619297026,-0.31,0.19,-0.004669470755392552,0.43517727414920027,0.435,Yes,Hotland Yantian Port Warehouse Logistics
300543.SZ,-0.0005030514510659476,0.10451088857552789,-0.6,0.362,-0.004813387943806474,1.1841835206217166,1.184,Yes,"Shenzhen Longood Intelligent Electric Co.,Ltd"
301501.SZ,-0.0009181257731153707,0.19004301731336293,-1.1,0.658,-0.004831147106033726,0.5424639157115861,0.542,Yes,"Hefei Hengxin Life Science and Technology Co., Ltd."
000507.SZ,-0.00026043128175228626,0.05193513969600711,-0.31,0.18,-0.005014548594201794,0.5822057389905172,0.582,Yes,"Zhuhai Port Co.,Ltd."
600812.SS,-0.00045529730290770403,0.08909715637046463,-0.54,0.309,-0.005110121595964127,0.7127831361223167,0.713,Yes,North China Pharmaceutical Company.Ltd
600814.SS,-0.000454479394071005,0.08858698199257072,-0.54,0.307,-0.005130318065346437,1.0161103986845401,1.016,Yes,"Hangzhou Jiebai Group Co., Limited"
301177.SZ,-0.0005783037432036517,0.1122772211571714,-0.69,0.389,-0.005150677379110697,1.851254088302861,1.851,Yes,DR Corporation Limited
300423.SZ,-0.0007667640978358393,0.14865838240403326,-0.92,0.515,-0.005157893456366819,1.788236531967977,1.788,Yes,"Sunfly Intelligent Technology Co., LTD"
603233.SS,-0.0005381077741783464,0.1029008040035072,-0.64,0.356,-0.005229383573718296,0.8225783900816799,0.823,Yes,"DaShenLin Pharmaceutical Group Co., Ltd."
000151.SZ,-0.000634789699253059,0.12102721165318917,-0.76,0.419,-0.00524501631147289,0.7833202662258754,0.783,Yes,China National Complete Plant Import & Export Corporation Limited
603081.SS,-0.0006357396993266802,0.1200447562686513,-0.76,0.416,-0.005295855638241638,1.1251740219984587,1.125,Yes,"Zhejiang Dafeng Industry Co., Ltd"
516880.SS,-0.0005030209532687188,0.09138516844730306,-0.6,0.317,-0.005504404727981479,1.5336965507600986,1.534,Yes,Yinhua CSI Photovoltaic Industry ETF
002982.SZ,-0.0005129485089212571,0.092534891911849,-0.61,0.321,-0.005543298298872002,0.5720994379527593,0.572,Yes,"Hunan Xiangjia Animal Husbandry Co.,Ltd"
159387.SZ,-0.001043320239801354,0.18346656495087585,-1.24,0.636,-0.00568670504121941,3.599026373668254,3.599,Yes,Guotai ChiNext New Energy ETF
300664.SZ,-0.0004944337626672297,0.08563109575347908,-0.59,0.297,-0.005773997848756262,0.9532418606344817,0.953,Yes,"Penyao Environmental Protection Co., Ltd."
300471.SZ,-0.0006969393211641488,0.1200602181789288,-0.83,0.416,-0.005804914664784986,1.2908831815160995,1.291,Yes,"Houpu Clean Energy Group Co., Ltd."
002729.SZ,-0.0006517488151022083,0.11110640633853475,-0.78,0.385,-0.005865987719163265,0.9153080473948967,0.915,Yes,Hollyland (China) Electronics Technology Corporation Limited
001255.SZ,-0.0006739189370210119,0.11287221144090676,-0.81,0.391,-0.005970636425191653,1.1269542786001105,1.127,Yes,"Zhejiang Bofay Electric Co., Ltd."
301246.SZ,-0.0008595963098140641,0.14237970237951486,-1.03,0.493,-0.006037351500586786,1.5365665706162934,1.537,Yes,"Hubei Hongyuan Pharmaceutical Technology Co., Ltd."
159180.SZ,-0.0008135565166513987,0.13303836622402065,-0.97,0.461,-0.006115202251367603,2.7085916638168936,2.709,Yes,Yinhua CNI Industrial Software ETF
508055.SS,-0.0002726320205393719,0.04398125177705628,-0.33,0.152,-0.006198823578768532,-0.04856976733928076,0.049,No,China Universal Asset Management Company Ltd - Shanghai Real Estate Rental Closed REIT Fund
002282.SZ,-0.00041178708161051673,0.06635574079553072,-0.49,0.23,-0.006205749143535324,0.669097909534136,0.669,Yes,"Bosun Co., Ltd."
300891.SZ,-0.000634555759156265,0.10059607477693847,-0.76,0.348,-0.00630795744827348,1.2325119884951623,1.233,Yes,"Guangdong Huiyun Titanium Industry Co., Ltd."
517550.SS,-0.0005165940275378089,0.08094150539312604,-0.62,0.28,-0.00638231306705695,1.1492024277200847,1.149,Yes,CMF CSI SHS Cnsmr Top ETF
000983.SZ,-0.0005997515387554362,0.09357179459937333,-0.72,0.324,-0.006409533356961532,1.008140694266277,1.008,Yes,"Shanxi Coking Coal Energy Group Co., Ltd."
300915.SZ,-0.0007049334959480514,0.10929462217066604,-0.84,0.379,-0.006449846131013489,1.4127173743415948,1.413,Yes,"Shanghai Hi-Road Food Technology Co., Ltd."
600939.SS,-0.0008002371978840059,0.12240216904988431,-0.96,0.424,-0.006537769747837343,0.3273558994647747,0.327,Yes,Chongqing Construction Engineering Group Corporation Limited
301510.SZ,-0.0011746004772789308,0.17813657537395536,-1.4,0.617,-0.006593819797046938,2.5088171141293327,2.509,Yes,"Googol Technology Co., Ltd."
301428.SZ,-0.0008662975786559937,0.12967729843090273,-1.03,0.449,-0.0066804104429858385,1.5821962694226623,1.582,Yes,"Shijihengtong Technology Co., Ltd."
300676.SZ,-0.0009100476488325835,0.1316055440099038,-1.09,0.456,-0.006914964378431497,1.6913137845557458,1.691,Yes,"BGI Genomics Co., Ltd."
000999.SZ,-0.0004627127674977535,0.06595244480212774,-0.55,0.228,-0.007015854664463107,0.03808062846923432,0.038,Yes,"China Resources Sanjiu Medical & Pharmaceutical Co., Ltd."
000862.SZ,-0.000710909969498805,0.09879674493921838,-0.85,0.342,-0.007195682104062946,0.4746065865283703,0.475,Yes,"Ning Xia Yin Xing Energy Co.,Ltd"
600170.SS,-0.0005781238748020596,0.08022884877925215,-0.69,0.278,-0.00720593506698263,0.8861862175500499,0.886,Yes,"Shanghai Construction Group Co., Ltd."
002698.SZ,-0.0007192500863394787,0.09939742740046933,-0.86,0.344,-0.0072361036412103615,1.1909186878319875,1.191,Yes,"Harbin Boshi Automation Co., Ltd."
601900.SS,-0.0006622736180050939,0.09092158873832654,-0.79,0.315,-0.007284008420828695,0.9663144639774227,0.966,Yes,"Southern Publishing and Media Co.,Ltd."
601163.SS,-0.00044382084230134905,0.06084989946185908,-0.53,0.211,-0.007293698859429299,0.7958373848277189,0.796,Yes,"Triangle Tyre Co.,Ltd"
688589.SS,-0.0008693536543522832,0.11758049731616775,-1.04,0.407,-0.007393689210334237,1.8962293879326773,1.896,Yes,Leaguer (Shenzhen) Microelectronics Corp.
002717.SZ,-0.002234751138865033,0.2992916116249612,-2.65,1.037,-0.007466801781485855,3.6691269567515117,3.669,Yes,"LingNan Eco&Culture-Tourism Co.,Ltd."
300352.SZ,-0.0012430782121200556,0.16592212265538434,-1.48,0.575,-0.007491937736970101,2.3269232146839323,2.327,Yes,Beijing VRV Software Corporation Limited
605138.SS,-0.0007565065912448646,0.10017615953970298,-0.9,0.347,-0.007551762761927773,1.0924378230028435,1.092,Yes,"Sunrise Manufacture Group Co., Ltd."
002977.SZ,-0.0010623450819181293,0.1405047069211516,-1.27,0.487,-0.007560921660185347,0.910575393807635,0.911,Yes,"Chengdu Tianjian Technology Co., Ltd."
159857.SZ,-0.000719676616689249,0.09387588375561204,-0.86,0.325,-0.007666256634800795,1.6242223265027989,1.624,Yes,TianHong CSI Photovoltaic Industry ETF
000652.SZ,-0.0006822448359783642,0.08809067018462005,-0.82,0.305,-0.007744802424008335,1.0768072645596454,1.077,Yes,"Tianjin TEDA Resources Recycling Group Co., Ltd."
300777.SZ,-0.001145738958276189,0.14700694305303594,-1.37,0.509,-0.007793774460454149,2.0010977122034896,2.001,Yes,"Sinofibers Technology Co., Ltd."
301563.SZ,-0.0016828430238294695,0.21088332445913086,-2.0,0.731,-0.007979971997053774,3.148198330569783,3.148,Yes,"ICkey (Shanghai) Internet and Technology Co.,Ltd."
601222.SS,-0.0005616627418072451,0.06965678098063303,-0.67,0.241,-0.00806328879830675,0.5797706519246006,0.58,Yes,"Jiangsu Linyang Energy Co., Ltd."
300847.SZ,-0.0006799268893563904,0.0834672714952272,-0.81,0.289,-0.008146029901016589,0.9908693276694195,0.991,Yes,"HG Technologies Co., Ltd."
603787.SS,-0.000906016082552331,0.1100092215159313,-1.08,0.381,-0.008235819416476133,0.5789490518947485,0.579,Yes,"Jiangsu Xinri E-Vehicle Co., Ltd."
300941.SZ,-0.001225559319337,0.1479040697864043,-1.46,0.512,-0.008286177122150132,1.76612580972138,1.766,Yes,"Chase Science Co., Ltd"
601019.SS,-0.0007592126945609849,0.09041830280781292,-0.91,0.313,-0.008396670485783353,0.02931195583718743,0.029,Yes,"Shandong Publishing&Media Co.,Ltd"
605186.SS,-0.0011784832556732787,0.1400706882223957,-1.41,0.485,-0.00841348943614923,1.9036092692582711,1.904,Yes,"Shanghai General Healthy Information and Technology Co., Ltd."
688225.SS,-0.0011926920208000132,0.1409914623966711,-1.42,0.488,-0.008459320873234474,1.8187309653825732,1.819,Yes,"Asiainfo Security Technologies Co.,Ltd."
301503.SZ,-0.0007242392190675489,0.08486511338745967,-0.87,0.294,-0.00853400402307797,1.0958111618387714,1.096,Yes,G.Tech Technology Ltd.
688443.SS,-0.0009780338737232885,0.11457749694085416,-1.17,0.397,-0.008536003140548249,1.3290303415403288,1.329,Yes,"Chongqing Genrix Biopharmaceutical Co., Ltd."
688317.SS,-0.0010048356348226427,0.11771304769739102,-1.2,0.408,-0.008536314830670329,1.3287069580945925,1.329,Yes,"Shanghai ZJ Bio-Tech Co., Ltd"
003005.SZ,-0.0010499959234358622,0.12080378020826871,-1.25,0.418,-0.008691747241896267,1.3069153098707766,1.307,Yes,"Beijing Jingyeda Technology Co.,Ltd."
605399.SS,-0.0009943584609592652,0.11371122419128636,-1.19,0.394,-0.008744593755199958,1.4911529412445295,1.491,Yes,Jiangxi Chenguang New Materials Company Limited
603229.SS,-0.000974024638122634,0.1111629108875656,-1.16,0.385,-0.008762136852531684,1.068202624306077,1.068,Yes,"Zhejiang Ausun Pharmaceutical Co., Ltd."
300217.SZ,-0.0010231825732186753,0.11633604540978333,-1.22,0.403,-0.008795060633311078,1.4851617382352598,1.485,Yes,"Zhenjiang Dongfang Electric Heating Technology Co.,Ltd"
301499.SZ,-0.0011906518707996987,0.1338525094455641,-1.42,0.464,-0.008895252511376486,2.2877337812564953,2.288,Yes,"Shanghai Vico Precision Mold &Plastics Co,. Ltd."
300384.SZ,-0.0008839775721202105,0.09813288839756178,-1.06,0.34,-0.009007964470983348,1.3011760964634584,1.301,Yes,"Beijing Sanlian Hope Shin-Gosen Technical Service Co., Ltd."
159849.SZ,-0.0006719127162525187,0.0736716680380799,-0.8,0.255,-0.009120367899166013,1.1583814916935649,1.158,Yes,CMF CSI Biotechnology Thematic ETF
300597.SZ,-0.000810472387187857,0.08869235462897293,-0.97,0.307,-0.009138018610265893,1.1808936799238878,1.181,Yes,"Jilin Jlu Communication Design Institute Co.,Ltd."
159863.SZ,-0.0008567781818171005,0.09311013524306234,-1.02,0.323,-0.009201771424566149,1.6068857219850434,1.607,Yes,Penghua CSI Photovoltaic Industry ETF
159636.SZ,-0.0012499280110499218,0.13389047560596382,-1.49,0.464,-0.009335451273833902,1.1402421503010916,1.14,Yes,ICBCCS CNI HK Connect Technology ETF
301206.SZ,-0.0006673780417554716,0.07143755873977008,-0.8,0.247,-0.009342117137381053,0.9082637620576728,0.908,Yes,"Shandong Sanyuan Biotechnology Co.,Ltd."
301298.SZ,-0.0007989101719242759,0.08536293409181052,-0.95,0.296,-0.009358982097136245,1.0163760029471434,1.016,Yes,"Baoding Dongli Machinery Co.,Ltd."
002551.SZ,-0.0009263008357093737,0.09833980869551069,-1.11,0.341,-0.00941938822127951,1.0633902934606705,1.063,Yes,"Shenzhen Glory Medical Co.,Ltd."
688590.SS,-0.0013257505266041482,0.14061960914198596,-1.58,0.487,-0.009427920719545705,1.9002131332081773,1.9,Yes,"Shanghai Newtouch Software Co., Ltd."
300359.SZ,-0.001232150687881763,0.13041234422154907,-1.47,0.452,-0.009448113943788498,1.3124037685188426,1.312,Yes,"Qtone Education Group (Guangdong) Co.,Ltd"
516930.SS,-0.0007060131842473655,0.07455405646898042,-0.84,0.258,-0.009469815831431187,1.176258488350041,1.176,Yes,MinSheng CSI Biotechnology Thematic ETF
002691.SZ,-0.0016113352817021618,0.16855138950361317,-1.92,0.584,-0.009559905061877998,0.7813579402291821,0.781,Yes,"Jikai Equipment Manufacturing Co., Ltd."
603189.SS,-0.0013529973498542676,0.14045246468333453,-1.61,0.487,-0.00963313355094728,1.7632976691320867,1.763,Yes,"Shanghai Wondertek Software Co., Ltd"
301096.SZ,-0.0013576922014096407,0.14052249388037458,-1.62,0.487,-0.009661742856381631,1.9248816617335769,1.925,Yes,"Hangzhou Bio-Sincerity Pharma-Tech Co.,Ltd."
002852.SZ,-0.0009612529826145497,0.09742645697784658,-1.15,0.337,-0.00986644708667919,0.9359901251901347,0.936,Yes,"Daodaoquan Grain and Oil Co.,Ltd."
603489.SS,-0.001218945434549637,0.12227020363210829,-1.45,0.424,-0.009969276228714324,1.2064516254769286,1.206,Yes,"Bafang Electric (Suzhou) Co.,Ltd."
301062.SZ,-0.0012298487871081692,0.12025094372732158,-1.47,0.417,-0.010227352476309438,1.5621314817793686,1.562,Yes,"Shanghai Ailu Package Co., Ltd."
300052.SZ,-0.0015817249706206148,0.15445450790559084,-1.88,0.535,-0.010240717425919562,1.5643073785660784,1.564,Yes,"Shenzhen Zqgame Co., Ltd"
600425.SS,-0.0007654100731107049,0.07452492788733256,-0.91,0.258,-0.01027052416968264,1.1166225677462214,1.117,Yes,"Xinjiang Qingsong Building Materials and Chemicals Group Co., Ltd."
603515.SS,-0.0008497456558135243,0.08241292021325133,-1.01,0.285,-0.010310830554417024,1.0426433103654085,1.043,Yes,"Opple Lighting Co.,LTD"
002689.SZ,-0.0014549582637396609,0.1403096021045591,-1.73,0.486,-0.01036962718100663,1.5841134845356986,1.584,Yes,"Shenyang Yuanda Intellectual Industry Group Co.,Ltd"
900911.SS,-0.0004513782494293798,0.042184692754950084,-0.54,0.146,-0.010700048286505861,0.2909258858006596,0.291,Yes,"Shanghai Jinqiao Export Processing Zone Development Co.,Ltd"
688283.SS,-0.001720913330865836,0.15536343166086414,-2.05,0.538,-0.011076694898335796,2.5112717406007965,2.511,Yes,"Chengdu KSW Technologies Co.,Ltd."
603321.SS,-0.0008712709551534692,0.07843299405988478,-1.04,0.272,-0.011108475018666769,0.7838392378158338,0.784,Yes,"Zhejiang Meilun Elevator Co., Ltd."
600370.SS,-0.0017541210109864001,0.15543299289080995,-2.08,0.538,-0.011285383999641902,1.4442749680389502,1.444,Yes,"Jiangsu Sanfame Polyester Material Co.,Ltd."
603997.SS,-0.0012436726150158192,0.10889686114891822,-1.48,0.377,-0.011420647040644053,1.178708568402139,1.179,Yes,"Ningbo Jifeng Auto Parts Co., Ltd."
301155.SZ,-0.0016087271467499502,0.14061827207614186,-1.91,0.487,-0.011440384830492428,1.1455097307309163,1.146,Yes,"Jiangsu Haili Wind Power Equipment Technology Co., Ltd."
603113.SS,-0.0012641964018398804,0.11008221968755795,-1.51,0.381,-0.01148411074402387,1.1683574989558274,1.168,Yes,"Jinneng Science&Technology Co.,Ltd"
588130.SS,-0.0006139974415804731,0.05342146914890162,-0.73,0.185,-0.01149345855444519,0.6797007493442979,0.68,Yes,ChinaAMC SSE STAR Bio & Medi ETF
002919.SZ,-0.0015647390479715778,0.13549738468870354,-1.86,0.469,-0.011548112545245535,1.6675459885517718,1.668,Yes,"Mingchen Health Co.,Ltd."
300485.SZ,-0.001360255923596426,0.11673331571393825,-1.62,0.404,-0.01165267957375435,1.0385828053823523,1.039,Yes,"Beijing Science Sun Pharmaceutical Co., Ltd."
301167.SZ,-0.0010499385298423,0.08949295619982749,-1.25,0.31,-0.011732080092403115,0.8261415465572552,0.826,Yes,"Anhui Provincial Architectural Design and Research Institute Co.,Ltd."
002489.SZ,-0.0009561798313902168,0.08061218783642395,-1.14,0.279,-0.01186147972227811,0.5972833090959352,0.597,Yes,"Yotrio Group Co., Ltd."
159132.SZ,-0.0008817766172346322,0.0732476008977945,-1.05,0.254,-0.012038300318736893,0.11193245639189286,0.112,Yes,Fullgoal Hang Seng Biotech ETF
688776.SS,-0.0020438415456125996,0.1690412323763867,-2.43,0.586,-0.012090787063488677,1.8504995232891244,1.85,Yes,"Guoguang Electric Co.,Ltd.Chengdu"
159609.SZ,-0.0011407758930148666,0.09393249787010864,-1.36,0.325,-0.012144634912108371,1.6337806043816487,1.634,Yes,SPDB CSI Photovoltaic Industry ETF
000546.SZ,-0.0016968893728887943,0.13646093110445626,-2.02,0.473,-0.012434983105823033,1.504678213470033,1.505,Yes,"Jinyuan EP Co., Ltd."
159938.SZ,-0.0008549299421599057,0.0679417684646516,-1.02,0.235,-0.012583274787801621,1.0849407449316253,1.085,Yes,GF CSI Medical ETF
200869.SZ,-0.0007441709462754265,0.059042923029886334,-0.89,0.205,-0.012603897437441268,0.6291430827231667,0.629,Yes,Yantai Changyu Pioneer Wine Company Limited
300789.SZ,-0.0015354757233816188,0.12164765368500027,-1.83,0.421,-0.012622320915104918,0.7973066483875585,0.797,Yes,"Chengdu Tangyuan Electric Co.,Ltd."
515790.SS,-0.001188730272593294,0.09392895500727547,-1.42,0.325,-0.012655631828345351,1.6097795438995215,1.61,Yes,Huatai-PB CSI Photovoltaic Industry ETF
688085.SS,-0.0014342266049489451,0.11233051882737485,-1.71,0.389,-0.012767915789234523,1.4638105491962732,1.464,Yes,"Shanghai Sanyou Medical Co., Ltd"
562900.SS,-0.0007897629489889511,0.06167888884838126,-0.94,0.214,-0.012804428934028667,0.8468984195672538,0.847,Yes,E Fund CSI Modern Agriculture ETF
002909.SZ,-0.0013841287367171242,0.10807696929799365,-1.65,0.374,-0.012806879631318633,1.3901473179556179,1.39,Yes,"Guangzhou Jointas Chemical Co., Ltd."
002327.SZ,-0.0010317650845915935,0.0802759754211341,-1.23,0.278,-0.012852725602882711,0.8830039922080191,0.883,Yes,"Shenzhen Fuanna Bedding and Furnishing Co.,Ltd"
603755.SS,-0.0011613167469835745,0.09018949166974216,-1.38,0.312,-0.012876408609066225,0.8237714093849442,0.824,Yes,"Qingdao Richen Food Co.,Ltd."
605068.SS,-0.0018474601348014215,0.143398090787536,-2.19,0.497,-0.012883436067072106,1.1410532096524688,1.141,Yes,"Mingxin New Material Co.,Ltd."
002419.SZ,-0.0010143723757206275,0.07858775663803146,-1.21,0.272,-0.012907511540159374,0.7270466447297846,0.727,Yes,"Rainbow Digital Commercial Co., Ltd."
520930.SS,-0.001009542416255235,0.07803254842840371,-1.2,0.27,-0.012937452852529974,0.09873725976804727,0.099,Yes,Guotai Hang Seng Biotech ETF
603276.SS,-0.0013269267881984776,0.1020716047707992,-1.58,0.354,-0.012999960088587604,1.423149843063031,1.423,Yes,"Jiangsu Hengxing New Material Technology Co.,Ltd."
516290.SS,-0.0012015329441166598,0.09217358626480128,-1.43,0.319,-0.013035545136161142,1.5463403425849729,1.546,Yes,China Universal CSI Photov ETF
301006.SZ,-0.0015452665989946427,0.11703406454143836,-1.84,0.405,-0.013203562612725536,1.8366953862181572,1.837,Yes,"Meter Instruments Co., Ltd."
600576.SS,-0.0016056104903103478,0.12141587763855587,-1.91,0.421,-0.013224057030581335,0.9578326288468092,0.958,Yes,"Zhejiang Sunriver Culture Tourism Co.,Ltd."
159838.SZ,-0.0009000581276336743,0.06794412135296382,-1.07,0.235,-0.013247034617725797,1.0674630458653138,1.067,Yes,Bosera CSI Medical 50 ETF
002986.SZ,-0.001198265963618772,0.09008845709228754,-1.43,0.312,-0.013300993293638675,0.8426011951614696,0.843,Yes,"Guangdong Yussen Energy Technology Co., Ltd."
002398.SZ,-0.001200110195757847,0.0869843326370782,-1.43,0.301,-0.013796854667667871,0.4521331057909487,0.452,Yes,"Lets Holdings Group Co., Ltd."
600774.SS,-0.0016361789833665788,0.11773482527179219,-1.95,0.408,-0.013897153876004325,1.0311019242077224,1.031,Yes,"Hanshang Group Co., Ltd."
600556.SS,-0.0015067948842642802,0.10718616639292157,-1.79,0.371,-0.01405773650622686,1.3400253280049572,1.34,Yes,"Inmyshow Digital Technology(Group)Co.,Ltd."
688211.SS,-0.001244871948833037,0.08847364915351642,-1.48,0.306,-0.014070539202841945,1.5310944234799593,1.531,Yes,"Wayzim Technology Co., Ltd."
301367.SZ,-0.0017169871450636416,0.12074399407171398,-2.04,0.418,-0.014220062523721589,0.8644553173544237,0.864,Yes,"BMC Medical Co., Ltd."
000607.SZ,-0.0013814679549144873,0.0970648240581159,-1.65,0.336,-0.014232426301904766,0.8825182053369974,0.883,Yes,"Zhejiang Huamei Holding CO., LTD."
688795.SS,-0.0021380063513164148,0.14949300438459961,-2.54,0.518,-0.014301715054277594,2.315531493634712,2.316,Yes,"Moore Threads Technology Co., Ltd."
688065.SS,-0.0015753518472372136,0.10958691148010692,-1.87,0.38,-0.014375364958827075,1.4943191954771688,1.494,Yes,Cathay Biotech Inc.
300603.SZ,-0.0015348341311104637,0.10674569640033855,-1.83,0.37,-0.014378416956073142,0.9694095142837169,0.969,Yes,"Leon Technology Co., Ltd."
300605.SZ,-0.001754711834201921,0.12164288283835395,-2.09,0.421,-0.014425108919308358,1.1218171882071952,1.122,Yes,"Hengfeng Information Technology Co., Ltd."
002661.SZ,-0.0010485425411542809,0.07232146529499892,-1.25,0.251,-0.014498358639129901,0.6582233407195371,0.658,Yes,"Chen Ke Ming Food Manufacturing Co., Ltd."
516180.SS,-0.0013580958142961302,0.09222576828869423,-1.62,0.319,-0.014725773929525685,1.5595924341722414,1.56,Yes,Ping An CSI Photovoltaic Industry ETF
300616.SZ,-0.0023270210824379244,0.15526656787559762,-2.76,0.538,-0.0149872642531931,2.3793168419398336,2.379,Yes,"Guangzhou Shangpin Home Collection Co., Ltd."
000978.SZ,-0.0013135856560077014,0.08624205376060838,-1.56,0.299,-0.015231381892341833,0.6987894234182511,0.699,Yes,Guilin Tourism Corporation Limited
159929.SZ,-0.001071228520072947,0.06995727867133894,-1.28,0.242,-0.015312609930206198,1.1140850504324624,1.114,Yes,China Universal CSI Health Care Index ETF
002332.SZ,-0.0014427712402948906,0.09341907677245086,-1.72,0.324,-0.015444075130491565,0.9111924367531139,0.911,Yes,"Zhejiang Xianju Pharmaceutical Co., Ltd."
300713.SZ,-0.0018401787856727992,0.11798184943514575,-2.19,0.409,-0.015597134597252942,1.3805425448557491,1.381,Yes,"Shenzhen Increase Technology Co., Ltd."
300376.SZ,-0.0018971432634268906,0.12136103843941623,-2.25,0.42,-0.015632226683475105,1.6555379275268898,1.656,Yes,"East Group Co.,Ltd"
603883.SS,-0.0018931262328163191,0.12068993300705522,-2.25,0.418,-0.01568586696212394,1.0901121335809918,1.09,Yes,LBX Pharmacy Chain Joint Stock Company
603700.SS,-0.001068104323956933,0.06809210588512381,-1.27,0.236,-0.015686169638502594,0.43395420998402345,0.434,Yes,"Ningbo Water Meter (Group) Co.,Ltd."
688247.SS,-0.0014567792236537416,0.09275443964267614,-1.73,0.321,-0.01570576275664847,0.7886899914979272,0.789,Yes,Sinotherapeutics Inc.
002262.SZ,-0.0011798958947767176,0.07477782242629417,-1.41,0.259,-0.015778687537199933,0.43353278597933,0.434,Yes,"Jiangsu Nhwa Pharmaceutical Co., LTD"
000501.SZ,-0.0014518126477556347,0.09169996678154152,-1.73,0.318,-0.015832204729302836,1.2188705598127,1.219,Yes,"Wushang Group Co., Ltd."
520520.SS,-0.0008641221799026268,0.054514159207403545,-1.03,0.189,-0.015851334634273708,0.4360433218223471,0.436,Yes,"Huatai-Pinebridge Fund Management Co., Ltd. - HK Consumption Fund"
301126.SZ,-0.0014766532680152583,0.09297429931238262,-1.76,0.322,-0.01588238124875648,0.9369580711413835,0.937,Yes,"Hunan Dajiaweikang Pharmaceutical Industry Co.,Ltd"
600790.SS,-0.0010398461378549023,0.06540621263652999,-1.24,0.227,-0.015898277792561533,0.8716597512208953,0.872,Yes,"Zhejiang China Light&Textile Industrial City Group Co.,Ltd"
301050.SZ,-0.0020520943334561338,0.12888569975267333,-2.43,0.446,-0.015921815510906354,1.4180060682973967,1.418,Yes,"Chengdu RML Technology Co., Ltd."
603511.SS,-0.0012477598500236621,0.07826879209614614,-1.49,0.271,-0.015941984239272556,1.0725388934306967,1.073,Yes,"Aimer Co., Ltd."
300226.SZ,-0.0021747389787250297,0.1341012495539275,-2.58,0.465,-0.016217141793674936,2.18584985104819,2.186,Yes,"Shanghai Ganglian E-Commerce Holdings Co., Ltd."
002153.SZ,-0.002159096893605076,0.13277981234200067,-2.56,0.46,-0.016260731624201236,1.7012292639018438,1.701,Yes,"Beijing Shiji Information Technology Co., Ltd."
002819.SZ,-0.0013615737547443424,0.08367257639288557,-1.62,0.29,-0.016272640492759022,1.2444854744207368,1.244,Yes,"Beijing Oriental Jicheng Co., Ltd."
002863.SZ,-0.0014589676067305213,0.08931768817987465,-1.74,0.309,-0.01633458765516124,1.1140230024561797,1.114,Yes,"Zhejiang Jinfei Kaida Wheel Co.,Ltd."
002425.SZ,-0.002051258443351796,0.1251152391408691,-2.43,0.433,-0.016394952824589606,0.1948439259549641,0.195,Yes,"Kaiser (China) Culture Co., LTD"
605336.SS,-0.0021139936598945984,0.12630327264060845,-2.51,0.438,-0.016737441680627654,1.1079321354001725,1.108,Yes,"Zhejiang Sanfer Electric Co., Ltd"
002061.SZ,-0.0008399910711387077,0.04948041124876739,-1.0,0.171,-0.01697623463385488,0.576905934922613,0.577,Yes,"Zhejiang Communications Technology Co., Ltd."
688390.SS,-0.003123402174126719,0.18267554298028088,-3.68,0.633,-0.017098086165064134,2.2944053601781857,2.294,Yes,"GoodWe Technologies Co., Ltd."
603863.SS,-0.0030447351380594907,0.17608766465141956,-3.59,0.61,-0.0172910189029243,0.6998402044698507,0.7,Yes,"GuangDong SongYang Recycle Resources CO.,LTD"
002123.SZ,-0.0030737832309647487,0.1776563847495395,-3.63,0.615,-0.017301844993064436,1.7069155007056254,1.707,Yes,"Montnets Cloud Technology Group Co., Ltd."
159851.SZ,-0.0027254051348930526,0.1564877599511541,-3.22,0.542,-0.017416091429411203,1.858108931418621,1.858,Yes,Hwabao WP CSI Fintech Theme ETF
002968.SZ,-0.0018193282811803126,0.10431124528106618,-2.16,0.361,-0.01744134370439295,1.349747244774671,1.35,Yes,"New DaZheng Property Group Co., LTD"
002905.SZ,-0.0018681285632290013,0.10675824681954238,-2.22,0.37,-0.017498681543419985,0.5325571625697486,0.533,Yes,Guangzhou Jinyi Media Corporation
000049.SZ,-0.001409171788361136,0.08048919854891437,-1.68,0.279,-0.017507588766768046,0.8054331026602208,0.805,Yes,"Shenzhen Desay Battery Technology Co., Ltd."
003016.SZ,-0.0016323654847726062,0.09317094569171193,-1.94,0.323,-0.017520112870527772,0.8173978766906449,0.817,Yes,"Xin Hee Co.,Ltd."
603062.SS,-0.0023817021035211945,0.13394169158652494,-2.82,0.464,-0.017781633749060423,1.7118036607590126,1.712,Yes,MEGA P&C Advanced Materials (Shanghai) Company Limited
301429.SZ,-0.0015820481169629337,0.08690057010211466,-1.88,0.301,-0.018205267411984857,0.9926986075540101,0.993,Yes,"Anhui Sentai WPC Group Share Co., Ltd."
688775.SS,-0.004607131534407103,0.2530157184337465,-5.39,0.876,-0.018208874780297514,3.4715865640466044,3.472,Yes,Arashi Vision Inc.
000050.SZ,-0.002083434136383644,0.11408619488242519,-2.47,0.395,-0.018261930275882958,1.5102477966875756,1.51,Yes,"Tianma Microelectronics Co., Ltd."
688280.SS,-0.0025068345743936623,0.13672095499971224,-2.97,0.474,-0.01833540860213373,1.3873345900870169,1.387,Yes,"Jing-jin Electric Technologies Co.,Ltd."
600860.SS,-0.0023355101189600704,0.12737330537480118,-2.77,0.441,-0.0183359465477302,1.5958313912717672,1.596,Yes,Beijing Jingcheng Machinery Electric Company Limited
603275.SS,-0.0017372827588503135,0.09361518866973044,-2.06,0.324,-0.018557701838099773,1.0439878209102007,1.044,Yes,"Shanghai Zhongchen Electronic Technology Co.,Ltd."
159618.SZ,-0.0017471865936379259,0.09358863288332064,-2.08,0.324,-0.01866879064059188,1.6363359560637902,1.636,Yes,Huaan CSI Photovoltaic Industry ETF
000931.SZ,-0.0017336044873323725,0.09198888242909135,-2.06,0.319,-0.01884580442281928,0.8956446328273507,0.896,Yes,"Beijing Centergate Technologies (holding) Co., Ltd."
300370.SZ,-0.0021848238544540603,0.1148043550939687,-2.59,0.398,-0.01903084471547927,1.4133067759011175,1.413,Yes,"Sichuan Etrol Technologies Co., Ltd."
301390.SZ,-0.0018615754626471383,0.09692746604177736,-2.21,0.336,-0.019205861234882257,1.1093349511409873,1.109,Yes,"Hangzhou Gisway Information Technology Co.,Ltd."
002334.SZ,-0.002467728828803537,0.12695348906774817,-2.92,0.44,-0.019438054416028253,1.7189848040504119,1.719,Yes,"Shenzhen INVT Electric Co.,Ltd"
512010.SS,-0.0013758995209764736,0.07016383456774543,-1.64,0.243,-0.019609810801432162,1.0791250109707349,1.079,Yes,E Fund CSI300 Health Care Index ETF
002920.SZ,-0.002804360383066207,0.14280045958366724,-3.31,0.495,-0.019638314829253916,1.84170949318126,1.842,Yes,"Huizhou Desay SV Automotive Co., Ltd."
300426.SZ,-0.0026152393993138386,0.1325886479621972,-3.09,0.459,-0.01972445936743754,1.731385727768192,1.731,Yes,"Zhejiang Huazhi Digital Media Co., Ltd."
900943.SS,-0.0011925340702095943,0.06039748807026225,-1.42,0.209,-0.01974476270970546,0.7561055777142616,0.756,Yes,Shanghai Kai Kai Industry Company Limited
603535.SS,-0.0017074762506948066,0.08599481856779052,-2.03,0.298,-0.019855571290598013,0.9505062851349769,0.951,Yes,"Guangzhou Jiacheng International Logistics Co.,Ltd."
300360.SZ,-0.0016142992517530447,0.08088350976091505,-1.92,0.28,-0.019958323476871608,0.48870702732303345,0.489,Yes,"Hangzhou Sunrise Technology Co.,Ltd."
300682.SZ,-0.0035217517135002208,0.17615842701125037,-4.15,0.61,-0.01999195708800978,2.119217602365634,2.119,Yes,"Longshine Technology Group Co., Ltd."
002556.SZ,-0.0018144661374742534,0.09042300159521333,-2.16,0.313,-0.0200664223202507,1.01433340567056,1.014,Yes,"Anhui Huilong Agricultural Means of Production Co.,Ltd."
301257.SZ,-0.003090930251852434,0.15379600703507246,-3.65,0.533,-0.020097597534814812,2.3636365619549893,2.364,Yes,"SMO ClinPlus CO.,LTD."
600848.SS,-0.001984190354456055,0.09751572884927144,-2.36,0.338,-0.020347387830356962,0.8184211169401899,0.818,Yes,"Shanghai Lingang Holdings Co.,Ltd."
301680.SZ,-0.0030623623846507244,0.15013562777423942,-3.61,0.52,-0.020397306289321494,2.0684116395953143,2.068,Yes,"Goode EIS (Suzhou) Corp., Ltd."
600927.SS,-0.0018603281140006295,0.09109817758501927,-2.21,0.316,-0.020421134245681694,1.423542511947107,1.424,Yes,"Yongan Futures Co.,Ltd."
000752.SZ,-0.001787615687804957,0.08738546463379103,-2.12,0.303,-0.020456670858207064,0.4633918061809442,0.463,Yes,"Tibet Development Co., Ltd."
300032.SZ,-0.0029204599431838546,0.14257522516122226,-3.45,0.494,-0.020483642511393094,1.2379768354639453,1.238,Yes,"Jinlong Machinery & Electronic Co.,Ltd"
002758.SZ,-0.00140693819102351,0.06859393791021348,-1.68,0.238,-0.020511115615859988,0.9451714348536362,0.945,Yes,"ZJAMP Group Co., Ltd."
000909.SZ,-0.0022862714141426016,0.11136590159995859,-2.71,0.386,-0.020529366541252442,-0.290787815921963,0.291,No,"Soyea Technology Co., Ltd"
513660.SS,-0.00210610466671422,0.10159140214002828,-2.5,0.352,-0.02073113100468163,0.2660616921673685,0.266,Yes,ChinaAMC SHK Hangsheng ETF
603909.SS,-0.0016241363982913283,0.07815282689395668,-1.93,0.271,-0.020781543839675464,0.8292314682101891,0.829,Yes,"C&D Holsin Engineering Consulting Co., Ltd"
600681.SS,-0.0011209307872873768,0.05385173348642577,-1.34,0.187,-0.02081512914658404,0.49338254448572205,0.493,Yes,"Bestsun Energy Co., Ltd."
000619.SZ,-0.0020446596451674215,0.09715739794936498,-2.43,0.337,-0.021044816846917065,1.1321751925596797,1.132,Yes,"Conch (Anhui) Energy Saving and Environment Protection New Material Co., Ltd."
000633.SZ,-0.0024953945392977082,0.1184382445814787,-2.95,0.41,-0.021069161807620515,0.845712678326818,0.846,Yes,"Xinjiang Hejin Holding Co.,Ltd"
605122.SS,-0.002029559190712652,0.09601592827061389,-2.41,0.333,-0.021137734407904566,0.7858348450044951,0.786,Yes,"Chongqing Sifang New Material Co., Ltd."
560720.SS,-0.0023686044315793056,0.11173784309997069,-2.81,0.387,-0.021197871427141652,-1.737124320293332,1.737,No,ICBCCS CSI Div Low Volatility 100 ETF
600570.SS,-0.002784001759444209,0.129911609738679,-3.29,0.45,-0.02142996892305707,1.901761922149326,1.902,Yes,Hundsun Technologies Inc.
513360.SS,-0.001844648430344519,0.0860289775290871,-2.19,0.298,-0.02144217545443718,1.3147073456087763,1.315,Yes,Bosera CSI Glb China Edu Theme ETF(QDII)
600697.SS,-0.0015091963096339211,0.06994355485906843,-1.8,0.242,-0.02157734637129683,0.7679872459585178,0.768,Yes,"Chang Chun Eurasia Group Co., Ltd."
688084.SS,-0.003076076234447387,0.14238825135825775,-3.63,0.493,-0.02160344133103922,1.4671300825695015,1.467,Yes,"Beijing JingPinTeZhuang Science and Technology Co.,LTD."
600822.SS,-0.0024288942648600055,0.11159439407813297,-2.88,0.387,-0.02176537885191089,0.9406707046849393,0.941,Yes,"Shanghai Material Trading Co., Ltd."
300529.SZ,-0.002364059835858817,0.10849725458585079,-2.8,0.376,-0.021789121253646137,1.1645494531539888,1.165,Yes,"Jafron Biomedical Co.,Ltd."
168104.SZ,-0.0014428375031046994,0.06621424304234154,-1.72,0.229,-0.021790440195503837,0.9732478029105918,0.973,Yes,JT Ruifeng Flx Alloc(LOF)A
600603.SS,-0.0029541181702100513,0.13536405359678158,-3.49,0.469,-0.021823505515058603,0.8266422445762205,0.827,Yes,Guanghui Logistics Co.Ltd
000868.SZ,-0.002723637945827947,0.12461378440295606,-3.22,0.432,-0.02185663455192632,0.7805953738326088,0.781,Yes,"Anhui Ankai Automobile Co., Ltd"
600858.SS,-0.0018663891205531406,0.08500102437418401,-2.22,0.294,-0.02195725444833567,0.9426014752087291,0.943,Yes,"Inzone Group Co.,Ltd"
600966.SS,-0.0024230036794568887,0.10996200544374005,-2.87,0.381,-0.022034917148692528,1.2267477975684287,1.227,Yes,"Shandong Bohui Paper Industry Co.,Ltd."
300239.SZ,-0.001902783737143987,0.0860010599932048,-2.26,0.298,-0.022125119589157756,1.3940545888555522,1.394,Yes,"Baotou Dongbao Bio-Tech Co.,Ltd"
301153.SZ,-0.003986443031931238,0.18015036682607083,-4.68,0.624,-0.02212842028670425,2.3507108068028497,2.351,Yes,"Beijing CTJ Information Technology Co., Ltd."
603212.SS,-0.0026844753619590326,0.12126631786811554,-3.17,0.42,-0.022137023776697518,1.6060729459344885,1.606,Yes,Cybrid Technologies Inc.
688351.SS,-0.002086937336835652,0.09385070004475607,-2.48,0.325,-0.022236779649383767,0.9424565819763857,0.942,Yes,"Shanghai MicroPort EP MedTech Co., Ltd."
301339.SZ,-0.0020355853438983698,0.09122070207113786,-2.42,0.316,-0.022314949322697956,0.9280903879060913,0.928,Yes,"Jiangsu Tongxingbao Intelligent Transportation Technology Co., Ltd."
601005.SS,-0.0022255422145153,0.09964931386542299,-2.64,0.345,-0.022333743486893532,0.9676277519902934,0.968,Yes,Chongqing Iron & Steel Company Limited
301665.SZ,-0.0018839447709019129,0.08374463433284476,-2.24,0.29,-0.022496304221881678,0.9882131446400654,0.988,Yes,"CAC Nantong Chemical Co., Ltd."
002044.SZ,-0.0029480993968192797,0.13040946698380715,-3.48,0.452,-0.02260648298781363,1.6734399574576886,1.673,Yes,"Meinian Onehealth Healthcare Holdings Co., Ltd."
159922.SZ,-0.003061865286708823,0.13518562691266628,-3.61,0.468,-0.022649340441250266,1.7075492204736642,1.708,Yes,Harvest CSI500ETF fund
002817.SZ,-0.0018756840968409214,0.08220495905043886,-2.23,0.285,-0.022817164785521635,0.8103088643060256,0.81,Yes,"Anhui Huangshan Capsule Co., Ltd."
601668.SS,-0.0012128795754502398,0.05291448022593133,-1.45,0.183,-0.022921505989883174,0.21962298435301122,0.22,Yes,China State Construction Engineering Corporation Limited
600059.SS,-0.0017169240718733346,0.07414064115311694,-2.04,0.257,-0.02315766420643037,0.8794621017474511,0.879,Yes,"Zhejiang Guyuelongshan Shaoxing Wine Co.,Ltd"
301073.SZ,-0.0031623033877893744,0.13635936636836388,-3.73,0.472,-0.023190951028964638,1.7438807890822472,1.744,Yes,"SSAW Hotels & Resorts Group Co.,Ltd."
600668.SS,-0.0019984797296707505,0.08577429368004046,-2.37,0.297,-0.023299285181240654,0.8628608717615857,0.863,Yes,"Zhejiang Jianfeng Group Co., Ltd."
000030.SZ,-0.0017450325394097832,0.07479838789877666,-2.07,0.259,-0.023329814831989495,0.6475057353044091,0.648,Yes,FAWER Automotive Parts Limited Company
002236.SZ,-0.002059624092595337,0.08768489936930783,-2.44,0.304,-0.023488925771821816,1.685983399205953,1.686,Yes,"Zhejiang Dahua Technology Co., Ltd."
603505.SS,-0.002336549122199466,0.09903791146367229,-2.77,0.343,-0.023592471687536812,1.6458855536101922,1.646,Yes,"China Kings Resources Group Co.,Ltd."
510150.SS,-0.0016455080437894874,0.06960795092941247,-1.96,0.241,-0.02363965641594812,1.1849895685503615,1.185,Yes,CMF SSE Consumption 80 ETF
600560.SS,-0.0022799856134442173,0.09592545022527217,-2.7,0.332,-0.023768307660687327,1.5128824307916182,1.513,Yes,"Beijing AriTime Intelligent Control Co., Ltd."
301638.SZ,-0.0031311889256426728,0.13076053958973557,-3.69,0.453,-0.023945977398585654,-0.5150413637648912,0.515,No,"CSG Digital Power Grid Research Institute Co.,Ltd."
688162.SS,-0.0028433333455080605,0.11833911505854812,-3.36,0.41,-0.024026995166402294,1.8228199243068075,1.823,Yes,"Jee Technology Co., Ltd."
002642.SZ,-0.0030489336668406237,0.12575942130307782,-3.6,0.436,-0.024244176978937836,0.8852445026437097,0.885,Yes,Ronglian Group Ltd.
001306.SZ,-0.003732264539974293,0.15331684897605707,-4.39,0.531,-0.024343472781371518,1.5109027697590651,1.511,Yes,"Zhejiang XiaSha Precision Manufacturing Co., Ltd."
002186.SZ,-0.002253970984644702,0.0924286729868155,-2.67,0.32,-0.02438605804679485,1.155127236206816,1.155,Yes,"China Quanjude(Group) Co.,Ltd."
301180.SZ,-0.0026258514903444146,0.1065037215315616,-3.11,0.369,-0.02465502099441908,0.8335520256339126,0.834,Yes,"Suzhou Wanxiang Technology Co., Ltd."
002102.SZ,-0.0025270602148723693,0.10207514846471863,-2.99,0.354,-0.02475686053736993,0.8211672650701692,0.821,Yes,"HuBei NengTer Technology CO.,Ltd"
603737.SS,-0.0035504674646379755,0.1427105712131152,-4.18,0.494,-0.024878797936670898,1.8048241039975164,1.805,Yes,"SKSHU Paint Co.,Ltd."
600648.SS,-0.00170692794949936,0.0680991526737477,-2.03,0.236,-0.025065333157329908,0.5617481720904869,0.562,Yes,"Shanghai Waigaoqiao Free Trade Zone Group Co., Ltd."
600363.SS,-0.004529818975459649,0.18061742433429023,-5.3,0.626,-0.02507963443812471,1.2972642292207224,1.297,Yes,"Jiangxi Lian Chuang Optoelectronic Science And Technology Co.,lTd."
600588.SS,-0.003652943036667609,0.14391179296052725,-4.3,0.499,-0.025383208432887456,1.6518534570634236,1.652,Yes,"Yonyou Network Technology Co.,Ltd."
688083.SS,-0.003716905955118428,0.14590401246097848,-4.37,0.505,-0.025475008482803044,2.7918525580239084,2.792,Yes,"Zwsoft Co.,Ltd."
000881.SZ,-0.001965021573812277,0.07606323254310624,-2.33,0.263,-0.02583405290721333,0.7386167012139007,0.739,Yes,"CGN Nuclear Technology Development Co., Ltd."
300275.SZ,-0.0027387871528472764,0.10586727880269357,-3.24,0.367,-0.025870006141856115,1.0643656109778632,1.064,Yes,"Chongqing Mas Sci.&Tech.Co.,Ltd."
002912.SZ,-0.004103393858431129,0.15804686866953474,-4.81,0.547,-0.025963145571780016,1.6754539437344624,1.675,Yes,"Shenzhen Sinovatio Technology Co., Ltd."
002960.SZ,-0.0023733582829188506,0.09126714165873014,-2.81,0.316,-0.02600452079230672,1.3556017265713705,1.356,Yes,"Jade Bird Fire Co., Ltd."
000665.SZ,-0.002548396981746746,0.09759418790322803,-3.02,0.338,-0.02611217979777313,1.0781449625629789,1.078,Yes,"Hubei Radio & Television Information Network Co., Ltd."
002019.SZ,-0.0028750462938563924,0.10998133372566637,-3.4,0.381,-0.026141220482266636,1.0956049652469533,1.096,Yes,"Yifan Pharmaceutical Co., Ltd."
300443.SZ,-0.0033062931053860784,0.12614725778893107,-3.9,0.437,-0.026209789759505914,1.440376432912427,1.44,Yes,"Jinlei Technology Co., Ltd."
300800.SZ,-0.002165908433853253,0.08139266006810786,-2.57,0.282,-0.026610611227607762,1.0327399770228167,1.033,Yes,"Lihe Technology (Hunan) Co., Ltd."
688573.SS,-0.005281390799496143,0.1983572921751537,-6.16,0.687,-0.026625644772527764,1.7983912900774124,1.798,Yes,"Shenzhen Xinyuren Technology Co., Ltd."
159055.SZ,-0.005330530542083249,0.19852531807192494,-6.21,0.688,-0.026850633429797696,3.4843585674029427,3.484,Yes,Fullgoal CSI Rare Metals Industry ETF
688538.SS,-0.0019466693374864503,0.07233551221481972,-2.31,0.251,-0.02691166866566581,1.0809807363920203,1.081,Yes,"Everdisplay Optronics (Shanghai) Co., Ltd."
688246.SS,-0.004391038517896455,0.16311423398527755,-5.14,0.565,-0.026920020470394896,1.6151226097961344,1.615,Yes,"Goodwill E-Health Info Co., Ltd."
300188.SZ,-0.003709735772332461,0.1373207607832222,-4.36,0.476,-0.027015112290185588,1.757402532754358,1.757,Yes,"SDIC Intelligence Information Technology Co., Ltd."
002883.SZ,-0.002283107659386306,0.08340358801723359,-2.71,0.289,-0.027374213911691064,0.20129891563936242,0.201,Yes,"Jiangsu Zhongshe Group Co., Ltd."
200056.SZ,-0.0040553081590227495,0.14764597732038742,-4.76,0.511,-0.02746643174857958,0.43813169791222506,0.438,Yes,"Shenzhen Wongtee International Enterprise Co., Ltd."
603858.SS,-0.0018856836720057414,0.06819741410671047,-2.24,0.236,-0.02765036910424723,0.9515937464130073,0.952,Yes,"Shandong Buchang Pharmaceuticals Co., Ltd."
601968.SS,-0.002269243363056127,0.08205296109322913,-2.69,0.284,-0.0276558375568896,0.7007202470430607,0.701,Yes,"Shanghai Baosteel Packaging Co., Ltd."
002623.SZ,-0.0034341795244199214,0.12411425710651006,-4.04,0.43,-0.027669500704281227,1.4859946404796125,1.486,Yes,"Changzhou Almaden Co., Ltd."
600231.SS,-0.0028476677790996324,0.10287678213622933,-3.36,0.356,-0.027680373743890565,1.3321060664946196,1.332,Yes,"Lingyuan Iron & Steel Co., Ltd."
603806.SS,-0.0026693865061139565,0.09586449558766315,-3.16,0.332,-0.027845413359244557,1.3252601976447642,1.325,Yes,"Hangzhou First Applied Material Co., Ltd."
600880.SS,-0.0027722035036681497,0.09717885168748458,-3.28,0.337,-0.028526818906887484,1.326467381134675,1.326,Yes,"Chengdu B-ray Media Co.,Ltd."
601368.SS,-0.0016391251029792087,0.057427402934015256,-1.95,0.199,-0.02854256015830251,0.5344695725019653,0.534,Yes,Guangxi Nanning Waterworks Group Company Limited
589230.SS,-0.004748762161964584,0.16567216554349273,-5.55,0.574,-0.028663608919374726,3.1421138481947324,3.142,Yes,China Southern SSE STAR AI ETF
688305.SS,-0.0028711035772297547,0.10006996979940029,-3.39,0.347,-0.028690960764604537,1.6105591715570828,1.611,Yes,"KEDE Numerical Control Co., Ltd."
300829.SZ,-0.002999552984154517,0.10420599651788753,-3.54,0.361,-0.028784840454355497,0.9280092145217016,0.928,Yes,"Henan Jindan Lactic Acid Technology Co.,Ltd."
000802.SZ,-0.0036545966883644388,0.12675292753705297,-4.3,0.439,-0.028832444026163508,0.9657084228800463,0.966,Yes,"Beijing Jingxi Culture & Tourism Co.,Ltd"
600511.SS,-0.0018632556005940787,0.06386483916702386,-2.21,0.221,-0.029174983056344358,0.6050909623909044,0.605,Yes,China National Medicines Corporation Ltd.
688016.SS,-0.003016276939209658,0.10270441430568489,-3.56,0.356,-0.02936852285854184,1.4040277434948092,1.404,Yes,"Shanghai MicroPort Endovascular MedTech Co., Ltd."
603215.SS,-0.00279074257545199,0.0941756447859917,-3.3,0.326,-0.02963337900997417,0.9186310959214431,0.919,Yes,"Zhejiang Biyi Electric Appliance Co., Ltd."
002605.SZ,-0.003499031318328854,0.11786352167165477,-4.12,0.408,-0.02968714381432184,1.4377443777411576,1.438,Yes,"Shanghai Yaoji Technology Co., Ltd."
300565.SZ,-0.0035518781620701777,0.1192288902035761,-4.18,0.413,-0.02979041535994809,1.0045839572080866,1.005,Yes,"Shenzhen Kexin Communication Technologies Co.,Ltd"
601096.SS,-0.0032177603068939517,0.10723025397514674,-3.79,0.371,-0.030007951931548604,1.3628216307530503,1.363,Yes,"Hsino Tower Group Co., Ltd."
000926.SZ,-0.003680084943430979,0.12183805058421276,-4.33,0.422,-0.03020472607518745,1.5207324444297157,1.521,Yes,"Hubei Fuxing Science and Technology Co.,Ltd"
002877.SZ,-0.003119203324421299,0.10281654900311946,-3.68,0.356,-0.030337560973055632,1.279657264123926,1.28,Yes,"Wuxi Smart Auto-Control Engineering Co., Ltd."
601007.SS,-0.002230435576523863,0.07298490507475448,-2.64,0.253,-0.030560231245616458,0.6777410753677485,0.678,Yes,"Jinling Hotel Corporation, Ltd."
300888.SZ,-0.0030962681283651346,0.10100392971285464,-3.65,0.35,-0.030654927359435962,0.9692641807257065,0.969,Yes,"Winner Medical Co., Ltd."
600215.SS,-0.0028446142009461812,0.09226150406431834,-3.36,0.32,-0.03083208137343082,1.0448928312700336,1.045,Yes,"Paslin Digital Technology Co., Ltd."
300258.SZ,-0.004259918197175175,0.1372263344782648,-4.99,0.475,-0.031043007986560345,1.8006647883518527,1.801,Yes,"Jiangsu Pacific Precision Forging Co., Ltd."
300371.SZ,-0.0030122474424886686,0.0960026072938934,-3.56,0.333,-0.03137672535566931,0.839975654953896,0.84,Yes,"Huizhong Instrumentation Co., Ltd."
600738.SS,-0.0029774168686038517,0.09484312301782805,-3.51,0.329,-0.03139307072421239,0.9811717445470167,0.981,Yes,"Lanzhou Lishang Guochao Industrial Group Co.,Ltd"
301009.SZ,-0.0032978860847640724,0.10504638089876832,-3.89,0.364,-0.03139457120319259,1.0431120006680081,1.043,Yes,"Hangzhou Coco Healthcare Products Co.,Ltd."
601200.SS,-0.0015989491923860167,0.050763174388199626,-1.9,0.176,-0.03149821128518132,0.5384063984191665,0.538,Yes,"Shanghai Environment Group Co., Ltd."
002027.SZ,-0.0026449180715410595,0.08373506206247916,-3.13,0.29,-0.03158674522230062,0.8538795252211282,0.854,Yes,"Focus Media Information Technology Co., Ltd."
603075.SS,-0.0031757985813689648,0.10024828542485863,-3.75,0.347,-0.03167933065298551,1.3673079189603419,1.367,Yes,"Hangzhou Heatwell Electric Heating Technology Co., Ltd."
512800.SS,-0.002956022901891318,0.09324697365573523,-3.49,0.323,-0.031701006327613995,-0.04943646914840778,0.049,No,Hwabao WP CSI Bank ETF
300068.SZ,-0.008237961025088619,0.25985369162391186,-9.45,0.9,-0.031702305145664356,3.4665932579367738,3.467,Yes,"ZHEJIANG NARADA POWER SOURCE Co. , Ltd."
159898.SZ,-0.002120404713458426,0.06679787675998297,-2.52,0.231,-0.0317435945019245,1.1337638066170337,1.134,Yes,CMF CSI All Sh Health Care Des ETF
002566.SZ,-0.0026971862777206506,0.08481467701185537,-3.19,0.294,-0.03180093791247521,0.8747832170174119,0.875,Yes,"Jilin Jian Yisheng Pharmaceutical Co., Ltd."
688789.SS,-0.0035700327461916158,0.11201528938603403,-4.2,0.388,-0.03187094159877004,1.5556743788013738,1.556,Yes,Hangzhou Honghua Digital Technology Stock Company LTD.
000553.SZ,-0.0035256264570100886,0.11048596096511283,-4.15,0.383,-0.03191017597360939,1.222838801698167,1.223,Yes,ADAMA Ltd.
300678.SZ,-0.00417140045279163,0.1303485180121152,-4.89,0.452,-0.0320019016434381,1.9463572433140326,1.946,Yes,"Chengdu Information Technology of Chinese Academy of Sciences Co.,Ltd"
001308.SZ,-0.002888701766679026,0.09015641512062256,-3.41,0.312,-0.03204100077420069,0.9590584611627546,0.959,Yes,"Shenzhen KTC Technology Co., Ltd."
002391.SZ,-0.002144590278593378,0.06689772614957055,-2.54,0.232,-0.03205774548746968,0.8163215856832273,0.816,Yes,"Jiangsu Changqing Agrochemical Co., Ltd."
603207.SS,-0.0023347727026761687,0.07264026082238734,-2.77,0.252,-0.0321415792873448,0.18368455350700538,0.184,Yes,"Shanghai Xiao Fang Pharmaceutical Co.,Ltd."
159137.SZ,-0.0024959669722475677,0.0775510596692837,-2.95,0.269,-0.03218482097977271,0.4178158181103077,0.418,Yes,Hwabao WP CSI HKC Medical Trtmnt Thm ETF
159760.SZ,-0.0021557586453878445,0.06683869384362932,-2.56,0.232,-0.032253153396912454,1.0370845976451053,1.037,Yes,Tai Kang CNI Public Health ETF
002434.SZ,-0.0034550609351101853,0.10653153588542863,-4.07,0.369,-0.032432283139388854,1.5746978045948978,1.575,Yes,"Zhejiang Wanliyang Co., Ltd."
603617.SS,-0.0028590455705638485,0.08810727842129994,-3.38,0.305,-0.032449595785864996,1.2395451969488238,1.24,Yes,"Junhe Pumps Holding Co.,Ltd"
508097.SS,-0.003123540522385984,0.09545228646987342,-3.68,0.331,-0.03272357989425254,0.7698992866509131,0.77,Yes,Huatai Tianjin Huatai Securities Assets Management - Huatai Zijin Nanjing Jianye Industrial Real Est
300755.SZ,-0.005171464805429872,0.1576634318677192,-6.03,0.546,-0.032800661156283654,2.290635589053962,2.291,Yes,"VATS Liquor Chain Store Management Joint Stock Co., Ltd."
000663.SZ,-0.0038893390286629374,0.11717168637431499,-4.57,0.406,-0.033193505607132,1.3811913099953117,1.381,Yes,"Fujian Yongan Forestry(Group)Joint-Stock Co.,Ltd."
300858.SZ,-0.002901453117378917,0.08728313939607713,-3.43,0.302,-0.03324185103164748,0.9624238111749412,0.962,Yes,"Beijing Scitop Bio-tech Co., Ltd."
562000.SS,-0.003457844849768846,0.10399750608048923,-4.07,0.36,-0.03324930548904351,1.310682724304296,1.311,Yes,Hwabao WP CSI A100 ETF
600755.SS,-0.0024110148936926754,0.07246964213245773,-2.86,0.251,-0.0332693086752919,0.8999255433467058,0.9,Yes,"Xiamen ITG Group Corp.,Ltd"
159305.SZ,-0.004862824549119496,0.14593859058920872,-5.68,0.506,-0.03332103269934603,2.3426959616699112,2.343,Yes,GF CNI New Energy Battery ETF
688638.SS,-0.0034688985953109696,0.10404510346535767,-4.08,0.36,-0.03334033491029163,1.1033838895575103,1.103,Yes,"Shenzhen UTIMES Intelligent Equipment Co., Ltd."
300358.SZ,-0.0035756793813537927,0.10631320138160211,-4.21,0.368,-0.03363344659821877,1.3618157547662904,1.362,Yes,Truking Technology Limited
300474.SZ,-0.004457391185877485,0.13239592877044568,-5.22,0.459,-0.033667131816461825,2.2248484668546937,2.225,Yes,"Changsha Jingjia Microelectronics Co., Ltd."
603396.SS,-0.004816512789474322,0.14010123375092592,-5.63,0.485,-0.03437880353029004,1.629603506023997,1.63,Yes,"Yingkou Jinchen Machinery Co., Ltd."
300183.SZ,-0.003771402624105848,0.10932889888822928,-4.43,0.379,-0.03449593531497545,1.640009603856187,1.64,Yes,"Qingdao Eastsoft Communication Technology Co.,Ltd"
600782.SS,-0.0034063973345892762,0.09854082145448266,-4.01,0.341,-0.03456838784485613,0.4760369998676691,0.476,Yes,"Xinyu Iron & Steel Co., Ltd"
300176.SZ,-0.0038463911653330955,0.11033641744303974,-4.52,0.382,-0.034860576901717545,1.187769630686461,1.188,Yes,"GuangDong HongTeo Technology Co.,Ltd."
603392.SS,-0.005052284245975083,0.14476685190441083,-5.9,0.501,-0.034899455085968804,0.7832808867784848,0.783,Yes,"Beijing Wantai Biological Pharmacy Enterprise Co., Ltd."
000919.SZ,-0.002333479230459979,0.06680450754042859,-2.76,0.231,-0.03492996679973742,0.8016565139092693,0.802,Yes,Jinling Pharmaceutical Company Limited
301533.SZ,-0.0037057549001316232,0.10563739124388898,-4.36,0.366,-0.03507995470634076,0.9114902117868187,0.911,Yes,"Weima Agricultural Machinery Co.,Ltd."
600053.SS,-0.00508052966797811,0.14480019585644965,-5.93,0.502,-0.035086483398232324,1.6773833660988142,1.677,Yes,"Kunwu Jiuding Investment Holdings CO.,Ltd"
603198.SS,-0.005024357484597234,0.14281603349012992,-5.87,0.495,-0.03518062616509,2.0031249994137235,2.003,Yes,"Anhui Yingjia Distillery Co., Ltd."
002431.SZ,-0.00571025300136574,0.15947929153915144,-6.64,0.552,-0.035805608027572024,0.5599228338690316,0.56,Yes,"Palm Eco-Town Development Co., Ltd"
159271.SZ,-0.0021348818324113694,0.05938705652377079,-2.53,0.206,-0.035948604921290254,-0.0773548619640142,0.077,No,Penghua Hang Seng ETF
688613.SS,-0.004166615844579207,0.11585479971285775,-4.89,0.401,-0.03596411935376027,0.9868503802993877,0.987,Yes,"Allgens Medical Technology CO., LTD."
603307.SS,-0.0029004007942287947,0.08047596494820296,-3.43,0.279,-0.03604058424270638,1.1982447865362653,1.198,Yes,"Yangzhou Jinquan Travelling Goods Co., Ltd."
516670.SS,-0.0022387784618746282,0.06186890792877252,-2.65,0.214,-0.03618584094699157,0.8846782439425278,0.885,Yes,CMF CSI Livestock breeding ETF
300705.SZ,-0.004062264866420715,0.11217714028784845,-4.77,0.389,-0.03621294727247347,0.8020271451023061,0.802,Yes,"Hunan Jiudian Pharmaceutical Co., Ltd."
600528.SS,-0.002853794321591759,0.07862989915347204,-3.37,0.272,-0.036294009687353704,0.5227365145707565,0.523,Yes,China Railway Hi-tech Industry Corporation Limited
688472.SS,-0.0045370500504249445,0.12474710367603581,-5.31,0.432,-0.0363699830835954,1.277902335188537,1.278,Yes,"CSI Solar Co., Ltd."
563320.SS,-0.004066217585381793,0.1116338777970846,-4.77,0.387,-0.03642458423573623,1.8301166086697451,1.83,Yes,"Huatai-Pinebridge Fund Management Co., Ltd - General Aviation Theme Fund"
000557.SZ,-0.002761630382851616,0.07563929281068486,-3.26,0.262,-0.03651052621239613,0.6622230431192284,0.662,Yes,"Ningxia Western Venture Industrial Co.,Ltd."
301048.SZ,-0.0033542329655400394,0.09134102066692701,-3.95,0.316,-0.03672208763432998,0.9326500856427486,0.933,Yes,"Gemac Engineering Machinery Co., Ltd."
688696.SS,-0.004972033083818406,0.13403211805307705,-5.81,0.464,-0.03709583311851767,1.8068640816510693,1.807,Yes,"XGIMI Technology Co.,Ltd."
002367.SZ,-0.003657715472650485,0.09799895447041432,-4.3,0.339,-0.037324025469626224,1.5400318072742774,1.54,Yes,"Canny Elevator Co., Ltd."
300612.SZ,-0.004731727004879514,0.12530349689537823,-5.53,0.434,-0.03776213052402085,1.2114800230327043,1.211,Yes,"Shunya International Martech (Beijing) Co., Ltd."
600740.SS,-0.00336378082829816,0.08868171720870559,-3.96,0.307,-0.0379309392530341,1.0935696466780414,1.094,Yes,"Shanxi Coking Co., Ltd."
301229.SZ,-0.004018634832213259,0.10570872360305857,-4.72,0.366,-0.03801611347899186,1.1693513172441872,1.169,Yes,"Jiangsu New Technology Group Co.,Ltd."
002352.SZ,-0.0026165399847409903,0.06880361450074951,-3.1,0.238,-0.03802910651899672,0.6451648645563423,0.645,Yes,"S.F. Holding Co., Ltd."
002873.SZ,-0.004338111128652772,0.1140131966674024,-5.08,0.395,-0.03804920180694385,1.3250435077207545,1.325,Yes,"Guiyang Xintian Pharmaceutical Co.,Ltd."
002612.SZ,-0.003810171349368854,0.09920427509592868,-4.48,0.344,-0.03840733018495916,0.7914330241690637,0.791,Yes,"Lancy Co., Ltd."
600315.SS,-0.004186855182047519,0.10880311132140535,-4.91,0.377,-0.03848102440452748,1.3332497788784283,1.333,Yes,"Shanghai Jahwa United Co., Ltd."
002609.SZ,-0.0036238529159900923,0.09334740636725578,-4.26,0.323,-0.038821141979379734,1.2598843587790665,1.26,Yes,"Shenzhen Jieshun Science and Technology Industry Co., Ltd."
600682.SS,-0.004226951660161355,0.10871128968634274,-4.96,0.377,-0.03888236145810697,1.3708405816344085,1.371,Yes,"Nanjing Xinjiekou Department Store Co., Ltd."
688201.SS,-0.006590334953496116,0.16944440487508136,-7.63,0.587,-0.03889378913605719,1.8445632644126873,1.845,Yes,"Beijing Infosec Technologies Co.,Ltd"
688357.SS,-0.004577064679232455,0.11741219312392695,-5.36,0.407,-0.03898287356238569,1.8924528840114199,1.892,Yes,"Luoyang Jianlong Micro-nano New Material Co., Ltd"
561660.SS,-0.004606055985602098,0.11796300384363016,-5.39,0.409,-0.039046614917570346,1.8765188388978422,1.877,Yes,Ping An CSI General Aviation Theme ETF
600970.SS,-0.0034537810560314485,0.08745716395945818,-4.07,0.303,-0.03949111656116005,0.5955234044734737,0.596,Yes,"Sinoma International Engineering Co.,Ltd"
300439.SZ,-0.0029567245454754833,0.07449132856792878,-3.49,0.258,-0.03969219776741182,0.9321720606806538,0.932,Yes,"Medicalsystem Biotechnology Co., Ltd"
603350.SS,-0.003209747145940449,0.08086258045601845,-3.78,0.28,-0.039693850082934794,1.1139951470230154,1.114,Yes,"Ananda Drive Techniques(Shanghai)Co., Ltd."
002719.SZ,-0.004919717401755856,0.12390583172982614,-5.75,0.429,-0.039705293391542607,0.6890566233636675,0.689,Yes,"Maiquer Group CO.,LTD"
300261.SZ,-0.005310949390168524,0.13359223051666377,-6.19,0.463,-0.03975492713632068,1.0727137082746467,1.073,Yes,ABA Chemicals Corporation
300793.SZ,-0.004708603179240136,0.1180838639957344,-5.51,0.409,-0.03987507708428501,1.2491534527826063,1.249,Yes,"Cosonic Intelligent Technologies Co., Ltd."
002858.SZ,-0.004040108728112703,0.10037427221346125,-4.74,0.348,-0.04025044106442728,1.0030635626967574,1.003,Yes,"Lisheng Sports (Shanghai) Co.,Ltd"
688579.SS,-0.004672730844983809,0.11605778583461523,-5.47,0.402,-0.040262105737934276,1.8128829011277638,1.813,Yes,"Dareway Intelligent Technology Co., Ltd."
605567.SS,-0.0034346681741727644,0.0851288379639387,-4.04,0.295,-0.04034670572653322,0.8702346583796761,0.87,Yes,"Springsnow Food Group Co., Ltd."
688060.SS,-0.004359146921299881,0.10776696495870523,-5.11,0.373,-0.04044975121058893,1.531565915691916,1.532,Yes,"Jiangsu Yunyong Electronics and Technology Co.,Ltd"
002362.SZ,-0.0043581606065888805,0.10764445862431003,-5.11,0.373,-0.04048662292779323,1.3774520991176225,1.377,Yes,"Hanwang Technology Co.,Ltd"
601686.SS,-0.002213567183927091,0.054310846420658365,-2.62,0.188,-0.04075736855180203,0.5532638306521528,0.553,Yes,"Tianjin You Fa Steel Pipe Group Stock Co., Ltd."
603341.SS,-0.003997244400009172,0.09766538425131692,-4.69,0.338,-0.0409279544707804,1.1703059022469697,1.17,Yes,"Shanghai Longcheer Technology Co., Ltd."
002275.SZ,-0.002883754498048836,0.06959721609180222,-3.41,0.241,-0.041434911624123286,0.8101181919406455,0.81,Yes,"Guilin Sanjin Pharmaceutical Co., Ltd."
300479.SZ,-0.00425169587502122,0.1020546775225196,-4.98,0.354,-0.04166096036198862,1.4492642975671854,1.449,Yes,"Synthesis Electronic Technology Co.,Ltd."
000635.SZ,-0.003793741804362628,0.0900335356220511,-4.46,0.312,-0.042136985714836914,0.8254353017645912,0.825,Yes,"Ningxia Yinglite Chemicals Co., Ltd"
603421.SS,-0.006098371739846223,0.1445325556238264,-7.08,0.501,-0.04219375844787801,1.733151700270573,1.733,Yes,Qingdao Topscomm Communication Inc.
000009.SZ,-0.004790218342551092,0.11332311897773692,-5.6,0.393,-0.04227044212833714,0.9198623691647534,0.92,Yes,"China Baoan Group Co., Ltd."
200992.SZ,-0.003546699806915233,0.08305800438340978,-4.17,0.288,-0.04270148113050089,0.6725593365276562,0.673,Yes,Shandong Zhonglu Oceanic Fisheries Company Limited
301260.SZ,-0.004972351934618471,0.11618178514786427,-5.81,0.402,-0.04279803351523796,1.3764720958354795,1.376,Yes,"Greenworks (Jiangsu) Co., Ltd."
516760.SS,-0.0026427233428092983,0.06166768074146452,-3.13,0.214,-0.04285426841149819,0.8800196930846775,0.88,Yes,Ping An CSI Livestock Breeding ETF
000718.SZ,-0.003983596343497165,0.09294702963261371,-4.68,0.322,-0.04285878052523995,1.230518557843779,1.231,Yes,"Suning Universal Co.,Ltd"
000980.SZ,-0.006900308847448488,0.16030991265547773,-7.97,0.555,-0.043043556902672336,2.0376368992185903,2.038,Yes,"Zotye Automobile Co., Ltd"
159596.SZ,-0.004838351655238559,0.11048583808137541,-5.65,0.383,-0.04379160025626994,0.9929175961315605,0.993,Yes,Hwabao WP CSI A50 ETF
300075.SZ,-0.006391360370656449,0.14588749314196878,-7.41,0.505,-0.043810200813011214,1.5725698900609728,1.573,Yes,"Beijing eGOVA Co,. Ltd"
301058.SZ,-0.004590806491888269,0.10444699221667662,-5.37,0.362,-0.04395345805999451,1.1521673397580716,1.152,Yes,"COFCO Technology & Industry Co., Ltd."
688326.SS,-0.007672741363618101,0.17450704294554445,-8.83,0.605,-0.04396808996421083,2.2144307819593307,2.214,Yes,"Beijing Jingwei Hirain Technologies Co., Inc."
603206.SS,-0.0040784373573957665,0.09257566632702255,-4.79,0.321,-0.04405517690781431,1.5099222141237476,1.51,Yes,"Bestlink Technologies Co.,Ltd."
002547.SZ,-0.006488832467786128,0.14711068780089537,-7.51,0.51,-0.044108504723792304,0.9563298379005222,0.956,Yes,"Suzhou Chunxing Precision Mechanical Co., Ltd."
560490.SS,-0.0030931243646423884,0.06996298615655427,-3.65,0.242,-0.044210868268558294,1.0281301312231597,1.028,Yes,Huatai-PB CSI Industrial Non-frs Mtl ETF
688785.SS,-0.01307933713831703,0.2950296774965937,-14.61,1.022,-0.044332276160482326,4.226155702531219,4.226,Yes,"Shenzhen CSL Vacuum Science and Technology Co., Ltd."
588860.SS,-0.005807982564214839,0.13036890693519304,-6.75,0.452,-0.04455036634695428,1.0700852763042354,1.07,Yes,ICBCCS Pharmaceutical ETF
300979.SZ,-0.004209837087907384,0.0937892619573748,-4.94,0.325,-0.04488613088586478,0.3326994260355101,0.333,Yes,Huali Industrial Group Company Limited
200512.SZ,-0.003081687634625381,0.06810098067886393,-3.64,0.236,-0.04525173652281669,0.5506359657025472,0.551,Yes,"Tsann Kuen (China) Enterprise Co., Ltd."
300624.SZ,-0.007070626845846849,0.1561109326613603,-8.16,0.541,-0.04529232338381212,2.116119832172638,2.116,Yes,"Wondershare Technology Group Co., Ltd."
300778.SZ,-0.004529010409224212,0.0990688358032916,-5.3,0.343,-0.045715793190674946,1.106818974372094,1.107,Yes,"Shenzhen New Land Tool Planning & Architectural Design Co., Ltd."
600862.SS,-0.0041375840601480625,0.09012923054298295,-4.85,0.312,-0.045907238253574505,0.9868807628708248,0.987,Yes,"Avic Aviation High-Technology Co., Ltd."
603668.SS,-0.004429737567036671,0.09594611029006592,-5.19,0.332,-0.04616901668701954,1.2543824962999133,1.254,Yes,"Fujian Tianma Science and Technology Group Co., Ltd"
002568.SZ,-0.005801619418883926,0.12556460719225093,-6.74,0.435,-0.046204257303183484,1.505939565102898,1.506,Yes,"Shanghai Bairun Investment Holding Group Co., Ltd."
300118.SZ,-0.007361244784197589,0.15897599054098543,-8.48,0.551,-0.04630412906469543,2.4840253474665763,2.484,Yes,"Risen Energy Co.,Ltd."
300140.SZ,-0.004496572440800831,0.09640862680800283,-5.26,0.334,-0.0466407684631348,1.179632637610031,1.18,Yes,"CECEP Environmental Protection Co., Ltd."
508015.SS,-0.002813197589666186,0.05996662160889513,-3.32,0.208,-0.046912724348788244,0.14589936417809513,0.146,Yes,China Fund Management Company Limited - China Fund Ming Yang Smart Energy REIT Fund
301255.SZ,-0.005836904163275113,0.12417011489831488,-6.78,0.43,-0.04700731869383432,1.4189450936542887,1.419,Yes,"Zhejiang TongLi Transmission Technology Co., Ltd."
600073.SS,-0.0034848435732662266,0.07397395188721423,-4.1,0.256,-0.047109063181854316,0.6358588363381595,0.636,Yes,"Shanghai Bright Meat Group Co., Ltd."
603707.SS,-0.005611712885645172,0.11892939511959345,-6.53,0.412,-0.04718524701149052,0.9730200529673579,0.973,Yes,"Nanjing King-Friend Biochemical Pharmaceutical Co.,Ltd."
300160.SZ,-0.003640250436018417,0.07611827789228878,-4.28,0.264,-0.04782360474798912,0.9641675723482871,0.964,Yes,"Jiangsu Xiuqiang Glasswork Co., Ltd."
159130.SZ,-0.003996460195875712,0.08345372402953112,-4.69,0.289,-0.047888338625386155,0.15669385324732268,0.157,Yes,Penghua Hang Seng Biotech ETF
603187.SS,-0.004303415380553482,0.08965168699521614,-5.04,0.311,-0.048001499188555306,1.3121583552449843,1.312,Yes,"Qingdao Hiron Commercial Cold Chain Co., Ltd."
300549.SZ,-0.0048480246726030915,0.10095589200770512,-5.66,0.35,-0.04802121576255383,1.2264529393588066,1.226,Yes,"Jouder Precision Industry (Kunshan) Co., Ltd."
605368.SS,-0.003383892830437764,0.07014453936818854,-3.99,0.243,-0.04824171433610416,0.07145732141328878,0.071,Yes,"Henan Lantian Gas Co.,Ltd."
688217.SS,-0.005580967304625559,0.11542254769370676,-6.5,0.4,-0.04835248758704928,1.356517731035307,1.357,Yes,"Shanghai Rightongene Biotechnology Co., Ltd."
605337.SS,-0.005460038957935626,0.11286369935086335,-6.36,0.391,-0.048377281529305635,1.1510422922750823,1.151,Yes,"Zhe Jiang Li Zi Yuan Food Co.,Ltd."
603885.SS,-0.004612919513115258,0.09456446313547516,-5.4,0.328,-0.04878068737625768,1.1148326459644538,1.115,Yes,"Juneyao Airlines Co., Ltd"
600996.SS,-0.005802975988152297,0.11831641201951142,-6.75,0.41,-0.049046247169795304,0.4958870567124338,0.496,Yes,"Guizhou BC&TV Information Network CO.,LTD"
000650.SZ,-0.0031864984401628197,0.06424516541431995,-3.76,0.223,-0.04959903861423577,0.9696608497253627,0.97,Yes,"Renhe Pharmacy Co.,Ltd"
603310.SS,-0.0027356259615702113,0.05511275989101613,-3.23,0.191,-0.04963688929713975,0.6502172567946762,0.65,Yes,"Zhejiang Weihua New Material Co., Ltd."
603030.SS,-0.00599571395211209,0.11977469916507191,-6.96,0.415,-0.05005826768012898,0.9408012086207638,0.941,Yes,"Shanghai Trendzone Holdings Group Co.,Ltd"
600340.SS,-0.008069159389679618,0.16116828241093736,-9.26,0.558,-0.05006667111525922,1.295079301542951,1.295,Yes,"China Fortune Land Development Co., Ltd."
002598.SZ,-0.004921849723473242,0.09798212059255355,-5.75,0.339,-0.05023212085743828,1.0275914472607166,1.028,Yes,"Shandong Zhangqiu Blower Co., Ltd"
159867.SZ,-0.003121663666902212,0.061871671702089306,-3.68,0.214,-0.0504538439163718,0.895421748896065,0.895,Yes,Penghua CSI Livestock Breeding ETF
601568.SS,-0.003155618945427822,0.06201803479981971,-3.72,0.215,-0.050882278930853765,0.7152867056406866,0.715,Yes,"Shaanxi Beiyuan Chemical Industry Group Co., Ltd."
688489.SS,-0.007326375271209762,0.1437386269770172,-8.45,0.498,-0.050970121430067634,2.1634337390469867,2.163,Yes,"Sansec Technology Co., Ltd."
300045.SZ,-0.00855351618147211,0.16760081407451963,-9.79,0.581,-0.05103505152229748,2.4717077743977125,2.472,Yes,Hwa Create Corporation
688420.SS,-0.004345801872943107,0.08501352970756822,-5.09,0.294,-0.051118944100920306,1.325379531472845,1.325,Yes,"Tianjin Meiteng Technology Co., Ltd"
300962.SZ,-0.004269060299828278,0.08331946348017086,-5.0,0.289,-0.0512372514357857,0.7119943281946967,0.712,Yes,Zhongjin Irradiation Incorporated Company
603816.SS,-0.005476941994208631,0.1066448412883866,-6.38,0.369,-0.05135683946866222,0.923120066803355,0.923,Yes,"Jason Furniture (Hangzhou) Co.,Ltd."
300266.SZ,-0.0071255951305931224,0.13844518434811243,-8.22,0.48,-0.05146871062467745,1.2847778680265525,1.285,Yes,"Xingyuan Environment Technology Co., Ltd."
600831.SS,-0.00649022125584748,0.12420766938853064,-7.52,0.43,-0.052252983151512125,1.3313302365331916,1.331,Yes,"Shaanxi Broadcast & TV Network Intermediary(Group)Co.,Ltd."
515060.SS,-0.0049732690331386045,0.09515744381455707,-5.81,0.33,-0.05226358373844632,1.6566139954935828,1.657,Yes,ChinaAMC CSI Fully Estate ETF
600196.SS,-0.0036281292438691435,0.06912671961153176,-4.27,0.239,-0.052485193341416665,0.9802232654498935,0.98,Yes,"Shanghai Fosun Pharmaceutical (Group) Co., Ltd."
300288.SZ,-0.005845443159527574,0.11126898479432208,-6.79,0.385,-0.05253434432184969,1.4309998434672204,1.431,Yes,"Longmaster Information & Technology Co., Ltd."
600239.SS,-0.006815413321123561,0.1295771916718195,-7.88,0.449,-0.05259732236198618,1.4290741824824154,1.429,Yes,"Yunnan Metropolitan Real Estate Development Co., Ltd."
159865.SZ,-0.0033457625856567405,0.06315447410031311,-3.94,0.219,-0.05297744353539242,0.9074167622952336,0.907,Yes,Guotai CSI Livestock Breeding ETF
002184.SZ,-0.0057653537473239536,0.10865718665287105,-6.7,0.376,-0.053060031507558045,1.529358756839234,1.529,Yes,"Shanghai Hi-Tech Control System Co., Ltd"
301587.SZ,-0.0048896157128901175,0.09206480629933146,-5.71,0.319,-0.05311058491767689,1.1064254514173424,1.106,Yes,"Changzhou Wujin Zhongrui Electronic Technology Co., Ltd."
600729.SS,-0.005793384748893165,0.10907839001715926,-6.73,0.378,-0.053112121915090606,1.204566392615965,1.205,Yes,"Chongqing Chongbai Technology Group Co., Ltd."
688556.SS,-0.00933304124974564,0.17505155504127062,-10.64,0.606,-0.0533159573906399,2.812583095691874,2.813,Yes,"Qingdao Gaoce Technology Co., Ltd."
300451.SZ,-0.007976742081025404,0.14959975461914232,-9.16,0.518,-0.05332055591490071,1.7231991694810822,1.723,Yes,"B-SOFT Co.,Ltd."
603282.SS,-0.005454141366646357,0.10175484952497049,-6.35,0.352,-0.05360080027741498,1.376262634244017,1.376,Yes,"Zhejiang Yaguang Technology Co.,Ltd."
300027.SZ,-0.006867403050909476,0.1275491357906368,-7.94,0.442,-0.05384123544499627,1.2906466273825847,1.291,Yes,Huayi Brothers Media Corporation
600361.SS,-0.004226239607125198,0.07848202047467212,-4.96,0.272,-0.05384978089967878,0.8040118344989498,0.804,Yes,"Innovation New Material Technology Co., Ltd."
002110.SZ,-0.0065770859195559755,0.1219127151585594,-7.61,0.422,-0.0539491382092658,1.1852182122476687,1.185,Yes,"Sansteel MinGuang Co.,Ltd.,Fujian"
180305.SZ,-0.002446221547763338,0.045297463517846685,-2.9,0.157,-0.05400349948512138,0.733900461704887,0.734,Yes,China Southern Asset Management Co Ltd. - China Southern SF Warehousing & Logistics Close-Ed Inf Fd
603899.SS,-0.005422870520070941,0.09891204269577543,-6.32,0.343,-0.05482517974833568,1.3134057018906637,1.313,Yes,Shanghai M&G Stationery Inc.
300026.SZ,-0.004850448605815286,0.08842997900328556,-5.67,0.306,-0.05485072664820005,0.8932945093820115,0.893,Yes,"Tianjin Chase Sun Pharmaceutical Co.,Ltd"
000498.SZ,-0.003238710185974703,0.05868254304911668,-3.82,0.203,-0.05519035163939532,0.6902970868328298,0.69,Yes,"Shandong Hi-Speed Road&Bridge Group Co., Ltd."
600258.SS,-0.004894651211257024,0.08824533711231876,-5.72,0.306,-0.055466400508245625,1.194517842696834,1.195,Yes,"BTG Hotels (Group) Co., Ltd."
603076.SS,-0.006589167657122018,0.11856068782705494,-7.63,0.411,-0.0555763278527337,1.4590836112465866,1.459,Yes,"Ningbo Lehui International Engineering Equipment Co.,Ltd"
603383.SS,-0.0068977523577326266,0.12384362745450028,-7.97,0.429,-0.05569727324295985,1.8342564236896164,1.834,Yes,"Fujian Apex Software Co.,LTD"
688737.SS,-0.007280278205084082,0.13061447150631975,-8.39,0.452,-0.05573867980418868,1.4972947152643523,1.497,Yes,SINOTECH Company Limited
600380.SS,-0.004187812845858854,0.07505615759967464,-4.91,0.26,-0.05579572655711072,0.8564349322391687,0.856,Yes,"Joincare Pharmaceutical Group Industry Co.,Ltd."
562030.SS,-0.007745983101908735,0.13843196993422968,-8.91,0.48,-0.05595516054267611,2.0177562806502842,2.018,Yes,Hwabao WP CSI IT Inno ETF
002424.SZ,-0.007053085220527717,0.1258717156473881,-8.14,0.436,-0.056033916628942616,0.5624649839447559,0.562,Yes,"Guizhou Bailing Group Pharmaceutical Co., Ltd."
300393.SZ,-0.007601851287645194,0.13461909040974057,-8.75,0.466,-0.056469340748830005,1.9378577481533392,1.938,Yes,"Jolywood (Suzhou) Sunwatt Co.,Ltd."
688651.SS,-0.006604290592101901,0.1169431500083277,-7.64,0.405,-0.05647436888463839,1.7418008766661004,1.742,Yes,"WebRAY Tech(Beijing) Co., Ltd."
002405.SZ,-0.006511753543879018,0.11495582056231013,-7.54,0.398,-0.0566457053851346,1.4926489600871495,1.493,Yes,"SeeWay.ai Co., Ltd."
603636.SS,-0.007311618847064968,0.1290660597161878,-8.43,0.447,-0.056650205818190996,1.3522776725146082,1.352,Yes,"Linewell Software Co., Ltd."
002840.SZ,-0.006929211901592611,0.12191236765765764,-8.01,0.422,-0.05683764522604092,1.117908768277134,1.118,Yes,"Zhejiang Huatong Meat Products Co., Ltd."
000963.SZ,-0.00555276604077104,0.09752597947740346,-6.46,0.338,-0.05693627554960986,0.9696317522059152,0.97,Yes,"Huadong Medicine Co., Ltd"
600303.SS,-0.006826430389167331,0.11933635971066799,-7.89,0.413,-0.057203273216294426,0.5114474542957685,0.511,Yes,"Liaoning SG Automotive Group Co., Ltd."
001257.SZ,-0.008056329813031652,0.14012858005895562,-9.25,0.485,-0.05749241025379798,-0.05955851169311677,0.06,No,"Luoyang Shenglong Mining Group Co., Ltd."
000932.SZ,-0.005879001110854928,0.10212594956236322,-6.83,0.354,-0.05756618309105577,0.8340178241378388,0.834,Yes,"Hunan Valin Steel Co., Ltd."
601908.SS,-0.006834634470439512,0.11786758451023592,-7.9,0.408,-0.057985700638889186,1.0787598033182115,1.079,Yes,"Beijing Jingyuntong Technology Co., Ltd."
002109.SZ,-0.006454123542549041,0.11095599798899551,-7.48,0.384,-0.058168315904735084,1.0032241422081458,1.003,Yes,"Shaanxi Xinghua Chemistry Co.,Ltd"
000928.SZ,-0.004521284855412625,0.07767822895366171,-5.29,0.269,-0.058205303034261496,0.5120065463146879,0.512,Yes,"Sinosteel Engineering & Technology Co., Ltd."
600185.SS,-0.006729511883437884,0.11547067111701999,-7.78,0.4,-0.05827897091390488,1.364868559398999,1.365,Yes,"Zhuhai Zhumian Group Co., Ltd."
159053.SZ,-0.011204701818128715,0.1910240316689048,-12.65,0.662,-0.05865598019389219,3.4240993093306957,3.424,Yes,ChinaAMC CSI Rare Metals Industry ETF
600476.SS,-0.0067399970430318396,0.11467510950419849,-7.79,0.397,-0.05877471643299433,1.108740808522032,1.109,Yes,"Hunan Copote Science Technology Co.,Ltd."
560870.SS,-0.004212612049966595,0.07166527851566469,-4.94,0.248,-0.05878177183174969,1.0836826589065103,1.084,Yes,BOC CSI Industrial Non-ferrous Metal ETF
180901.SZ,-0.002945385031335649,0.049870830393580014,-3.48,0.173,-0.05906027648007271,0.9152908184000993,0.915,Yes,China Southern Fund Management Co. - Runze Technology Data Center Closed REIT Fund
002936.SZ,-0.0034625788440335887,0.058579967431975945,-4.08,0.203,-0.05910858260640712,0.686318086553862,0.686,Yes,"Bank of Zhengzhou Co., Ltd."
562870.SS,-0.0035940244566750744,0.0607879096269644,-4.23,0.211,-0.05912400144585382,1.0280043084686699,1.028,Yes,Harvest CSI All Share IB&Brokerage ETF
002180.SZ,-0.006238109092302966,0.1048330123372725,-7.23,0.363,-0.0595051973917672,1.6566266947944224,1.657,Yes,"Pantum Technology Co., Ltd."
600918.SS,-0.003845537820450456,0.06448761055973239,-4.52,0.223,-0.05963219581362039,1.020653131953378,1.021,Yes,"Zhongtai Securities Co., Ltd."
300500.SZ,-0.006828691961307435,0.1141412987567337,-7.89,0.395,-0.05982665376763623,0.9943780653867547,0.994,Yes,"Tus-Design Group Co., Ltd."
560390.SS,-0.007270235708591486,0.1212062325625761,-8.38,0.42,-0.0599823586203624,2.1216137561309636,2.122,Yes,E Fund Management Co Ltd - Share Power Grid Equipment ETF
002373.SZ,-0.006069301686837079,0.10041177993605598,-7.04,0.348,-0.06044412010923538,1.2654860238084538,1.265,Yes,"China Transinfo Technology Co., Ltd"
301525.SZ,-0.008462849305835731,0.1398872575807449,-9.7,0.485,-0.060497642545825556,2.3538823153703032,2.354,Yes,"Shanghai Ruking Technologies Co., Ltd."
159001.SZ,-5.710661587471872e-07,9.3702548529144e-06,-0.0,0.0,-0.06094457063455114,-4.377294063702746e-05,0.0,No,E Fund Management Company - Guarantee Income Fund
603385.SS,-0.005495641184817934,0.09016769587630281,-6.4,0.312,-0.060949114107974635,0.9389637038916527,0.939,Yes,"Huida Sanitary Ware Co.,Ltd"
688236.SS,-0.007478597099465601,0.12228267151341028,-8.61,0.424,-0.06115827375136673,1.1938145979343724,1.194,Yes,"Beijing Chunlizhengda Medical Instruments Co., Ltd."
600533.SS,-0.005807898204178095,0.09489854538552178,-6.75,0.329,-0.06120112990756314,1.25695778507976,1.257,Yes,"Nanjing Chixia Development Co.,Ltd."
000031.SZ,-0.007668259708619995,0.12522526681985519,-8.82,0.434,-0.061235722656924285,1.7430966084629884,1.743,Yes,"Grandjoy Holdings Group Co., Ltd."
002511.SZ,-0.0057029708100009985,0.09248327737552735,-6.63,0.32,-0.06166488658099936,1.1663165926882297,1.166,Yes,"C&S Paper Co.,Ltd"
562060.SS,-0.006344789451269814,0.10250902644773217,-7.35,0.355,-0.061894934242741326,0.07686911821427816,0.077,Yes,Hwabao WP S&P China A-Shr Div Oppotn ETF
516250.SS,-0.00548811750184228,0.08821702927443045,-6.39,0.306,-0.062211542907090404,0.8685322583074416,0.869,Yes,Fullgoal CSI Construct Machinery Thm ETF
000537.SZ,-0.005292515821873132,0.08470086078203662,-6.17,0.293,-0.06248479381446346,0.4704229415682786,0.47,Yes,"Green Development Electricity Group of Tianjin Co., Ltd."
601992.SS,-0.006054755014383302,0.09586236584307727,-7.03,0.332,-0.06316091785481996,1.4172848454820017,1.417,Yes,BBMG Corporation
300569.SZ,-0.006380008112680355,0.10062999459782473,-7.39,0.349,-0.06340066039135282,1.191191550132493,1.191,Yes,"Qingdao Tianneng Heavy Industries Co.,Ltd"
159873.SZ,-0.004295138514862651,0.0674106440419851,-5.03,0.234,-0.06371602846855354,1.1461619312113616,1.146,Yes,TianHong CSI Full Health Eqt&Service ETF
300904.SZ,-0.009225429823202428,0.14440235591406927,-10.53,0.5,-0.0638869758377923,1.6368220500026702,1.637,Yes,"Yinchuan Weili Transmission Technology Co., Ltd."
159105.SZ,-0.004904743636610776,0.0764700089384989,-5.73,0.265,-0.06413944113116846,0.12565934805968104,0.126,Yes,E Fund Hang Seng Biotech ETF
002154.SZ,-0.006124131712426801,0.0951535541247676,-7.11,0.33,-0.06436051463087437,1.1268978286996298,1.127,Yes,"Bxn Holding Co., Ltd."
002996.SZ,-0.005203724908922268,0.08068182275818547,-6.07,0.279,-0.06449686845224789,1.1369475936247635,1.137,Yes,"Chongqing Shunbo Aluminum Co.,Ltd."
002351.SZ,-0.006435650266807028,0.09956589870467744,-7.46,0.345,-0.06463709312659166,0.9633622561496136,0.963,Yes,"Edifier Technology Co., Ltd."
002217.SZ,-0.010795056724062306,0.1669398087292075,-12.21,0.578,-0.06466436499620609,1.712660767128749,1.713,Yes,"Holitech Technology Co., Ltd."
301320.SZ,-0.005729055398236676,0.08845712999946274,-6.66,0.306,-0.06476646255956385,1.105158705409969,1.105,Yes,Qingdao Richmat Intelligence Technology Inc.
560710.SS,-0.007441303985541373,0.11333080982732437,-8.57,0.393,-0.06566002657952644,1.4309796755439819,1.431,Yes,Fullgoal CSI Shipbuilding Indstry Cm ETF
301258.SZ,-0.006427787261639566,0.09766740425507606,-7.45,0.338,-0.06581302442370884,1.3130045755803437,1.313,Yes,"Suzhou Fushilai Pharmaceutical Co., Ltd."
520510.SS,-0.005478149436741151,0.08305402802959688,-6.38,0.288,-0.06595886517134333,0.5140537059314613,0.514,Yes,ChinaAMC CSI HKC Medical Treatment ETF
002677.SZ,-0.005928865527435374,0.08984408751128788,-6.89,0.311,-0.06599060318454991,0.8809413707875692,0.881,Yes,"Zhejiang Meida Industrial Co., Ltd."
001376.SZ,-0.009754881898137557,0.14755948986362244,-11.1,0.511,-0.06610812972553119,0.6071447050083446,0.607,Yes,"Jiangxi Bestoo Energy Co.,Ltd."
002707.SZ,-0.005847067728520499,0.08804746638451365,-6.8,0.305,-0.06640813152970997,0.9929029374514297,0.993,Yes,"UTour Group Co., Ltd."
603987.SS,-0.004972637753579159,0.0735129777110942,-5.81,0.255,-0.06764299186902226,1.0526635482321685,1.053,Yes,"Shanghai Kindly Enterprise Development Group Co.,LTD."
688459.SS,-0.003458654386911236,0.05102052831022244,-4.07,0.177,-0.06778946634737731,0.7692542927791393,0.769,Yes,China Railway Harbin Group of Technology Corporation
688177.SS,-0.00826959532976932,0.12134711948879831,-9.48,0.42,-0.06814826231233859,1.3948829515328773,1.395,Yes,"Bio-Thera Solutions, Ltd."
300070.SZ,-0.006600952991524338,0.09649496163262929,-7.64,0.334,-0.06840722955728146,1.3036538112373801,1.304,Yes,"Beijing Originwater Technology Co., Ltd."
688232.SS,-0.009572479883659323,0.13989098192582078,-10.9,0.485,-0.0684281413417719,1.8780904099358087,1.878,Yes,"Guo Tai Epoint Software Co.,Ltd"
688157.SS,-0.008371371539430988,0.12230127277594419,-9.6,0.424,-0.06844876876111775,1.2102743754348417,1.21,Yes,"Sokan New Materials Group Co., Ltd."
600519.SS,-0.004335231185402583,0.06313846514536176,-5.08,0.219,-0.06866228337071091,0.6698207076189211,0.67,Yes,"Kweichow Moutai Co., Ltd."
002268.SZ,-0.00815081784094916,0.11838909685804012,-9.35,0.41,-0.0688477069026278,1.660962382675333,1.661,Yes,"CETC Cyberspace Security Technology Co., Ltd."
301508.SZ,-0.006020269973169695,0.08741119547639518,-6.99,0.303,-0.06887298520926223,0.9581531306372988,0.958,Yes,"China Machinery Huanyu Certification and Inspection Co., Ltd."
300712.SZ,-0.006818579809200189,0.09897050086527812,-7.88,0.343,-0.06889507226483438,1.3914755031049066,1.391,Yes,"Fujian Yongfu Power Engineering Co.,Ltd."
000010.SZ,-0.0103237075096523,0.14801094185739658,-11.71,0.513,-0.06974962377848277,1.2266885331617314,1.227,Yes,"Shenzhen Ecobeauty Co., Ltd."
512810.SS,-0.007879782767459228,0.11292316089773301,-9.06,0.391,-0.06978004073580107,1.3233397384934145,1.323,Yes,Hwabao WP CS National Defense Ind ETF
300422.SZ,-0.0065270691486377895,0.0926300474283318,-7.56,0.321,-0.07046384331917574,0.7145890090092423,0.715,Yes,"Guangxi Bossco Environmental Protection Technology Co., Ltd."
159883.SZ,-0.004571033611956524,0.06479961663861972,-5.35,0.224,-0.0705410594857169,1.072255837992035,1.072,Yes,Maxwealth Health Care Devices ETF
300494.SZ,-0.008617739410626058,0.1213924471043024,-9.86,0.421,-0.07099073802525419,1.585142042681588,1.585,Yes,Hubei Century Network Technology Inc.
516790.SS,-0.004872150917083031,0.06823004101316657,-5.69,0.236,-0.07140770904919778,1.1518019406838942,1.152,Yes,Huatai-PB CSI Full Health Eqt&Serv ETF
600512.SS,-0.004277972519588847,0.059860059652943144,-5.01,0.207,-0.07146622546639096,0.5047193507699561,0.505,Yes,"Tengda Construction Group Co., Ltd."
000936.SZ,-0.008278033054502431,0.11550143045783183,-9.49,0.4,-0.07167039422533074,1.7549557478354694,1.755,Yes,"Jiangsu Huaxicun Co.,Ltd."
159278.SZ,-0.006700145179088293,0.09348151742311282,-7.75,0.324,-0.07167347475503984,1.8461942412765102,1.846,Yes,Penghua CNI Robot ETF
301456.SZ,-0.0072729374116024936,0.10115915288203443,-8.39,0.35,-0.07189598967958682,0.9874404590142196,0.987,Yes,"Qingdao Paguld Intelligent Manufacturing Co.,Ltd."
200539.SZ,-0.0035356080072295134,0.04905084429323015,-4.16,0.17,-0.07208047197094805,0.4369553537143369,0.437,Yes,"Guangdong Electric Power Development Co., Ltd."
603826.SS,-0.008671283562007963,0.12025123048167713,-9.92,0.417,-0.07210972833520585,0.19540205548854464,0.195,Yes,"Fujian Kuncai Material Technology Co., Ltd."
301559.SZ,-0.005974204622355121,0.08266183981141656,-6.94,0.286,-0.07227282426794006,1.0170639424250782,1.017,Yes,"CIMC Safeway Technologies Co., Ltd."
300168.SZ,-0.009600776782790055,0.13241485736475844,-10.93,0.459,-0.07250528357511378,1.8568782984066137,1.857,Yes,"Wonders Information Co., Ltd"
600238.SS,-0.011149201177584214,0.15323005001488985,-12.59,0.531,-0.0727611925761351,1.727574343133419,1.728,Yes,"Hainan Yedao (Group) Co.,Ltd"
560970.SS,-0.005169645551662734,0.07094368801162265,-6.03,0.246,-0.07286970407875884,1.0547585253203489,1.055,Yes,Ping An CSI Industrial Non-ferrs Mtl ETF
300741.SZ,-0.006515105680417274,0.08939166496647799,-7.54,0.31,-0.07288269754076566,1.3461618653141072,1.346,Yes,"Huabao Technology Co., Ltd."
600581.SS,-0.008612095746111674,0.11780372279553605,-9.86,0.408,-0.07310546340763022,1.2693782148767772,1.269,Yes,"XinJiang Ba Yi Iron & Steel Co.,Ltd."
688819.SS,-0.007306886855139697,0.09981506963915297,-8.42,0.346,-0.07320424542661977,1.5716155781405887,1.572,Yes,"Tianneng Battery Group Co., Ltd."
512000.SS,-0.008334039488660409,0.11376443644012973,-9.55,0.394,-0.07325698389976487,0.9983997474266784,0.998,Yes,Hwabao WP CSI Security Agency ETF
002726.SZ,-0.01409111642595243,0.19197549818279439,-15.66,0.665,-0.07340059830205631,0.17343321774218845,0.173,Yes,"Shandong Longda Meishi Co., Ltd."
000078.SZ,-0.010313210908508163,0.1403818941926822,-11.7,0.486,-0.07346539215628968,0.5622755665612134,0.562,Yes,"Shenzhen Neptunus Bioengineering Co., Ltd."
603918.SS,-0.010655706142951644,0.14471792328429484,-12.06,0.501,-0.07363086686932875,1.5936965614606604,1.594,Yes,"Shanghai Golden Bridge InfoTech Co., Ltd."
000028.SZ,-0.005725524728844009,0.07766896692777127,-6.66,0.269,-0.07371701923328651,0.8553190849801183,0.855,Yes,China National Accord Medicines Corporation Ltd.
002548.SZ,-0.008325100977863632,0.11259045244674667,-9.55,0.39,-0.07394144704944018,1.2341609455631852,1.234,Yes,"Shenzhen Kingsino Technology Co.,Ltd."
159797.SZ,-0.004701690132639104,0.06358346901547968,-5.5,0.22,-0.07394516539345246,1.0571154879383746,1.057,Yes,China Universal CSI All Sh Hlt Cr Ds ETF
520770.SS,-0.0051685740426071405,0.06988918474710111,-6.03,0.242,-0.07395384652589648,-0.07083447495854728,0.071,No,CCB Principal HSI SCHK ETF
520960.SS,-0.004831060748059527,0.06517161330051205,-5.65,0.226,-0.07412829763447899,-0.08936419168497223,0.089,No,Harvest HSI SCHK ETF
301325.SZ,-0.011282246852826945,0.15215600832600487,-12.73,0.527,-0.07414920368214407,2.01476124116953,2.015,Yes,"Shenzhen Manst Technology Co., Ltd."
301268.SZ,-0.01060742299392478,0.14279885643404264,-12.01,0.495,-0.07428226849158447,2.115701246954491,2.116,Yes,"Shenzhen Minglida Precision Technology Co., Ltd."
002314.SZ,-0.0069466024936458756,0.0932295399688772,-8.02,0.323,-0.07451074515614749,1.2182260537388414,1.218,Yes,"Shenzhen New Nanshan Holding (Group) Co., Ltd."
601010.SS,-0.00739358579060131,0.09915335956030527,-8.52,0.343,-0.07456717375374979,0.8706271182739873,0.871,Yes,Wenfeng Great World Chain Development Corporation
000819.SZ,-0.007181556594738861,0.09566193787188625,-8.29,0.331,-0.07507224664794736,1.1708876506781671,1.171,Yes,"Yueyang Xingchang Petro-Chemical Co., Ltd."
000736.SZ,-0.013292956747090672,0.1767241380181946,-14.84,0.612,-0.07521868204400069,2.290883424256136,2.291,Yes,"CCCG Urban Development Holding Group Co., Ltd."
159647.SZ,-0.004653998646090565,0.06139889592434011,-5.44,0.213,-0.07579938655290379,0.7471959082939804,0.747,Yes,Penghua CSI Traditional Chinese Medicine Index Exchange Traded Fund
512620.SS,-0.005811443103984507,0.07621182312427649,-6.76,0.264,-0.07625382605672547,0.12445340086489641,0.124,Yes,TianHong CSI Agriculture Thematic ETF
159189.SZ,-0.006376107580145549,0.08358882731901587,-7.39,0.29,-0.07627942375374165,-0.0990159143601268,0.099,No,ChinaAMC CNI Oil&Gas ETF
300365.SZ,-0.00670929076546159,0.08781966046051293,-7.76,0.304,-0.07639850496209039,0.6493265057163234,0.649,Yes,"Beijing Forever Technology Co., Ltd."
002705.SZ,-0.006627482858460129,0.08674531244333337,-7.67,0.3,-0.0764016253072989,1.1961037202453388,1.196,Yes,"Guangdong Xinbao Electrical Appliances Holdings Co., Ltd"
561050.SS,-0.013951332518035172,0.1825551320231068,-15.51,0.632,-0.07642257088817032,3.3085673364493386,3.309,Yes,E Fund CSI Rare Metals Idsty ETF
688132.SS,-0.007439988713267647,0.09689191070268134,-8.57,0.336,-0.07678647948328421,1.3218835863981055,1.322,Yes,"Bangyan Technology Co., Ltd."
562600.SS,-0.005052265267424594,0.06579295760524362,-5.9,0.228,-0.07679036558499286,1.0931784362990378,1.093,Yes,ChinaAMC CSI All Shares Medical Dvcs ETF
002991.SZ,-0.008282279422466938,0.10772631180153425,-9.5,0.373,-0.07688260448130353,1.105123941172216,1.105,Yes,"Ganyuan Foods Co., Ltd."
001289.SZ,-0.00476518962549577,0.061865367857904106,-5.57,0.214,-0.07702515624639505,0.2938410745643722,0.294,Yes,China Longyuan Power Group Corporation Limited
603098.SS,-0.009061603593587438,0.11751352695505372,-10.35,0.407,-0.0771111533147439,1.3553000878210704,1.355,Yes,"Center International Group Co.,Ltd."
300298.SZ,-0.007931151117882774,0.10263937523831715,-9.11,0.356,-0.07727201280665952,0.8872779461043104,0.887,Yes,Sinocare Inc.
002984.SZ,-0.0067897131437038155,0.08720924005994445,-7.85,0.302,-0.07785543296830491,0.760694652211134,0.761,Yes,"Qingdao Sentury Tire Co., Ltd."
002146.SZ,-0.009207014548313111,0.11822717526529608,-10.51,0.41,-0.07787561977737364,1.6943733841489352,1.694,Yes,"RiseSun Real Estate Development Co.,Ltd"
601633.SS,-0.00821242081133032,0.10498034657469782,-9.42,0.364,-0.07822817393241169,1.2083780085010472,1.208,Yes,Great Wall Motor Company Limited
159065.SZ,-0.004133815102671582,0.052834908146954615,-4.85,0.183,-0.07824022502648854,,,,IGW CSI Construction Machinery Theme ETF
563500.SS,-0.009635505284935805,0.12307784225454818,-10.97,0.426,-0.07828789576118635,1.1202471416344502,1.12,Yes,Hwabao WP CSI A500 ETF
688075.SS,-0.005644162543954507,0.07162531258158328,-6.57,0.248,-0.07880122739465387,1.0225133960559938,1.023,Yes,"Assure Tech (Hangzhou) Co., Ltd."
002672.SZ,-0.0075363702092184305,0.09525666180584683,-8.68,0.33,-0.07911646352440045,0.9277332123277057,0.928,Yes,Dongjiang Environmental Company Limited
588480.SS,-0.013375354578742213,0.16900458729004653,-14.92,0.585,-0.0791419617254966,2.938753647671277,2.939,Yes,CICC CSI STAR&CHINEXT AI ETF
002508.SZ,-0.007024110067410018,0.08813234445617223,-8.11,0.305,-0.07969957126129866,0.9899603244845318,0.99,Yes,"Hangzhou Robam Appliances Co., Ltd."
002941.SZ,-0.008930775972342937,0.11200432288663463,-10.21,0.388,-0.07973599359537432,0.8924477131157065,0.892,Yes,"Xinjiang Communications Construction Group Co., Ltd."
159255.SZ,-0.0071384650540472555,0.08933810592146912,-8.24,0.309,-0.0799039220769039,1.7265055176510662,1.727,Yes,E Fund CNI General Aviation Industry ETF
600955.SS,-0.007600343753589844,0.09495009523624273,-8.75,0.329,-0.08004566751280909,1.3552323209902988,1.355,Yes,"Lihuayi Weiyuan Chemical Co., Ltd."
159590.SZ,-0.006238928203281649,0.0777141282275635,-7.24,0.269,-0.08028048883225891,1.3263068798721787,1.326,Yes,China Universal CSI AllShareSoftware ETF
520820.SS,-0.005509812692762578,0.06836051564333957,-6.42,0.237,-0.08059934365488369,-0.04983110816211547,0.05,No,China Universal HIS SCHK ETF
001914.SZ,-0.007712187495832186,0.09528780243634338,-8.87,0.33,-0.08093572628022648,1.360637585276557,1.361,Yes,"China Merchants Property Operation & Service Co., Ltd."
562050.SS,-0.0038705832590313206,0.04769776545534828,-4.55,0.165,-0.08114810457220942,-0.003197152593840069,0.003,No,Hwabao WP CSI Pharmaceuticals ETF
002557.SZ,-0.007788428013583736,0.09568555438489838,-8.96,0.331,-0.0813960692776521,1.2648329869202808,1.265,Yes,"Chacha Food Company, Limited"
300482.SZ,-0.0073063458194498445,0.089203842251467,-8.42,0.309,-0.08190617842282111,1.1336368929098115,1.134,Yes,"Guangzhou Wondfo Biotech Co.,Ltd"
002932.SZ,-0.007021590388891779,0.08541031270308591,-8.11,0.296,-0.08221010047464779,1.1050712060437005,1.105,Yes,"Wuhan Easy Diagnosis Biomedicine Co.,Ltd."
159970.SZ,-0.013059310352619922,0.15824144801786263,-14.59,0.548,-0.08252774804705881,1.226681436400697,1.227,Yes,ICBCCS SZSE 100 ETF
688285.SS,-0.005579400125953268,0.06736317516529122,-6.49,0.233,-0.08282567014192713,0.8322185974558125,0.832,Yes,China Railway High-speed Electrification Equipment Corporation Limited
560080.SS,-0.004979697368998511,0.06003416936431304,-5.81,0.208,-0.08294771830321455,0.6901845486834947,0.69,Yes,China Universal CSI TCM ETF
180303.SZ,-0.004764758513656205,0.05705721038477402,-5.57,0.198,-0.08350843796120294,0.8628144179260808,0.863,Yes,Huatai Zijin Baowan Logistics Warehouse Close-end Infrastructure Fund
002307.SZ,-0.009380393827660032,0.11207020508202795,-10.69,0.388,-0.08370104989809028,0.6629230930238437,0.663,Yes,"Xinjiang Beixin Road & Bridge Group Co., Ltd"
000910.SZ,-0.005804432181294058,0.06910079627557487,-6.75,0.239,-0.08399949775029954,0.9422947568384518,0.942,Yes,"Dare Power Dekor Home Co.,Ltd."
600853.SS,-0.006050014216563992,0.07161144864113037,-7.02,0.248,-0.08448389651887503,0.8215560251374475,0.822,Yes,"Longjian Road&Bridge Co.,Ltd"
600557.SS,-0.008659079314175342,0.10147518264285234,-9.91,0.352,-0.08533199043012776,1.128937343666428,1.129,Yes,"Jiangsu Kanion Pharmaceutical Co.,Ltd."
301195.SZ,-0.00836774501143141,0.09791090849810286,-9.59,0.339,-0.08546284719228753,1.5741580650979772,1.574,Yes,"Nanjing Bestway Intelligent Control Technology Co., Ltd."
508060.SS,-0.0033872593242636963,0.03941971180053027,-3.99,0.137,-0.08592805907368738,0.753747325038926,0.754,Yes,China Southern Fund Management Co. - China southern GDS idc REIT Fund
002227.SZ,-0.010293182101515575,0.11977141340134863,-11.68,0.415,-0.08594022404180524,1.3267514089470924,1.327,Yes,Autosun Electric SZ Inc.
688533.SS,-0.010382686842679404,0.12065777187500488,-11.77,0.418,-0.08605070921942204,1.9310299335524692,1.931,Yes,"Suzhou SONAVOX Electronics Co.,Ltd."
159787.SZ,-0.005910629886072971,0.06846122991914244,-6.87,0.237,-0.08633543237616156,1.1994707616404399,1.199,Yes,E Fund CSI AllSh Construct Materials ETF
159123.SZ,-0.008220283087391214,0.09482711892218375,-9.43,0.328,-0.08668704881919775,1.7903290729102102,1.79,Yes,Harvest CSI Photovoltaic Industry ETF
159145.SZ,-0.010255551026854203,0.1180885097072233,-11.64,0.409,-0.0868463075051144,2.2729144165458477,2.273,Yes,GF CNI Industrial Software ETF
603927.SS,-0.008769912798102958,0.09982604370583202,-10.03,0.346,-0.08785195198105004,1.555479214562809,1.555,Yes,"Sinosoft Co.,Ltd"
159257.SZ,-0.007939421711354746,0.0902920360349527,-9.12,0.313,-0.0879304760419993,1.7523355621342924,1.752,Yes,China Universal CNI GA Ind ETF
159745.SZ,-0.0061045774316964615,0.06941087029862016,-7.08,0.24,-0.08794843524412367,1.2271929990831523,1.227,Yes,Guotai CSI AllSh Construct Materials ETF
516750.SS,-0.00633496832783476,0.07199329641406785,-7.34,0.249,-0.08799386392032017,1.2686634295700152,1.269,Yes,Fullgoal CSI AllSh Construct Mtrls ETF
688089.SS,-0.012968836202205286,0.1461591460102494,-14.5,0.506,-0.0887309248597816,1.7158977188514752,1.716,Yes,"Cabio Biotech (Wuhan) Co., Ltd."
688269.SS,-0.009275329689288276,0.10420500688646112,-10.58,0.361,-0.08901040330427135,1.6551568403454113,1.655,Yes,"Kaili Catalyst & New Materials Co.,Ltd."
688526.SS,-0.007642099436501323,0.08550419422351217,-8.79,0.296,-0.08937689555350348,1.2652201520492885,1.265,Yes,"Wuhan Keqian Biology Co.,Ltd"
513770.SS,-0.011688559809314242,0.1303266675419839,-13.16,0.451,-0.0896866315218936,1.3476251841502636,1.348,Yes,Hwabao WP CSI-HK Connect Internet ETF
600416.SS,-0.010862447150586351,0.12052913592318908,-12.28,0.418,-0.09012299862092085,1.580090022574744,1.58,Yes,"Xiangtan Electric Manufacturing Co., Ltd."
520980.SS,-0.007759472075596124,0.08591807147923419,-8.92,0.298,-0.09031245629706126,0.8581202536607746,0.858,Yes,China Universal HS SCHK China Tech ETF
688063.SS,-0.012385060067604866,0.13601028017018424,-13.89,0.471,-0.09105973498553149,1.4395116224250089,1.44,Yes,"Pylon Technologies Co., Ltd."
600600.SS,-0.00855919205711727,0.09273071493300772,-9.8,0.321,-0.09230158597721115,1.1606990108648398,1.161,Yes,Tsingtao Brewery Company Limited
301613.SZ,-0.009835969301898883,0.10486823129719629,-11.19,0.363,-0.09379360346055396,0.993060450796362,0.993,Yes,"Alnera Aluminium Co., Ltd."
159181.SZ,-0.008150501735462412,0.08557704320655607,-9.35,0.296,-0.09524168433571215,-0.11597395671866786,0.116,No,E Fund CNI Oil&Gas ETF
600765.SS,-0.010783937990799417,0.11273253308296903,-12.2,0.391,-0.09565950214977109,1.2995644753722875,1.3,Yes,"AVIC Heavy Machinery Co., Ltd."
603609.SS,-0.006551974558553291,0.06831520466641275,-7.59,0.237,-0.09590799867389663,0.7069597880231925,0.707,Yes,"Wellhope Foods Co., Ltd."
600055.SS,-0.00945173121132333,0.09844748956967073,-10.77,0.341,-0.09600784390377363,0.9939659481520257,0.994,Yes,"Beijing Wandong Medical Technology Co.,Ltd."
603218.SS,-0.008592608772338825,0.08913553017306368,-9.84,0.309,-0.09639936796982747,1.0317364045208497,1.032,Yes,"Riyue Heavy Industry Co.,Ltd"
600271.SS,-0.010608816023410704,0.10962180050240815,-12.01,0.38,-0.09677651684965394,1.3216215618424587,1.322,Yes,Aisino Co.Ltd.
002581.SZ,-0.017235601708724395,0.17767540131864296,-18.83,0.615,-0.09700612229272007,1.676122553590588,1.676,Yes,"Shandong Sinobioway Biomedicine Co., Ltd."
300942.SZ,-0.011106060770941048,0.1144199342485761,-12.54,0.396,-0.09706403734521686,1.263300385559085,1.263,Yes,"Shenzhen Bioeasy Biotechnology Co., Ltd."
159262.SZ,-0.008003858657605131,0.08242284946310287,-9.19,0.286,-0.0971072792282935,0.9039488681252754,0.904,Yes,GF Hang Seng SCHK Technology ETF
603605.SS,-0.009105004100329859,0.09282056084711161,-10.4,0.322,-0.09809253485687366,0.9877514003865148,0.988,Yes,"Proya Cosmetics Co.,Ltd."
000800.SZ,-0.006769479043137388,0.0689855305448203,-7.83,0.239,-0.09812896979518361,0.8214365074235246,0.821,Yes,"FAW Jiefang Group Co.,Ltd"
002531.SZ,-0.012255550059212928,0.12484034902375735,-13.75,0.432,-0.09816978368813015,1.5022715029924751,1.502,Yes,"Titan Wind Energy (Suzhou) Co.,Ltd"
603313.SS,-0.010423808453699175,0.10613202930228001,-11.82,0.368,-0.09821548237818574,0.9456129697737672,0.946,Yes,"Healthcare Co.,Ltd."
300212.SZ,-0.021479219968329584,0.21816297480494548,-22.94,0.756,-0.09845492796169314,2.067414015203455,2.067,Yes,"Beijing E-Hualu Information Technology Co., Ltd."
300406.SZ,-0.008181476512587183,0.0830498781160288,-9.39,0.288,-0.0985128057762693,1.0743861133732469,1.074,Yes,"Beijing Strong Biotechnologies,Inc."
603477.SS,-0.010687962715444943,0.10802050520999329,-12.1,0.374,-0.09894383195734367,1.3140495446836509,1.314,Yes,Leshan Giantstar Farming&Husbandry Corporation Limited
002368.SZ,-0.013430116355303811,0.13421188128117206,-14.98,0.465,-0.10006652337409608,1.6634780553212478,1.663,Yes,Taiji Computer Corporation Limited
520970.SS,-0.007883845380974228,0.07842707444314233,-9.06,0.272,-0.10052453743751234,0.03243579305263075,0.032,Yes,Harvest CSI HKC Innovative Drug ETF
159283.SZ,-0.010978500972082533,0.10920386938436868,-12.41,0.378,-0.10053216093874036,1.7787314356916184,1.779,Yes,China Southern CSI General Aviation ETF
512450.SS,-0.009389554793173693,0.09269665884024962,-10.7,0.321,-0.10129334660654106,-0.3407786295878077,0.341,No,GF CSI Livestock Breeding Industry ETF
600965.SS,-0.01341834294348445,0.13210783880837335,-14.97,0.458,-0.101571133586919,0.7934005873804111,0.793,Yes,"Fortune Ng Fung Food (Hebei) Co.,Ltd"
001338.SZ,-0.008334346439753643,0.0816978396061557,-9.56,0.283,-0.10201428189449545,0.9797722810307301,0.98,Yes,GDH Supertime Group Company Limited
560210.SS,-0.010238607344169768,0.10018105890468723,-11.62,0.347,-0.10220102937732801,-0.15481427887156782,0.155,No,"IGW CSI All Shr Agri,Husba & Fishery ETF"
159155.SZ,-0.01074424576193142,0.10511632211663405,-12.16,0.364,-0.10221291561181065,1.6582677673330168,1.658,Yes,DaCheng CSI Battery Thematic ETF
300025.SZ,-0.01560012955482479,0.15228245998170364,-17.19,0.528,-0.10244206428435097,1.6406364137974827,1.641,Yes,"Hangzhou Huaxing Chuangye Communication Technology Co., Ltd."
600779.SS,-0.013603362157841942,0.132467897519386,-15.16,0.459,-0.1026917646658592,1.7043265244827779,1.704,Yes,"Sichuan Swellfun Co.,Ltd"
300470.SZ,-0.006554327088136348,0.06370989401991367,-7.59,0.221,-0.10287769566980719,0.9577887876756292,0.958,Yes,"Sinoseal Holding Co., Ltd."
900929.SS,-0.008580589449619112,0.08284085851382487,-9.82,0.287,-0.10357919514060979,0.5672345090040729,0.567,Yes,"Shanghai Jinjiang International Travel Co., Ltd."
159138.SZ,-0.008767697592341602,0.08433611651054716,-10.03,0.292,-0.10396136264165193,0.6963356901859232,0.696,Yes,E Fund CSI Construction Machinry Thm ETF
688793.SS,-0.01141033337140166,0.10914123928206058,-12.86,0.378,-0.10454648899407507,0.9083069215755051,0.908,Yes,"Shenzhen Breo Technology Co., Ltd."
603369.SS,-0.012058217149496758,0.11489751070001639,-13.55,0.398,-0.10494759265045625,1.4095256639193299,1.41,Yes,"Jiangsu King's Luck Brewery Joint-Stock Co.,Ltd."
000055.SZ,-0.005824659835865604,0.055186028477630676,-6.77,0.191,-0.10554591436538317,0.844890167840771,0.845,Yes,"China Fangda Group Co., Ltd."
688575.SS,-0.011229099761510366,0.10583102537374173,-12.67,0.367,-0.10610404389312923,0.846145574237354,0.846,Yes,"Shenzhen YHLO Biotech Co., Ltd."
300036.SZ,-0.011780888209278874,0.11046303637277817,-13.26,0.383,-0.1066500487051801,1.6454493274319675,1.645,Yes,"Beijing SuperMap Software Co., Ltd."
508001.SS,-0.003669063315640647,0.034398209671311436,-4.32,0.119,-0.10666436860231987,-0.025579713340904583,0.026,No,Zheshang Securities Zhejiang Expressway
515370.SS,-0.010156894642594713,0.0944061806594896,-11.53,0.327,-0.10758717884403424,1.7819473769217065,1.782,Yes,ChinaAMC CSI Photovoltaic Industry ETF
200011.SZ,-0.007774063942555826,0.0721302288173972,-8.94,0.25,-0.10777816832158431,0.6423164064195395,0.642,Yes,ShenZhen Properties & Resources Development (Group) Ltd.
600933.SS,-0.01055676738699331,0.09677008623629442,-11.96,0.335,-0.10909122640663627,1.545835508912251,1.546,Yes,"IKD Co., Ltd."
688567.SS,-0.01412468077287532,0.12928622276635887,-15.69,0.448,-0.10925124480124154,2.017173039171573,2.017,Yes,"Farasis Energy (Gan Zhou) Co., Ltd."
301667.SZ,-0.020658452755108657,0.1863130166330276,-22.16,0.645,-0.11088035140238583,-0.33565654954779534,0.336,No,"RNBC New Energy Co., Ltd."
688303.SS,-0.015721144441264403,0.13995272413742257,-17.32,0.485,-0.11233182160732702,2.044996918863429,2.045,Yes,"Xinjiang Daqo New Energy Co.,Ltd."
508603.SS,-0.0006303093588866243,0.005582586970029747,-0.75,0.019,-0.11290632143672016,,,,CICC Fund Management Co. - Vipshop Closed Commercial Real Estate Securities Investment Fund
159175.SZ,-0.013199762442044889,0.11650296813751798,-14.74,0.404,-0.11329979530190278,1.5795912036867032,1.58,Yes,E Fund CSI Battery Thematic ETF
600529.SS,-0.0070046550550276815,0.06122361037465572,-8.09,0.212,-0.11441100928486482,0.7929710469904367,0.793,Yes,Shandong Pharmaceutical Glass Co.Ltd
688339.SS,-0.014505167557621204,0.12508399021135175,-16.08,0.433,-0.11596342212230464,1.7330646656983626,1.733,Yes,"Beijing SinoHytec Co., Ltd."
159202.SZ,-0.0104897287025832,0.09041883925454161,-11.89,0.313,-0.11601264503134302,0.12274885507548518,0.123,Yes,Wanjia HS Internet IT ETF (QDII)
603279.SS,-0.013252149448862374,0.1141435835765769,-14.79,0.395,-0.11610069557674034,1.3404958501101345,1.34,Yes,Jingjin Equipment Inc.
002959.SZ,-0.010262658392951611,0.08837512972040479,-11.64,0.306,-0.11612609141757314,1.0376095991861711,1.038,Yes,"Bear Electric Appliance Co.,Ltd."
180202.SZ,-0.0046428397429031975,0.03997713305126233,-5.43,0.138,-0.1161373862640356,-0.02175769063118655,0.022,No,"China Asset Management Co., Ltd. - Yuexiu Highway REIT Fund"
605199.SS,-0.016406413055708072,0.1408946726995838,-18.0,0.488,-0.11644452370949392,1.1133230399405298,1.113,Yes,"Hainan Huluwa Pharmaceutical Group Co., Ltd."
563850.SS,-0.006320372279527717,0.053719928199058097,-7.33,0.186,-0.11765414607606524,-0.08404947116955809,0.084,No,GF CSI All Share Food ETF
301622.SZ,-0.014956484241028656,0.126783602124001,-16.54,0.439,-0.11796860154202302,1.4355765023790708,1.436,Yes,"Baotou INST Magnetic New Materials Co., Ltd."
159147.SZ,-0.012415234318185878,0.10511320498720382,-13.92,0.364,-0.11811298418402591,1.6349255407961572,1.635,Yes,China Southern CSI Battery Thematic ETF
159172.SZ,-0.010677726871635531,0.09012824106431086,-12.09,0.312,-0.11847259799529936,-0.2715270753962908,0.272,No,China Universal CSI Livstck Brd Inds ETF
300760.SZ,-0.009040018109166445,0.07609696580494993,-10.32,0.264,-0.11879603888987665,0.8127369505578859,0.813,Yes,"Shenzhen Mindray Bio-Medical Electronics Co., Ltd."
600861.SS,-0.011316523323700253,0.09394196324434975,-12.77,0.325,-0.12046292128540222,1.31139066637451,1.311,Yes,"FESCO Group Co., Ltd."
688212.SS,-0.013480265706852047,0.11159558374645415,-15.03,0.387,-0.12079569149868237,1.3369982901885038,1.337,Yes,"Shanghai Aohua Photoelectricity Endoscope Co., Ltd."
562080.SS,-0.016626847219126203,0.1375573036808245,-18.23,0.477,-0.12087215127235724,0.7016399566395375,0.702,Yes,Hwabao WP CSI 300 Free Cash Flow ETF
600606.SS,-0.014366861630199703,0.11841264569674224,-15.94,0.41,-0.12132877823702712,1.6990046513654418,1.699,Yes,Greenland Holdings Corporation Limited
600373.SS,-0.009377144001066231,0.07588800187823369,-10.69,0.263,-0.12356556726994017,0.25507022636681365,0.255,Yes,"Chinese Universe Publishing and Media Group Co., Ltd."
166025.SZ,-0.0054582863558789866,0.043929791726014966,-6.36,0.152,-0.1242502215790525,0.6808443560236337,0.681,Yes,Lombarda China Yuanjian 2-Year Regular Open Mixed Fund
200012.SZ,-0.010761111604642168,0.08576218258847403,-12.18,0.297,-0.12547618635452504,0.7619257308704606,0.762,Yes,"CSG Holding Co., Ltd."
600905.SS,-0.005192436428681597,0.040746884845105254,-6.06,0.141,-0.12743149441779578,0.12527496404550836,0.125,Yes,"China Three Gorges Renewables (Group) Co.,Ltd."
688032.SS,-0.016617757717447893,0.13013145691133915,-18.22,0.451,-0.1276997746115289,1.4268428679360214,1.427,Yes,Hoymiles Power Electronics Inc.
159269.SZ,-0.008948908656483174,0.06973521423757997,-10.23,0.242,-0.1283269687248003,0.4258995852496587,0.426,Yes,China Southern CSI HKC Tech ETF
300146.SZ,-0.011440791044128679,0.08910115669481596,-12.9,0.309,-0.12840227297289758,1.337184804713542,1.337,Yes,"Byhealth Co., Ltd"
688184.SS,-0.013905989350337405,0.10816671355758974,-15.47,0.375,-0.1285607086780318,1.411335928718357,1.411,Yes,"Zhejiang Power New Energy Co., Ltd."
600537.SS,-0.018089657217573447,0.13800423677834864,-19.67,0.478,-0.13108044825194468,1.4033371988542367,1.403,Yes,"EGing Photovoltaic Technology Co.,Ltd."
200055.SZ,-0.00600171857412342,0.04556044798503338,-6.97,0.158,-0.13173089465878357,0.4705635403572687,0.471,Yes,"China Fangda Group Co., Ltd."
180103.SZ,-0.006876432934493919,0.05194262961122928,-7.95,0.18,-0.1323851523490703,0.25214699274232855,0.252,Yes,"China Asset Management Co., Ltd - Hangzhou Heda Hi-Tech Industrial Park REIT Fund"
002567.SZ,-0.010971498433852625,0.08277489814908387,-12.4,0.287,-0.13254620276417767,0.8414787904942154,0.841,Yes,"Tangrenshen Group Co., Ltd"
603639.SS,-0.00935465430850079,0.07043189445841747,-10.67,0.244,-0.13281843943618069,0.4419036452608122,0.442,Yes,"Hailir Pesticides and Chemicals Group Co.,Ltd."
601865.SS,-0.01870741367665894,0.1408151131442499,-20.28,0.488,-0.1328508940478229,1.3790721394678624,1.379,Yes,"Flat Glass Group Co., Ltd."
508009.SS,-0.005847270333810038,0.04400181161021516,-6.8,0.152,-0.1328870362340394,0.1451123448393997,0.145,Yes,"CICC Fund Management Co., Ltd. - Anhui Transportation Holding Group Expressway Fund"
508027.SS,-0.006778829315157386,0.04997389869367092,-7.84,0.173,-0.13564739778879628,0.28022853648029383,0.28,Yes,Soochow Suzhou Industrial Park - Close-End Infrastructure Fund
002372.SZ,-0.012740597364575607,0.09369914415569935,-14.26,0.325,-0.13597346570641697,1.2739304618318124,1.274,Yes,"Zhejiang Weixing New Building Materials Co., Ltd."
159148.SZ,-0.01055728523363974,0.07739338990058633,-11.96,0.268,-0.1364106837444493,0.027236883702158515,0.027,Yes,Fullgoal CNI Oil&Gas ETF
600567.SS,-0.01019392927162943,0.07468365435395513,-11.57,0.259,-0.13649478403020293,1.2127655988598731,1.213,Yes,"Shanying International Holdings Co.,Ltd"
159275.SZ,-0.00922679855058118,0.06727737442209229,-10.53,0.233,-0.13714563967215876,0.1546685937087307,0.155,Yes,Hwabao WP CSI All Share AHF ETF
300896.SZ,-0.020492557500986296,0.14878347731275857,-22.0,0.515,-0.13773409434374745,2.0997481983575628,2.1,Yes,"Imeik Technology Development Co.,Ltd."
603359.SS,-0.022953082234088575,0.166411619359514,-24.32,0.576,-0.13792956478898846,0.8791824404348595,0.879,Yes,"Dongzhu Ecological Environment Protection Co., Ltd."
159220.SZ,-0.01884369311146529,0.13580256469918936,-20.41,0.47,-0.1387580061776092,0.6800208465930461,0.68,Yes,Hwabao WP S&P Access Hong Kong Low Volatility High Dividend ETF
520710.SS,-0.021628162945892954,0.15556057807122528,-23.08,0.539,-0.1390337013018185,2.9083436867387995,2.908,Yes,GF CSI HKC IT Composite ETF
560160.SS,-0.007872975691972506,0.056065463994718324,-9.05,0.194,-0.1404246951869369,-0.1074785668944171,0.107,No,E Fund CSI All Share Food ETF
601006.SS,-0.006979785657143654,0.04959690588814568,-8.06,0.172,-0.14073026395809735,0.10534501999328352,0.105,Yes,"Daqin Railway Co., Ltd."
605377.SS,-0.010542474646953662,0.07387188805212191,-11.94,0.256,-0.14271294432755247,1.1259037637087088,1.126,Yes,"Hangzhou Huawang New Material Technology Co.,Ltd."
301602.SZ,-0.012255561746369914,0.08543701140451927,-13.75,0.296,-0.14344558107660638,0.39667093044300594,0.397,Yes,"Shantou Institute of Ultrasonic Instrument Co., Ltd."
159166.SZ,-0.013218296858843537,0.09196709047218794,-14.76,0.319,-0.1437285532354742,-0.7012996261488509,0.701,No,Great Wall CNI Free Cash Flow ETF
159187.SZ,-0.018331183662951875,0.1273612156996106,-19.91,0.441,-0.1439306586566127,2.505371402027892,2.505,Yes,IGW ChiNext New Energy ETF
159149.SZ,-0.014808522630982075,0.10224579471592252,-16.39,0.354,-0.14483258379599623,1.6751064968650482,1.675,Yes,ICBCCS ChiNext New Energy ETF
520850.SS,-0.011391855423814174,0.0785979415574338,-12.85,0.272,-0.14493834314337373,0.2599635243286759,0.26,Yes,E Fund CSI HKC Medical Treatment ETF
001325.SZ,-0.016981840584665175,0.11716298021297004,-18.58,0.406,-0.1449420333436113,0.18839462757716238,0.188,Yes,"Yachoo Technology Co., Ltd."
159017.SZ,-0.013795650162576795,0.09413212973275303,-15.35,0.326,-0.146556231137482,-0.5794201831315766,0.579,No,ICBCCS CNI Oil&Gas ETF
301633.SZ,-0.01434589765830958,0.09788330797225589,-15.92,0.339,-0.14656122637759433,0.4958048820771915,0.496,Yes,"Wuhan Guide Technology Co., Ltd."
301616.SZ,-0.017666302080770552,0.12048361839599933,-19.26,0.417,-0.14662824968209257,2.067467581349374,2.067,Yes,"Zhejiang Huaye Plastics Machinery Co., Ltd."
600586.SS,-0.011674944749877635,0.0794796717865769,-13.14,0.275,-0.1468922113974983,1.0755095351949817,1.076,Yes,"Shandong Jinjing Science & Technology Stock Co.,Ltd"
589720.SS,-0.006932448917920265,0.04668620263132879,-8.01,0.162,-0.1484903146367326,0.4624767410234835,0.462,Yes,Guotai SSE STAR Brand Name Drug ETF
159550.SZ,-0.012388725947860795,0.08338251217635867,-13.89,0.289,-0.1485770292175648,0.5835032733155279,0.584,Yes,Tibet Eastmoney CSI SHS Internet ETF
159190.SZ,-0.018453575300149704,0.12409165621540895,-20.03,0.43,-0.1487092352778047,2.4250523041782244,2.425,Yes,TianHong ChiNext New Energy ETF
600559.SS,-0.014009970105672731,0.0937854701405283,-15.58,0.325,-0.14938316228174972,1.3091127737086676,1.309,Yes,"Hebei Hengshui Laobaigan Liquor Co., Ltd."
603258.SS,-0.015125910328602542,0.10093836436533694,-16.71,0.35,-0.1498529367273649,1.2131530288006196,1.213,Yes,"Hangzhou Electronic Soul Network Technology Co., Ltd."
002737.SZ,-0.014061634829019865,0.09348781303210067,-15.63,0.324,-0.15041142126398396,0.6950445679847176,0.695,Yes,"Sunflower Pharmaceutical Group Co., Ltd."
508000.SS,-0.010386569285991782,0.06858258028675737,-11.78,0.238,-0.1514461725202446,0.5784807009580616,0.578,Yes,HuaAn Zhangjiang Everbright Park
001396.SZ,-0.024230859684749737,0.15981046392347992,-25.5,0.554,-0.15162248509804654,1.6107765967902452,1.611,Yes,Shanghai Re·fine Environment Sci-tech Ltd.
001285.SZ,-0.014861441934889258,0.09786674496815889,-16.45,0.339,-0.15185384922860623,1.2128324867098188,1.213,Yes,"Guangzhou Ruili Kormee Automotive Electronic Co., Ltd."
601888.SS,-0.014303558759658275,0.09353419143276724,-15.88,0.324,-0.15292331649586913,1.102274710552145,1.102,Yes,China Tourism Group Duty Free Corporation Limited
159122.SZ,-0.013254631355691538,0.08666266473572082,-14.8,0.3,-0.15294511651715012,1.6230546818989864,1.623,Yes,Fullgoal ChiNext New Energy ETF
000403.SZ,-0.014671898643813422,0.0949909469540195,-16.25,0.329,-0.15445575725142918,-0.06433449457841664,0.064,No,"Pacific Shuanglin Bio-pharmacy Co., Ltd."
588470.SS,-0.031062627358869027,0.19949043293352198,-31.52,0.691,-0.1557098598769411,2.927853857073428,2.928,Yes,Huaan CSI STAR&CHINEXT AI ETF
002024.SZ,-0.011121649599173984,0.07117958899170192,-12.56,0.247,-0.15624773557586208,0.5432318626166801,0.543,Yes,"Suning.com Co., Ltd."
512140.SS,-0.017776894426411293,0.11290856673380856,-19.37,0.391,-0.15744504549705088,-1.1331570406877534,1.133,No,Huaan CSI All Shr Electric Util ETF
301522.SZ,-0.017730431622487927,0.11251874627882438,-19.32,0.39,-0.15757757892672797,1.962276765393976,1.962,Yes,"ZhongHe Shangda Aeronautic Materials Co., Ltd."
180106.SZ,-0.009396646222178066,0.058435826435306294,-10.71,0.202,-0.16080282928112596,0.07217366280500948,0.072,Yes,"GF Fund Management Co.,Ltd. - GF Chengdu Hi-tech Investment Industrial REIT Fund"
159151.SZ,-0.008595528178017084,0.053265308607408836,-9.84,0.185,-0.1613719774228719,-0.12776247373850474,0.128,No,ChinaAMC CSI All Share Food ETF
688599.SS,-0.01872539239033926,0.11564262714899336,-20.29,0.401,-0.1619246540137277,1.6299050547016527,1.63,Yes,"Trina Solar Co., Ltd."
601966.SS,-0.012518377926406995,0.07671743306758048,-14.03,0.266,-0.16317514058870478,0.8119902520615048,0.812,Yes,"Shandong Linglong Tyre Co.,Ltd."
003038.SZ,-0.017037162947555758,0.10307012723737184,-18.63,0.357,-0.16529680717594294,1.2542342616193518,1.254,Yes,"Anhui Xinbo Aluminum Co., Ltd."
560920.SS,-0.007499171234403357,0.04518219744317156,-8.64,0.157,-0.16597623973104733,,,,CMF CSI Construction Machinery Theme ETF
301030.SZ,-0.0261802902133186,0.15738442470805064,-27.27,0.545,-0.16634613153038014,1.608298386603954,1.608,Yes,"Suzhou Shijing Environmental Technology Co.,Ltd."
159272.SZ,-0.015502510613993459,0.09276961874871066,-17.1,0.321,-0.1671076244905762,1.8306229664010754,1.831,Yes,Fullgoal CNI Robot ETF
560290.SS,-0.016544217509538783,0.09880994747930567,-18.14,0.342,-0.16743473639639098,1.743380862768216,1.743,Yes,IGW CSI Nonferrous Metal Mining ETF
603248.SS,-0.018288888763660388,0.10666053724641701,-19.87,0.369,-0.17146818528963256,-0.5082816393587992,0.508,No,"Jiangsu Xihua New Energy Technology Co., Ltd."
159030.SZ,-0.021084703399282007,0.11971399085358575,-22.56,0.415,-0.17612564119651905,-0.053701987540853424,0.054,No,ChinaAMC CNI Grain Industry ETF
688750.SS,-0.01753715013354701,0.09935875105665957,-19.13,0.344,-0.1765033270551721,2.181524922494867,2.182,Yes,"Hunan Xiangtou Goldsky Titanium Industry Technology Co., Ltd."
600976.SS,-0.017754585397326106,0.09982996458800414,-19.34,0.346,-0.17784825899316756,0.9558081211470352,0.956,Yes,"Jianmin Pharmaceutical Group Co.,Ltd."
300796.SZ,-0.01714058932996909,0.09618738326089728,-18.74,0.333,-0.17819997539050628,1.1372703901425292,1.137,Yes,"BSM Chemical Co.,Ltd."
560130.SS,-0.009104542171301336,0.05046979770369439,-10.39,0.175,-0.18039585228285715,-0.06518573012939911,0.065,No,Penghua CSI All Share Food ETF
001233.SZ,-0.031836935890052515,0.17474226291609044,-32.18,0.605,-0.18219367975874448,1.6831398215727231,1.683,Yes,"Haian Rubber Group Co., Ltd."
200488.SZ,-0.02319717591652574,0.1267692892798685,-24.55,0.439,-0.18298734692211888,0.9515260740833452,0.952,Yes,Shandong Chenming Paper Holdings Limited
512460.SS,-0.023261372382668764,0.1263007954174336,-24.61,0.438,-0.18417439340574365,2.490886504792659,2.491,Yes,ChinaAMC CSI Battery Thematic ETF
159260.SZ,-0.010581231883042368,0.05733962618560591,-11.98,0.199,-0.18453611554409816,0.8554528636695998,0.855,Yes,Bosera CSI All Share Brokerage ETF
000877.SZ,-0.016464406681752666,0.08887379635648787,-18.06,0.308,-0.1852560299743598,1.0955874938854886,1.096,Yes,"Tianshan Material Co., Ltd."
301609.SZ,-0.022151354391696187,0.11913712469765318,-23.57,0.413,-0.1859315847005038,-0.09402748789273158,0.094,No,"Shandong University Electric Power Technology Co., Ltd."
605108.SS,-0.020293767905356794,0.10843496875356645,-21.81,0.376,-0.18715150784501267,1.4220533443104741,1.422,Yes,"Tongqinglou Catering Co., Ltd."
520950.SS,-0.013202778633789745,0.07041906604817699,-14.74,0.244,-0.1874886926895211,-0.12808771688339837,0.128,No,JPM Hang Seng SCHK 50 ETF
900926.SS,-0.01655528722275404,0.08702217801327654,-18.15,0.301,-0.19024216125949275,0.5511092716734716,0.551,Yes,"Shanghai Baosight Software Co.,Ltd."
563960.SS,-0.00405243625008884,0.021131810230728586,-4.76,0.073,-0.19176947955911675,-0.06878551502193608,0.069,No,AIFMC CSI 300 Quality ETF
600161.SS,-0.01291737572627368,0.0669799926980738,-14.45,0.232,-0.1928542420794435,0.3164952991480421,0.316,Yes,"Beijing Tiantan Biological Products Co., Ltd."
600436.SS,-0.017836227335166675,0.09247605260773335,-19.42,0.32,-0.19287401259247858,0.8049820869930987,0.805,Yes,"Zhangzhou Pientzehuang Pharmaceutical Co., Ltd."
688223.SS,-0.01961255650554374,0.10166856359725006,-21.16,0.352,-0.192906792538517,1.375440680469878,1.375,Yes,"Jinko Solar Co., Ltd."
600048.SS,-0.019662568496734905,0.10143958524345703,-21.2,0.351,-0.19383526115119998,1.230407442186954,1.23,Yes,"Poly Developments and Holdings Group Co., Ltd."
159160.SZ,-0.02433982197324843,0.1247523038400551,-25.6,0.432,-0.19510519023724412,2.4510379350816915,2.451,Yes,Eastmoney CSI Battery Thematic ETF
159012.SZ,-0.04043655685010856,0.20474157195926476,-39.06,0.709,-0.19750047077959226,3.1074019578140404,3.107,Yes,Penghua CSI STAR&CHINEXT 50 ETF
001221.SZ,-0.02182744643304724,0.10877414828482423,-23.27,0.377,-0.20066759222873662,-0.2303856236637148,0.23,No,"Higold Group Co., LTD."
000596.SZ,-0.021945392601089728,0.1091604040585569,-23.38,0.378,-0.20103803013881813,1.1013025684148374,1.101,Yes,"Anhui Gujing Distillery Co., Ltd."
520790.SS,-0.024403502934705206,0.12062418887704313,-25.66,0.418,-0.20231019302090922,-1.4625826642885023,1.463,No,CIB CSI HKC Internet ETF
001388.SZ,-0.01876715195952338,0.09253794453848506,-20.34,0.321,-0.20280493643035719,0.7298314947518133,0.73,Yes,"Shandong Senter Electronic Co.,Ltd."
159251.SZ,-0.016706818464036762,0.08111971262249307,-18.3,0.281,-0.20595263375482245,0.20013661364774168,0.2,Yes,Wanjia CNI HKC Technology ETF
000488.SZ,-0.02001705464691568,0.09712149656729037,-21.54,0.336,-0.20610323516840495,0.701770603941715,0.702,Yes,Shandong Chenming Paper Holdings Limited
560470.SS,-0.015641803843028986,0.07475230846421746,-17.24,0.259,-0.20924843880261473,0.661105997193522,0.661,Yes,E Fund CSI Non-ferrous Metl Sub-inds ETF
300856.SZ,-0.02459655273725116,0.11526617077810085,-25.83,0.399,-0.2133891719592389,1.1102548293839076,1.11,Yes,"Nanjing COSMOS Chemical Co., Ltd."
603014.SS,-0.008225373452900801,0.03849894121376048,-9.44,0.133,-0.21365193934114862,0.37300663801950185,0.373,Yes,"Shandong Weigao Blood Purification Products Co., Ltd."
300294.SZ,-0.01721460907765156,0.08003680012800986,-18.81,0.277,-0.2150836746361515,0.6998578012674097,0.7,Yes,"China Resources Boya Bio-pharmaceutical Group Co.,Ltd"
159078.SZ,-0.02333332361998324,0.10842308723616752,-24.67,0.376,-0.2152062278872259,,,,Fullgoal CSI China A Share ETF
600197.SS,-0.018639202517060506,0.08644463437558687,-20.21,0.299,-0.21562012092128724,1.1567891564498927,1.157,Yes,"Xinjiang Yilite Industry Co.,Ltd"
520860.SS,-0.014713433782818846,0.06791731239230835,-16.3,0.235,-0.21663745611472615,0.3447436854242075,0.345,Yes,Fullgoal CSI HKC Technology ETF
688639.SS,-0.029443088163502145,0.13533964420492983,-30.14,0.469,-0.21754961996885214,1.9240242266699126,1.924,Yes,"Anhui Huaheng Biotechnology Co., Ltd."
560460.SS,-0.023171766853335534,0.10517035051830355,-24.52,0.364,-0.2203260399831299,-1.1157540517211997,1.116,No,Ping An CSI All Share Electric Utilt ETF
600422.SS,-0.01800500600736707,0.08138907554473435,-19.59,0.282,-0.22122140946877905,0.36034320999901515,0.36,Yes,"KPC Pharmaceuticals,Inc."
301668.SZ,-0.025612592353844763,0.11419071747627196,-26.75,0.396,-0.22429662340257106,-0.36525903399637194,0.365,No,"Beijing Hcrt Electrical Equipments Co., Ltd."
526030.SS,-0.047671164492835344,0.21179571704341194,-44.35,0.734,-0.22508087112575628,,,,China Universal CSI HKC IT Composite ETF
688818.SS,-0.04578744548337393,0.20322692194418795,-43.02,0.704,-0.22530206650449833,3.379491029868136,3.379,Yes,"CETC Lantian Technology Co., Ltd."
159163.SZ,-0.022194730239778256,0.097100363589225,-23.61,0.336,-0.2285751506932684,1.740216703966975,1.74,Yes,TK CSI Nonferrous Metal Mining ETF
159165.SZ,-0.019086947923356138,0.08341018699402844,-20.65,0.289,-0.22883233584792975,0.007975346540914863,0.008,Yes,Maxwealth CSI Livestock Breeding Ids ETF
603334.SS,-0.026137905233821212,0.113737680613963,-27.23,0.394,-0.22980867108180147,1.0847199115077586,1.085,Yes,"Suzhou Fengbei Biotech Stock Co., Ltd."
520560.SS,-0.015710311022859958,0.06830020681377927,-17.31,0.237,-0.2300184985631767,-0.3369450896187975,0.337,No,Hwabao WP HKC HS CHN (HK-listed) 30 ETF
688755.SS,-0.017547136288124047,0.07627403611440167,-19.14,0.264,-0.23005385819370436,1.4097593189549178,1.41,Yes,"Jiangsu Hanbon Science and Technology Co., Ltd."
603382.SS,-0.025963111716911926,0.11253799152734072,-27.07,0.39,-0.23070530551102184,1.2839845331152808,1.284,Yes,"Haiyang Technology Co., Ltd."
301275.SZ,-0.023209092945423723,0.09898132277118706,-24.56,0.343,-0.23447951891970237,1.290406572846141,1.29,Yes,"Hanshow Technology Co., Ltd."
159183.SZ,-0.024527057249013003,0.10417614374646302,-25.77,0.361,-0.2354383294193086,1.946631289134219,1.947,Yes,CMF CSI New Energy Vehicles ETF
159179.SZ,-0.03172584524948786,0.13240243807248947,-32.08,0.459,-0.2396167752750759,-2.4513284785803275,2.451,No,ICBCCS CSI HKC Internet ETF
159156.SZ,-0.023188239085671136,0.09545792206633423,-24.54,0.331,-0.24291581655797517,1.3441398347220388,1.344,Yes,Wanjia CNI NEV Battery ETF
159109.SZ,-0.016067905963518495,0.06523204678421687,-17.67,0.226,-0.24631920590610965,-0.058519602448356633,0.059,No,IGW Hang Seng SCHK 50 ETF
508039.SS,-0.01630971685337803,0.06547437593593759,-17.91,0.227,-0.24910076072104947,0.6341347613074904,0.634,Yes,Truvalue Asset Management Co. Ltd. - Agricultural Industrial Park Closed REIT Fund
159101.SZ,-0.020904123084393534,0.08353245075302045,-22.39,0.289,-0.25025152376051485,0.01089413490556454,0.011,Yes,ChinaAMC CNI HKC Tech ETF
508016.SS,-0.004277694165341323,0.01690503623341539,-5.01,0.059,-0.2530425907568188,0.023987221265566343,0.024,Yes,China Asset Management Co. Ltd. - Huadian Clean Energy REIT Fund
520670.SS,-0.020688359997743613,0.08107748480669007,-22.19,0.281,-0.25516775769586436,0.6011485209836911,0.601,Yes,Harvest Hang Seng SCHK Technology ETF
520840.SS,-0.020556481046805204,0.08026661927534728,-22.06,0.278,-0.2561024898318949,0.6129346782326108,0.613,Yes,Huaan Hang Seng SCHK Technology ETF
159066.SZ,-0.03592363271662098,0.1400029522641136,-35.53,0.485,-0.2565919656383499,,,,CCB Principal CSI China A Share ETF
001390.SZ,-0.02447799439990987,0.09496813501845296,-25.72,0.329,-0.25774955352291196,1.004242050684395,1.004,Yes,Anhui Guqi Down & Feather Textile Incorporated
603406.SS,-0.022556865095129285,0.08719717060826308,-23.95,0.302,-0.2586880392767208,0.782028109390627,0.782,Yes,"Yangzhou Tinfulong Group Co., Ltd."
159286.SZ,-0.019121195809003507,0.07339910255977544,-20.68,0.254,-0.260509940069518,-0.37690086920095467,0.377,No,Penghua CNI HKC Innovative Drug ETF
688366.SS,-0.02273298175693857,0.08697635639680715,-24.11,0.301,-0.26136967215808876,1.2229142384556666,1.223,Yes,"Shanghai Haohai Biological Technology Co., Ltd."
159265.SZ,-0.015299330453176803,0.05719143369880743,-16.89,0.198,-0.26751087468359497,0.2300978628630574,0.23,Yes,Penghua CNI HKC Consumer ETF
508091.SS,-0.010845657012496063,0.04043356976425312,-12.27,0.14,-0.2682339718142965,0.40964888655986453,0.41,Yes,China Asset Management Co. Ltd.- CAPITALAND COMMERCIAL CLOSED END REIT
159245.SZ,-0.016240770051546144,0.05955234538973996,-17.84,0.206,-0.2727141969851653,0.2597292841502074,0.26,Yes,Fullgoal CNI HKC Consumer ETF
520690.SS,-0.019641001918619873,0.07177904536195152,-21.18,0.249,-0.27363141735277424,-0.16604760148253855,0.166,No,Bosera Hang Seng SCHK Inno Drug Sel ETF
301584.SZ,-0.023160777142114074,0.08409380509082989,-24.51,0.291,-0.2754159728781219,-0.28894430337420485,0.289,No,"Shanghai C&D INNOSTIC Medical Technology Group Co., Ltd."
159268.SZ,-0.017244538000076436,0.062176080704382825,-18.84,0.215,-0.2773500324355578,0.23378157952294584,0.234,Yes,China Universal CNI HKC Consumer ETF
159045.SZ,-0.06465789024245971,0.23023556110327476,-55.16,0.798,-0.2808336380905845,,,,DaCheng CSI Rare Metals Industry ETF
159280.SZ,-0.027801620533343074,0.0980781954769644,-28.71,0.34,-0.283463825961937,-0.2254882355988433,0.225,No,China Universal CNI HKC Internet ETF
159062.SZ,-0.06739963535752926,0.2371071585990417,-56.71,0.821,-0.284258120909394,,,,China Southern CSI Rare Metals Inds ETF
603284.SS,-0.02859530358545101,0.1005903314990515,-29.4,0.348,-0.28427487174272453,0.21732675635198626,0.217,Yes,"Anhui Linping Circular Development Co., Ltd."
159107.SZ,-0.02186903884136234,0.07595527322706065,-23.31,0.263,-0.28791995489223043,1.5046983219061643,1.505,Yes,Fullgoal SZSE ChiNext Software ETF
520780.SS,-0.022186759483487254,0.07597752374652668,-23.6,0.263,-0.2920174071151078,-0.4780040253559849,0.478,No,Hwabao WP CSI HKC Automobile Ind Thm ETF
000002.SZ,-0.03393229331668345,0.11575480473591436,-33.92,0.401,-0.2931393940329074,1.4951999777589204,1.495,Yes,"China Vanke Co., Ltd."
159285.SZ,-0.019033751015515972,0.06456984408163273,-20.59,0.224,-0.29477771374904455,-0.03911460662516009,0.039,No,Huaan CNI HKC Consumer ETF
520620.SS,-0.018939864195252166,0.06246559272034176,-20.5,0.216,-0.3032047463320467,0.11316083716778536,0.113,Yes,Harvest Hang Seng Consumption ETF
600325.SS,-0.031477057305366,0.1028356975233893,-31.87,0.356,-0.30609076481643693,1.3350856547806134,1.335,Yes,"Zhuhai Huafa Properties Co.,Ltd"
508085.SS,-0.008802279311711573,0.028745486627061015,-10.07,0.1,-0.3062143085594906,0.010925180758453945,0.011,Yes,Huatai Zijin Suzhou Hengtai Rental Housing Closed-end Infrastructure Securities Investment Fund
301683.SZ,-0.0479481772705399,0.1559325183291732,-44.55,0.54,-0.3074931244894115,2.800367442653142,2.8,Yes,"Guangzhou Human New Material Science and Technology Co., Ltd."
159035.SZ,-0.019515614317210567,0.0631813153334687,-21.06,0.219,-0.3088826849236655,-0.8171912973747378,0.817,No,TianHong CSI Software & Services ETF
508090.SS,-0.010864810887210962,0.03502106720738581,-12.29,0.121,-0.31023643062823664,0.1457828352751805,0.146,Yes,Bank of China Sinotrans Warehousing and Logistics Closed-end Infrastructure Securities Investment Fu
159297.SZ,-0.023798922172505035,0.07531087563895562,-25.1,0.261,-0.31600910188056164,-0.4845602163929027,0.485,No,China Southern CNI HKC Inno Drug ETF
159120.SZ,-0.02362606402783767,0.07289919434785812,-24.94,0.253,-0.3240922514877126,0.6356841003362971,0.636,Yes,CPIC Hang Seng SCHK Technology ETF
301449.SZ,-0.02898577648097413,0.08797691884683677,-29.74,0.305,-0.3294702390229971,0.20495351176074528,0.205,Yes,"Shenzhen Tiansu Calibration and Testing Co., Ltd."
520680.SS,-0.034125185717750396,0.10311603299917999,-34.08,0.357,-0.3309396679178084,-0.7633421937513646,0.763,No,China Southern CSI HKC Automobile ETF
180606.SZ,-0.008046428855973464,0.02430985545251578,-9.24,0.084,-0.3309945166761884,0.24650971921090487,0.247,Yes,CICC Fund Management Co. Ltd. - China Green Development Commercial REIT Fund
515970.SS,-0.029264658208397094,0.08753292613227176,-29.98,0.303,-0.3343274297054233,0.6330113617201218,0.633,Yes,ChinaAMC CSI Construction Mchnry Thm ETF
001356.SZ,-0.0209851553216544,0.061904739836757795,-22.47,0.214,-0.3389910914251809,0.5257923139619997,0.526,Yes,"Fuling Technology Co., LTD"
517130.SS,-0.00918799203268546,0.026963006352671407,-10.49,0.093,-0.34076289240554747,0.48644644725388514,0.486,Yes,Harvest CSI SHS Cloud Computing Inds ETF
688635.SS,-0.1716504842626928,0.49553797084892115,-89.56,1.717,-0.3463921926479885,7.93584097252021,7.936,Yes,"Wuhan Changjin Photonics Technology Co., Ltd"
301531.SZ,-0.09044204598378809,0.26062078775169195,-67.94,0.903,-0.3470254493665229,4.863129023430673,4.863,Yes,"Shandong Chunguang Technology Group Co., Ltd."
520630.SS,-0.03979532457766336,0.11444376634905362,-38.57,0.396,-0.34772819741258404,-0.3447611462037144,0.345,No,Gf Fund Management Co Ltd - GF CSI Hong Kong Connect Internet Index ETF
159256.SZ,-0.025243069342946026,0.07207466471026339,-26.42,0.25,-0.3502349881809638,1.4584510379102977,1.458,Yes,ChinaAMC SZSE ChiNext Software ETF
301601.SZ,-0.028375472490880554,0.08046948445709437,-29.21,0.279,-0.3526240124728289,0.9192333398150099,0.919,Yes,"Yangzhou Huitong Technology Corp., Ltd."
560790.SS,-0.02305219859806155,0.06172902932524131,-24.41,0.214,-0.3734417801485725,-0.8471862140341192,0.847,No,Penghua CSI Software Services ETF
508600.SS,-0.010698918283840423,0.028584279122217303,-12.11,0.099,-0.37429379408503693,,,,China Universal Asset Management Company Ltd - Shanghai Real Estate Rental Closed REIT Fund
520530.SS,-0.021057499584910024,0.0561249961788668,-22.54,0.194,-0.3751893277248716,0.19208151185277114,0.192,Yes,Tibet Eastmoney CSI HKC Technology ETF
001220.SZ,-0.04216563750729802,0.11154887658836594,-40.37,0.386,-0.37800145368470445,0.7643612785322886,0.764,Yes,"Shimeng Supply Chain Management Co., Ltd."
589400.SS,-0.09719764249399368,0.2571073374028602,-70.68,0.891,-0.378043051885739,,,,Fullgoal SSE STAR Chip Design Thm ETF
001386.SZ,-0.03835295479561773,0.10026420151678134,-37.46,0.347,-0.38251892714867486,0.892870780266986,0.893,Yes,"MarcoPolo Holdings Co., Ltd."
159050.SZ,-0.04480460396095277,0.11507758786216327,-42.31,0.399,-0.38934257133212136,2.0203111945298007,2.02,Yes,GF CNI Robot ETF
589390.SS,-0.10016619153899174,0.2557376500864203,-71.82,0.886,-0.391675576533776,,,,CMF SSE STAR Chip Design Theme ETF
520590.SS,-0.025155259883128875,0.06413946202841073,-26.34,0.222,-0.3921963029871734,0.11916542360160823,0.119,Yes,Penghua Hang Seng Technology ETF (QDII)
603418.SS,-0.028311744687015583,0.0717444229094698,-29.15,0.249,-0.3946194496921463,0.7447674818868342,0.745,Yes,"Shanghai Unison Aluminium Products Co., Ltd."
603402.SS,-0.048216494121563105,0.121932122040708,-44.73,0.422,-0.39543717696855674,-0.5861252094853167,0.586,No,"Shaanxi Tourism Culture Industry Holding Co.,Ltd"
563570.SS,-0.026352933770443888,0.06443747365959918,-27.42,0.223,-0.40896907147007805,0.9728535869481044,0.973,Yes,CIB CSI Fintech Theme ETF
508029.SS,-0.022394154077702243,0.05469979278826495,-23.8,0.189,-0.40940107697275563,0.557519187682186,0.558,Yes,China Securities Co. Ltd. - Shenyang International Software Park INF Fund
515730.SS,-0.018163137854547023,0.044257842137965284,-19.75,0.153,-0.41039366080991807,0.8541426118202727,0.854,Yes,Maxwealth CSI Household Appliances ETF
603092.SS,-0.042447987266436775,0.10329407041843205,-40.58,0.358,-0.41094311701034725,0.9449856990658277,0.945,Yes,"Delijia Transmission Technology (Jiangsu) Co.,Ltd."
159128.SZ,-0.029297021234107733,0.0700405000760041,-30.01,0.243,-0.4182868654894842,0.024611934027434335,0.025,Yes,TianHong CNI HKC Technology ETF
688712.SS,-0.03685793695124665,0.08747067303931592,-36.28,0.303,-0.4213747953520366,1.3012163706695878,1.301,Yes,"Insight Lifetech Co., Ltd."
159121.SZ,-0.030710636121386012,0.07252396867883103,-31.22,0.251,-0.4234549857218462,-0.5934334162030611,0.593,No,E Fund Hang Seng SCHK Automobile ETF
589290.SS,-0.12751801267406945,0.3010172800739583,-80.54,1.043,-0.42362356288230024,,,,China Universal SSE STAR Chip Ds Thm ETF
589420.SS,-0.10007570820459964,0.23606662499491174,-71.79,0.818,-0.4239299316739785,,,,Maxwealth SSE STAR Chip Design Thm ETF
159125.SZ,-0.029216653365224405,0.06800997053247855,-29.94,0.236,-0.4295936777574668,0.019373592856441357,0.019,Yes,CMF CNI HKC Technology ETF
603210.SS,-0.022190640379229375,0.05159238803356883,-23.61,0.179,-0.43011462010230905,0.6363803264689527,0.636,Yes,"Zhejiang Tion Vanly Tech. Co., Ltd."
515720.SS,-0.02828696318648608,0.06502606710791317,-29.13,0.225,-0.4350095960677249,1.012283742076114,1.012,Yes,Fullgoal CSI Fintech Theme ETF
159186.SZ,-0.05106655050270655,0.11528991716484793,-46.69,0.399,-0.44294030005840634,-2.0126996734362974,2.013,No,Penghua Hang Seng SCHK Automobile ETF
589350.SS,-0.13213008468437706,0.29728501344232416,-81.74,1.03,-0.4444559217917368,,,,Yinhua SSE STAR Chip Design Thematic ETF
301575.SZ,-0.02922912676424377,0.06559854378625311,-29.95,0.227,-0.445575847834126,1.000170740515558,1.0,Yes,"JiangXi Avonflow HVAC Tech Co., Ltd."
159299.SZ,-0.02919031816266325,0.06548016573255254,-29.92,0.227,-0.4457887031301709,1.031582220316369,1.032,Yes,E Fund CSI Fintech Theme ETF
560310.SS,-0.04382696158795962,0.09807631242580984,-41.6,0.34,-0.4468659200570237,1.5907928398814966,1.591,Yes,Bosera CSI Photovoltaic Industry ETF
520570.SS,-0.027820348009526374,0.06183873975919707,-28.72,0.214,-0.44988542971380246,0.1507822030236025,0.151,Yes,China Southern Hang Seng TECH ETF (QDII)
603435.SS,-0.11175906762180508,0.24773325354042264,-75.88,0.858,-0.451126629245877,4.397252946781093,4.397,Yes,"Quanzhou Jiadeli Electronics Material Co., Ltd."
159193.SZ,-0.052731605963395004,0.11649034850143877,-47.8,0.404,-0.45266931245161235,2.452155415347095,2.452,Yes,Yinhua CNI New Energy Battery ETF
001391.SZ,-0.03534266722181347,0.07769140951045798,-35.07,0.269,-0.4549108768203777,0.4629368244744324,0.463,Yes,"Air China Cargo Co., Ltd."
513720.SS,-0.04743159344812681,0.10414566856210089,-44.18,0.361,-0.45543510453191705,-0.37772304413041113,0.378,No,Guotai CSI HKC Internet ETF
159010.SZ,-0.02217534253080767,0.04809018101853377,-23.59,0.167,-0.46111996380844106,-0.7089723538593037,0.709,No,Bosera Hang Seng SCHK Technology ETF
159009.SZ,-0.053031592745063555,0.11208161700535475,-48.0,0.388,-0.47315156724166413,2.299670228829958,2.3,Yes,E Fund ChiNext New Energy ETF
520650.SS,-0.04548432895242141,0.09591390743045348,-42.8,0.332,-0.47422037294645497,-0.2842674681272215,0.284,No,China Southern CSI HKC Internet ETF
601026.SS,-0.03192896330666897,0.06677524993026483,-32.25,0.231,-0.478155654078618,0.14707508508245137,0.147,Yes,Techstorm Advanced Material Corporation Limited
561030.SS,-0.037956402172531295,0.07874124016505955,-37.15,0.273,-0.48203967949915494,-0.9578891636630796,0.958,No,Huatai-PB CSI Constrction Mchnry Thm ETF
159103.SZ,-0.02989492820811349,0.06117139655258131,-30.53,0.212,-0.48870762959313185,0.9895115637399793,0.99,Yes,China Universal CSI Fintech ETF
560930.SS,-0.05229861041330275,0.10667864743433855,-47.51,0.37,-0.4902444085213295,-1.1058477579233223,1.106,No,E Fund CSI All Share Electric Utilit ETF
180105.SZ,-0.02154835357932055,0.04373354887062682,-23.0,0.151,-0.4927190711886928,0.2511075734074325,0.251,Yes,E Fund Management Co. Ltd - E Fund Guangzhou Development Zone Close-end Infrastructure Fund
601112.SS,-0.040920051962265724,0.08248095488398621,-39.43,0.286,-0.4961151579758251,1.5980945325716038,1.598,Yes,"Zhejiang Zhenshi New Materials Co., Ltd."
159052.SZ,-0.09135849092894054,0.18325793432757034,-68.33,0.635,-0.4985240680801238,,,,Harvest CNI New Energy Battery ETF
301491.SZ,-0.03685045221923449,0.07377686346280238,-36.27,0.256,-0.4994852110758836,0.819895036552374,0.82,Yes,Hansong (Nanjing) Technology Limited
563670.SS,-0.031475632672361614,0.06273005534196348,-31.87,0.217,-0.501763189921911,0.9893277094041194,0.989,Yes,Penghua CSI Fintech Theme ETF
159028.SZ,-0.0609413964032165,0.11793878224259126,-52.98,0.409,-0.516720583716598,-1.8913652462538746,1.891,No,TianHong Hang Seng SCHK Automobile ETF
180306.SZ,-0.02471800297685038,0.04695397617979216,-25.94,0.163,-0.526430453561639,0.6146080419347595,0.615,Yes,"China Asset Management Co., Ltd - Prologis Warehousing & Logistics Fund"
159177.SZ,-0.03364331547742409,0.06272311626340331,-33.68,0.217,-0.5363782522561584,-0.9515348691116075,0.952,No,Penghua CSI Construction Machinery ETF
520920.SS,-0.03342535999889307,0.06184576527412566,-33.5,0.214,-0.5404631966431046,0.13719701482857383,0.137,Yes,TianHong Hang Seng Technology ETF (QDII)
159015.SZ,-0.025480764230531,0.04690853111347604,-26.64,0.162,-0.5432010686689527,-0.6619052527987848,0.662,No,GuoLian Hang Seng SCHK Technology ETF
159076.SZ,-0.07647087708437225,0.14075543412968042,-61.5,0.488,-0.5432889860146949,,,,Hwabao WP ChiNext New Energy ETF
520730.SS,-0.060655809701308766,0.1111761155966559,-52.8,0.385,-0.5455830991736255,-1.8581021758053953,1.858,No,Wanjia Hang Seng SCHK Automobile ETF
159048.SZ,-0.07979980421607709,0.14290810173431256,-63.14,0.495,-0.558399441652628,,,,DaCheng CNI Robot ETF
603370.SS,-0.03876310488654184,0.06711152020749035,-37.77,0.232,-0.5775924128480027,1.0365857939752372,1.037,Yes,Jiangyin Huaxin Precision Technology Corporation
589360.SS,-0.11917156124271565,0.20531020175750372,-78.19,0.711,-0.5804463695548443,,,,Guotai STAR 50 ETF
159039.SZ,-0.08180322100738002,0.13965694426092545,-64.09,0.484,-0.5857440275547237,,,,Huaan CNI Robot ETF
001237.SZ,-0.08921221286210396,0.1499964643510173,-67.42,0.52,-0.5947621048809002,2.555380144200894,2.555,Yes,"Ningbo Hicon Industry Technology Co., Ltd."
159071.SZ,-0.10142390210647917,0.16991843272721674,-72.29,0.589,-0.5968975847917738,,,,Hwabao WP CNI New Energy Battery ETF
516840.SS,-0.06586675648689728,0.1090748077268327,-55.85,0.378,-0.6038677294930852,-1.9850786474255444,1.985,No,China Southern CSI All Shr Automobl ETF
589310.SS,-0.08880643453969343,0.14271257995707964,-67.24,0.494,-0.622274746671959,,,,Xinyuan SSE STAR AI ETF
561460.SS,-0.09029588526564523,0.14509264924727266,-67.88,0.503,-0.6223325973720377,,,,TianHong CSI Artificial Intelligence ETF
603376.SS,-0.04177960674388259,0.0643260732155053,-40.08,0.223,-0.6494972358084488,0.08858477220650973,0.089,Yes,"Daming Electronics Co.,Ltd."
563870.SS,-0.049966710354195296,0.07012831478313054,-45.94,0.243,-0.7125040792540883,1.3191548305285843,1.319,Yes,Penghua CSI General Aviation Theme ETF
001399.SZ,-0.20510285501568348,0.28258986767461663,-93.64,0.979,-0.7257969179979437,,,,HKC Corporation Limited
560910.SS,-0.0783154290628837,0.10641401690122315,-62.42,0.369,-0.7359503131582614,1.967595936800534,1.968,Yes,Huatai-PB CSI Battery Thematic ETF
508601.SS,-0.012965949668165597,0.01739658888934296,-14.5,0.06,-0.7453156334635496,,,,China Fund Management Co Ltd - China First Agricultural Food Group Reits Fund
560410.SS,-0.06888788794823607,0.09128528813661183,-57.54,0.316,-0.75464392296317,1.9595877170396356,1.96,Yes,Penghua CSI Battery Thematic ETF
301669.SZ,-0.164697469619238,0.215793719002364,-88.46,0.748,-0.7632171611882447,,,,"Hangzhou Gold Electronic Equipment Co., Ltd."
001369.SZ,-0.03328968134721719,0.04239199053903583,-33.39,0.147,-0.785282335741301,-0.2351815878129215,0.235,No,"Inner Mongolia Shuangxin Environmental Protection Materials Co., Ltd."
688797.SS,-0.2883752063470359,0.3668159305460864,-98.31,1.271,-0.7861578037729327,,,,"Chongqing Genori Technology Co., Ltd."
301513.SZ,-0.11926586105440028,0.15122017670210816,-78.22,0.524,-0.7886901315380991,3.1675989489185192,3.168,Yes,Shangshui Smartech Ltd.
688816.SS,-0.06775305620758602,0.08523997313171365,-56.91,0.295,-0.7948507457046394,1.2141996355112443,1.214,Yes,"Isvision (Hangzhou) Technology Co., Ltd."
512430.SS,-0.0226031106038312,0.02483337358653707,-23.99,0.086,-0.9101908979489213,0.35228818978176624,0.352,Yes,Huatai-PB CSI Household Appliances ETF
301599.SZ,-0.1283627717565506,0.13954564552777282,-80.77,0.483,-0.919862252032819,2.8182844178871025,2.818,Yes,"Wuxi Rich Intelligent Equipment Co., Ltd."
301632.SZ,-0.0699929729979504,0.07371259692874488,-58.14,0.255,-0.949538829375526,0.6035285577529742,0.604,Yes,"Guangdong Provincial Academy of Building Research Group Co., Ltd."
603352.SS,-0.07090552559928145,0.07386689288371194,-58.63,0.256,-0.9599094104432883,0.10100380747898235,0.101,Yes,"Chongqing Zhixin Industrial Co., Ltd"
301656.SZ,-0.060944232562591585,0.05725442345100552,-52.98,0.198,-1.0644458347352594,0.460023407348424,0.46,Yes,"Suzhou Inovance Automotive Co., Ltd."
001393.SZ,-0.13685202375278485,0.09515437917938828,-82.9,0.33,-1.4382104631757069,1.407606935380616,1.408,Yes,"Beijing Victory Electric Co.,Ltd."
603293.SS,-0.07748301553199063,0.05034550110496604,-62.01,0.174,-1.5390256096656028,1.0328190397048655,1.033,Yes,"Wuhu Atech Automotive Co., Ltd."
001312.SZ,-0.06602394313245422,0.040116874440351766,-55.94,0.139,-1.645789809239069,0.5148921226677661,0.515,Yes,"Hangzhou Fuen Co., Ltd"
001365.SZ,-0.08160695945898983,0.04858135126078493,-64.0,0.168,-1.6798001154995312,0.34254508063840927,0.343,Yes,"Tianhai Auto Electronics Group Co., Ltd."
159161.SZ,-0.030544175248483976,0.015909790715762692,-31.08,0.055,-1.9198351376314589,,,,Eastmoney CSI Construction Mchn Thm ETF
688806.SS,-0.05176568666043079,,-47.16,,,,,,"Zhuhai Trinomab Pharmaceutical Co., Ltd."
688825.SS,0.07485634629336117,,137.8,,,,,,CXMT Corporation
588510.SS,0.014084535616853508,,18.27,,,,,,ChinaAMC CSI STAR&CHINEXT AI ETF
588530.SS,0.006389757497331002,,7.94,,,,,,BOCI CSI STAR&CHINEXT AI ETF
589410.SS,0.016706442216533147,,22.0,,,,,,Harvest SSE STAR AI ETF
515840.SS,-0.0009671631452848908,,-1.15,,,,,,China Southern CSI All Share Food ETF
516440.SS,-0.036622537602012326,,-36.09,,,,,,China Southern CSI Const Machnry Thm ETF
520740.SS,-0.08382458977070227,,-65.03,,,,,,Huaan CSI Hong Kong Connect Internet ETF
520750.SS,0.10155313892866884,,219.2,,,,,,Harfor CSI HKC IT Composite ETF
561020.SS,-0.003032891547885241,,-3.58,,,,,,CMF CSI All Share Food ETF
561250.SS,0.09758656229870533,,205.68,,,,,,Penghua CSI Rare Metals Industry ETF
561390.SS,0.008294140911646479,,10.42,,,,,,Ping An CSI Rare Metals Industry ETF
561400.SS,0.027226489453359943,,38.04,,,,,,Xinyuan CSI Livestock Breeding Ind ETF
561450.SS,-0.03495666212078094,,-34.75,,,,,,Huatai-PB S&P CN A LC Lw Vl Hg Dv 50 ETF
561490.SS,0.004854364437391164,,5.98,,,,,,Caitong Secs CSI All Shr Div Quality ETF
561620.SS,0.06380849373637755,,110.07,,,,,,Huatai-PB CSI Chemicals Sub-industry ETF
561630.SS,0.001902925073842272,,2.31,,,,,,Huatai-PB CSI All Share Div Quality ETF
561810.SS,0.008394926587877435,,10.55,,,,,,Huatai-PB CSI All Shr Health Cr Dvc ETF
562970.SS,0.026288156061635842,,36.53,,,,,,"E Fund Management Co., Ltd. - Photovoltaic Industry Fund"
563380.SS,0.05758580989643062,,95.79,,,,,,Huatai-Pinebridge Fund Management Co Ltd - Huatai-PineBridge CSI All-Share Aviation Aerospace ETF
301677.SZ,-0.37991361153552017,,-99.68,,,,,,"Zhejiang Xinxing Tools Co., Ltd."
508030.SS,0.01849289032032303,,24.59,,,,,,AVIC-CNNC Huineng New Energy Closed-end Infrastructure Securities Investment Fund
512420.SS,-0.03528002243995559,,-35.01,,,,,,Huaan CSI Construction Machinery Thm ETF
515040.SS,0.07730433400814382,,144.38,,,,,,ChinaAMC CSI Idst Nfrs Mtl ETF
301583.SZ,-0.17192518583388777,,-89.6,,,,,,"Tolerance Technology (Jiangsu) Co., Ltd."
158006.SZ,0.05890607264565385,,98.74,,,,,,Bosera CSI Chemicals Sub-industry ETF
158009.SZ,0.02676791598292778,,37.3,,,,,,China Southern CNI Aerospace ETF
159059.SZ,-0.03523804052616485,,-34.98,,,,,,DaCheng CSI All Share Electric Utlt ETF
159069.SZ,0.0182001482944245,,24.16,,,,,,Huatai-PB ChiNext New Energy ETF
159072.SZ,0.09867169864073158,,209.33,,,,,,IGW CNI Grain Industry ETF
159075.SZ,0.04489340367885753,,69.38,,,,,,ChinaAMC CSI Industrial Internet Thm ETF
159077.SZ,-0.06318741697243693,,-54.31,,,,,,Xinyuan CSI Battery Thematic ETF
159079.SZ,-0.011935040149460388,,-13.42,,,,,,AIFMC CNI Value 100 ETF
159085.SZ,-0.011374374702047383,,-12.83,,,,,,Maxwealth CNI Value 100 ETF
159086.SZ,0.020833291000488804,,28.07,,,,,,GF CSI Fintech Theme ETF
159087.SZ,0.06074162895182222,,102.92,,,,,,Wanjia CSI Chemicals Sub-industry ETF
159091.SZ,0.007386903620550318,,9.23,,,,,,E Fund CSI HKC Mainland Financials ETF
159093.SZ,0.059880302924850914,,100.95,,,,,,China Universal CSI Chemical Sub-ind ETF
159099.SZ,0.034943453079045846,,51.01,,,,,,Hwabao WP CSI Cloud Computing 50 ETF
001248.SZ,-0.0690439928938963,,-57.62,,,,,,China Resources New Energy Holdings Company Limited
