Ticker,mean,std,Return,Risk,sharpe,Name
0165X0.KQ,0.001286008230452675,0.0018186902808295976,1.55,0.006,0.7071067811865475,Meritz No. 2 Special Purpose Acquisition Company
003690.KS,0.03309809724283819,0.05599859996886529,47.81,0.194,0.591052227399264,Korean Reinsurance Company
002960.KS,0.03148879128237369,0.05595112792029218,45.07,0.194,0.5627910008754878,"Hankook Shell Oil Co.,Ltd."
015360.KS,0.030092187061060555,0.05385145137341981,42.73,0.187,0.5587999263454125,"INVENI Co., Ltd."
005945.KS,0.03281916143845844,0.06008121114181254,47.33,0.208,0.546246668713016,"NH Investment & Securities Co., Ltd."
316140.KS,0.03706810852621682,0.07163243355806602,54.77,0.248,0.5174766050097825,Woori Financial Group Inc.
000815.KS,0.030395617069962518,0.059168199463200476,43.23,0.205,0.5137154306827775,"Samsung Fire & Marine Insurance Co., Ltd."
055550.KS,0.03847128671930057,0.07807625123238816,57.3,0.27,0.4927399319518254,"Shinhan Financial Group Co., Ltd."
105560.KS,0.03975797131233264,0.08163737556459849,59.66,0.283,0.48700697489806893,KB Financial Group Inc.
086790.KS,0.041788293439544516,0.08606364066509727,63.44,0.298,0.485551077279625,Hana Financial Group Inc.
012450.KS,0.07952889546452538,0.16604032488014997,150.5,0.575,0.4789733790386784,"Hanwha Aerospace Co., Ltd."
347850.KQ,0.09812067524830313,0.20569929426250141,207.47,0.713,0.4770102668562745,D&D Pharmatech Inc.
298040.KS,0.10847253963851394,0.22981736106074524,244.11,0.796,0.47199454008978253,Hyosung Heavy Industries Corporation
071055.KS,0.046889549093721436,0.09934967329314916,73.3,0.344,0.47196480410524705,"Korea Investment Holdings Co., Ltd."
267260.KS,0.09061355505261198,0.19329616015143233,183.17,0.67,0.4687809368878481,"HD Hyundai Electric Co., Ltd."
278470.KS,0.08842609132270005,0.18985803785005276,176.43,0.658,0.46574847356495774,"APR Co., Ltd."
338100.KS,0.0167801912343276,0.036661213276060964,22.1,0.127,0.4577096537414578,"NH Prime REIT Co., Ltd."
033780.KS,0.027043356675662367,0.061432656385904325,37.74,0.213,0.44021141631549965,KT&G Corporation
139130.KS,0.03163040391711224,0.07398993847419275,45.31,0.256,0.4274960159366093,"iM Financial Group Co., Ltd."
003475.KS,0.023325578397252154,0.055140545105107186,31.88,0.191,0.42302045351183354,"Yuanta Securities Korea Co., Ltd."
024110.KS,0.025077895669583516,0.059408494645248826,34.61,0.206,0.4221264285407897,Industrial Bank of Korea
175330.KS,0.03993760175018878,0.09581106403206366,59.99,0.332,0.4168370548188825,"JB Financial Group Co., Ltd."
003300.KS,0.02221057616519956,0.05430550277634745,30.16,0.188,0.40899310437603187,"Hanil Holdings Co., Ltd."
079550.KS,0.07853561682687213,0.1933855085341765,147.75,0.67,0.4061091103576292,"LIG Defense&Aerospace Co., Ltd."
012630.KS,0.045432117283696616,0.11204896480014842,70.43,0.388,0.40546664009551325,"HDC HOLDINGS CO.,Ltd"
119850.KQ,0.10098319141594216,0.2565813487359132,217.23,0.889,0.3935718317541439,"GnCenergy Co., Ltd"
021240.KS,0.030573915819179877,0.07811212869850673,43.53,0.271,0.3914106084240457,"COWAY Co., Ltd."
138930.KS,0.03138261799846058,0.08166879300673491,44.89,0.283,0.3842669499948723,BNK Financial Group Inc.
453340.KS,0.018849604057296233,0.04921344187157414,25.12,0.17,0.38301738997417756,"Hyundai Green Food Co., Ltd"
066620.KQ,0.023022496587055487,0.060167062332876844,31.41,0.208,0.3826428563136844,"Kukbo Design Co., Ltd."
003650.KS,0.023778992878237898,0.062254945645123655,32.58,0.216,0.3819615073441233,"Michang Oil Ind. Co., Ltd."
003610.KS,0.0316773783074737,0.08344909159042067,45.39,0.289,0.37960123596012907,"Pangrim Co., Ltd."
127120.KQ,0.0817112675603755,0.21672052438552739,156.65,0.751,0.37703520601961127,"JS Link, Inc."
003230.KS,0.07654786538889785,0.20374568131045823,142.33,0.706,0.37570300826282427,"Samyang Foods Co., Ltd."
071050.KS,0.048782822170063064,0.13011510268491372,77.1,0.451,0.37492052162611267,"Korea Investment Holdings Co., Ltd."
034950.KQ,0.013147344056138321,0.03521904136449965,16.97,0.122,0.3733021555036043,Korea Ratings Corporation
272210.KS,0.0677429667305441,0.18239356330341136,119.58,0.632,0.37141095060385326,"Hanwha Systems Co., Ltd."
016360.KS,0.0347393236686849,0.09377449875320396,50.65,0.325,0.37045597823041393,"Samsung Securities Co.,Ltd."
001800.KS,0.02154432336847428,0.05862511769000354,29.15,0.203,0.36749305105698593,ORION Holdings Corp.
475830.KQ,0.1309778472446755,0.3576221780700603,337.97,1.239,0.3662464334608917,"Orum Therapeutics, Inc."
001275.KS,0.020672219570234254,0.05684754635101469,27.83,0.197,0.3636431279300988,"BOOKOOK Securities Co., Ltd."
001720.KS,0.040511541389094664,0.11241450769304648,61.05,0.389,0.36037645158499904,"Shinyoung Securities Co., Ltd."
016610.KS,0.03625742991666934,0.10095172148731862,53.32,0.35,0.3591561330751941,"DB Securities Co., Ltd."
125490.KQ,0.12887884700630278,0.36500025478456377,328.32,1.264,0.353092485051474,"Hallacast Co.,Ltd"
108490.KQ,0.09734278366908618,0.27573165061734217,204.87,0.955,0.3530344936866809,"ROBOTIS Co., Ltd."
100840.KS,0.05914794301720033,0.1683129300489724,99.29,0.583,0.35141651327673173,"SNT Energy Co., Ltd."
476060.KQ,0.11750004293590141,0.3346288432921576,279.29,1.159,0.351135430466508,Onconic Therapeutics Inc.
138040.KS,0.027350947870210512,0.07802727663981689,38.24,0.27,0.3505305970944714,Meritz Financial Group Inc.
044820.KS,0.03977614114847854,0.11463037767079724,59.69,0.397,0.3469947666290534,"Cosmax BTI, Inc."
036530.KS,0.04443514840164592,0.12875029602088797,68.49,0.446,0.345126572714341,"SNT Holdings Co., Ltd."
083650.KQ,0.08665850822315556,0.2520379887322248,171.09,0.873,0.34383113696096423,"BHI Co., Ltd."
458870.KQ,0.09179310496838239,0.2690078926218975,186.87,0.932,0.3412282965890583,"SEERS Co., Ltd."
034590.KS,0.005423581498429452,0.015958364205207926,6.71,0.055,0.3398582353860238,"Incheon City Gas Co., Ltd."
071970.KS,0.06815440464615741,0.20072330394370477,120.6,0.695,0.3395440554589123,"HD-Hyundai Marine Engine Co., Ltd."
064350.KS,0.0634941379429365,0.19111000194925998,109.33,0.662,0.3322386965376846,Hyundai Rotem Company
003547.KS,0.0199433165836794,0.06003477152764254,26.74,0.208,0.3321960936337811,"Daishin Securities Co.,Ltd"
332370.KQ,0.017486572975571144,0.05267062879663669,23.12,0.182,0.331998561154215,"IDP Corp., Ltd."
267250.KS,0.047853400957758266,0.14416840311673937,75.23,0.499,0.33192710693347494,"HD Hyundai Co., Ltd."
000880.KS,0.057813851147827174,0.17422825776685272,96.3,0.604,0.3318282113868809,Hanwha Corporation
244920.KS,0.04174133888958213,0.126308795845685,63.35,0.438,0.3304705631156416,Aplus Asset Advisor Co. Ltd
030200.KS,0.02061511803375601,0.062677994341369,27.75,0.217,0.32890519631942866,KT Corporation
003470.KS,0.02709096234068167,0.08349937113424263,37.82,0.289,0.32444510626466044,"Yuanta Securities Korea Co., Ltd."
000155.KS,0.08104515027507238,0.24992266559457224,154.76,0.866,0.32428091338680287,Doosan Corporation
065710.KQ,0.04229416192037372,0.13092238428102632,64.39,0.454,0.32304759917592735,"Seoho Electric Co.,Ltd"
115180.KQ,0.07020308886491546,0.2177222094711854,125.73,0.754,0.32244339718684756,"Qurient Co., Ltd."
003545.KS,0.019738837788801353,0.06139993044197356,26.44,0.213,0.32147980700818024,"Daishin Securities Co.,Ltd"
005830.KS,0.028899388924900276,0.089930250595979,40.76,0.312,0.3213533681200754,"DB Insurance Co., Ltd."
092460.KQ,0.04313810983592435,0.1357206085470458,66.0,0.47,0.3178449485139988,"Hanla IMS Co., Ltd."
241770.KQ,0.05038487484261446,0.16029666941860699,80.38,0.555,0.31432265576920254,"Mecaro Co., Ltd."
034020.KS,0.06526097222944373,0.20769446289520282,113.54,0.719,0.31421623532820275,"Doosan Enerbility Co., Ltd."
062040.KS,0.08991384420707128,0.2873709682579595,181.0,0.995,0.31288423027603757,"Sanil Electric Co., Ltd."
009540.KS,0.044772579021744176,0.1438058526224647,69.15,0.498,0.3113404510683316,"HD Korea Shipbuilding & Offshore Engineering Co., Ltd."
047810.KS,0.03451905539289195,0.11114221276642278,50.27,0.385,0.31058456129029416,"Korea Aerospace Industries, Ltd."
009970.KS,0.029767812937884785,0.09593004182488668,42.19,0.332,0.31030751547282515,"Youngone Holdings Co., Ltd."
145995.KS,0.014729898534208034,0.047650133684770835,19.18,0.165,0.3091260694388307,Samyang Corporation
001270.KS,0.03808749199397942,0.12352511821978844,56.61,0.428,0.3083380331295072,"BOOKOOK Securities Co., Ltd."
466100.KQ,0.07629467241322316,0.24791678533497766,141.64,0.859,0.3077430691517563,"CLOBOT Co., Ltd"
093050.KS,0.01971037085227414,0.0642902452073728,26.39,0.223,0.3065841604538438,LF Corp.
001750.KS,0.03312676454966798,0.10811253570964018,47.86,0.375,0.30641002296567293,Hanyang Securities Co. Ltd.
214450.KQ,0.04721804138253899,0.15503766831899232,73.96,0.537,0.3045585108090452,"PharmaResearch Co., Ltd."
329180.KS,0.051643837865608354,0.16960844081668264,82.99,0.588,0.3044886069168362,"HD Hyundai Heavy Industries Co., Ltd."
029780.KS,0.019557350051705023,0.0643059661374542,26.17,0.223,0.30412963565310763,"Samsung Card Co., Ltd."
030610.KS,0.030008758994586902,0.09902222005658222,42.59,0.343,0.30305075949054283,"Kyobo Securities Co.,Ltd."
000240.KS,0.03334135691858119,0.1100950836835744,48.23,0.381,0.3028414694193611,"Hankook & Company Co., Ltd."
071320.KS,0.04928681232232256,0.16287972788024282,78.13,0.564,0.3025963572247655,Korea District Heating Corp.
023590.KS,0.03282465609655617,0.10880333959078928,47.34,0.377,0.3016879465282051,Daou Technology Inc.
00088K.KS,0.046644241448024405,0.15525011883660578,72.82,0.538,0.30044576968804454,Hanwha Corporation
082740.KS,0.07063611685922576,0.23518740742109875,126.83,0.815,0.3003397062528653,"Hanwha Engine Co., Ltd."
123330.KQ,0.11183283886896135,0.37456839602956815,256.84,1.298,0.29856453468683286,"Genic Co., Ltd."
087010.KQ,0.0861898754627716,0.2895606106312486,169.69,1.003,0.29765745857102505,"Peptron, Inc."
468530.KQ,0.16449637093862354,0.5541004902808242,521.81,1.919,0.29687100773950764,"Proteina Co., Ltd."
039490.KS,0.044632529713937844,0.15068801886649755,68.87,0.522,0.2961916285692239,"Kiwoom Securities Co., Ltd."
068930.KQ,0.018912403078383776,0.06443944852937392,25.21,0.223,0.2934910758859582,"Digital Daesung Co., Ltd."
353810.KQ,0.029301126327493914,0.10007729430077983,41.42,0.347,0.292784957189491,"EASY BIO,Inc."
017800.KS,0.030812130778492083,0.10525862210853967,43.93,0.365,0.2927278560298794,"Hyundai Elevator Co., Ltd"
032640.KS,0.01698255980054282,0.058740003236925256,22.39,0.203,0.2891140426404882,LG Uplus Corp.
005725.KS,0.016259230367196037,0.05648861837760344,21.35,0.196,0.2878319710089154,Nexen Corporation
003800.KQ,0.014811652129474741,0.05162353883043812,19.3,0.179,0.2869166365778384,Ace Bed Company Limited
052330.KQ,0.018257057515703976,0.06374298035239738,24.25,0.221,0.2864167538883727,Kortek Corporation
101930.KQ,0.05873509083954269,0.20720292396834156,98.36,0.718,0.28346651540746015,"Inhwa Precision Co., Ltd"
003570.KS,0.045043278436817415,0.15946987776115967,69.67,0.552,0.2824563426597679,"Snt Dynamics Co.,Ltd."
192400.KS,0.020209228230551237,0.07189900890472803,27.14,0.249,0.28107798060652117,"Cuckoo Holdings Co., Ltd."
007660.KS,0.0709505707560957,0.2562337020381026,127.63,0.888,0.2768978873260988,"ISU Petasys Co., Ltd."
030190.KS,0.01964969404220657,0.07183904306393085,26.3,0.249,0.2735238834503956,"NICE Information Service Co., Ltd."
098120.KQ,0.08260352383514709,0.30260269006519935,159.2,1.048,0.27297683248403765,"Micro Contact Solution Co., Ltd."
010140.KS,0.03684601729360338,0.13602790327711975,54.37,0.471,0.2708710228263952,"Samsung Heavy Industries Co., Ltd."
014440.KS,0.017194209468125672,0.0638274916752005,22.7,0.221,0.2693856364530505,"Youngbo Chemical Co., Ltd."
033920.KS,0.018932744772530777,0.07045842582428197,25.24,0.244,0.2687080296080929,"Muhak Co., Ltd."
006125.KS,0.014602971747900132,0.05445906771228433,19.0,0.189,0.2681458269732028,"SK Discovery Co., Ltd."
257720.KQ,0.08981149755414858,0.3362384146475936,180.68,1.165,0.26710659354101063,"SILICON2 Co., Ltd."
475960.KQ,0.06793834400480891,0.2550965411090981,120.07,0.884,0.2663240501397213,"Tomocube, Inc."
499790.KS,0.05331645293822871,0.2006954715400349,86.51,0.695,0.2656584751469746,"GS P&L Co., Ltd."
000157.KS,0.06525893115159878,0.25216927721998905,113.53,0.874,0.2587901740887641,Doosan Corporation
086280.KS,0.035144197722590954,0.13725126214792321,51.36,0.475,0.2560573736998799,"Hyundai Glovis Co., Ltd."
097230.KS,0.0764464448625512,0.2992221448276483,142.05,1.037,0.25548391448963204,"HJ Shipbuilding & Construction Co., Ltd."
060370.KQ,0.05055281961874374,0.19827664966624045,80.72,0.687,0.2549610340089941,"LS Marine Solution Co., Ltd."
003160.KS,0.06531171137713856,0.25628337326982836,113.66,0.888,0.2548417813604124,D.I Corporation
310210.KQ,0.06370093558534051,0.2501576321590621,109.81,0.867,0.25464318252275603,"Voronoi, Inc."
180640.KS,0.047813458261857913,0.18789225538856774,75.15,0.651,0.2544727464310757,Hanjin Kal
194370.KS,0.0401549489190357,0.15833448498771938,60.39,0.548,0.25360835905172624,JS Corporation
00104K.KS,0.024692028151811908,0.0976704840580285,34.0,0.338,0.25280951957954617,CJ Corporation
093520.KQ,0.04788296778825673,0.1898732750687708,75.29,0.658,0.2521838198183175,MAKUS Inc.
003540.KS,0.028758502208909867,0.11421254653778834,40.53,0.396,0.2517980999521347,"Daishin Securities Co.,Ltd"
080010.KQ,0.013720810014963367,0.05463758433235865,17.77,0.189,0.251124023556754,"eSang Networks Co.,Ltd"
009680.KS,0.010342356508308047,0.04127992215939502,13.14,0.143,0.25054205452163625,Motonic Corporation
005990.KQ,0.01158352255521004,0.04633745522261909,14.82,0.161,0.24998184513066826,"Maeil Holdings Co., Ltd."
042660.KS,0.044420405162410526,0.17842077453083868,68.46,0.618,0.24896431079404824,"Hanwha Ocean Co., Ltd."
072710.KS,0.015868437540711423,0.06404031307829523,20.8,0.222,0.24778825677055613,"Nongshim Holdings Co.,Ltd."
008370.KQ,0.012893139853411225,0.0521881619656381,16.62,0.181,0.24705104314461904,Wonpoong Corporation
318060.KQ,0.1086872661461329,0.44122545352646386,244.91,1.528,0.24633045368860174,Graphy Inc.
014710.KS,0.04381994517029049,0.17825151472752532,67.3,0.617,0.24583210547901102,"SAJO SEAFOOD Co.,Ltd"
012750.KS,0.016617356313725525,0.06759809173586834,21.87,0.234,0.24582581973846107,S-1 Corporation
005710.KQ,0.026381163296757687,0.10732472884197605,36.68,0.372,0.24580694106016396,"Daewon Sanup Co., Ltd"
481070.KQ,0.0608352490047157,0.25071159253822295,103.13,0.868,0.24265032338080214,"Au Brandz Co.,Ltd"
104700.KS,0.02377829424927332,0.09836293747346637,32.58,0.341,0.24174038372621362,KISCO Corp.
141080.KQ,0.044150478034748794,0.1833389210562623,67.94,0.635,0.24081344965044318,LigaChem Biosciences Inc.
226950.KQ,0.11961194394670238,0.4981625323488041,287.98,1.726,0.2401062628751701,"OliX Pharmaceuticals, Inc"
251970.KQ,0.035421520431517396,0.14840499925333667,51.85,0.514,0.23868145015149142,"Pum-Tech Korea Co., Ltd"
016590.KS,0.027310983267016743,0.11459049494090602,38.17,0.397,0.23833550314186996,"Shindaeyang Paper Co., Ltd."
300720.KS,0.01787658323921143,0.0752326373433889,23.69,0.261,0.23761739413196767,"Hanil Cement Co., Ltd."
388720.KQ,0.05005737732517112,0.21161468076547488,79.7,0.733,0.23654964364522493,"Yuil Robotics Co., Ltd."
069510.KQ,0.020803477522560194,0.08858482325706285,28.03,0.307,0.23484245672863086,ESTec Corporation
028100.KS,0.015362485945973536,0.06576235002941572,20.08,0.228,0.23360609739618254,Dong-Ah Geological Engineering Company Ltd.
115310.KQ,0.042692877468159564,0.1842286218216057,65.15,0.638,0.23173857051104904,"INFOvine.co.,Ltd."
232140.KQ,0.053654671730967364,0.2316224841694526,87.23,0.802,0.23164707831953898,YC Corporation
005720.KS,0.01648682035493119,0.0715941610811967,21.68,0.248,0.23028163338953134,Nexen Corporation
004365.KS,0.014791674849491824,0.06432348856867046,19.27,0.223,0.22995759680696626,"Sebang Co., Ltd"
007390.KQ,0.06917475561701092,0.301311779338486,123.14,1.044,0.22957866356529577,"NatureCell Co.,Ltd."
002380.KS,0.02946559676301806,0.12960085817309305,41.69,0.449,0.22735649422679152,KCC Corporation
376900.KQ,0.10440250083317223,0.4601826638496981,229.25,1.594,0.22687186857450048,ROKIT Healthcare Inc.
474650.KQ,0.08530732133559424,0.3773283388863172,167.07,1.307,0.2260824659695012,"Link Solution Co., Ltd."
026960.KS,0.019146506411565564,0.0851817536376233,25.56,0.295,0.22477239072839286,Dong Suh Companies Inc.
001045.KS,0.01773384519324615,0.07927202136140947,23.48,0.275,0.22370875485053784,CJ Corporation
005800.KS,0.014373465182066912,0.06441209072345747,18.68,0.223,0.22314855830059888,"Shinyoungwacoal,Inc."
161580.KQ,0.05268603278775565,0.2371631047068562,85.18,0.822,0.22215105023556617,"Philoptics Co., Ltd."
102710.KQ,0.036520576602690626,0.16498532598806942,53.79,0.572,0.22135651388373495,"ENF Technology Co., Ltd."
437730.KQ,0.05170361312450229,0.23445760697840418,83.11,0.812,0.22052435743432586,"Samhyun Co., Ltd."
018670.KS,0.019141394185164924,0.08699335533068318,25.55,0.301,0.22003283023632975,"SK Gas Co., Ltd."
004800.KS,0.04399516862947574,0.20014100196967496,67.64,0.693,0.21982086727107428,Hyosung Corporation
161390.KS,0.0257380187533611,0.1175167527584668,35.66,0.407,0.21901574157908082,"Hankook Tire & Technology Co., Ltd."
395400.KS,0.014158848494786968,0.06512886497203922,18.38,0.226,0.21739743968923103,"SK Reits Co., Ltd."
017510.KQ,0.058773204242840126,0.2707300063657759,98.44,0.938,0.21709157781141283,"Semyung Electric Machinery Co.,Ltd"
003350.KS,0.05380739014755765,0.248610380055265,87.56,0.861,0.2164325968030639,"Hankook Cosmetics Manufacturing Co., Ltd"
014620.KQ,0.03599679481114827,0.16813098908776214,52.86,0.582,0.21409970289509464,"Sung Kwang Bend Co.,Ltd."
001465.KS,0.029486916947265986,0.13792308566821818,41.73,0.478,0.21379246849362435,"BYC Co., Ltd."
483650.KS,0.04255384699849475,0.1991683829649038,64.89,0.69,0.21365764166490886,"d'Alba Global Co., Ltd."
107640.KQ,0.04718001114291438,0.2222225834640307,73.88,0.77,0.21230970501497662,"HanJung Natural Connectivity System.co.,Ltd"
007330.KQ,0.011883389003514275,0.05609226590153021,15.23,0.194,0.21185432273988586,Pureun Savings Bank
065680.KQ,0.0396629703292918,0.18723692832028024,59.48,0.649,0.21183305390187698,UJU Electronics Co. Ltd
103140.KS,0.04801718765657854,0.22847317185556928,75.56,0.791,0.21016554051664715,Poongsan Corporation
064820.KQ,0.03753392413751585,0.17879364259281774,55.61,0.619,0.20992874015657875,Cape Industries Ltd.
075580.KS,0.03774421326052749,0.18001673620849293,55.99,0.624,0.209670578722262,"Sejin Heavy Industries Co., Ltd."
090360.KQ,0.05167079452805208,0.2499414573137297,83.04,0.866,0.20673158860234317,"Robostar Co., Ltd."
227840.KS,0.011378614634700126,0.055090097484460726,14.54,0.191,0.20654555272677988,"HYUNDAI CORPORATION HOLDINGS Co., Ltd."
001940.KS,0.01598422413986091,0.07753291393064202,20.96,0.269,0.20616049790363594,KISCO Holdings Corp.
036190.KQ,0.013679163651519053,0.06670336018830318,17.71,0.231,0.20507458114408117,"Geumhwa Plant Service & Construction Co., Ltd."
078000.KS,0.019534801325841435,0.0957018293630948,26.13,0.332,0.2041215037982814,"Telcoware Co.,Ltd."
017960.KS,0.03180547496583612,0.15668286828794642,45.6,0.543,0.20299267758734862,"Hankuk Carbon Co., Ltd."
016670.KQ,0.9691577737914502,4.833036246834637,339811.75,16.742,0.20052772714588954,"DMOA Co., Ltd"
015760.KS,0.025398753177073106,0.12745728792466043,35.12,0.442,0.19927266294953822,Korea Electric Power Corporation
002355.KS,0.014134775522422377,0.0711515299735859,18.34,0.246,0.1986573658735059,Nexen Tire Corporation
003530.KS,0.03464025847450583,0.17524810538696245,50.48,0.607,0.197664096841545,"Hanwha Investment & Securities Co., Ltd."
018120.KQ,0.006545452537386532,0.033463111454038276,8.14,0.116,0.19560203020501363,"Jinro Distillers Co., Ltd."
060980.KS,0.01125432386585499,0.057594589363606306,14.37,0.2,0.1954059225043548,HL Holdings Corporation
0088D0.KQ,0.005928282208736906,0.03053726013224319,7.35,0.106,0.19413274743916686,"Meritz No.1 Special Purpose Acquisition Company Co., Ltd."
083450.KQ,0.04258053991858515,0.21980969591069574,64.94,0.761,0.19371547620849613,"Global Standard Technology, Limited"
443060.KS,0.03151314195266095,0.1637910604114993,45.11,0.567,0.19239842439196092,"HD Hyundai Marine Solution CO.,LTD."
006040.KS,0.014654712857462051,0.07628904869112933,19.07,0.264,0.19209458118680223,"Dongwon Industries Co., Ltd."
039830.KQ,0.06327224933793714,0.3324056488423591,108.8,1.151,0.19034649248076865,Aurora World Corporation
002170.KS,0.008275765823538155,0.043703091274013256,10.4,0.151,0.18936339701121083,SYTS Corp.
0015N0.KQ,0.07999473327152694,0.42425606244824726,151.8,1.47,0.18855295269065264,Aromatica Co. Ltd.
204270.KQ,0.044010843210752514,0.23544857155913881,67.67,0.816,0.18692338169356057,"JNTC Co., Ltd."
108380.KQ,0.023460461609868092,0.12584939471544548,32.08,0.436,0.18641696023182217,"DAEYANG ELECTRIC.Co.,Ltd."
051600.KS,0.018189345821209672,0.09762198744802716,24.15,0.338,0.18632427280681488,"KEPCO Plant Service & Engineering Co.,Ltd."
051390.KQ,0.005958131925567426,0.03202625925618181,7.39,0.111,0.1860389587777838,Yw Company Limited
035150.KS,0.015992443253447855,0.08608177127375587,20.97,0.298,0.18578199561657419,"BAIKSAN Co,. Ltd"
482630.KQ,0.036009264705272055,0.1941340749904094,52.88,0.673,0.18548657522926348,NC Chem Corporation
009420.KS,0.03121571436694422,0.16836614021399723,44.61,0.583,0.18540375355322827,"Hanall Biopharma Co., Ltd."
112290.KQ,0.03857842747461022,0.20874928532405482,57.5,0.723,0.18480747090809183,"Ycchem Co., Ltd."
092130.KQ,0.007976208542100544,0.043481972932804334,10.0,0.151,0.18343713507265927,"e-Credible Co., Ltd."
413630.KQ,0.04162530783524214,0.22791305826511507,63.13,0.79,0.18263678330717836,"Cp System Co.,Ltd"
036000.KQ,0.033369396308557384,0.1828066562091116,48.27,0.633,0.18253928495024985,"YeaRimDang Publishing Co., Ltd."
200470.KQ,0.04091203780917508,0.2248198864871994,61.8,0.779,0.18197695252152213,"APACT Co., Ltd."
041190.KQ,0.03554035686555169,0.19535223688079872,52.06,0.677,0.1819296130570439,"Woori Technology Investment Co., Ltd"
060250.KQ,0.03903309116733419,0.2152927649973609,58.33,0.746,0.18130238221341372,NHN KCP Corp.
066430.KQ,0.04972926152935885,0.27687913114206864,79.03,0.959,0.17960639115066573,"I-ROBOTICS,Co.,Ltd."
259960.KS,0.015395422860515064,0.08588944499362057,20.12,0.298,0.1792469710528291,"KRAFTON, Inc."
462860.KQ,0.06417697170961748,0.35933052915524294,110.94,1.245,0.17860150057522903,"Dozn Co., Ltd."
489790.KS,0.03821912245549873,0.21447889633526945,56.84,0.743,0.17819525887411927,"Hanwha Vision CO.,LTD"
484870.KS,0.041382346247088926,0.23256489513405393,62.68,0.806,0.17793891990119795,"MNC Solution Co.,Ltd"
052400.KQ,0.03974276168036698,0.22338322085819473,59.63,0.774,0.1779129225896334,"Kona I Co.,Ltd."
267290.KS,0.007242415776930702,0.04081457351722576,9.05,0.141,0.17744680766721832,"Kyungdong City Gas Co., Ltd"
035000.KS,0.010228801186925061,0.057740160657514,12.99,0.2,0.17715228136612293,HS Ad Inc.
025000.KS,0.012513058293988886,0.07076367805237475,16.09,0.245,0.17682882855138649,"KPX Chemical Co.,Ltd."
340570.KQ,0.017588419921088116,0.0996074593612409,23.27,0.345,0.17657733701751352,"T&L Co., Ltd."
019180.KS,0.02681197966290678,0.1538017568233848,37.37,0.533,0.17432817554675784,THN Corporation
900260.KQ,0.03162868968780889,0.1831509374607087,45.31,0.634,0.17269193445757916,"Rothwell International Co., Limited"
059090.KQ,0.03930451570065218,0.22764203723935592,58.82,0.789,0.17265930395502987,MiCo Ltd.
039420.KQ,0.008242186539118809,0.04782176176356576,10.35,0.166,0.17235221445560234,KL-Net Corp.
330590.KS,0.01207501052363015,0.07009694820574167,15.49,0.243,0.17226157247514923,"LOTTE REIT Co., Ltd."
003480.KS,0.01707291591390157,0.10027091364512018,22.53,0.347,0.17026788021824757,"Hanjin Heavy Industries & Construction Holdings Co., Ltd."
403870.KQ,0.03177392703080913,0.1868735697471821,45.55,0.647,0.17002900449643846,"HPSP Co., Ltd."
00279K.KS,0.015917861962892656,0.09376052545007285,20.87,0.325,0.16977146711244553,AMOREPACIFIC Holdings Corp.
214430.KQ,0.036323365838487824,0.2148389573019137,53.44,0.744,0.16907252899874445,i3system Inc.
334890.KS,0.008363078279632383,0.04949192103406597,10.51,0.171,0.16897865560473924,"IGIS Value Plus REIT Co., Ltd."
000320.KS,0.02380278594835259,0.14090159286815146,32.62,0.488,0.16893198624536507,"NOROO Holdings Co., Ltd."
058650.KS,0.014828127272025877,0.0877876942096942,19.32,0.304,0.16890895022947805,SeAH Holdings Corporation
265740.KQ,0.03223327229828313,0.19083930897116338,46.33,0.661,0.16890268819383386,NFC Corporation
041960.KQ,0.022208172700659563,0.13172947474986518,30.16,0.456,0.16858924506326017,"Komipharm International Co., Ltd."
000950.KS,0.02016094787183074,0.11994944646082327,27.06,0.416,0.16807870704443406,"Chonbang Co., Ltd."
192250.KQ,0.23933829910440818,1.4291147782298785,1213.04,4.951,0.16747311185239855,"KSIGN Co.,Ltd."
111770.KS,0.022808129160124993,0.13684711289166748,31.08,0.474,0.1666686909074993,Youngone Corporation
190650.KQ,0.014787392835194675,0.08902150850608055,19.26,0.308,0.16611033764030894,"Korea Asset Investment Securities Co., Ltd."
002020.KS,0.03001795783368479,0.18115703447392745,42.61,0.628,0.16570130947912512,Kolon Corporation
044490.KQ,0.031395082434203185,0.19017876059275432,44.91,0.659,0.16508195939625508,"Taewoong Co.,Ltd"
140860.KQ,0.02139963103667256,0.13034211593862316,28.93,0.452,0.16418047906134528,Park Systems Corp.
005670.KQ,0.013844115819458486,0.08439598965640203,17.94,0.292,0.16403760268493175,"FOODWELL Co., Ltd."
318160.KQ,0.026065149438271946,0.16049648230053168,36.18,0.556,0.16240324438678116,"Cell Bio Human Tech Co.,Ltd"
304360.KQ,0.06285710399026731,0.3878516381395774,107.83,1.344,0.16206481501992967,"S.Biomedics Co., Ltd."
009180.KS,0.01369990774243559,0.08459030602820689,17.74,0.293,0.161956001647131,"Hansol Logistics Co., Ltd."
488900.KQ,0.07421772453386957,0.4594035913387881,136.11,1.591,0.16155233858225884,"Vitzro Nextech Co.,Ltd."
207940.KS,0.014310226673356337,0.0888388033690824,18.59,0.308,0.16108081300807536,"Samsung Biologics Co.,Ltd."
001040.KS,0.01989626359278445,0.12452701235697602,26.67,0.431,0.15977468033801953,CJ Corporation
011200.KS,0.014680936321275881,0.09236831529339422,19.11,0.32,0.158939093721089,"HMM Co.,Ltd"
006120.KS,0.013167879796734663,0.0832237390995164,17.0,0.288,0.15822264103021033,"SK Discovery Co., Ltd."
073240.KS,0.0217515520562552,0.1375254096148355,29.46,0.476,0.15816387762213768,"Kumho Tire Co., Inc."
033500.KQ,0.02262580101985105,0.14305922866177678,30.8,0.496,0.15815687831886313,"Dongsung FineTec Co., Ltd."
303360.KQ,0.019784980545160136,0.1251953377762517,26.5,0.434,0.15803288602104118,Protia Inc.
004690.KS,0.01512037382256038,0.09587933104522851,19.73,0.332,0.15770212054804333,"Samchully Co.,Ltd"
004970.KS,0.010675879350449361,0.06799492698398424,13.59,0.236,0.1570099391821392,"Silla Co.,Ltd"
168360.KQ,0.0469256433100298,0.2988741707482135,73.38,1.035,0.1570080251249356,PEMTRON Corporation
036460.KS,0.02437804767039739,0.15535557154280896,33.51,0.538,0.15691775601160146,Korea Gas Corporation
004700.KS,0.009337352862604849,0.059669599073247793,11.8,0.207,0.1564842567677172,"Chokwang Leather Co.,Ltd."
072130.KS,0.015770661082274224,0.10078579816167137,20.66,0.349,0.15647701729738123,UANGEL Corporation
011760.KS,0.016900780275559482,0.10833952990637138,22.28,0.375,0.1559982795768579,Hyundai Corporation
004590.KQ,0.011006033784623346,0.07057576926076936,14.04,0.244,0.15594635240825097,"Hankook Furniture Co., Ltd."
009450.KS,0.017042445503568215,0.10938558656100422,22.48,0.379,0.15580156435019582,"Kyung Dong Navien Co., Ltd."
408920.KQ,0.015445958025883494,0.09972281765688916,20.19,0.345,0.1548889049548074,"Messe eSang Co.,Ltd"
290650.KQ,0.03498708443576957,0.22712521795759513,51.08,0.787,0.15404315183663025,"L&C BIO Co.,LTD"
064260.KQ,0.030941442225413857,0.20102032896810046,44.15,0.696,0.1539219559745318,"Danal Co., Ltd."
114810.KQ,0.028435690274365228,0.18581550105713773,40.0,0.644,0.1530318520930142,"Hansol IONES Co., Ltd."
003535.KS,0.03414982963929166,0.2240702614224446,49.62,0.776,0.15240679161304782,"Hanwha Investment & Securities Co., Ltd."
025530.KS,0.008201177552169718,0.05396413262605528,10.3,0.187,0.15197460151912046,"SJM Holdings Co.,Ltd."
036830.KQ,0.03732097954713679,0.24576729312222653,55.22,0.851,0.15185494812190525,"Soulbrain Holdings Co., Ltd."
435570.KQ,0.08144623139843386,0.5382501168900757,155.89,1.865,0.15131669988112095,"ERCOHS Agricultural Corporation Co.,Ltd"
042000.KQ,0.040720264308380716,0.26936385428585613,61.44,0.933,0.1511719692916455,Cafe24 Corp.
064960.KS,0.012646420889416612,0.08372437031420618,16.28,0.29,0.15104826518200512,"SNT Motiv Co., Ltd."
425420.KQ,0.030534824529425134,0.20365805767177972,43.47,0.705,0.14993182630974417,Tfe Inc.
078350.KQ,0.033919657034725444,0.22719667900929175,49.22,0.787,0.14929644738926057,"Hanyang Digitech Co., Ltd."
040350.KQ,0.04365338361470932,0.29286814937033595,66.98,1.015,0.1490547323379607,"CreoSG Co.,Ltd."
472850.KQ,0.027283354937203307,0.1852932397693681,38.13,0.642,0.14724420044229633,"Pond Group Co., Ltd."
013580.KS,0.029571776555807474,0.20258598570007358,41.87,0.702,0.14597148195427584,"Kyeryong Construction Industrial Co., Ltd."
049520.KQ,0.01450608423959961,0.10078746133903847,18.87,0.349,0.14392746921963498,"UIL Co., Ltd."
004360.KS,0.010427689200831241,0.07322560234840311,13.26,0.254,0.14240496310589443,"Sebang Co., Ltd"
005690.KS,0.026214559825546428,0.185093487526103,36.41,0.641,0.1416287529935352,"Pharmicell Co., Ltd."
036810.KQ,0.03097281639034743,0.22117040335503543,44.2,0.766,0.1400405113907944,Fine Semitech Corp.
086820.KQ,0.024965972115217776,0.1782783362405813,34.44,0.618,0.14003929272442245,"Bio Solution Co.,Ltd."
006660.KS,0.027018706521717034,0.19319135496030526,37.7,0.669,0.13985463545855106,"Samsung Climate Control Co., Ltd."
330730.KQ,0.02207799036871041,0.1584800125247206,29.96,0.549,0.1393108822809221,Stonebridge Ventures Inc.
053610.KQ,0.025671124941419286,0.18495946239876557,35.55,0.641,0.13879325019918862,"Protec Co., Ltd."
263860.KQ,0.02282306401223082,0.16476990056715354,31.1,0.571,0.1385147647335568,"Genians, Inc."
900100.KQ,0.1379994568966003,0.9965402577767677,371.74,3.452,0.1384785570072907,PhionX
090435.KS,0.017463537288631745,0.12626568508294114,23.09,0.437,0.1383078646994259,Amorepacific Corporation
294570.KQ,0.024714692712027503,0.17928123126329965,34.04,0.621,0.13785432271898282,COOCON Corporation
365270.KQ,0.03959103845197557,0.28776304139718134,59.35,0.997,0.13758208232630728,"curacle co.,ltd."
026890.KS,0.016371128457523622,0.11905036654505367,21.51,0.412,0.13751430535350848,"STIC Investments, Inc."
099410.KQ,0.017877076843996677,0.13063736856634112,23.69,0.453,0.13684504701974476,"Dongbang Ship Machinery Co., Ltd."
100250.KS,0.004664648319125243,0.03430717271966557,5.74,0.119,0.1359671447496276,Chinyang Holdings Corp.
002030.KS,0.011811719963677119,0.0871236179342313,15.13,0.302,0.13557425923925315,"ASIA Holdings CO., Ltd."
010280.KQ,0.01802665028077105,0.13349379605003878,23.91,0.462,0.13503736363908586,"Itcenentec Co.,Ltd."
284740.KS,0.010561267663327661,0.07825025550573995,13.44,0.271,0.134967836144036,"CUCKOO Homesys Co., Ltd"
083500.KQ,0.020586532221592947,0.15330497348844394,27.7,0.531,0.13428482946865877,"FNS TECH. Co., Ltd"
078520.KS,0.02220673891582496,0.165538687137602,30.16,0.573,0.13414833293540548,"Able C&C Co., Ltd."
000970.KS,0.006889875684778523,0.0515724353483662,8.59,0.179,0.13359608942719423,"Korea Cast Iron Pipe Ind. Co., Ltd."
016450.KS,0.007962340153699055,0.05987130395673617,9.98,0.207,0.13299092599440882,"Hansae Yes24 Holdings Co., Ltd"
100030.KQ,0.011324066732309955,0.08557981977727808,14.47,0.296,0.13232169408373257,"Inzisoft Co.,Ltd."
007160.KS,0.020443447326878545,0.15456151920969277,27.49,0.535,0.13226738085527634,Sajo Industries Company Limited
008930.KS,0.01986737119378403,0.1507500856563225,26.63,0.522,0.13179011545689814,"Hanmi Science Co., Ltd."
084180.KQ,0.23204795038313308,1.7712195911884259,1123.3,6.136,0.13101026633712712,"Soosung Webtoon co., Ltd."
045340.KQ,0.026972230668727466,0.2064232199869788,37.63,0.715,0.13066471238278754,Total Soft Bank Ltd.
030520.KQ,0.02319884738582782,0.1788718668559795,31.68,0.62,0.12969533886794288,Hancom Inc.
009780.KQ,0.014689799723130417,0.11365507650642988,19.12,0.394,0.1292489537174291,"MSC Co., Ltd."
241560.KS,0.014208342728595053,0.11053324254086017,18.45,0.383,0.12854361639976986,Doosan Bobcat Inc.
136490.KS,0.017885982846685834,0.1398056046243501,23.71,0.484,0.127934662524757,"Sunjin Co.,Ltd."
006220.KS,0.02782326958258824,0.21780879882824405,39.0,0.755,0.1277417153589311,Jeju Bank
004650.KQ,0.006033279256501726,0.047332201128617794,7.49,0.164,0.12746669524426385,"Changhae Ethanol Co., Ltd."
489210.KQ,0.002045034514599389,0.016052860323890587,2.48,0.056,0.12739377739155164,Kyobo 17 Special Purpose Acquisition Company
002870.KS,0.019818314225073404,0.15672012376345118,26.55,0.543,0.126456729034917,"Shinpoong Paper Mfg. Co., Ltd"
003200.KS,0.010754512426244015,0.08520852435076244,13.7,0.295,0.12621404381999235,"Ilshin Spinning Co., Ltd"
062970.KQ,0.044775842871275486,0.35543853465777325,69.15,1.231,0.1259735186405351,"KOREA ADVANCED MATERIALS Co., Ltd."
330860.KQ,0.025927332742383607,0.20835460118762789,35.96,0.722,0.1244384937726212,Nepes Ark Corporation
084110.KQ,0.020586933495665708,0.16615184230537908,27.7,0.576,0.12390433479412113,"Huons Global Co., Ltd."
000215.KS,0.010149846538535366,0.08235738817218709,12.88,0.285,0.12324148159379186,"DL Holdings CO., LTD."
094480.KQ,0.028767444178459833,0.2347737627505273,40.54,0.813,0.12253261966512151,"Galaxia Moneytree Co., Ltd."
011790.KS,0.025299650931196214,0.20661294901703042,34.96,0.716,0.1224494933718353,"SKC Co., Ltd."
005290.KQ,0.02108150599886161,0.17322384043120345,28.45,0.6,0.12170095032175558,"Dongjin Semichem Co., Ltd."
478440.KQ,0.0013875389227393253,0.0114956490267821,1.68,0.04,0.12070122526415804,Mirae Asset Vision Special Purpose Acquisition 6 Company
321820.KQ,0.12157016359531005,1.01268935186707,296.2,3.508,0.12004684691428241,Artist Company Inc.
005810.KS,0.014394634219649498,0.11998031584872836,18.71,0.416,0.1199749652084456,Poongsan Holdings Corporation
002900.KS,0.014535634723607692,0.1215133612698707,18.91,0.421,0.11962169897782104,TYM Corporation
039980.KQ,0.021879500703319912,0.18344341583105106,29.66,0.635,0.11927111476963906,Polaris AI Corp.
158430.KQ,0.021573984615020927,0.18134881187620644,29.19,0.628,0.11896402513928742,ATON Inc.
014680.KS,0.017823888472655786,0.1498977416010567,23.62,0.519,0.11890698473692106,"Hansol Chemical Co., Ltd."
064290.KQ,0.030835626660051924,0.2597846676734575,43.97,0.9,0.11869686897308158,"INTEKPLUS Co., Ltd."
024830.KQ,0.0163278683419834,0.1378711629400041,21.45,0.478,0.11842845156161207,"Sewon Corporation Co.,Ltd."
199800.KQ,0.03752673565502185,0.31717730344827366,55.59,1.099,0.11831469416960294,ToolGen Incorporated
003100.KQ,0.008841825631397734,0.0753785845219983,11.14,0.261,0.1172989077397355,"SUN KWANG CO.,Ltd."
043370.KQ,0.008692604990940073,0.0741571714100227,10.94,0.257,0.11721866982867721,"PHA Co., Ltd."
211050.KQ,0.023278832212035104,0.19869836482835374,31.8,0.688,0.11715663705710212,"INCAR FINANCIAL SERVICE Co., Ltd."
036890.KQ,0.010238426836561112,0.08740232267675298,13.0,0.303,0.11714135875343619,"JINSUNG T.E.C., Inc."
051160.KQ,0.019920966925550336,0.1712178412031032,26.71,0.593,0.11634866311577628,GaeaSoft Corp.
192410.KQ,0.04356571761961598,0.3756770025260574,66.82,1.301,0.11596588911932189,"ONEUL E&M co.,Ltd."
014970.KQ,0.04474699822692627,0.38647454104637774,69.1,1.339,0.11578252504233272,"SAMRYOONG Co.,Ltd"
036640.KQ,0.005401080980832528,0.04696564683068862,6.68,0.163,0.11500067273220893,"HRS Co., Ltd"
039200.KQ,0.020619178477739877,0.1793880163942497,27.75,0.621,0.11494178313686303,Oscotec Inc.
084010.KS,0.012533980623794306,0.109491786686842,16.12,0.379,0.1144741628853204,"Daehan Steel Co., Ltd."
082270.KQ,0.03522661161127495,0.3084390281382038,51.5,1.068,0.11420931982541066,"GemVax&KAEL Co.,Ltd."
036200.KQ,0.016867892080539244,0.14858981838303195,22.23,0.515,0.11351983779304124,"UNISEM Co., Ltd."
134580.KQ,0.05789575571080503,0.510620051633413,96.48,1.769,0.11338323970162037,"Topco Media Co.,Ltd."
030000.KS,0.0048130205899686975,0.04255992808473134,5.93,0.147,0.11308808089117522,Cheil Worldwide Inc.
096760.KS,0.008264196993532306,0.07317862072563319,10.38,0.253,0.11293184965205968,JW Holdings Corporation
001530.KS,0.017149294383745982,0.15368717164673862,22.64,0.532,0.11158572442965448,Di Dong Il Corporation
028670.KS,0.012189469493116712,0.10924945488521318,15.65,0.378,0.11157464818404826,"Pan Ocean Co., Ltd."
486630.KQ,0.0012354355362998496,0.011078958721855586,1.49,0.038,0.11151188187592866,KB No.30 Special Purpose Acquisition Company
088130.KQ,0.028546273909574513,0.2584039161005565,40.18,0.895,0.11047152202780813,"Dong A Eltek Co., Ltd."
094280.KS,0.0041064652705550585,0.03743717967821007,5.04,0.13,0.10968949332861162,Hyosung ITX Co. Ltd
006400.KS,0.024468699324585938,0.22573067093908641,33.65,0.782,0.10839776102552247,"Samsung SDI Co., Ltd."
383800.KS,0.00871736689772238,0.08064443278043366,10.98,0.279,0.10809632602236405,LX Holdings Corp.
002795.KS,0.009240542742337966,0.08587626538272775,11.67,0.297,0.10760298787045894,AMOREPACIFIC Holdings Corp.
183190.KS,0.008955143289039172,0.08357762372856069,11.29,0.29,0.10714761786148942,"Asia Cement Co.,Ltd."
200710.KQ,0.018807742099092906,0.17559105050428736,25.06,0.608,0.10711105175963215,"ADTechnology Co.,Ltd."
351320.KQ,0.046818415691072826,0.43868222176734506,73.16,1.52,0.10672512668157078,"Nexa Dynamics Co., Ltd."
002450.KS,0.007375534664781986,0.06953481457255957,9.22,0.241,0.10606966754884514,"SAMICK MUSICAL INSTRUMENT Co., Ltd"
006090.KS,0.006461731128953767,0.06096955067515156,8.04,0.211,0.10598292192412823,Oyang Corporation
195870.KS,0.02634306881018297,0.2487106295055044,36.62,0.862,0.10591854824443662,"HAESUNG DS Co., Ltd."
006280.KS,0.01216229931025765,0.11511156371031243,15.61,0.399,0.10565662491446177,GC Biopharma Corp.
004080.KS,0.0018456755988282454,0.017701700367186136,2.24,0.061,0.10426544120301558,"Shinhung Co., Ltd"
413390.KQ,0.026135329302295555,0.25081859051336974,36.29,0.869,0.10420012826322946,"MOT Co.,Ltd."
255220.KQ,0.03469847765941692,0.33364818350530595,50.58,1.156,0.1039972023671009,"SG Co.,Ltd"
129890.KQ,0.011721007150751677,0.11282570163468919,15.01,0.391,0.1038859673011593,"Abko Co., Ltd."
482690.KQ,0.0017822718534620007,0.017205543600848684,2.16,0.06,0.10358707023787891,"Daishin Balance No.19 Special Purpose Acquisition Co., Ltd."
003830.KS,0.008073693730039475,0.07813962158656644,10.13,0.271,0.10332394201698417,"Daehan Synthetic Fiber Co., Ltd."
000590.KS,0.0064925683290696975,0.06304729968045762,8.08,0.218,0.10297932444332994,"CS Holdings Co., Ltd."
153890.KQ,0.10862785862785862,1.0647028820672704,244.69,3.688,0.10202645306730301,"Justek, Inc."
270660.KQ,0.02315048216788894,0.2269713223183658,31.61,0.786,0.10199738861906289,EVERYBOT Inc.
479880.KQ,0.0013064826866098689,0.01282750194055907,1.58,0.044,0.10185012582059509,"Korea No.15 Special Purpose Acquisition Co., Ltd."
023600.KQ,0.0064763530473381375,0.06373190672241794,8.05,0.221,0.10161869274593752,"Sambo Corrugated Board Co., Ltd."
020150.KS,0.022946199406084965,0.22908379470710766,31.29,0.794,0.10016509214640239,Lotte Energy Materials Corporation
416180.KQ,0.02137972138185762,0.21382665163160972,28.9,0.741,0.09998623286067995,"Shinsung ST Co., Ltd."
066970.KS,0.028614435116421148,0.2862124986762109,40.29,0.991,0.09997618988956994,"L&F Co., Ltd."
317330.KQ,0.02355264106003511,0.23571545457130325,32.23,0.817,0.09991979992516997,"DUKSAN TECHOPIA Co.,Ltd."
101530.KS,0.007597020812553555,0.07645524949539276,9.51,0.265,0.09936558787910772,"Haitai Confectionery&Foods Co.,ltd."
456160.KQ,0.036186263096303024,0.3651540627420493,53.2,1.265,0.09909861833268327,G2GBIO Inc.
092730.KQ,0.014141454012555574,0.1435111370146738,18.35,0.497,0.09853907025424537,"NeoPharm CO., LTD."
035250.KS,0.006659255575339007,0.06759364969628803,8.29,0.234,0.09851895267174345,"Kangwon Land, Inc."
377300.KS,0.021896029589818455,0.22257230297208014,29.68,0.771,0.0983771533898588,Kakao Pay Corp.
071280.KQ,0.01570562536526432,0.1601639143497628,20.56,0.555,0.0980596998333013,Rorze Systems Corporation
000100.KS,0.013041311816590195,0.13592025127225607,16.82,0.471,0.09594826153218108,Yuhan Corporation
082800.KQ,0.017138049865829872,0.18018295970312198,22.62,0.624,0.09511470948233583,"Vivozon Pharmaceutical Co., Ltd."
293940.KS,0.004231883560924058,0.04461184442444228,5.2,0.155,0.09486008963586946,"Shinhan Alpha REIT Co., Ltd."
053620.KQ,0.0047365464638595275,0.049982081080904246,5.83,0.173,0.09476489096547712,TAEYANG Corporation
003090.KS,0.012246604317068198,0.12973791366053197,15.73,0.449,0.09439495342211426,"Daewoong Co., Ltd."
122990.KQ,0.009979440300280968,0.10608897887431311,12.65,0.368,0.09406670142526227,"WiSoL CO.,LTD."
475400.KQ,0.01502421594928442,0.160613040578462,19.6,0.556,0.09354293957186405,CMES Robotics Inc.
950170.KQ,0.012182703230514022,0.13053249925646115,15.64,0.452,0.09333080497124549,JTC Inc.
0120G0.KS,0.03627539031528075,0.3899860070472777,53.36,1.351,0.09301715871791039,Samyang Biopharm Corporation
007860.KS,0.010371248079017745,0.11151118949352908,13.18,0.386,0.09300634426125982,"Seoyon Co., Ltd."
339770.KS,0.009065134750089238,0.09770086085446711,11.44,0.338,0.09278459443251424,"Kyochon Food&Beverage Co., Ltd."
036540.KQ,0.01605667348607292,0.17390527174439993,21.06,0.602,0.09232999853893142,"SFA Semicon Co., Ltd."
008830.KQ,0.02007198960462371,0.217743139188325,26.93,0.754,0.09218196118346371,"Daedong Gear Co., Ltd."
441270.KQ,0.016862245110796856,0.18337328271710987,22.22,0.635,0.09195584471708595,"Fine M-Tec CO.,LTD."
214420.KS,0.017007907284234597,0.18644736390334982,22.43,0.646,0.09122095871010072,"Tonymoly Co., Ltd"
000540.KS,0.012895762873635539,0.14183907731577305,16.62,0.491,0.09091826538694975,"Heungkuk Fire&Marine Insurance Co., Ltd."
478390.KQ,0.0013271899211942104,0.014666176063674046,1.6,0.051,0.09049324891724599,KB No.29 Special Purpose Acquisition Company
002025.KS,0.012564202782398995,0.13902070698415772,16.16,0.482,0.0903764845896717,Kolon Corporation
034310.KS,0.006131262910867361,0.06804539911528794,7.61,0.236,0.09010547356007548,"NICE Holdings Co., Ltd."
024090.KS,0.0043528003454535525,0.04836989955080448,5.35,0.168,0.08998985703664042,DCM Corp.
282330.KS,0.0075556384048213205,0.08398972100786019,9.45,0.291,0.08995908444694352,"BGF Retail Co., Ltd."
194700.KQ,0.013151775381776453,0.14778142708609493,16.98,0.512,0.08899477858008811,"NOVAREX Co.,Ltd."
166090.KQ,0.01572391738704409,0.1781098839325255,20.59,0.617,0.08828211573592896,Hana Materials Inc.
006110.KS,0.02888148050485648,0.32795001507931876,40.73,1.136,0.08806671497749784,"Sam-A Aluminium Company, Limited"
086060.KQ,0.006601046854022429,0.07501976510791541,8.22,0.26,0.08799076942625546,"GeneBioTech Co. ,Ltd"
377740.KS,0.00528005791993412,0.06007731337671942,6.52,0.208,0.08788771706259749,"BioNote, Inc."
084870.KS,0.014715863219774089,0.1678019396872962,19.16,0.581,0.08769781354850563,"TBH Global Co., Ltd"
002220.KS,0.011337139311157271,0.1295595029068928,14.49,0.449,0.08750527021784454,"Hanil Iron & Steel Co., Ltd"
009070.KS,0.010782508614364075,0.12329365536040598,13.73,0.427,0.08745388059787158,KCTC Co. Ltd
036620.KQ,0.014248651597897854,0.16374857113692337,18.5,0.567,0.08701542553298623,"GAMSUNG Corporation Co., Ltd."
139480.KS,0.007676615900350137,0.08830956304997128,9.61,0.306,0.08692847790455276,E-MART Inc.
098070.KQ,0.017155327332037944,0.1977416475309475,22.64,0.685,0.08675626781835655,"Hantech Co., Ltd."
003120.KS,0.0071362656916435065,0.0826909799001764,8.91,0.286,0.08630041269626172,"Ilsung Is Co., Ltd."
101680.KQ,0.011499181901330664,0.13327041209360574,14.71,0.462,0.08628458275685327,"HNK Machine Tool Co., Ltd."
069620.KS,0.010027059703151705,0.11640116327447304,12.72,0.403,0.0861422637118151,"Daewoong Pharmaceutical Co., Ltd"
053300.KQ,0.01083358006243487,0.12591612369127625,13.8,0.436,0.08603806839699787,"Korea Information Certificate Authority, Inc."
125020.KQ,0.0266903098573144,0.314379211870735,37.17,1.089,0.08489845654390406,"TC Materials Co.,Ltd."
004090.KS,0.012861494440933154,0.1525076663740136,16.57,0.528,0.0843334289136082,Korea Petroleum Industries Company
039610.KQ,0.014715211834020999,0.1763827463234585,19.16,0.611,0.08342772828264955,"HS Valve Co., Ltd"
035600.KQ,0.006288048007105924,0.07564296696052825,7.81,0.262,0.08312799272385935,"Kginicis Co.,Ltd"
264900.KS,0.0039645717006358515,0.0477191435293386,4.86,0.165,0.08308136750606936,"Crown Confectionery Co., Ltd."
446540.KQ,0.01713093774536064,0.20656072492789074,22.61,0.716,0.08293414806392145,"Magatouch Co.,Ltd."
000140.KS,0.0035835096778978654,0.0439811646399787,4.39,0.152,0.0814782806965614,"Hitejinro Holdings Co., Ltd."
488060.KQ,0.0006161091343465672,0.007576711226345261,0.74,0.026,0.08131616950165284,"Eugene Special Purpose Acquisition 11 Co., Ltd"
000105.KS,0.01531720345054174,0.18923117844894047,20.01,0.656,0.080944396035005,Yuhan Corporation
281740.KQ,0.01914132696919852,0.23701608568806803,25.55,0.821,0.08075961137249572,"Lake Materials Co., Ltd."
189330.KQ,0.016929101800464974,0.2107202308728091,22.32,0.73,0.08033923335383679,"XIIlab Co.,Ltd"
226340.KQ,0.042626207331505454,0.5306672041459645,65.02,1.838,0.08032568622759803,"Bonne Co., Ltd."
155660.KS,0.003276808377872803,0.040810303168204824,4.0,0.141,0.08029365438347819,DSR Corp
487830.KQ,0.0012977742042461049,0.01632180067184147,1.57,0.057,0.07951170525474176,"Shinhan 15th Special Purpose Acquisition Company Co., Ltd."
051500.KQ,0.006438434307028215,0.0811503411775627,8.01,0.281,0.07933958395739169,CJ Freshway Corporation
006405.KS,0.01608341761623752,0.2038728201596778,21.1,0.706,0.0788894645379439,"Samsung SDI Co., Ltd."
075130.KQ,0.010196488047886167,0.13224490689805374,12.95,0.458,0.07710306798995697,"Plantynet Co., Ltd."
308430.KQ,0.017922202293986667,0.2331554485415897,23.76,0.808,0.07686803978243617,"CellBion Co., Ltd."
070590.KQ,0.013115285940942648,0.17075730302098352,16.92,0.592,0.0768065887016907,"Inticube Co., Ltd."
042420.KQ,0.007306719437127686,0.0951412275604828,9.13,0.33,0.0767986668290851,NEOWIZ HOLDINGS Corporation
134060.KQ,0.005391306660025638,0.07068021388410943,6.66,0.245,0.07627745253948262,"e-future.Co.,Ltd."
461300.KQ,0.00961356009831051,0.12735084785189243,12.17,0.441,0.07548877970165514,"i-Scream Media CO., LTD."
035420.KS,0.008847533479235324,0.11736951797306454,11.15,0.407,0.07538186772877238,NAVER Corporation
191420.KQ,0.01810229735495858,0.24074255827846394,24.02,0.834,0.0751935905492035,TegoScience Inc.
018000.KQ,0.01566514672300927,0.2085829561554805,20.51,0.723,0.07510271698005977,"Unison Co., Ltd."
102120.KQ,0.01548008665700721,0.20724065703420408,20.24,0.718,0.07469618596341497,"ABOV Semiconductor Co., Ltd."
143540.KQ,0.0066800154206263385,0.09173108104800026,8.32,0.318,0.0728217235021015,"YoungWoo DSP Co.,Ltd"
0015G0.KQ,0.036943620877664216,0.5087239821736933,54.55,1.762,0.07262016765911103,"Green Optics Co., Ltd."
023910.KQ,0.0032509379036675954,0.045123125690221436,3.97,0.156,0.07204593773015378,"Daihan Pharmaceutical Co.,Ltd."
199430.KQ,0.02048489363373013,0.28453830502477073,27.55,0.986,0.07199344788374556,KNR System Inc.
108675.KS,0.004404131753127811,0.0612002475306841,5.41,0.212,0.07196264608112414,"LX Hausys, Ltd."
271560.KS,0.004904922528545726,0.06913922808223262,6.05,0.24,0.07094268571688309,ORION Corp.
123700.KS,0.0038013406711340553,0.05360625864192104,4.66,0.186,0.07091225478961778,"SJM Co., Ltd."
452430.KQ,0.013386954760669005,0.18904921724417678,17.3,0.655,0.07081200840614091,Sapien Semiconductors Inc.
038880.KQ,0.027461010493244616,0.3912329138399627,38.42,1.355,0.07019095153246177,"iA, Inc."
198440.KQ,0.012758736624228734,0.1817858859568655,16.43,0.63,0.07018551829296665,"Kangdong C&L Co., Ltd."
079370.KQ,0.012483032292744181,0.17854282111025652,16.05,0.618,0.06991618153627956,"Zeus Co.,Ltd."
417500.KQ,0.00815146211010252,0.11878676464587881,10.23,0.411,0.06862264608690416,"JI-Tech Co., Ltd."
004770.KS,0.007741611581856898,0.113499409308944,9.7,0.393,0.06820838653692309,Sunny Electronics Corp.
005740.KS,0.005069050761142196,0.07459460240941401,6.26,0.258,0.06795465888162532,"CROWNHAITAI Holdings Co.,Ltd."
067290.KQ,0.010301867524170163,0.1519282997515347,13.09,0.526,0.06780742982721426,JW Shinyak Corporation
137080.KQ,0.011476696068961172,0.1696713394891703,14.68,0.588,0.06764074653688758,Narae Nanotech Corporation
015230.KS,0.004847898410269887,0.0716949872311172,5.98,0.248,0.06761837329912786,"Daechang Forging Co., Ltd."
041440.KQ,0.00710896865478873,0.10525047316137723,8.87,0.365,0.06754334152862926,Hyundai Everdigm Corp.
0126Z0.KS,0.019590865993245884,0.296356571985371,26.22,1.027,0.06610572480981776,"Samsung Epis Holdings Co., Ltd."
382900.KQ,0.011707904146896625,0.17902687370097145,14.99,0.62,0.06539746745760826,"Bumhan Fuel Cell Co., Ltd."
179530.KQ,0.016163982324047754,0.24745112707415298,21.22,0.857,0.06532191837301246,"ADBiotech Co., Ltd."
389650.KQ,0.011232922628309864,0.1735134659549105,14.34,0.601,0.06473804535279624,"Next Biomedical Co.,Ltd."
059270.KQ,0.012884575840057706,0.20050516453055756,16.61,0.695,0.06426056840094042,"Haisung Aero-Robotics Co., Ltd."
050090.KQ,0.018314875321584226,0.2917932358524017,24.33,1.011,0.06276662057666228,"BK Holdings CO.,LTD."
059210.KQ,0.006665724852653912,0.10676516376075125,8.3,0.37,0.06243351874204074,"Meta Biomed Co., Ltd."
090350.KS,0.004012783797598052,0.06502847478299378,4.92,0.225,0.06170810265793706,"NOROO Paint & Coatings Co., Ltd."
035080.KQ,0.00614115213430117,0.09978149918793983,7.62,0.346,0.061545999852479924,Gradiant Corporation
036570.KS,0.006783188448465753,0.11093944203350872,8.45,0.384,0.06114316355058757,NC Corporation
011780.KS,0.007128578348546372,0.11661278996636898,8.9,0.404,0.061130330134475365,"Kumho Petro Chemical Co.,Ltd"
195940.KQ,0.005863537596467401,0.0961348560834607,7.27,0.333,0.06099283688922253,HK inno.N Corporation
016800.KS,0.004847138433831415,0.07977983257904418,5.97,0.276,0.06075643777553647,Fursys Inc.
005870.KS,0.010241166908824163,0.16879058686786108,13.01,0.585,0.06067380355067747,Huneed Technologies
032350.KS,0.00931257925592093,0.15367141712313118,11.77,0.532,0.06060059463406332,"Lotte Tour Development Co., Ltd."
484130.KQ,0.0007883858579049328,0.013191797828630454,0.95,0.046,0.05976333689664962,Hana 34 Special Purpose Acquisition Company
093920.KQ,0.0018858610924156007,0.0317440211129474,2.29,0.11,0.0594083870378481,"SEOWONINTECH. Co., Ltd."
045390.KQ,0.007416454277599776,0.12591239222871994,9.27,0.436,0.05890170257529364,"DAEA TI Co., Ltd."
074600.KQ,0.008242542584997315,0.14047352211492947,10.35,0.487,0.05867684144954817,Wonik QnC Corporation
026910.KQ,0.010306192989845895,0.17804715515749867,13.09,0.617,0.05788462601791724,"Kwang Jin Ind. Co., Ltd."
326030.KS,0.006687138272603453,0.11639976335528919,8.33,0.403,0.057449758314303226,"SK Biopharmaceuticals Co., Ltd."
009270.KS,0.0062054602527193735,0.10803152595789633,7.71,0.374,0.05744119781421822,ShinWon Corporation
084990.KQ,0.01250077148490089,0.22149293098842848,16.08,0.767,0.056438692779563114,"Helixmith Co., Ltd"
115450.KQ,0.01234395317628988,0.22415163768764093,15.86,0.776,0.05506965420208701,"HLB Therapeutics Co.,Ltd."
000640.KS,0.004131028466460954,0.07561593603706103,5.07,0.262,0.0546317176373542,"Dong-A Socio Holdings Co., Ltd."
066590.KQ,0.0058258539709034295,0.10667488041783701,7.22,0.37,0.05461317554877046,"Smotronic Co., Ltd."
050120.KQ,0.006119137856597722,0.11235322727908627,7.6,0.389,0.054463391971801015,"ES Cube Co., Ltd."
358570.KQ,0.011035839964536704,0.2052842654417375,14.08,0.711,0.05375882043754994,"GI Innovation, Inc."
394800.KQ,0.011063063354405331,0.20898365586942821,14.11,0.724,0.052937457278082405,"3billion, Inc."
025880.KQ,0.00359594991983874,0.06882865782154053,4.4,0.238,0.05224495193793182,"KC Feed Co., Ltd."
004140.KS,0.006630043184929844,0.12740889529811442,8.25,0.441,0.05203752194394833,"Dongbang Transport Logistics Co., Ltd."
097955.KS,0.0022752793056122433,0.043944975064645536,2.76,0.152,0.05177564220403309,CJ Cheiljedang Corporation
005180.KS,0.008150309950286368,0.15858686497127353,10.23,0.549,0.051393348066769075,"Binggrae Co., Ltd."
005950.KS,0.011510220209292354,0.22416494857414793,14.72,0.777,0.051347100795667316,"ISU Chemical Co., Ltd"
214150.KQ,0.00744169786286316,0.1449614011559981,9.3,0.502,0.05133571974000779,CLASSYS Inc.
018500.KS,0.00786522818636674,0.15423142829281578,9.86,0.534,0.050996274063119136,"Dongwon Metal Co., Ltd."
348350.KQ,0.006224836294593912,0.12236661631879726,7.73,0.424,0.050870380189124244,"WITHTECH Co., LTD."
026040.KQ,0.007881596740016518,0.15783544324253782,9.88,0.547,0.04993553145034264,"J.ESTINA Co.,Ltd."
474490.KQ,0.0004993779717849926,0.01020655893251615,0.6,0.035,0.048927162924036,Yuanta 16 SPECIAL PURPOSE ACQUISITION COMPANY
000050.KS,0.004184993732658669,0.08611525066568325,5.14,0.298,0.04859759102258968,Kyungbangco.Ltd
045510.KQ,0.005725354853104084,0.11809465049963154,7.09,0.409,0.04848106860794636,Zungwon En-Sys Inc.
215380.KQ,0.00831551822253242,0.17505303545642392,10.45,0.606,0.04750285078376952,"Kolmar BioTech, Inc."
053030.KQ,0.007453291882300282,0.15787337106208174,9.32,0.547,0.047210570295413326,"BINEX Co., Ltd."
027040.KQ,0.006882179100806078,0.1464915218042123,8.58,0.507,0.04698005055885893,"Seoul Electronics & Telecom Co., Ltd."
013000.KS,0.0032343532051816123,0.06932950658316123,3.95,0.24,0.04665189995693945,"Sewoo Global Co., Ltd"
037270.KS,0.010998921046356585,0.2387826979966901,14.03,0.827,0.04606247076791572,"YG Plus, Inc."
076610.KQ,0.011585345519964579,0.2538870132682374,14.82,0.879,0.04563189495527444,"Haesung Optics Co., Ltd."
003920.KS,0.00478653268399376,0.10521782408682263,5.9,0.364,0.04549165244135874,"Namyang Dairy Products Co., Ltd"
006920.KQ,0.007517534144431204,0.16526982793866646,9.4,0.573,0.045486428092737216,"Mohenz.Co.,Ltd."
007070.KS,0.004336673431061066,0.0955160787896103,5.33,0.331,0.04540254882754657,"GS Retail Co., Ltd."
481890.KQ,0.0005587329310394578,0.012314449997038917,0.67,0.043,0.04537213851806687,Nh Special Purpose Acquisition 31 Company
0054V0.KQ,0.0005683471830453508,0.01253152012465195,0.68,0.043,0.04535341103010326,Nh Special Purpose Acquisition 32 Company
002200.KS,0.0029021319697075196,0.06411418297296144,3.54,0.222,0.04526505423817725,"Korea Export Packaging Industrial Co.,Ltd"
147760.KQ,0.011745718470978155,0.2601856025070198,15.04,0.901,0.045143614242303266,Protec Mems Technology Inc.
226400.KQ,0.0060420482396200455,0.1342584265433303,7.5,0.465,0.04500312118338469,"OSTEONIC Co., Ltd."
013700.KS,0.002795383259133395,0.062414497567054646,3.41,0.216,0.04478740305696111,CAMUS ENGINEERING & CONSTRUCTION Inc.
403550.KS,0.0058196612448456276,0.13048085239275886,7.21,0.452,0.04460164949971306,SOCAR Inc.
017810.KS,0.006724479570362674,0.15127015993110685,8.37,0.524,0.04445344391402251,Pulmuone Corporate
348370.KQ,0.013358152913137309,0.31156450416983034,17.26,1.079,0.04287443766654474,"Enchem Co., Ltd."
477380.KQ,0.0005155853920387625,0.012161642750233676,0.62,0.042,0.04239438722444432,Mirae Asset Vision Special Purpose Acquisition 4 Company
214320.KS,0.00202253392508441,0.047728224898075114,2.45,0.165,0.0423760558747698,Innocean Worldwide Inc.
010580.KS,0.006077466186894411,0.14369114085296225,7.54,0.498,0.04229534368519924,SMBEXEL Company
0072Z0.KQ,0.00019345019489384242,0.004582382218079479,0.23,0.016,0.04221607576308187,KB No.33 Special Purpose Acquisition Company
204620.KQ,0.006035932875025809,0.14476972134707006,7.49,0.501,0.041693337659712004,"Global Tax Free Co., Ltd."
039440.KQ,0.006768063299174673,0.16814720799356478,8.43,0.582,0.04025082176466288,"STI Co., Ltd."
220100.KQ,0.008602049807728244,0.21390114178725303,10.83,0.741,0.04021507195264941,"FutureChem Co.,Ltd"
285130.KS,0.0055972118195953425,0.14324572894515405,6.93,0.496,0.0390741969119261,"SK Chemicals Co.,Ltd"
001080.KS,0.006218994035194954,0.1598150990116055,7.72,0.554,0.03891368258479345,Manho Rope & Wire Ltd.
017390.KS,0.0020437984857791056,0.053155020064306405,2.48,0.184,0.03844977357371964,"Seoul City Gas Co., Ltd."
007700.KS,0.0041709535079858225,0.10879934048321466,5.12,0.377,0.03833620212642106,"F&F Holdings Co., Ltd."
069080.KQ,0.0037895109135890593,0.09989140919324338,4.64,0.346,0.03793630447497361,Webzen Inc.
001130.KS,0.002326996634192053,0.06192108939100048,2.83,0.215,0.03758003383141795,"Daehan Flour Mills Co.,Ltd"
130580.KQ,0.0018610364042386624,0.05029584111459328,2.26,0.174,0.03700179503904717,"Nice D&B Co., Ltd."
039020.KQ,0.004465704428447017,0.12366789062592644,5.49,0.428,0.036110460086644355,"Eagon Holdings Co.,Ltd"
010660.KS,0.0068671064241419165,0.1914134435544564,8.56,0.663,0.03587577913349775,"Hwacheon Machinery Co., Ltd."
296640.KQ,0.004992322670081331,0.14063794210200448,6.16,0.487,0.035497694259920325,"INNOAX CO.,LTD"
004370.KS,0.0030870600343208343,0.08764601146591962,3.77,0.304,0.03522191121636163,"Nongshim Co., Ltd."
058730.KS,0.005746453324702933,0.16383548314782065,7.12,0.568,0.03507453461420316,"Development Advance Solution Co.,Ltd."
254490.KQ,0.0056886368686279555,0.16441506121222757,7.04,0.57,0.03459924429480972,"Mirai Semiconductors Co., Ltd."
251270.KS,0.004445847352681408,0.1285296547840674,5.47,0.445,0.03459005130100542,Netmarble Corporation
067080.KQ,0.00584823874846975,0.1703925065517182,7.25,0.59,0.034322159271098406,"DAE HWA Pharmaceutical Co., Ltd."
477470.KQ,0.0006236423330774134,0.018407842225314792,0.75,0.064,0.03387916549066079,Mirae Asset Vision Special Purpose Acquisition 5 Company
322310.KQ,0.0058019806843416415,0.17532682597347962,7.19,0.607,0.03309237278509373,"AUROS Technology, Inc."
115530.KQ,0.006340070054942266,0.1948783895402049,7.88,0.675,0.03253346905165316,"CNPLUS Co., Ltd."
023450.KS,0.0019051475362650942,0.058708653615542894,2.31,0.203,0.03245088107012411,"Dongnam Chemical Co., Ltd."
192440.KQ,0.002393779130425648,0.07921832260103318,2.91,0.274,0.03021749327464841,"Spigen Korea Co.,Ltd"
365330.KQ,0.007429653288499444,0.2465760376771415,9.29,0.854,0.03013128671581456,"Systeel Tech Co.,Ltd."
102260.KS,0.001867278751758909,0.06230189863909917,2.26,0.216,0.029971458214710808,"DONGSUNG CHEMICAL Co., Ltd."
255440.KQ,0.00447699201478853,0.14992406563219576,5.51,0.519,0.029861730309340733,"YAS Co., Ltd."
100120.KQ,0.003022851644634024,0.10408443175078665,3.69,0.361,0.029042303385695124,"Vieworks Co., Ltd."
100700.KQ,0.0017267966934532003,0.060759719868743865,2.09,0.21,0.028420089776310876,"Sewoon Medical Co., Ltd"
000680.KS,0.004002580814824061,0.14461188102583802,4.91,0.501,0.02767809108373961,LS Networks Corporation Limited
071950.KS,0.010174476385335926,0.37019078026950736,12.92,1.282,0.027484413247484647,"KOAS Co., Ltd."
123690.KS,0.0035549279965355804,0.13384274934225468,4.35,0.464,0.02656048246173673,"Hankook Cosmetics Co., Ltd."
0091W0.KQ,0.00035927007971643166,0.013669428423960446,0.43,0.047,0.026282743401815207,"Shinyoung Happytomorrow No.11 Special Purpose Acquisition Company Co., Ltd."
019990.KQ,0.004121501972651769,0.1585525704107861,5.06,0.549,0.02599454529165671,Enertork Ltd.
417010.KQ,0.006498086001509927,0.2518356623121882,8.08,0.872,0.025802882490306604,NanoTIM Co. Ltd.
448710.KQ,0.004209858044368503,0.16374353368017142,5.17,0.567,0.02571007202392077,"COTS Technology Co., Ltd."
053800.KQ,0.00174103670063832,0.07043082871013723,2.11,0.244,0.024719809954298178,"AhnLab, Inc."
100090.KS,0.003890627578034765,0.15908293851461197,4.77,0.551,0.024456598641955596,"SK oceanplant Co.,Ltd"
069140.KQ,0.00402029582961207,0.16581284459885706,4.93,0.574,0.024245985522642566,"Nuriplan Co., Ltd."
074430.KQ,0.002617611203573101,0.11020543804497039,3.19,0.382,0.023752105613018472,"Aminologics Co.,Ltd."
203450.KQ,0.0016095557894009159,0.06846441083772886,1.95,0.237,0.023509379102316524,"UNION biometrics Co., Ltd."
021080.KQ,0.002612409690930787,0.11121381818888913,3.18,0.385,0.02348997393915373,"Atinum Investment Co., Ltd."
445180.KQ,0.0037393903485450734,0.16443072600718447,4.58,0.57,0.02274143306027663,"Purit Co., Ltd."
389260.KQ,0.0038592905144221915,0.16978875349969746,4.73,0.588,0.02272995375061204,"Daemyoung Energy Co.,Ltd"
008490.KS,0.0032526532359318794,0.14357221614860127,3.97,0.497,0.02265517189318365,"Suheung Co., Ltd."
123890.KS,0.0013768383082838117,0.06086972869066228,1.66,0.211,0.022619425745773455,"Korea Asset In Trust Co., Ltd"
475580.KQ,0.003983190471514174,0.17612702192894428,4.89,0.61,0.022615442127450102,"ALUX Co., Ltd."
460870.KQ,0.00520333720500548,0.2359606297445572,6.43,0.817,0.02205171774053338,"SMCG Co., Ltd."
041460.KQ,0.0016774909048078582,0.07667406511711146,2.03,0.266,0.02187820486947796,"Korea Electronic Certification Authority, Inc."
086520.KQ,0.005401963239204442,0.2469120681911342,6.68,0.855,0.021878085096362288,"Ecopro Co., Ltd."
267850.KS,0.0026873658903904547,0.12398947947498737,3.27,0.43,0.021674144465882544,"Asiana IDT, Inc."
032540.KQ,0.0015145033482426606,0.07027067356868266,1.83,0.243,0.02155242395339192,"TJ media Co., Ltd."
219550.KQ,0.006535551439983165,0.3106489164055547,8.13,1.076,0.02103838479658802,"DYD Co.,LTD."
001260.KS,0.0022851953933630356,0.10866092322763866,2.78,0.376,0.021030517001734625,"Namkwang Engineering & Construction Co., Ltd."
472230.KQ,0.00021601339167552684,0.010350517669520921,0.26,0.036,0.020869815266498174,SK Securities No.11 Special Purpose Acquisition Company
275630.KQ,0.0021585979261245303,0.10522997812690744,2.62,0.365,0.020513146201753072,SSR Inc.
043710.KQ,0.0028732558787447795,0.14147178245461497,3.5,0.49,0.020309745370364143,"CosLeaguer Global Co., Ltd."
448280.KQ,0.004580454342091304,0.22771666188462927,5.64,0.789,0.02011470879725065,"Ecoeye Co., Ltd."
006650.KS,0.0031291743344919534,0.15688409518983024,3.82,0.543,0.019945771626535137,"Korea Petrochemical Ind. Co., Ltd."
290120.KQ,0.0026781011007309436,0.13851486912478336,3.26,0.48,0.01933439433363889,"DH AUTOLEAD Co.,Ltd."
489500.KQ,0.00576880451211297,0.3005799681184501,7.15,1.041,0.01919224540552099,"LK CHEM Co., Ltd."
340360.KQ,0.003366209328493462,0.18188846606198483,4.12,0.63,0.018506997180053785,DAVOLINK Inc.
217190.KQ,0.002800442283118633,0.15199677605500755,3.41,0.527,0.01842435317249857,Genesem Inc.
241690.KQ,0.002715013732154212,0.1505519062705386,3.31,0.522,0.018033738658050528,"UNITEKNO Co.,Ltd"
33626L.KS,0.0024148399487723383,0.13890378552494093,2.94,0.481,0.017384982991257215,"Doosan Fuel Cell Co., Ltd."
222110.KQ,0.0019219438494730142,0.11085493148716195,2.33,0.384,0.01733746820001051,PanGen Biotech Inc.
114190.KQ,0.004328005770777978,0.25622802486101437,5.32,0.888,0.01689122715255529,"KANGWON ENERGY Co., Ltd."
089980.KQ,0.00232288388919192,0.14088663705066914,2.82,0.488,0.016487609739428352,"Sang-A Frontec Co.,Ltd."
042600.KQ,0.003981446618775007,0.247924200966701,4.88,0.859,0.016059128569339467,"Seronics Co., Ltd."
035720.KS,0.0019810914738290046,0.12505918359402096,2.4,0.433,0.015841231462538668,Kakao Corp.
418420.KQ,0.003310549304711991,0.21107044143650963,4.05,0.731,0.01568457090524355,RAONTECH Inc.
046440.KQ,0.0012404592382123949,0.08545532518274272,1.5,0.296,0.014515879912219904,"KG Financial Co., Ltd."
120240.KQ,0.0006756065659026859,0.04660158676235061,0.81,0.161,0.014497501326467878,"Daejung Chemicals & Metals Co., Ltd."
220260.KQ,0.0028437857076898457,0.20541355801222247,3.47,0.712,0.013844196727854913,"Chemtros Co., Ltd."
083420.KS,0.0018518870203524888,0.1362354676554779,2.25,0.472,0.013593281193379646,"Green Chemical Co., Ltd."
092070.KQ,0.0019141513189056011,0.14304172270901377,2.32,0.496,0.013381769197505484,"DNF Co.,Ltd."
366030.KQ,0.001561339356352417,0.11670013875535895,1.89,0.404,0.013379070265079007,Nine & Company Inc.
424980.KQ,0.0032235093438219495,0.25343613332716225,3.94,0.878,0.01271921766443896,"MICRO2NANO, Inc."
311320.KQ,0.0017262042736145796,0.13998750628854964,2.09,0.485,0.012331130965762303,"GO Element Co., Ltd."
003670.KS,0.0024645223452237487,0.20195285441716596,3.0,0.7,0.012203453882027749,"Posco Future M Co., Ltd."
048410.KQ,0.0032279641423646503,0.2662810015296493,3.94,0.922,0.012122397481689019,"Hyundai Bioscience Co., Ltd."
083930.KQ,0.0015380610050409462,0.12965996669781138,1.86,0.449,0.011862265926888505,"Avaco Co., Ltd."
097520.KS,0.001195414219145402,0.1010599036090842,1.44,0.35,0.01182876864566836,"MCNEX Co., Ltd"
0099W0.KQ,8.868706969408484e-05,0.007655783462160299,0.11,0.027,0.011584323163322495,"Mirae Asset Vision Special Purpose Acquisition 11 Company Co., Ltd."
010400.KS,0.0011382183839594683,0.09939731483377617,1.37,0.344,0.011451198514395789,"Woojin I&S Co., Ltd."
012790.KQ,0.0007044489648567663,0.06327456540296883,0.85,0.219,0.011133209060709151,"Sinil Pharmaceutical Co., Ltd."
272290.KQ,0.001723004423707595,0.16269638414619003,2.09,0.564,0.010590305572860169,"INNOX Advanced Materials Co.,Ltd."
143240.KQ,0.000840992946816147,0.07999922319764614,1.01,0.277,0.010512513912021236,"Saramin Co.,Ltd."
041020.KQ,0.0015948271746762943,0.15483541599066095,1.93,0.536,0.01030014460498164,Polaris Office Corp.
487570.KS,0.0016079456252264008,0.16514088016932865,1.95,0.572,0.00973681152466718,HS HYOSUNG Corporation
019170.KS,0.0015881284994759793,0.1716731945111677,1.92,0.595,0.009250882200905676,"Shinpoong Pharmaceutical Co.,Ltd"
042510.KQ,0.0011865480583969897,0.13356967192481725,1.43,0.463,0.008883364324386942,"Raonsecure Co., Ltd."
166480.KQ,0.002186705196046736,0.2513495194271221,2.66,0.871,0.008699858273175508,CORESTEMCHEMON Inc.
208710.KQ,0.0015468175070291936,0.18966044775875007,1.87,0.657,0.008155720000180324,"Photon Co., Ltd."
213420.KQ,0.0009501416518424387,0.12309677008789432,1.15,0.426,0.007718656234148245,"Duk San Neolux Co.,Ltd"
129260.KS,0.0005379175215867714,0.0739929079826703,0.65,0.256,0.007269852425758909,"Intergis Co., Ltd"
002350.KS,0.0006809217527351284,0.09586459109479958,0.82,0.332,0.007102953707503653,Nexen Tire Corporation
072470.KQ,0.0010650692662083963,0.15077058604826638,1.29,0.522,0.007064171428420623,"Woory Industrial Holdings Co.,Ltd."
373220.KS,0.0008798902942442974,0.12766165035703234,1.06,0.442,0.006892361893986967,"LG Energy Solution, Ltd."
090850.KQ,0.000596006208476749,0.08905808370512322,0.72,0.309,0.006692331382855286,"Hyundai Ezwel Co.,Ltd."
003495.KS,0.00024137454156654078,0.03608064467083651,0.29,0.125,0.006689862217501908,"Korean Airlines Co.,Ltd."
011390.KS,0.0009506754061469804,0.14586159682547098,1.15,0.505,0.006517653905054256,"Busan Industrial Co., Ltd."
000760.KS,0.000628434561608797,0.10466292566072356,0.76,0.363,0.006004366471141243,"Rifa Co.,Ltd."
376290.KQ,0.00043219480387834486,0.0732148551256601,0.52,0.254,0.005903102630423298,CU-Tech Corporation
061970.KQ,0.0009285897298369373,0.15839282401137975,1.12,0.549,0.0058625744924544225,LB Semicon Inc.
149950.KQ,0.000829378373248303,0.149107990789149,1.0,0.517,0.005562266440979092,"Avatec Co., Ltd."
054950.KQ,0.000393637010944698,0.0746162875552579,0.47,0.258,0.005275483729382621,"JVM Co., Ltd."
172670.KQ,0.001111313166865312,0.23117818754067224,1.34,0.801,0.004807171380170949,"ALT Co., Ltd"
105740.KQ,0.0003830315313835613,0.09224858389725762,0.46,0.32,0.004152167059931942,DK-Lok Corporation
178920.KS,0.0004942323730222813,0.13070841715571707,0.59,0.453,0.0037811824500444116,"PI Advanced Materials Co., Ltd."
450950.KQ,0.0005453636918500389,0.19429283140199838,0.66,0.673,0.0028069161786090976,"ASTERASYS Co.,Ltd"
330350.KQ,0.00033091843241799576,0.1222356109535532,0.4,0.423,0.0027072178871322314,"WITHUS PHARMACEUTICAL Co.,LTD."
412350.KQ,0.0007128013044831088,0.2651486747431969,0.86,0.919,0.002688308003701978,Laserssel Co. Ltd.
200880.KS,0.00033577470999450264,0.12525629786602493,0.4,0.434,0.0026807012159472394,"Seoyon E-Hwa Co., Ltd."
054210.KQ,0.0003825392267809184,0.14329083994916036,0.46,0.496,0.0026696697912905213,"Elentec Co., Ltd."
119830.KQ,0.0003280536650935306,0.14232972558594104,0.39,0.493,0.002304885109157654,"ITEK, Inc."
008730.KS,0.0003739475979829575,0.1736861672304116,0.45,0.602,0.0021530073692447803,"Youlchon Chemical Co.,Ltd."
259630.KQ,0.00030132710150906585,0.1549477782248337,0.36,0.537,0.0019447010145045873,mPLUS Corp.
286750.KQ,0.00033336721861613024,0.1801399691659716,0.4,0.624,0.0018506010640480515,"NanoSilikhan Advanced Materials Co., Ltd."
088980.KS,4.401701380542185e-05,0.02830108091635542,0.05,0.098,0.0015553121075309905,Macquarie Korea Infrastructure Fund
000430.KS,9.352141976247277e-05,0.09108842371954708,0.11,0.316,0.0010267102661740714,"Daewon Kang Up Co., Ltd."
362320.KQ,0.00010489549304537287,0.14395983517613437,0.13,0.499,0.0007286441590950253,"CHUNGDAMGLOBAL Co., Ltd."
009160.KS,8.234506148492701e-05,0.12211887527488392,0.1,0.423,0.0006743024884529284,"SIMPAC Co., Ltd."
28513K.KS,3.862414833382122e-05,0.08556842645288107,0.05,0.296,0.00045138317876033295,"SK Chemicals Co.,Ltd"
012320.KS,3.623687832577937e-05,0.15685272582022233,0.04,0.543,0.00023102485555343477,"Kyungdong Invest Co., Ltd"
048550.KQ,-4.3364214409107636e-05,0.16397272295621085,-0.05,0.568,-0.0002644599274032188,"SM Culture & Contents Co., Ltd."
277070.KQ,-4.5598411512493e-05,0.1409386965111943,-0.05,0.488,-0.00032353365428543793,Lindeman Asia Investment Corporation
024880.KQ,-3.196268231753547e-05,0.08528513792153102,-0.04,0.295,-0.00037477435220827847,"Korea Parts & Fasteners Co.,Ltd"
357880.KQ,-0.00015667261972872307,0.2835797033757524,-0.19,0.982,-0.0005524817815368356,"SKAI worldwide Co., Ltd."
011785.KS,-5.477608807085183e-05,0.07804042092128922,-0.07,0.27,-0.0007018938061097651,"Kumho Petro Chemical Co.,Ltd"
111110.KS,-6.957404340342552e-05,0.06920978788693263,-0.08,0.24,-0.0010052630636159146,Hojeon Limited
068330.KQ,-0.00025938220532211733,0.1509821628834065,-0.31,0.523,-0.0017179658866221237,ilShinbiobase Co. Ltd.
033320.KQ,-0.00020559969692399626,0.11505268956589734,-0.25,0.399,-0.0017870046993228906,"JCH Systems, Inc."
001060.KS,-0.00021944861374918308,0.11398326811474996,-0.26,0.395,-0.0019252704136212201,JW Pharmaceutical Corporation
105330.KQ,-0.0002656724670364382,0.1266894177291784,-0.32,0.439,-0.0020970375568728342,"KNW Co., Ltd."
014820.KS,-0.0002429605753498963,0.10452745503233654,-0.29,0.362,-0.0023243709059474773,Dongwon Systems Corporation
258790.KQ,-0.00040038599246611955,0.16348016231964962,-0.48,0.566,-0.0024491411482896164,"SoftCamp Co., Ltd."
394420.KQ,-0.0015025909603697874,0.49718317359877334,-1.79,1.722,-0.0030222079912591284,"RecensMedical, Inc."
025980.KQ,-0.000450984538603229,0.1468621888964378,-0.54,0.509,-0.0030708008779662677,Ananti Inc.
014915.KS,-0.00045558979489337877,0.1192392273359191,-0.55,0.413,-0.003820804655249044,"Sungmoon Electronics Co., Ltd."
214390.KS,-0.00043466475585997983,0.1111472608219511,-0.52,0.385,-0.003910710463267984,"Kyongbo Pharmaceutical Co., Ltd"
018290.KQ,-0.0006430434037645527,0.16309475429606698,-0.77,0.565,-0.003942759572740345,"VT Co., Ltd."
253840.KQ,-0.0006702222023458817,0.1688128804289694,-0.8,0.585,-0.0039702077272941744,Sugentech Inc.
031820.KS,-0.0005661356497487811,0.10244718296710975,-0.68,0.355,-0.0055261221768346394,"Itcencts Co.,Ltd."
109740.KQ,-0.0007189545420577699,0.12596968725809027,-0.86,0.436,-0.005707361490743051,"DSK Co., Ltd."
217500.KQ,-0.0012381509603808833,0.2113012093696769,-1.48,0.732,-0.005859649190245317,"Russell Co., Ltd."
005965.KS,-0.0008470467664802068,0.1397592353887857,-1.01,0.484,-0.006060757016335064,Dongbu Corporation
024950.KQ,-0.0006605595411861961,0.10656848381275301,-0.79,0.369,-0.006198451151344496,"Samchuly Bicycle Co., Ltd"
093380.KQ,-0.0006450638925708978,0.09862272250622124,-0.77,0.342,-0.006540722829165524,"PungKang. Co., Ltd."
474660.KQ,-0.00011427057023226347,0.01711051415437872,-0.14,0.059,-0.006678383197679698,Shinhan 12th Special Purpose Acquisition Company
094940.KQ,-0.0007786377565638809,0.11658885409727673,-0.93,0.404,-0.006678492233178816,PULOON Robotics Inc.
081000.KS,-0.0008260306437772512,0.11957432762930569,-0.99,0.414,-0.006908093569533104,"Iljin Diamond Co.,Ltd"
123420.KQ,-0.0010328775684605401,0.13966545675721495,-1.23,0.484,-0.007395368850982424,"Wemade Play Co., Ltd."
085810.KQ,-0.0020123543429855176,0.26014334080507406,-2.39,0.901,-0.007735559698579326,Alticast Corporation
029480.KQ,-0.0015562762889617192,0.1910601095086786,-1.85,0.662,-0.00814547993803504,"Kwangmu Co.,Ltd."
007820.KQ,-0.0011351588626113502,0.1390226898395722,-1.35,0.482,-0.008165277653031227,MX Robotics Inc.
078340.KQ,-0.0007564929580093162,0.09197633025559505,-0.9,0.319,-0.008224865635616046,Com2uS Corporation
222420.KQ,-0.001897802707554768,0.21852818233564283,-2.25,0.757,-0.00868447578372242,"CENOTEC Co., Ltd."
484810.KQ,-0.0020224455506809937,0.22949043630284993,-2.4,0.795,-0.008812766158202985,"Tae Sung System Co., Ltd."
237750.KQ,-0.0013592036685212618,0.1393519279771288,-1.62,0.483,-0.00975374857206383,"PNC Technologies co., Ltd"
122350.KQ,-0.0013989917129676771,0.1412556714968544,-1.67,0.489,-0.009903968443481797,Samkee Corp.
228760.KQ,-0.0018447691626470213,0.18334160776057992,-2.19,0.635,-0.010061923123615495,Genomictree Inc.
060280.KQ,-0.0020015924983133103,0.1983336006654826,-2.38,0.687,-0.010092049413701091,Curexo Inc.
238090.KQ,-0.0018822959445798759,0.17904157020051456,-2.24,0.62,-0.010513178266208404,"NDFOS Co., Ltd."
389680.KQ,-0.002769780336055927,0.2533719247440768,-3.27,0.878,-0.010931678159897143,"Udmtek Co., Ltd."
024120.KQ,-0.0007586661321416889,0.0693687480904094,-0.91,0.24,-0.010936713621426572,"KB Autosys Co., Ltd."
125210.KQ,-0.0024422411597950105,0.22119135650195645,-2.89,0.766,-0.011041304680336407,"Amogreentech Co.,Ltd"
067730.KQ,-0.001066962984552765,0.09573815967282974,-1.27,0.332,-0.011144594675717026,Logisys Inc.
196450.KQ,-0.002117019937063449,0.1876755529805366,-2.51,0.65,-0.011280211532308635,"CoAsia CM Co.,Ltd"
005500.KS,-0.00046527478524545504,0.04039609432525996,-0.56,0.14,-0.011517816091307507,"Samjin Pharmaceuticals Co., Ltd."
478560.KQ,-0.0016892695035137736,0.14534651401272738,-2.01,0.503,-0.011622359951239362,"Black Yak I&C Co.,Ltd"
336370.KS,-0.0020878345938690874,0.17693099135659163,-2.48,0.613,-0.011800276355549309,"Solus Advanced Materials Co., Ltd."
475430.KQ,-0.002540228857409244,0.20442715476448148,-3.01,0.708,-0.012426083317237463,"KISTRON Co., Ltd."
034810.KQ,-0.0009793315895747163,0.07750521325147004,-1.17,0.268,-0.0126356866653243,"Haesung Industrial Co., Ltd."
264450.KQ,-0.001469625540262508,0.11581963645682841,-1.75,0.401,-0.01268891515481754,Ubiquoss Inc.
117730.KQ,-0.0025273582845016826,0.1954311943622043,-2.99,0.677,-0.01293221531368006,"T-Robotics.Co., Ltd."
247540.KQ,-0.0026742380899416607,0.20228113438598216,-3.16,0.701,-0.013220402871771625,"EcoPro BM Co., Ltd."
0098T0.KQ,-0.00020813518069258494,0.015438478674199802,-0.25,0.053,-0.013481586177296894,Kyobo 19th Special Purpose Acquisition Company
306040.KQ,-0.005051571705878152,0.3509673655034174,-5.9,1.216,-0.014393280408371657,"SJ Group Co., Ltd."
199480.KQ,-0.003608296842676375,0.242344209649605,-4.25,0.84,-0.014889139905151663,"Bankware Global Co., Ltd."
140520.KQ,-0.0008134867137935721,0.05400139768989668,-0.97,0.187,-0.015064178865610553,"DaeChang Steel Co., Ltd."
489460.KQ,-0.0034912857746441984,0.23151120774933887,-4.11,0.802,-0.015080417957234594,"BIOBIJOU Co.,Ltd."
006060.KS,-0.0011465784180696478,0.07403251401164018,-1.37,0.256,-0.015487498072662647,"HWASEUNG Industries Co.,Ltd."
036030.KQ,-0.0011691196827347445,0.07368652555460885,-1.39,0.255,-0.015866125779920425,"kt alpha Co., Ltd."
377190.KS,-0.0011805333916091057,0.0740244274073702,-1.41,0.256,-0.015947889540737826,"D&D platform REIT Co., Ltd."
00499K.KS,-0.0017799021487485995,0.10999445326888614,-2.12,0.381,-0.016181744586679772,LOTTE Corporation
215200.KQ,-0.0014990784858446413,0.08880582224326558,-1.78,0.308,-0.01688040770275421,MegaStudyEdu Co. Ltd
036010.KQ,-0.003404463056730919,0.1877581573932181,-4.01,0.65,-0.01813217121427657,"ABCO Electronics Co., Ltd."
317770.KQ,-0.00350673324662705,0.18811671566939808,-4.13,0.652,-0.018641263399420006,Xperix Inc.
180400.KQ,-0.004066214783785227,0.21784905905564525,-4.77,0.755,-0.018665285043744866,"Dx & Vx Co., Ltd."
054050.KQ,-0.0008419239559622906,0.044615687961795575,-1.01,0.155,-0.018870581053983305,"NH Nongwoobio Co., Ltd."
0101C0.KQ,-0.00015874342632956305,0.0083658922260774,-0.19,0.029,-0.01897507427058915,"Hana 36 Special Purpose Acquisition Co., Ltd."
002840.KS,-0.001270666954304896,0.06632613772048686,-1.51,0.23,-0.019157861409928163,"Miwon Commercial Co., Ltd."
108670.KS,-0.001797178264282952,0.09367325450213676,-2.14,0.324,-0.019185607181417583,"LX Hausys, Ltd."
003080.KS,-0.0008180952859455823,0.0415928179032729,-0.98,0.144,-0.01966914787663875,"SBSUNGBO Co., Ltd."
005490.KS,-0.0026736396347412277,0.13073408518351798,-3.16,0.453,-0.020450975971477568,POSCO Holdings Inc.
310870.KQ,-0.0019300874238063791,0.09374637455014402,-2.29,0.325,-0.020588395370681713,"Dyc Co.,Ltd."
122870.KQ,-0.002751648247274602,0.13324978373616467,-3.25,0.462,-0.02065030178752771,YG Entertainment Inc.
321370.KQ,-0.008700868231689793,0.41808581421633956,-9.96,1.448,-0.02081120175770304,"Sensorview Co., LTD"
067170.KQ,-0.0033772576789403612,0.16143043394872883,-3.98,0.559,-0.020920823888839923,Autech Corporation
005300.KS,-0.0015322778011223,0.07303598932027482,-1.82,0.253,-0.02097976374911566,"Lotte Chilsung Beverage Co., Ltd."
127710.KQ,-0.0028418947800298833,0.1338191336732875,-3.36,0.464,-0.021236834389977616,"The Asia Business Daily Co., Ltd."
051910.KS,-0.003540283532880369,0.16660040073452972,-4.17,0.577,-0.021250150163333956,"LG Chem, Ltd."
425040.KQ,-0.004067934004819462,0.19000555260411153,-4.77,0.658,-0.02140955329497795,"TEMC Co., Ltd."
072990.KQ,-0.0024599781848784895,0.11288371156076153,-2.91,0.391,-0.02179214477329057,"HCT Co., Ltd."
048470.KQ,-0.002201625719346855,0.09910959654699299,-2.61,0.343,-0.02221405187844701,"Daedong Steel Co., Ltd."
335870.KQ,-0.003790609480513788,0.16972523560368363,-4.46,0.588,-0.022333800080060213,Wing's Foot Inc.
381620.KQ,-0.006131919403537062,0.2739843862873561,-7.12,0.949,-0.022380543236890427,"Zenix Robotics Co.,Ltd"
067010.KQ,-0.0018038133078587973,0.08048626707092346,-2.14,0.279,-0.022411442019907572,"ECSTELECOM Co., Ltd."
065450.KQ,-0.0024985567561656066,0.1109309438584816,-2.96,0.384,-0.02252353283276036,"Victek Co., Ltd."
078860.KQ,-0.00543713782825905,0.24115191816354692,-6.33,0.835,-0.022546525317586878,"IOKENM Co.,Ltd."
224110.KQ,-0.003278509098585367,0.14430965165552515,-3.86,0.5,-0.022718571218031513,"ATEC MOBILITY Co., Ltd"
049070.KQ,-0.003045161156281198,0.13213901502219894,-3.59,0.458,-0.02304513285322749,"Intops Co., Ltd."
054220.KQ,-0.003648893524155749,0.15751004702497123,-4.29,0.546,-0.02316610015091458,"Vitzrosys. Co., Ltd"
014280.KS,-0.002012598613542675,0.08680320571759556,-2.39,0.301,-0.023185763669724798,"Kumkang Kind Co., Ltd."
063760.KQ,-0.0021254951136084857,0.09121042995739723,-2.52,0.316,-0.02330320243640192,ELP Corporation
137400.KQ,-0.004391871192158474,0.18738511327813817,-5.14,0.649,-0.023437673971675448,People & Technology Inc.
294630.KQ,-0.0036343828673322262,0.15502086364852924,-4.28,0.537,-0.023444475677624102,"SuNam Co., Ltd."
298000.KS,-0.0031680691673412176,0.13459148142169858,-3.74,0.466,-0.023538407734848422,Hyosung Chemical Corporation
184230.KQ,-0.00335380126973046,0.14181113772292164,-3.95,0.491,-0.02364977337875464,"SGA Solutions Co.,Ltd."
289010.KQ,-0.007491128957127795,0.3080248323010609,-8.63,1.067,-0.02431988648826218,"I-Scream Edu Co.,Ltd."
101240.KQ,-0.0025618881990834754,0.10520873539205045,-3.03,0.364,-0.024350527449425566,"CQV Co., Ltd."
900340.KQ,-0.0048320673483329465,0.19813980643697068,-5.65,0.686,-0.024387160940676767,Wing Yip Food Holdings Group Limited
021045.KQ,-0.006158077150262661,0.24893066462363533,-7.14,0.862,-0.024738121997035668,dhSteel
297570.KQ,-0.003429045139686976,0.1381190735206573,-4.04,0.478,-0.02482673140125084,Atlas Link Inc.
185490.KQ,-0.0037691918260874114,0.15047270148328176,-4.43,0.521,-0.025049007487289558,EyeGene Inc.
004840.KS,-0.002395024030613328,0.09535298012120709,-2.84,0.33,-0.025117453356663995,"DRB Holding Co., Ltd."
900070.KQ,-0.0023445693870300537,0.09060435187325826,-2.78,0.314,-0.025877006330885195,Global SM Tech Limited
451760.KQ,-0.005975934436032244,0.23018555641079744,-6.94,0.797,-0.02596137885110122,"Contec.,Co.Ltd"
078890.KQ,-0.003806551826867715,0.14378265574399424,-4.47,0.498,-0.02647434634706776,"KAON Group Co., Ltd."
380550.KQ,-0.009037398510742353,0.33264155522774164,-10.32,1.152,-0.027168579417430082,"NEUROPHET, Inc."
002800.KQ,-0.0027431852550912745,0.10080497734491219,-3.24,0.349,-0.02721279571052578,"Sinsin Pharmaceutical Co., Ltd"
193250.KQ,-0.004616188440817534,0.1687948697356305,-5.4,0.585,-0.027347919092846184,Linked Inc.
459510.KQ,-0.007908189908631418,0.2888061858015293,-9.09,1.0,-0.02738234254465038,"NAU Robotics Co.,Ltd"
071850.KQ,-0.0034012640321150955,0.12004147620517638,-4.01,0.416,-0.028334073685511937,"Castec Korea Co.,Ltd"
090470.KQ,-0.005359736088801189,0.1867317806132254,-6.25,0.647,-0.02870285963749645,JAS Robotics Inc.
011320.KQ,-0.002635872748562428,0.0911366875886806,-3.12,0.316,-0.028922191691437,Unick Corporation
061090.KQ,-0.005757543092213389,0.19775409443459063,-6.69,0.685,-0.029114659338281165,"SENA Technologies, Inc"
082210.KQ,-0.005056171424827026,0.16623230503215247,-5.9,0.576,-0.03041629858798545,OPTRONTEC Inc.
460850.KS,-0.0026566156184683037,0.08498723194569993,-3.14,0.294,-0.03125899688279846,"Dongkuk CM Co., Ltd."
950220.KQ,-0.007689370012489182,0.24416583975164416,-8.85,0.846,-0.031492407047236846,"NeoImmuneTech, Inc."
146320.KQ,-0.004956483192633339,0.15502502334787094,-5.79,0.537,-0.031972149305929516,"BCnC Co., Ltd."
001390.KS,-0.003973818344157573,0.12304414706351023,-4.67,0.426,-0.03229587460268593,KG Chemical Corporation
000440.KQ,-0.003906288151418694,0.12092465140945645,-4.59,0.419,-0.03230348903956582,"Joong Ang Enervis Co., Ltd"
049120.KQ,-0.005428484697551968,0.16770374609798672,-6.32,0.581,-0.03236948979291249,"Fine DNC Co., Ltd."
131180.KQ,-0.002882423854179434,0.08820265797812746,-3.4,0.306,-0.032679557739566295,Dilli Illustrate Inc.
000400.KS,-0.0035002117962685798,0.10663607104667636,-4.12,0.369,-0.03282390059866778,"Lotte Non - Life Insurance Co., Ltd."
004830.KS,-0.005678794521588116,0.1682945292504549,-6.61,0.583,-0.033743191456550366,"Duksung Co., Ltd."
000230.KS,-0.005550232255386884,0.16098713215374674,-6.46,0.558,-0.034476247766723825,"Ildong Holdings Co., Ltd."
388210.KQ,-0.0069620414102685374,0.20192868570515576,-8.04,0.7,-0.03447772358818843,"CMTX Co.,Ltd."
049550.KQ,-0.002507967378266673,0.07245048723175603,-2.97,0.251,-0.03461629416299353,"InkTec Co., Ltd."
347740.KQ,-0.0038222645158238716,0.1099949569449124,-4.49,0.381,-0.03474945235660336,"P&K Skin Research Center Co., Ltd."
217330.KQ,-0.011747081550738227,0.33185468397261303,-13.22,1.15,-0.03539826953808396,"Cytogen, Inc."
003000.KS,-0.0041496115263112724,0.11608038033745292,-4.87,0.402,-0.03574774233378709,"Bukwang Pharmaceutical Co., Ltd."
402490.KQ,-0.008192875324497782,0.22845098512158793,-9.4,0.791,-0.03586272705340845,"Green Resource Co., Ltd."
122690.KQ,-0.006060683257593957,0.16788199296908293,-7.04,0.582,-0.03610085364372634,"Seojin Automotive Co.,Ltd."
083550.KQ,-0.0033736614461120323,0.09244906034425514,-3.97,0.32,-0.03649211180242866,KM Corporation
098660.KQ,-0.004161389484197285,0.11377830691867026,-4.88,0.394,-0.03657454216797129,"STO Co., Ltd."
054620.KQ,-0.006292608212297936,0.1712717955908786,-7.3,0.593,-0.036740481353563045,APS Inc.
131090.KQ,-0.0017805010019279557,0.04832056732682009,-2.12,0.167,-0.03684768413179821,"Secuve Co., Ltd."
005820.KS,-0.0030245242536542775,0.08163883042163182,-3.57,0.283,-0.03704761861523276,Wonlim Corporation
317830.KQ,-0.008290604321313854,0.22347090304172712,-9.51,0.774,-0.037099256361647265,"SP Systems Co.,Ltd."
079950.KQ,-0.011875818265928546,0.3177383195391149,-13.36,1.101,-0.03737609704474623,"INVENIA Co., Ltd."
302550.KQ,-0.003500266253013071,0.09343382530144854,-4.12,0.324,-0.037462516831779605,"Remed Co.,Ltd."
115570.KQ,-0.00351777392017905,0.09247718153238181,-4.14,0.32,-0.03803937211199788,"StarFlex Co., Ltd."
070960.KS,-0.004376147507278915,0.11384283889761145,-5.13,0.394,-0.03844025280513917,"Mona Yongpyong Co.,Ltd"
023810.KS,-0.005106558543449302,0.13271635387307854,-5.96,0.46,-0.038477236560709685,INFAC Corporation
063080.KQ,-0.00673707960141871,0.17466944576689356,-7.79,0.605,-0.03857045273052352,Com2uS Holdings Corporation
039310.KQ,-0.004720516957708826,0.11998708772982096,-5.52,0.416,-0.03934187458852386,"Sejoong Co., Ltd."
012620.KQ,-0.0024534702236923413,0.062243335301724094,-2.9,0.216,-0.039417396445726484,"Wonil Special Steel Co., Ltd."
38380K.KS,-0.0018937925474708929,0.04786197994438928,-2.25,0.166,-0.03956778532085981,LX Holdings Corp.
015750.KQ,-0.004255960384129349,0.10577692224674697,-4.99,0.366,-0.040235245020661725,"Sungwoo Hitech Co., Ltd."
069260.KS,-0.001860013618881552,0.04474588424528162,-2.21,0.155,-0.04156837327620109,"TKG Huchems Co., Ltd."
090080.KS,-0.004412764727580966,0.10582373698895836,-5.17,0.367,-0.04169919578668247,"Pyung Hwa Industrial Co., Ltd."
228850.KQ,-0.0029628478185344705,0.07070903361733902,-3.5,0.245,-0.041901970186280856,"Rayence Co., Ltd."
008420.KS,-0.003794804115653586,0.0902191491845954,-4.46,0.313,-0.0420620694159853,"Moonbaesteel Co.,Ltd"
140070.KQ,-0.005437986331439415,0.12813532337011205,-6.33,0.444,-0.042439400693063234,"SurplusGLOBAL, Inc."
336570.KQ,-0.007503867744582815,0.1764896112309101,-8.64,0.611,-0.0425173339793079,"WON TECH Co.,Ltd."
040910.KQ,-0.006208315657775994,0.14553877948995797,-7.2,0.504,-0.042657466824533606,"ICD Co., Ltd."
097800.KQ,-0.009109226813820806,0.21316971790566122,-10.4,0.738,-0.04273227409275888,WINPAC Inc.
057540.KQ,-0.004955210802298479,0.11484445303518301,-5.79,0.398,-0.04314714965624358,"Omnisystem Co.,Ltd."
013720.KQ,-0.011399646144124621,0.26326405245565576,-12.85,0.912,-0.04330118767751165,"Cheongbo Co., Ltd."
037070.KQ,-0.005500036240616134,0.12331095382260057,-6.4,0.427,-0.04460298189347134,Paseco Co. Ltd
067280.KQ,-0.0022580056426635357,0.05029527742273204,-2.68,0.174,-0.04489498335370511,Multicampus Corporation
115610.KQ,-0.011318937447740039,0.24706940257873752,-12.77,0.856,-0.04581278511058387,"IMAGIS Co., Ltd."
002760.KS,-0.004045714848359402,0.08700890927550332,-4.75,0.301,-0.04649770790194748,Bolak Company Limited
013310.KQ,-0.005398176222576837,0.11556583714069324,-6.29,0.4,-0.046710830433434575,"A-Jin Industrial Co.,Ltd."
092300.KQ,-0.00506816048706837,0.10800094502567963,-5.92,0.374,-0.04692700129488036,"Hyunwoo Industrial Co., LTD"
900300.KQ,-0.01861338299266497,0.38868627801535777,-20.19,1.346,-0.04788793442285996,Organic Tea Cosmetics Holdings Company Limited
224060.KQ,-0.007917900225100555,0.1643704968675826,-9.1,0.569,-0.04817105487902273,"THE CODI Co.,LTD."
000145.KS,-0.0028947927151135194,0.059710586101588144,-3.42,0.207,-0.04848039358026877,"Hitejinro Holdings Co., Ltd."
051630.KS,-0.009178892650227026,0.1892649156167506,-10.48,0.656,-0.048497591961595775,ChinYang Chemical Corporation
950210.KS,-0.00662529477102885,0.136391562035402,-7.67,0.472,-0.048575547285756415,Prestige BioPharma Limited
041510.KQ,-0.006269871428804823,0.1290616670800745,-7.27,0.447,-0.04858043112766217,"SM Entertainment Co., Ltd."
038290.KQ,-0.004591020561618378,0.09400594629512811,-5.37,0.326,-0.04883755488408194,"Macrogen, Inc."
317120.KQ,-0.01145424273570467,0.23412917968957017,-12.91,0.811,-0.048922747480223315,Ranix Inc.
267980.KQ,-0.0021846358445904157,0.04460307125169807,-2.59,0.155,-0.0489794936376101,"Maeil Dairies Co., Ltd."
010780.KS,-0.006062628250368924,0.12289368196472403,-7.04,0.426,-0.04933230214478535,"IS DongSeo Co., Ltd."
045970.KQ,-0.008950284651100033,0.1806224144508383,-10.23,0.626,-0.04955245825005908,CoAsia Corporation
0041J0.KQ,-0.0003959094925393523,0.007878962529272136,-0.47,0.027,-0.05024893709907346,LS Special Purpose Acquisition No1 Company
023350.KS,-0.0049590653995490435,0.09842670201133387,-5.79,0.341,-0.05038333397555071,Korea Engineering Consultants Corp.
307280.KQ,-0.004280258217468326,0.08413526138029255,-5.02,0.291,-0.05087353562879539,"Wonbiogen Co., Ltd."
451220.KQ,-0.008289092347944118,0.16251030578174805,-9.51,0.563,-0.0510065642180035,"IMT Co., Ltd."
189690.KQ,-0.004362367936082589,0.08389016920854404,-5.11,0.291,-0.05200094334341014,"FORCS Co.,Ltd."
065530.KQ,-0.0056545630395117156,0.10717619147963472,-6.58,0.371,-0.05275950713910353,Wiable Corp.
0134X0.KQ,-0.0002469056955638723,0.004645522382908056,-0.3,0.016,-0.053149177899194947,Daishin Balance No.20 Special Purpose Acquisition Company
352910.KQ,-0.007985386736719082,0.149706639050286,-9.17,0.519,-0.05334023118398119,"Obigo, Inc."
187420.KQ,-0.008480192326402116,0.15825068830664948,-9.71,0.548,-0.05358708020258127,"HLB Genex, Inc."
071670.KQ,-0.009610135530768817,0.17788329670308448,-10.94,0.616,-0.054024946180358135,"A-Tech Solution Co., Ltd."
088260.KS,-0.0034453304151121455,0.0637072693209987,-4.06,0.221,-0.05408064812435027,E Kocref Cr-Reit
053270.KQ,-0.004429573487689048,0.08157587928213825,-5.19,0.283,-0.05430003975034005,"Guyoung Technology Co., Ltd"
121600.KQ,-0.010526665463917208,0.19285736396339614,-11.93,0.668,-0.05458264723516154,"Advanced Nano Products Co., Ltd."
092220.KS,-0.009968144588523574,0.18017231465434583,-11.33,0.624,-0.055325617632470916,Kec Corporation
365340.KQ,-0.01152020198617869,0.20642364842264163,-12.98,0.715,-0.05580853780179138,"SungEel HiTech Co., Ltd."
055490.KS,-0.008287472190160423,0.14778535844973464,-9.5,0.512,-0.056077762216066834,"Tapex Co., Ltd."
096870.KQ,-0.004346411074364276,0.07729137002627302,-5.09,0.268,-0.05623410573375573,LDT Inc.
034230.KS,-0.006202269202318384,0.11026125225376064,-7.19,0.382,-0.056250668984279065,"Paradise Co., Ltd."
045300.KQ,-0.005042566433956134,0.08907329591621722,-5.89,0.309,-0.0566114275001028,"Sungwoo Techron. Co,.Ltd"
067630.KQ,-0.011919460540550021,0.210008697349827,-13.4,0.727,-0.05675698526282888,"HLB Life Science Co., Ltd."
039340.KQ,-0.0037874952059445783,0.06662620802248087,-4.45,0.231,-0.056846927333259155,"Korea Business News Co., Ltd."
024070.KS,-0.004434548825297897,0.0778530278675977,-5.19,0.27,-0.05696051838651158,"Wiscom Co.,Ltd."
250060.KQ,-0.007792373368522549,0.1350169912377547,-8.96,0.468,-0.0577140202657958,"Mobiis Co., Ltd."
170900.KS,-0.005266149101735064,0.09066590761374381,-6.14,0.314,-0.05808301312296996,"Dong-A ST Co., Ltd."
459550.KQ,-0.025341545053025685,0.43396989230330096,-26.51,1.503,-0.058394707795338285,"ALT Co., Ltd."
221840.KQ,-0.006022507571851555,0.10201681678652835,-6.99,0.353,-0.059034458842739015,"Hizeaero Co., Ltd."
002690.KS,-0.0036584982295598018,0.0617619519533211,-4.3,0.214,-0.05923546963549417,"Dong Il Steel Mfg Co.,Ltd"
072020.KQ,-0.0020843341717155196,0.03448229598233429,-2.47,0.119,-0.06044650196098745,"Choong Ang Vaccine Laboratory Co., Ltd."
0093G0.KQ,-0.00047755219929490915,0.007835235634315678,-0.57,0.027,-0.06094930919542385,Mirae Asset Vision Special Purpose Acquisition 8 Company
419080.KQ,-0.011157664428350148,0.18075215637637804,-12.6,0.626,-0.06172908059318904,"Enjet Co., Ltd."
041930.KQ,-0.005845948182836792,0.09395246405020864,-6.79,0.325,-0.06222240408418335,"SY Dong-A Co.,Ltd."
238120.KQ,-0.005290982316114558,0.08465792902225902,-6.17,0.293,-0.06249836698371638,"Aligned Genetics, Inc."
032560.KS,-0.0033016042184470795,0.052624567179582214,-3.89,0.182,-0.06273883844365503,"Hwang Kum Steel & Technology Co., Ltd"
022220.KQ,-0.00675008990337488,0.1074041352434707,-7.81,0.372,-0.06284757926753319,"TKG Aikang Co.,Ltd."
088340.KQ,-0.011591409087602719,0.18385716454859577,-13.06,0.637,-0.06304572963507747,"Uracle Co., Ltd."
011700.KS,-0.009169549230025562,0.1452552598504059,-10.47,0.503,-0.0631271407277713,"Hanshin Machinery Co., Ltd."
002620.KS,-0.005042449556885783,0.07984820865293416,-5.89,0.277,-0.06315044059163737,Jeil Pharma Holdings Inc
153490.KQ,-0.008513135164390628,0.13409338310827165,-9.75,0.465,-0.06348661631958996,"WOOREE E&L Haroutine Co.,LTD."
065650.KQ,-0.021395663568814918,0.33592180700802227,-22.86,1.164,-0.06369239246293992,Hyper Corporation Inc.
328380.KQ,-0.0079330908591183,0.12441789882347982,-9.12,0.431,-0.06376165273754958,"Saltware Co., Ltd."
357550.KQ,-0.008245952669172408,0.12927690422682364,-9.46,0.448,-0.06378519595970845,"Sukgyung AT Co., Ltd."
137950.KQ,-0.008826204370807448,0.13680135028204193,-10.09,0.474,-0.0645184009705354,"JC Chemical Co., Ltd."
089790.KQ,-0.009308403433747068,0.14399789626913231,-10.62,0.499,-0.0646426348920379,JT Corporation
024910.KQ,-0.0069728499275291695,0.10728099422173402,-8.05,0.372,-0.06499613447948958,"Kyung Chang Industrial Co., Ltd."
417790.KQ,-0.00547977656479669,0.08422580569435877,-6.38,0.292,-0.06506054195173715,"TRUEN Co., Ltd."
314130.KQ,-0.014468876013974799,0.2223549001766766,-16.05,0.77,-0.0650710913160819,Genome & Company
027740.KS,-0.006718037321874589,0.10099769087277463,-7.77,0.35,-0.06651674175736558,"Maniker.Co.,Ltd"
493330.KQ,-0.022841837011470672,0.3354269903181998,-24.22,1.162,-0.06809779078839771,"GFI Co., Ltd."
478340.KQ,-0.034679901088944996,0.5089439507714238,-34.53,1.763,-0.06814090438913652,NARA SPACE TECHNOLOGY Inc.
170030.KQ,-0.004733676931205782,0.06910445655974491,-5.53,0.239,-0.06850031339314906,"Hyundai Industrial Co., Ltd."
112040.KQ,-0.011593031361049925,0.16869918322273922,-13.06,0.584,-0.06872013924183175,"Wemade Co.,Ltd."
126600.KQ,-0.006395400569939047,0.09097023894156088,-7.41,0.315,-0.0703021190704736,"BGFecomaterials CO., LTD."
381970.KS,-0.005809555664383415,0.08141306417715301,-6.75,0.282,-0.07135901004465268,"K Car Co., Ltd."
060380.KQ,-0.006399617894558097,0.08959102803857495,-7.41,0.31,-0.07143145954082178,"Dongyang S.Tec Co.,Ltd"
072770.KQ,-0.01965522504316186,0.27039143684369926,-21.2,0.937,-0.07269174376451734,"MemRAY BT Co., LTD."
227950.KQ,-0.013526519128057243,0.1860345729812347,-15.08,0.644,-0.07270970611157132,"N2Tech Co.,Ltd"
057030.KQ,-0.007544425390483764,0.10374533172255222,-8.69,0.359,-0.0727206252582038,"YBM Net, Inc."
067900.KQ,-0.004583134632613561,0.06263873518766161,-5.36,0.217,-0.07316773908162075,"Y-Entec Co., Ltd."
209640.KQ,-0.02179215462576906,0.2973698694827885,-23.23,1.03,-0.07328299489007366,"YJLINK Co., Ltd."
001520.KS,-0.009426607877233864,0.12736040941457472,-10.74,0.441,-0.07401521336625912,Tongyang Inc.
314140.KQ,-0.005060740581755385,0.06826066782444745,-5.91,0.236,-0.07413845693350936,RP Bio Inc.
291650.KQ,-0.014862458785167315,0.1998622052489063,-16.45,0.692,-0.07436352844529942,CHOOLIP & SCIENCES Inc.
008350.KS,-0.010950559752746886,0.1470060886601362,-12.38,0.509,-0.07449051840338067,"Namsun Aluminum Co., Ltd."
053280.KQ,-0.005145401522418679,0.06901065912812959,-6.0,0.239,-0.07455951859357549,"YES24 Co.,Ltd"
001630.KS,-0.00474618003355941,0.06353099504995936,-5.55,0.22,-0.07470652757488087,Chong Kun Dang Holdings Corp.
078590.KQ,-0.01831580840294436,0.24405171724578142,-19.89,0.845,-0.07504888148153754,"HYULIM A-TECH Co., Ltd."
383310.KQ,-0.014052470878491447,0.1860880459901678,-15.62,0.645,-0.07551517242130604,"Ecopro Hn. Co., Ltd."
013570.KS,-0.005862022694294917,0.07747784786910192,-6.81,0.268,-0.07566062888322284,DY Corporation
439090.KQ,-0.00839180697795397,0.10976761511789382,-9.62,0.38,-0.07645066323925238,"Manyo Factory Co., Ltd"
187270.KQ,-0.006134812213626717,0.07982185666432226,-7.12,0.277,-0.07685629563122873,"Shinhwa Contech Co., Ltd"
473980.KQ,-0.01239543368097565,0.15889653818240437,-13.9,0.55,-0.0780094634078584,Knowmerce Corp
023800.KS,-0.00738731057828664,0.09458894427027789,-8.51,0.328,-0.07809909112822089,"INZI Controls Co.,Ltd."
491000.KQ,-0.02118842395437104,0.27095664224179383,-22.66,0.939,-0.07819857737778986,Livsmed Inc
331520.KQ,-0.010900643734148611,0.1387422182982984,-12.32,0.481,-0.07856760449592944,"VALOFE Co.,Ltd"
271980.KS,-0.007713068298314076,0.09800796743519594,-8.87,0.34,-0.07869838034763908,"Jeil Pharmaceutical Co.,Ltd"
013120.KQ,-0.0056828706053006035,0.07200858077170443,-6.61,0.249,-0.0789193530048529,"DongWon Development Co.,Ltd."
051915.KS,-0.012751734240134354,0.16151114869810498,-14.27,0.559,-0.07895265647555864,"LG Chem, Ltd."
035290.KQ,-0.01658696198926799,0.20650026593272977,-18.19,0.715,-0.080324167692217,"GOLD&S Co.,Ltd"
019570.KQ,-0.014354731390506236,0.17777852422634663,-15.93,0.616,-0.08074502504155041,"GMIVENTURE Co.,Ltd"
008700.KS,-0.007662853443700812,0.09451303285806685,-8.82,0.327,-0.08107721455948151,"Anam Electronics Co.,Ltd."
021040.KQ,-0.019876003129353968,0.24217396427473648,-21.41,0.839,-0.08207324511071493,dhSteel
095660.KQ,-0.006344364439162372,0.0772661957735785,-7.35,0.268,-0.0821104802125104,NEOWIZ
067000.KQ,-0.012279519075643825,0.14808657596058628,-13.78,0.513,-0.0829212168354278,JOYCITY Corporation
101400.KQ,-0.013246477663023863,0.1596224928575418,-14.79,0.553,-0.08298628486428877,"N Citron, Inc."
011170.KS,-0.011945684856181717,0.14344939492086117,-13.43,0.497,-0.08327455729438223,Lotte Chemical Corporation
031430.KS,-0.008202866596811385,0.098030964249783,-9.41,0.34,-0.08367628187263845,"Shinsegae International Co., Ltd."
396270.KQ,-0.02403805436812948,0.2841373660936801,-25.32,0.984,-0.08460011683294105,"Nextchip Co., Ltd."
032790.KQ,-0.017329624654320544,0.20413697344343754,-18.92,0.707,-0.0848921406151946,"Mgen Solutions Co., Ltd."
009520.KQ,-0.012420392329761037,0.14532672768069663,-13.93,0.503,-0.08546529965947072,"POSCO M-TECH Co., Ltd."
071840.KS,-0.005151013490700633,0.06019493487222579,-6.01,0.209,-0.08557220805429151,"LOTTE Himart Co.,Ltd."
043650.KQ,-0.0075330509236399504,0.08709540148942746,-8.67,0.302,-0.08649194785047738,"Kook Soon Dang.Co.,Ltd."
262260.KQ,-0.018636543106504595,0.21423003498783744,-20.21,0.742,-0.08699313850909213,"APRO Co., Ltd"
003030.KS,-0.011929885316238403,0.135497802266523,-13.41,0.469,-0.08804486210612053,SeAH Steel Holdings Corporation
128540.KQ,-0.013832848363461783,0.15672569324088972,-15.39,0.543,-0.08826152290295178,"ECOCAB Co.,Ltd"
067160.KQ,-0.011705267601129273,0.1323312203642261,-13.18,0.458,-0.08845431613879101,"Soop Co., Ltd."
002210.KS,-0.01789114295042421,0.2001363567859021,-19.48,0.693,-0.08939476683670944,"Dong Sung Bio Pharm.Co.,Ltd."
377030.KQ,-0.02851509953066225,0.3180741280060267,-29.33,1.102,-0.0896492264536585,"Bitmax Co., Ltd"
034120.KS,-0.012231100109276227,0.13626007114234848,-13.73,0.472,-0.08976290711384272,Seoul Broadcasting System
344820.KS,-0.0065867806755334,0.07335291794561954,-7.62,0.254,-0.08979575537017537,KCC GLASS Corporation
298050.KS,-0.011587546390994092,0.12881998785251883,-13.05,0.446,-0.08995146315539354,HS Hyosung Advanced Materials Corporation
107600.KQ,-0.019409441175970103,0.21428377909432625,-20.96,0.742,-0.09057821015666426,"Sebitchem Co., LTD"
36328K.KS,-0.015922131571626134,0.17544258259438358,-17.52,0.608,-0.09075408795387767,"TY Holdings Co., Ltd"
009460.KS,-0.009457609577360313,0.1040508655782202,-10.78,0.36,-0.09089409804333207,"Hanchangpaper co., Ltd"
014100.KQ,-0.009996119198681768,0.10956825523226232,-11.36,0.38,-0.09123189173261943,"Medience Co., Ltd."
171010.KQ,-0.011571958076430928,0.12673673310315262,-13.04,0.439,-0.09130705670795827,"Ram Technology Co., Ltd"
005320.KS,-0.01153244187886114,0.125333981887821,-12.99,0.434,-0.09201368778966221,ONTIDE Corp.
084850.KQ,-0.014372253933388495,0.15555359102735966,-15.95,0.539,-0.09239422785720594,"ITM Semiconductor Co., Ltd."
023770.KQ,-0.015046900552053212,0.16227477767219498,-16.63,0.562,-0.09272482617384246,PLAYWITH KOREA Inc.
33637K.KS,-0.012894943318233463,0.1390425761863151,-14.42,0.482,-0.09274096950673885,"Solus Advanced Materials Co., Ltd."
014285.KS,-0.010342408819062298,0.11137123344800715,-11.73,0.386,-0.09286427472216671,"Kumkang Kind Co., Ltd."
370090.KQ,-0.020282874537646878,0.21743499361314267,-21.8,0.753,-0.09328247583612916,FURONTEER Inc.
099430.KQ,-0.011684474944234817,0.12499240570235115,-13.15,0.433,-0.09348147896328575,"Bio Plus Co., Ltd"
050760.KQ,-0.009646368373378835,0.10295180807572822,-10.98,0.357,-0.09369790151022175,"Spolytech Co., Ltd."
054090.KQ,-0.011097664651114093,0.11828454241238336,-12.53,0.41,-0.09382176592799048,"Samjin LND Co., Ltd."
263600.KQ,-0.01318400909131928,0.1388014821913391,-14.72,0.481,-0.0949846419733833,"Derkwoo Electronics Co., Ltd"
104040.KQ,-0.014157053553704814,0.14882402580753132,-15.73,0.516,-0.09512612951361506,DSM Corporation
009900.KS,-0.013153312486236772,0.13789462753449833,-14.69,0.478,-0.09538669287856114,"Myoung Shin Industrial Co.,Ltd"
016580.KS,-0.005258566743965818,0.055125383614493734,-6.13,0.191,-0.09539283718622903,"Whan In Pharm Co.,Ltd."
032620.KQ,-0.007354134764795272,0.07687250705823762,-8.48,0.266,-0.09566664398266438,GC MediAI Corporation
069920.KQ,-0.029540086321923946,0.3057849065660997,-30.22,1.059,-0.09660413476143383,Exion Group Company Limited
043340.KQ,-0.00988244447325993,0.10209926420549241,-11.24,0.354,-0.09679251412987466,"Essen Tech Co., Ltd."
053210.KS,-0.0041191540929893964,0.042501707668956085,-4.83,0.147,-0.0969173785927216,"KT Skylife Co., Ltd."
377480.KQ,-0.015427220131668008,0.15914671975937317,-17.02,0.551,-0.09693709147756029,"Maum.AI, Inc."
085660.KQ,-0.013876763862169522,0.1417665104170037,-15.44,0.491,-0.09788464018301124,"Chabiotech Co.,Ltd."
049800.KS,-0.010301094786382253,0.10433265399443797,-11.68,0.361,-0.09873318076363138,"Woojin Plaimm Co., Ltd."
276730.KQ,-0.025389962970690932,0.25537751671361747,-26.55,0.885,-0.09942129321886803,"HanWool & Jeju, Inc."
263700.KQ,-0.015597383481434392,0.15680714756221223,-17.19,0.543,-0.09946857476790864,"Carelabs Co.,Ltd"
080420.KQ,-0.009399831259892376,0.09380768820602862,-10.71,0.325,-0.10020320764378765,"Moda-InnoChips Co., Ltd."
002150.KS,-0.00644777606391653,0.06426798449634538,-7.47,0.223,-0.1003264084667722,"Dohwa Engineering Co., Ltd."
200350.KQ,-0.020431451617646697,0.20355700390745915,-21.94,0.705,-0.10037213765896859,Artist Studio Inc.
093640.KQ,-0.013225668792556516,0.130885601782556,-14.77,0.453,-0.10104754543229819,"Korea Robot Manufacturing Co.,Ltd."
393890.KQ,-0.023028350224340504,0.22780813742069697,-24.39,0.789,-0.10108660070300157,"W-Scope Chungju Plant Co., Ltd."
044340.KQ,-0.01487259886227678,0.14712605859868336,-16.46,0.51,-0.10108745523350733,Winix Inc.
058630.KQ,-0.007213673454947791,0.07125494847482969,-8.32,0.247,-0.10123750854294661,Mgame Corp.
287840.KQ,-0.027004713786660504,0.2666197330685945,-28.0,0.924,-0.1012855030490668,"IntoCell, Inc."
030720.KS,-0.007811574361743554,0.07705022312663332,-8.98,0.267,-0.10138289085685194,"Dong Won Fisheries Co., Ltd."
273640.KQ,-0.016999007115479758,0.16755298601318372,-18.6,0.58,-0.10145451609046352,"YM Tech Co., Ltd."
148250.KQ,-0.017962319927725883,0.1770078158895646,-19.55,0.613,-0.10147755248803587,"RN2 Technologies Co., Ltd."
241790.KQ,-0.013575698220011718,0.13351069778177407,-15.13,0.462,-0.10168247522907468,"TEMC CNS Co., Ltd."
407400.KQ,-0.02081223730899234,0.20382258708518972,-22.31,0.706,-0.10210957287228258,GGUMBI Inc.
101970.KQ,-0.0173797520674927,0.1701167152010818,-18.97,0.589,-0.10216369418460404,"Wooyang HC Co., Ltd."
044380.KS,-0.01559988847997206,0.1522603749314819,-17.19,0.527,-0.10245533998581119,"JOOYONTECH CO., Ltd"
012700.KQ,-0.010692391253171887,0.10430585590376812,-12.1,0.361,-0.10250998048505172,"The LEADCORP, Inc."
163280.KQ,-0.015595980000542768,0.1517330097008854,-17.19,0.526,-0.10278567617743471,"Airrane Co., Ltd."
051905.KS,-0.008152063127964182,0.07907158299832487,-9.36,0.274,-0.10309725465009198,"LG H&H Co., Ltd."
048910.KQ,-0.011903782988048972,0.11423784494164543,-13.39,0.396,-0.10420174675152197,"Daewon Media Co., Ltd."
033200.KQ,-0.010130574334738029,0.09705537559035349,-11.5,0.336,-0.10437932235198032,"Moatech Co., Ltd."
050860.KQ,-0.007034049681343907,0.06737030157497853,-8.12,0.233,-0.1044087604909337,"Asia Technology Co.,Ltd"
060310.KQ,-0.011997064984454665,0.11462865592691841,-13.48,0.397,-0.10466026045095916,"3S KOREA Co., Ltd."
083640.KQ,-0.014733497217072369,0.1402184505745185,-16.32,0.486,-0.10507531039392218,"INCON Co.,Ltd."
271940.KS,-0.012920455041390565,0.12259114037775637,-14.45,0.425,-0.10539468840551651,"Iljin Hysolus Co., Ltd."
200780.KQ,-0.010554654871099025,0.09990328192981199,-11.96,0.346,-0.10564873012394427,"BCWORLD PHARM. Co., Ltd."
042110.KQ,-0.006474356827161161,0.06091572253757954,-7.5,0.211,-0.10628383867838165,"SCD Co., Ltd."
391710.KQ,-0.01609582411581007,0.1514173152305499,-17.69,0.525,-0.1063010798421724,"Kornic Automation Co., Ltd."
123860.KQ,-0.010171859333039424,0.0951418977845704,-11.55,0.33,-0.1069125124671314,"Anapass, Inc."
100660.KQ,-0.009770495324236704,0.0907177100823363,-11.11,0.314,-0.1077021820256365,"Seoam Machinery Industry Co.,Ltd."
419050.KQ,-0.01433743126270318,0.13289788916917583,-15.91,0.46,-0.1078830623445943,"Samkee Energy Solutions Co., Ltd"
005420.KS,-0.01889320486528323,0.17489264540895857,-20.46,0.606,-0.10802744061137895,"Cosmo Chemical Co., Ltd."
101730.KQ,-0.01566712277476867,0.14493731543097235,-17.26,0.502,-0.10809585321890602,"Wemade Max Co., Ltd."
251630.KQ,-0.0184587647916914,0.17045665596798182,-20.03,0.59,-0.10829007929827422,"V-One Tech Co., Ltd."
013890.KS,-0.01565842326425346,0.1443075237786469,-17.25,0.5,-0.108507324179936,"Zinus, Inc"
950200.KQ,-0.009739409422646849,0.08944247932926722,-11.08,0.31,-0.1088901995526407,"Psomagen, Inc."
027710.KQ,-0.0068582296652205865,0.0629747452706142,-7.93,0.218,-0.10890444472223743,"FarmStory Co., Ltd."
023150.KS,-0.006889527907527969,0.06307277122199986,-7.96,0.218,-0.10923141276413256,"MH Ethanol Co.,Ltd."
060480.KQ,-0.012321571602675312,0.11263965327999574,-13.82,0.39,-0.10938928915243354,"Kukil Metal Co., Ltd."
0015S0.KQ,-0.04013140854988393,0.36563579701346277,-38.83,1.267,-0.10975787621912272,"FESCARO Co., Ltd."
239610.KQ,-0.016048809740563125,0.14612509184283487,-17.65,0.506,-0.10982925340313526,"HLscience Co., Ltd."
037950.KQ,-0.013777165046033296,0.12543778653834473,-15.34,0.435,-0.10983265430805249,"Elcomtec Co., Ltd"
444530.KQ,-0.02456724215698402,0.2232490295771218,-25.81,0.773,-0.11004411622088246,"SimPlatform Co., Ltd."
064480.KQ,-0.013770306506109718,0.1250474584979977,-15.33,0.433,-0.11012064276644384,BRIDGETEC Corp.
054670.KQ,-0.008042695033751747,0.07254416111341487,-9.24,0.251,-0.11086619391983694,"Daehan Nupharm Co.,Ltd."
043150.KQ,-0.010364992668628142,0.0933370036996204,-11.75,0.323,-0.11104912583207657,"Value Added Technology Co., Ltd."
114090.KS,-0.008981153029226054,0.08053496070470043,-10.26,0.279,-0.11151868642684852,"Grand Korea Leisure Co., Ltd."
217820.KQ,-0.01947733723344119,0.17459018306125862,-21.02,0.605,-0.11156032310595126,"Wonik Pne Co., Ltd."
365900.KQ,-0.009991521933623829,0.08923863700266078,-11.35,0.309,-0.11196408046131315,VC Inc.
086960.KQ,-0.013742249341588129,0.12232399503639148,-15.3,0.424,-0.11234303897203325,MDS Tech Inc.
155650.KQ,-0.010270950992394938,0.09133109334198854,-11.65,0.316,-0.11245842589374733,"Ymc Co., Ltd."
005070.KS,-0.020239943556069423,0.17960041649469088,-21.76,0.622,-0.11269430189026165,"Cosmo Advanced Materials & Technology Co., Ltd."
429270.KQ,-0.02309689831237533,0.20485410544158092,-24.45,0.71,-0.11274803725601666,"Sigetronics, Inc"
086890.KQ,-0.013893696949309482,0.12251371295496771,-15.46,0.424,-0.11340523941525125,"ISU Abxis Co., Ltd."
088390.KQ,-0.019635056938571538,0.17292221157953158,-21.18,0.599,-0.11354849535648488,Innox Corporation
162300.KQ,-0.014419593920023762,0.12616681151102746,-16.0,0.437,-0.11428991307086678,"Shin Steel Co.,Ltd."
237880.KQ,-0.013548766793699674,0.11674714698717677,-15.1,0.404,-0.11605223034005138,"CLIO Cosmetics Co.,Ltd"
002710.KS,-0.0227739593312009,0.19623212307478843,-24.15,0.68,-0.1160562245077542,TCC Steel Corp.
033170.KQ,-0.01769091186822816,0.15209881841196882,-19.28,0.527,-0.11631196121662996,Signetics Corporation
066900.KQ,-0.012202148788097354,0.10429800712690486,-13.7,0.361,-0.11699311544131767,DAP Corporation
038110.KQ,-0.013682986727925324,0.11674782639419756,-15.24,0.404,-0.1172012117957973,Ecoplastic Corporation
373200.KQ,-0.022510803461720397,0.19033165756100096,-23.91,0.659,-0.11827146229998929,Xplus Inc.
090370.KS,-0.014408139357972357,0.1217469029851717,-15.98,0.422,-0.11834501744760778,"Metalabs Co., Ltd."
008775.KS,-0.011578383651618415,0.09752510349411017,-13.04,0.338,-0.11872208525590201,"Hotel Shilla Co.,Ltd"
134790.KS,-0.007439027772533518,0.062270117941145696,-8.57,0.216,-0.11946384587812214,Sidiz.Inc.
045060.KQ,-0.006253721082084883,0.05226055256317325,-7.25,0.181,-0.11966427401480881,Okong Corporation
103230.KQ,-0.011822538883938307,0.0977986862640145,-13.3,0.339,-0.12088647951796125,S&W Corporation
065130.KQ,-0.01424287544860511,0.11750830529044354,-15.81,0.407,-0.12120739392335891,"TOP Engineering Co., Ltd"
159580.KQ,-0.016493520283532383,0.13597290657182207,-18.09,0.471,-0.1213000493949165,Zero to Seven Inc.
418550.KQ,-0.02579791265744726,0.2103527419629378,-26.92,0.729,-0.12264119980899803,"JEIO Co., Ltd."
104460.KQ,-0.016454426116436195,0.13395371593327338,-18.05,0.464,-0.12283665295729959,"DYPNF Co.,Ltd"
477850.KQ,-0.053688012069720896,0.43703956702529134,-48.43,1.514,-0.12284474020315417,"MakinaRocks Co., Ltd."
015890.KS,-0.004286188509517788,0.03475370409703212,-5.02,0.12,-0.12333040810702585,"Taekyung Industry.Co., Ltd."
052790.KQ,-0.01157067517956147,0.0935560192660416,-13.03,0.324,-0.12367643760748727,"Actoz Soft Co.,Ltd."
153710.KQ,-0.009400125809781265,0.07586223973557919,-10.71,0.263,-0.12391047038086105,"Optipharm.CO.,LTD"
066910.KQ,-0.02693250623116309,0.2168645176681656,-27.94,0.751,-0.12419046933428621,"SONOKONG Co., Ltd."
091810.KS,-0.021564345926180502,0.1734299209738536,-23.02,0.601,-0.12434040103974651,"Trinity Airways Co., Ltd."
007570.KS,-0.009987453562739768,0.08025927685321564,-11.35,0.278,-0.12443986482716003,"Ilyang Pharmaceutical Co.,Ltd"
061040.KQ,-0.017558206034611005,0.1410553051293007,-19.15,0.489,-0.12447745952210718,"RFTech Co., Ltd."
382840.KQ,-0.019776028358864224,0.15881002471211567,-21.31,0.55,-0.12452632253356424,"ONEJOON Co., Ltd."
108320.KS,-0.014372563257267235,0.11525353513999628,-15.95,0.399,-0.12470388209619042,"LX Semicon Co., Ltd."
017370.KS,-0.013163454154468754,0.1054776746252469,-14.7,0.365,-0.1247984865161028,"Wooshin Systems Co., Ltd."
261780.KQ,-0.015279637286950254,0.12225837259165524,-16.87,0.424,-0.12497824863074586,"AriBioLab Co.,Ltd."
083470.KQ,-0.01509541450576327,0.1207560321395711,-16.68,0.418,-0.12500753989925595,"EMnI Co., Ltd."
075180.KS,-0.006134921498779145,0.04876304234235538,-7.12,0.169,-0.12581088472099652,Saeron Automotive Corporation
005860.KQ,-0.011940272580231986,0.09484864521810926,-13.42,0.329,-0.1258876450240773,"Hanil Feed Co., Ltd."
290520.KQ,-0.017112163473878887,0.13573951683650765,-18.71,0.47,-0.1260661881866704,"Shindo Eng. Lab., Ltd."
041650.KS,-0.008005903746252293,0.06320677037608934,-9.2,0.219,-0.12666212335507762,"Sangsin Brake Co., Ltd."
097950.KS,-0.009387800624762254,0.07408947238082898,-10.7,0.257,-0.12670896853614785,CJ Cheiljedang Corporation
088910.KQ,-0.007836942122382054,0.06174979564213959,-9.01,0.214,-0.12691446248340182,"Dongwoo Farm To Table Co ., Ltd"
023900.KQ,-0.008411947640627877,0.06593610741662208,-9.64,0.228,-0.12757725577393242,"Pungguk Ethanol Co., Ltd"
066360.KQ,-0.014400922238960868,0.11253246391885825,-15.98,0.39,-0.12797126924497698,"Cherrybro co.,Ltd"
208350.KQ,-0.00840774942889061,0.06568840844402235,-9.64,0.228,-0.12799441527123367,"Jiransecurity Co.,Ltd"
118990.KQ,-0.017037032471590618,0.13219584789478012,-18.63,0.458,-0.12887721318714232,"Motrex Co., Ltd"
006490.KS,-0.029063734010906766,0.22549567601290516,-29.81,0.781,-0.12888820985305033,"FreeT, Inc."
144510.KQ,-0.01720031157167731,0.13322740699704066,-18.8,0.462,-0.12910490385855347,GC Cell Corporation
303030.KQ,-0.021334348869507178,0.16493088318015195,-22.8,0.571,-0.12935326882475937,"Zinitix Co., Ltd."
363260.KQ,-0.022309043136936747,0.17168660914230435,-23.72,0.595,-0.1299404959325957,Mobidays Inc.
010640.KS,-0.018712017215409105,0.14317129434881878,-20.28,0.496,-0.13069671054184673,"Chinyang Poly Urethane Co.,Ltd"
207760.KQ,-0.026041635744545485,0.1984936402885784,-27.14,0.688,-0.1311963229989891,Mr. Blue Corporation
080520.KQ,-0.009482775683883114,0.07224315495192439,-10.8,0.25,-0.13126192634019945,"ODTech Co., Ltd."
109860.KQ,-0.004600079849872278,0.034940896459708756,-5.38,0.121,-0.1316531719550112,"Dongil Metal Co., Ltd."
270520.KQ,-0.033986523464074665,0.2581364080575852,-33.96,0.894,-0.13166110011297955,APTN Inc.
149980.KQ,-0.011452506972331019,0.08623898613876645,-12.91,0.299,-0.1327996476431539,"Hironic Co., Ltd."
046390.KQ,-0.015683765715631452,0.11789251265345223,-17.28,0.408,-0.13303445115072104,"Samhwa Networks Co., Ltd."
033270.KS,-0.0076312153432816195,0.05724168229295045,-8.78,0.198,-0.13331570697427658,Korea United Pharm Inc.
123570.KQ,-0.011381108293671666,0.08513354803343853,-12.83,0.295,-0.13368535150445537,eMnet Inc.
096250.KQ,-0.0209545407169361,0.1566131605396373,-22.44,0.543,-0.13379808340968066,"WISEnut, Inc."
194480.KQ,-0.01874064363854352,0.14006044777586765,-20.31,0.485,-0.1338039677592158,Devsisters corporation
080470.KQ,-0.011965727143531899,0.08914157306838823,-13.45,0.309,-0.13423284705052213,"Sungchang Autotech Co., Ltd."
102460.KS,-0.010225170486297258,0.07616490259118998,-11.6,0.264,-0.13425042425617187,"REYON Pharmaceutical Co., Ltd."
065370.KQ,-0.021170400924239878,0.15743991719253494,-22.65,0.545,-0.13446654000935715,"WISE iTech Co., Ltd."
100130.KQ,-0.014084948658833914,0.10473975886521099,-15.65,0.363,-0.13447566436504552,Dongkuk Structures & Construction Company Limited
096690.KQ,-0.019673048800018376,0.1460056953204391,-21.21,0.506,-0.13474165344606512,"Aroot Co., Ltd."
099390.KQ,-0.012839151674347588,0.09519574573465223,-14.36,0.33,-0.13487106566857857,"Brainzcompany Co., Ltd."
206640.KQ,-0.012023703888718417,0.08909177993773532,-13.51,0.309,-0.13495862241299447,Boditech Med Inc.
025440.KQ,-0.018879480499423614,0.13976086185502207,-20.44,0.484,-0.135084173414785,"DHAUTOWARE Co., LTD"
056700.KQ,-0.008489775545424958,0.06242959570279153,-9.73,0.216,-0.13598959675859856,Shinwha Intertek Corp.
049950.KQ,-0.020162078614827782,0.14717777440421898,-21.68,0.51,-0.1369913269611843,meerecompany Incorporated
340450.KQ,-0.019978067662879455,0.14566284288707515,-21.51,0.505,-0.13715280621268264,GC Genome Corporation
094850.KQ,-0.013235398794590502,0.09575480510580142,-14.78,0.332,-0.13822177153372556,"Very Good Tour Co., Ltd."
020560.KS,-0.007122481656610014,0.05130603457487608,-8.22,0.178,-0.13882346814808805,"Asiana Airlines, Inc."
200230.KQ,-0.03450722624658964,0.24845092066034158,-34.39,0.861,-0.13888950845855239,TELCON RF PHARMACEUTICAL. Inc.
069410.KQ,-0.01427430144583359,0.10182532591312533,-15.85,0.353,-0.14018419600259413,"nTels Co., Ltd."
452300.KQ,-0.01659674462779219,0.11815604065627532,-18.2,0.409,-0.14046463080185084,"Capstone Partners Co., Ltd."
357430.KS,-0.018556549880189108,0.13203265745034115,-20.13,0.457,-0.14054515177177598,"MASTERN PREMIER REIT 1 Co., Ltd."
382480.KQ,-0.014456024144824811,0.10237418546215576,-16.03,0.355,-0.1412077085601693,"G.I. Tech Co., Ltd."
063570.KQ,-0.010480232632830317,0.07410972407111037,-11.88,0.257,-0.14141508100575625,"NICE Infra Co., Ltd"
048530.KQ,-0.018993640459153693,0.13389990636722798,-20.56,0.464,-0.14184954250126638,"iNtRON Biotechnology, Inc."
115480.KQ,-0.014268706497011924,0.10053859099938645,-15.84,0.348,-0.14192268217782167,"CU Medical Systems, Inc."
016710.KS,-0.008992479932189795,0.0628725785845522,-10.27,0.218,-0.1430270578149828,"Daesung Holdings Co., Ltd."
002600.KS,-0.004599616191804943,0.03215568491946531,-5.38,0.111,-0.14304208426363155,Choheung Corporation
900310.KQ,-0.01712669050714592,0.1194044946972378,-18.72,0.414,-0.14343421954569113,"Coloray International Investment Co., Ltd."
307750.KQ,-0.019496455348253946,0.13523429851402607,-21.04,0.468,-0.14416797781689852,"KUKJEON Co.,Ltd"
218150.KQ,-0.014968547664130138,0.10363862462324884,-16.55,0.359,-0.144430203686554,"Milae Bioresources Co., Ltd."
007575.KS,-0.013344272206795689,0.09214747567747814,-14.89,0.319,-0.1448143002148151,"Ilyang Pharmaceutical Co.,Ltd"
066670.KQ,-0.012830877019688101,0.08790059739669451,-14.36,0.304,-0.14597030509113018,"DTC Co., Ltd."
105630.KS,-0.01437467993954524,0.09774945392885509,-15.95,0.339,-0.14705637077018918,"Hansae Co., Ltd."
122450.KQ,-0.010889525533832439,0.07395681061698374,-12.31,0.256,-0.14724168664098292,"KX Innovation Co., Ltd."
052300.KQ,-0.016475464111564687,0.11140000740361723,-18.07,0.386,-0.14789464108266942,"Ocean In W Co.,Ltd."
046210.KQ,-0.02258716605940367,0.15061703144439276,-23.98,0.522,-0.14996422278939128,"HLB Panagene Co., Ltd."
000180.KS,-0.01320326814269253,0.08795202061863737,-14.74,0.305,-0.15011898589507455,Sungchang Enterprise Holdings Limited
014825.KS,-0.008489528114084894,0.056490466354469096,-9.72,0.196,-0.1502824929929662,Dongwon Systems Corporation
092600.KQ,-0.025527543220279003,0.16814252837036334,-26.68,0.582,-0.15182085976517568,"NC& Co.,Ltd"
058970.KQ,-0.02551611278966291,0.1665932544572027,-26.67,0.577,-0.15316414144618276,"EMRO., Incorporated."
347890.KQ,-0.012917144236665243,0.08418384890107856,-14.45,0.292,-0.15343969663163914,MX On CORPORATION
051780.KQ,-0.029997046891917137,0.19546359308054503,-30.61,0.677,-0.15346615919188694,"CUROHOLDINGS Co., Ltd."
361570.KQ,-0.019348668576965728,0.12514951755884576,-20.9,0.434,-0.15460442001199015,RBW Inc.
475660.KQ,-0.023552444486771545,0.1517548649474699,-24.87,0.526,-0.15520058941717782,"S-CHEM Co.,Ltd."
032750.KQ,-0.010559843446464415,0.06800885471794924,-11.96,0.236,-0.15527159647458977,"SAMJIN Co., Ltd."
308100.KQ,-0.03675913901770441,0.236084549253749,-36.2,0.818,-0.1557032814468297,"Hyungji Global Co., Ltd."
417180.KQ,-0.026450120978086772,0.16868901556751406,-27.51,0.584,-0.15679812280071487,"Finger Story CO., LTD."
090150.KQ,-0.01785177375175853,0.11358043734222205,-19.44,0.393,-0.1571729619069037,"iWIN CO.,LTD"
475460.KQ,-0.02085065005728715,0.1325932692958407,-22.34,0.459,-0.15725270345936943,MeatBox Global Inc.
108230.KQ,-0.015553482959855452,0.0987460125196909,-17.15,0.342,-0.15750998509184297,"TOPTEC Co., Ltd"
488280.KQ,-0.05225300747191994,0.33114363680299735,-47.48,1.147,-0.15779559582177957,S2W Inc.
254120.KQ,-0.021707621405775035,0.13705271333319927,-23.15,0.475,-0.1583888481871934,"Xavis Co., Ltd."
333620.KQ,-0.01659612789509225,0.10467866542272244,-18.19,0.363,-0.15854355639778486,"Nsys Co., Ltd."
001000.KQ,-0.02523816294706555,0.15853303742346744,-26.42,0.549,-0.1591981290287798,"Silla Textile Co.,Ltd"
332290.KQ,-0.01546402592971674,0.09649323756967794,-17.06,0.334,-0.16026020391895485,"Nousbo Co., Ltd."
017180.KS,-0.01381129952274876,0.08603689374380448,-15.37,0.298,-0.16052764019904325,"MYUNGMOON Pharm co.,Ltd"
262840.KQ,-0.013710253320324824,0.08502341141843553,-15.27,0.295,-0.1612526843089249,"IQUEST Co., Ltd."
001780.KS,-0.016217094689005854,0.100304966585447,-17.82,0.347,-0.1616778833697229,"Aluko Co., Ltd."
353190.KQ,-0.012655568125686302,0.07803722521851006,-14.17,0.27,-0.1621734766997387,"Hurum Co., Ltd."
360070.KQ,-0.03240840778031206,0.1993789550710584,-32.66,0.691,-0.1625467831786045,"TOP MATERIAL Co., Ltd"
053290.KQ,-0.02012822937989976,0.12329084288184747,-21.65,0.427,-0.1632581050580465,"Neungyule Education, Inc."
192390.KQ,-0.015339823888589175,0.09381972796266597,-16.93,0.325,-0.16350318021273105,"Winhitech Co., Ltd."
054410.KQ,-0.00971088710964536,0.059350647468531886,-11.05,0.206,-0.16361889084350997,"Korea Plasma Technology U Co.,Ltd"
225530.KQ,-0.0190436012324183,0.11608213304141529,-20.6,0.402,-0.1640528196154356,"HC BoKwang Industry Co.,Ltd"
060260.KQ,-0.025668800048641253,0.15618143859895744,-26.81,0.541,-0.16435243700471716,Nuvotec Co. Ltd.
036220.KQ,-0.02416609116545183,0.14695297071795274,-25.44,0.509,-0.1644477892987538,"Osang Healthcare Co.,Ltd"
290670.KQ,-0.03477803579740393,0.21123436620210279,-34.61,0.732,-0.16464193976906835,"Daebo Magnetic Co.,Ltd."
256150.KQ,-0.007777875152574322,0.046914465241913776,-8.94,0.163,-0.16578842181122216,"Handok Clean Tech Co., Ltd."
227610.KQ,-0.02439844799296883,0.14691189001290914,-25.65,0.509,-0.16607538022160725,"Outin Futures Co., Ltd"
221980.KQ,-0.0050034875735682355,0.029759948293045308,-5.84,0.103,-0.16812823477712546,"KD Chem Co., Ltd."
197140.KQ,-0.016509940507868734,0.0981956575649201,-18.11,0.34,-0.16813310198522288,"DigiCAP Co., Ltd."
241590.KS,-0.019218829704782763,0.1138310561268129,-20.77,0.394,-0.16883643496527104,"Hwaseung Enterprise Co., Ltd."
279600.KQ,-0.023575525128901174,0.1394482991401316,-24.9,0.483,-0.16906283744063547,"MediaZen, Inc."
236810.KQ,-0.025802130000212184,0.1518422034361314,-26.93,0.526,-0.16992726275251402,NBT Inc.
032860.KQ,-0.029063202451140892,0.17053290082302142,-29.81,0.591,-0.17042577890176513,"The Lamy Co., Ltd."
068290.KS,-0.01823034705520978,0.10693726847539509,-19.81,0.37,-0.17047702185701846,"Samsung Publishing Co., Ltd"
080160.KQ,-0.012843995169753047,0.07512841146861837,-14.37,0.26,-0.17096055831179216,Modetour Network Inc.
348030.KQ,-0.017943214413805274,0.10363662824274124,-19.53,0.359,-0.17313583737766985,MOBIRIX Corporation
018470.KS,-0.01900275930373523,0.10932349158877354,-20.56,0.379,-0.1738213720360778,"Choil Aluminum Co., Ltd."
043910.KQ,-0.021687593199770972,0.12451662417867015,-23.13,0.431,-0.17417427867825286,"Nature & Environment Co.,Ltd."
007530.KQ,-0.016863867251005717,0.09675426303779597,-18.46,0.335,-0.17429585758322647,"Youngsin Metal Industrial Co., Ltd."
338220.KQ,-0.034406070914300015,0.19688419845890304,-34.3,0.682,-0.17475283026068658,Vuno Inc.
220180.KQ,-0.016751928870342943,0.09583930293416218,-18.35,0.332,-0.17479184799424988,Polaris AI Handy Corp.
063440.KQ,-0.013788593709307304,0.07883565582812664,-15.35,0.273,-0.17490301265925245,"SM Life Design Group Co., Ltd."
263920.KQ,-0.012500523642247215,0.07076466671914224,-14.01,0.245,-0.17664922653929144,"HuM&C Co., Ltd."
104620.KQ,-0.017565868236442527,0.0992318729809064,-19.16,0.344,-0.17701840858957127,"Yellow Balloon Tour Co., Ltd."
060540.KQ,-0.016353569712895002,0.09202879187597597,-17.95,0.319,-0.17770058021552804,"System and Application Technologies Co., Ltd"
469610.KQ,-0.052528683369858165,0.29482470703875624,-47.66,1.021,-0.1781692039906038,"Innotech Co., Ltd."
0008Z0.KQ,-0.039990523923545615,0.2219881116871378,-38.72,0.769,-0.1801471422033034,"S & Sys Co.,Ltd."
018700.KQ,-0.027080716137118505,0.14773110992348754,-28.07,0.512,-0.1833108554531545,"Jolse Co.,Ltd."
465480.KQ,-0.0286815339820798,0.15625111136809827,-29.48,0.541,-0.18356051186421,"Inspien,Inc."
002920.KS,-0.011324465373581274,0.06146874386978941,-12.77,0.213,-0.18423128017013227,"Yoosung Enterprise Co., Ltd."
239340.KQ,-0.03537576230875387,0.19162404232463484,-35.09,0.664,-0.18461024973485815,ESTaid Corp.
263770.KQ,-0.013820466104405802,0.07472922234430389,-15.38,0.259,-0.18494058509976244,"UST Co., Ltd."
900140.KS,-0.014594267356729085,0.07890007658871011,-16.17,0.273,-0.18497152332064268,LVMC Holdings
101000.KQ,-0.04107029097082499,0.22202302027661028,-39.54,0.769,-0.18498212896868546,"KS Industry Co., Ltd."
154030.KQ,-0.015593717214762985,0.08385630522894318,-17.19,0.29,-0.18595759939803289,"ASIA SEED Co.,Ltd."
334970.KQ,-0.021043357419422815,0.1130840050836008,-22.53,0.392,-0.1860860641066424,"Prestige Biologics Co., Ltd."
078130.KQ,-0.020305669973245018,0.10887634457697701,-21.82,0.377,-0.18650212819083617,"Kuk-Il Paper Mfg Co.,Ltd"
005745.KS,-0.014774876436756698,0.07913970116581391,-16.36,0.274,-0.1866936091381025,"CROWNHAITAI Holdings Co.,Ltd."
0130H0.KQ,-0.0018536900704194032,0.009894208063313828,-2.2,0.034,-0.18735102987096008,NH Special Purpose Acquisition 33 Company
263720.KQ,-0.02156766423411231,0.11500852881051185,-23.02,0.398,-0.18753099841531937,"D&C Media Co.,Ltd."
013810.KQ,-0.01803170494042464,0.09584563431297852,-19.62,0.332,-0.18813277276190926,SPECO Ltd.
188260.KQ,-0.019093556931277192,0.10109494979448683,-20.65,0.35,-0.18886756430555596,Sanigen Co. Ltd
148930.KQ,-0.01726171294390946,0.09109787099624883,-18.86,0.316,-0.1894853606910336,"Hytc Co., Ltd"
095700.KQ,-0.024957239491166457,0.1314840082345866,-26.16,0.455,-0.18981197657618643,"Genexine, Inc."
092440.KS,-0.008701107302316475,0.04580393014434548,-9.96,0.159,-0.18996420776330766,Kishin Corporation
336060.KQ,-0.021578568346929897,0.11350816512996625,-23.03,0.393,-0.19010586879122351,"Wavus Co.,Ltd"
279570.KS,-0.008126444803047634,0.04264811464748502,-9.33,0.148,-0.19054640211456228,"K Bank Co.,Ltd."
205470.KQ,-0.02875516729195913,0.15052426453284548,-29.54,0.521,-0.19103343491629912,Humasis Co. Ltd.
069640.KS,-0.023810736906311546,0.12455675706345459,-25.11,0.431,-0.19116375110971562,"Hansaemk Co.,Ltd."
288620.KQ,-0.028650197771809754,0.14901227606181114,-29.45,0.516,-0.19226736567613725,"S-Prism Co., Ltd."
0082N0.KQ,-0.07987427622581875,0.41436005527491165,-63.17,1.435,-0.19276538654968875,Kanaph Therapeutics Inc.
372910.KS,-0.020723150019746717,0.10726129969892365,-22.22,0.372,-0.1932024884829423,Hancom Lifecare Inc.
131370.KQ,-0.020188894017240586,0.10440322079921135,-21.71,0.362,-0.19337424518797117,"RSUPPORT Co., Ltd."
348150.KQ,-0.02461379559215854,0.12683139905661822,-25.85,0.439,-0.1940670510239409,"KoBioLabs, Inc"
215480.KQ,-0.015346450893795091,0.07851638990720466,-16.94,0.272,-0.19545538086929926,TOEBOX KOREA.Ltd.
092040.KQ,-0.03611780860724688,0.1840441626323094,-35.69,0.638,-0.1962453363946372,"Amicogen, Inc."
038950.KQ,-0.011772921122909894,0.05955162491912875,-13.25,0.206,-0.19769269333788203,FINEDIGITAL Inc.
250930.KQ,-0.018616382875680345,0.0940590849768426,-20.19,0.326,-0.19792221963740886,"YeSUN Tech Co.,Ltd."
038540.KQ,-0.01908801647026563,0.09581878117243049,-20.65,0.332,-0.19920955199707488,"Sangsangin Co., Ltd."
060850.KQ,-0.013543536702079344,0.06786352150543898,-15.09,0.235,-0.19957020210031226,YounglimwonSoftLab Co.Ltd
037400.KQ,-0.019201973742637584,0.09600609593169881,-20.76,0.333,-0.20000785946236538,"Wooree Lighting Co.,Ltd"
006890.KS,-0.018002080548665263,0.08916015003522484,-19.59,0.309,-0.2019072482667774,"Taekyung Chemical Co., Ltd."
196300.KQ,-0.024155375439775528,0.11961526182550601,-25.43,0.414,-0.20194225277885725,"HLB Pep Co., Ltd."
439260.KS,-0.035134531240280716,0.17339743384025774,-34.9,0.601,-0.20262428608169816,"Daehan Shipbuilding Co., Ltd."
257370.KQ,-0.030666307850908757,0.1509060246478567,-31.19,0.523,-0.2032146027467718,"People & Technology Ms, Inc."
084730.KQ,-0.018688523594784304,0.09148841133168417,-20.26,0.317,-0.20427203099013824,THINKWARE Corporation
199550.KQ,-0.03325112643095194,0.16226105400818583,-33.36,0.562,-0.20492364378006855,"Laseroptek Co., Ltd."
301300.KQ,-0.030912620148526672,0.15073225985108804,-31.4,0.522,-0.20508297413616686,VAIV company Inc.
419540.KQ,-0.026393526909404604,0.126199548187075,-27.46,0.437,-0.20914121554761442,"Bistos Co., Ltd."
322780.KQ,-0.03492493335919718,0.1668619428378333,-34.73,0.578,-0.20930436722254503,"COPUS KOREA Co., Ltd."
006200.KS,-0.01906743033697066,0.090093509574163,-20.63,0.312,-0.2116404436578727,"KEC Holdings Co., Ltd."
238200.KQ,-0.018837963109407205,0.08861866091799514,-20.4,0.307,-0.21257332162623457,"BIFIDO Co., Ltd."
033310.KQ,-0.020067770032518566,0.09389647064167847,-21.59,0.325,-0.2137223038882885,"M2N Co.,Ltd"
049830.KQ,-0.01101051970667691,0.051167176461082015,-12.44,0.177,-0.2151871662305142,Seung Il Corporation
178780.KQ,-0.025076923585644433,0.1165200663929935,-26.27,0.404,-0.21521549345042545,"ILWOUL GML Co.,Ltd"
006570.KS,-0.014235232097884321,0.06600898665530444,-15.81,0.229,-0.21565597078803794,"Daelim Trading Co., Ltd."
086040.KQ,-0.022939811782393946,0.10637063574719137,-24.31,0.368,-0.21565925239851405,"Biotoxtech Co., Ltd."
038620.KQ,-0.01775135986642467,0.08230586799230474,-19.34,0.285,-0.21567550770601615,"WIZ CORP, Inc."
123040.KQ,-0.02451023962399085,0.11356919182227332,-25.75,0.393,-0.21581768110446195,"MS Autotech Co.,Ltd"
012170.KS,-0.05138498204286857,0.23763278271472554,-46.9,0.823,-0.21623692428226723,"Ascendio Co., Ltd."
035620.KQ,-0.029604662474174762,0.1367028751115598,-30.28,0.474,-0.21656210558859965,Barunson Entertainment & Arts Corporation
038870.KQ,-0.026567908442594948,0.12228620783774988,-27.61,0.424,-0.21726005665205858,"EcoSimplex Co., Ltd."
061250.KQ,-0.02118248778164337,0.09667588128512537,-22.66,0.335,-0.2191082977477085,"Hwail Pharmaceutical Co.,Ltd."
377330.KQ,-0.023794704396162998,0.10855388710881456,-25.1,0.376,-0.2191971658491709,"EGTRONICS Co.,Ltd."
027580.KQ,-0.03271337437757423,0.14892341030848813,-32.91,0.516,-0.21966576181548592,SANGBO Corp.
0010V0.KQ,-0.0378207789149248,0.17145592145561198,-37.04,0.594,-0.220586017641369,"JPI Healthcare Co.,Ltd."
145720.KS,-0.023332000419519983,0.10561880046693001,-24.67,0.366,-0.22090764443803163,"Dentium CO., LTD"
285800.KQ,-0.03651252906770185,0.1651738301263994,-36.0,0.572,-0.22105516981570633,"Jin Young Co.,Ltd."
065950.KQ,-0.01998333407943587,0.09027162712453125,-21.51,0.313,-0.22136893635326324,Welcron Company Limited
081180.KQ,-0.04837272934808533,0.21801030437396654,-44.84,0.755,-0.2218827659866416,"SEC Co.,Ltd."
293480.KS,-0.0098981448877318,0.044563793376923906,-11.25,0.154,-0.22211181180229764,"Hana Pharm Co., Ltd."
452450.KQ,-0.04129289047877474,0.1852772827010366,-39.71,0.642,-0.22287076902679398,"PIE Co., LTD."
024940.KQ,-0.030043053835090917,0.13466674622651326,-30.65,0.466,-0.22309185212329743,"PN Poong Nyun Co., Ltd."
308170.KS,-0.027553162993894098,0.1230859141408742,-28.49,0.426,-0.22385309632066405,"CTR Mobility Co.,Ltd."
267790.KQ,-0.015578320931916861,0.06912060636224965,-17.17,0.239,-0.22537882336091586,"Barrel Co., Ltd"
288980.KQ,-0.04564279888003865,0.20128705272595188,-42.91,0.697,-0.22675476769079814,"Moadata Co., Ltd."
004720.KS,-0.017366457386275375,0.07657727694634,-18.96,0.265,-0.2267834281760185,"PharmGen Science, Inc."
064520.KQ,-0.022159931074810704,0.09758798326009446,-23.58,0.338,-0.22707643230775024,"TechL Co., LTD."
079190.KQ,-0.02422519076531798,0.10654898403406818,-25.49,0.369,-0.22736200616959587,"KESPION Co., Ltd."
298060.KQ,-0.03697509346628804,0.1625204330030222,-36.37,0.563,-0.22751042920000378,"Poongjeon Pharmacy CO.,LTD."
060560.KQ,-0.023515730134621014,0.1033499225472678,-24.84,0.358,-0.2275350532930098,"Home Center Holdings Co.,Ltd"
234100.KQ,-0.02549026759651626,0.11101472350188224,-26.64,0.385,-0.2296115937818291,"Sewon Co.,Ltd"
039290.KQ,-0.023184668030909905,0.10076160493222844,-24.53,0.349,-0.23009427099244553,InfoBank Corporation
484120.KQ,-0.033958282319285195,0.14698254886523074,-33.94,0.509,-0.23103615076386902,"Dowooinsys Co., Ltd."
300120.KQ,-0.04072324156114593,0.1754168714335435,-39.28,0.608,-0.23215122484141376,LAON PEOPLE Inc
126880.KQ,-0.017585307504699298,0.07564333887751055,-19.18,0.262,-0.23247661678677656,"JNK Global Co.,Ltd."
024900.KS,-0.0245010107533615,0.10515363915493016,-25.75,0.364,-0.2330020239933157,"DY DEOKYANG Co.,Ltd."
066700.KQ,-0.016694117457402964,0.07083979323494155,-18.29,0.245,-0.2356601663423353,"Theragen Etex Co.,Ltd."
368970.KQ,-0.025103278878564773,0.10588303002148569,-26.29,0.367,-0.2370850066669875,"OSP Co., Ltd."
354200.KQ,-0.042830396239639384,0.18003841238764373,-40.86,0.624,-0.23789587828302183,"NGeneBio Co., Ltd."
291230.KQ,-0.03789048556492235,0.15853388573939317,-37.09,0.549,-0.23900559421856873,Com2uS N Corporation
131220.KQ,-0.012439535989571546,0.0512971615529079,-13.95,0.178,-0.24249949925087777,"DAIHAN Scientific Co., Ltd."
014570.KQ,-0.013531609824542018,0.05564829339251641,-15.08,0.193,-0.2431630693343374,"Korean Drug Co., Ltd."
018620.KQ,-0.015616680342553877,0.06408997727633825,-17.21,0.222,-0.2436680586610145,"WooGene B&G Co., Ltd"
260660.KQ,-0.020920379486814456,0.08579677252663391,-22.41,0.297,-0.2438364389560241,"Korea Arlico Pharm Co.,Ltd."
003620.KS,-0.04513068313522519,0.18373666402104724,-42.55,0.636,-0.24562698672952624,KG Mobility Corp.
064550.KQ,-0.03118195043145495,0.1263763776280869,-31.62,0.438,-0.24673875780187599,Bioneer Corporation
075970.KQ,-0.01803523277298457,0.0725349444193904,-19.62,0.251,-0.24864198790456787,"Dongkuk Refractories & Steel Co., Ltd."
015260.KS,-0.03426262879640747,0.13720277376606813,-34.19,0.475,-0.2497225665045631,Automobile & PCB Inc.
238490.KQ,-0.02301674365100694,0.09200312868278195,-24.38,0.319,-0.25017348845131654,"HIMS Co.,Ltd."
044480.KQ,-0.040473084401291305,0.16137694829605306,-39.09,0.559,-0.2507984246116841,"Billions Co.,Ltd."
240550.KQ,-0.025498671915775335,0.10136268889904797,-26.65,0.351,-0.2515587559162988,"Dongbang Medical Co., Ltd"
222980.KQ,-0.01736823431417918,0.06891866619655569,-18.96,0.239,-0.25201059847335205,"Mcnulty Korea Co., Ltd."
028080.KQ,-0.034324827887354636,0.13614218160836666,-34.24,0.472,-0.25212485566079096,"Humax Holdings Co., Ltd."
006840.KS,-0.020748826299076033,0.08207379721600498,-22.24,0.284,-0.2528069493905402,"AK Holdings, Inc."
047400.KS,-0.026018993398579077,0.10270484865046063,-27.12,0.356,-0.2533375370342107,Union Materials Corp.
096630.KQ,-0.03746939214895091,0.1473951668037459,-36.76,0.511,-0.254210453174769,"S Connect Co., LTD."
065060.KQ,-0.0345608988986229,0.13566098450408698,-34.43,0.47,-0.2547593106814119,"GNCO Co., Ltd."
225220.KQ,-0.025653292266057833,0.10054926083303095,-26.79,0.348,-0.2551315847926213,Genolution Inc.
215360.KQ,-0.022849544517142766,0.08898807930244726,-24.22,0.308,-0.2567708472444172,"Woory Industrial Co., Ltd."
462980.KQ,-0.033643502783760264,0.13072316621189264,-33.68,0.453,-0.25736450362001345,Aijinet Inc.
188040.KQ,-0.04372122674882086,0.16954533213664824,-41.52,0.587,-0.2578733734384555,Bio Port Korea Inc.
272450.KS,-0.018397606758258977,0.07114635383292302,-19.97,0.246,-0.2585881885312508,"Jin Air Co., Ltd."
001420.KS,-0.016641709143063083,0.0640839542678381,-18.24,0.222,-0.2596860529783987,"Tae Won Mulsan Co., Ltd."
298690.KS,-0.01499074909682881,0.05768847211661822,-16.58,0.2,-0.2598569271608504,"Air Busan Co., Ltd."
005360.KS,-0.019444260530021774,0.07445701734887059,-20.99,0.258,-0.2611474542273848,"Monami Co., Ltd."
002787.KS,-0.03003736829992318,0.11311144530563871,-30.65,0.392,-0.265555516674366,"ChinHung International, Inc."
206400.KQ,-0.037239864710675794,0.13986282034967087,-36.58,0.484,-0.2662599296766106,"BENO TNR, Inc."
318000.KQ,-0.026177938205812473,0.09805770056242308,-27.26,0.34,-0.26696463465556913,KBG Corp.
335810.KQ,-0.030975642198043156,0.11563379305349053,-31.45,0.401,-0.26787707451328063,"Precision Biosensor, Inc."
369370.KQ,-0.02437490080542912,0.09065558783030485,-25.63,0.314,-0.26887367220050107,"Blitzway Entertainment Co., Ltd."
405920.KQ,-0.027845861131484444,0.1035551572287199,-28.74,0.359,-0.26889883494630723,"NARA CELLAR Co., Ltd."
031310.KQ,-0.02790155343360491,0.10375702826240742,-28.79,0.359,-0.26891241876203603,Eyesvision Corp.
480370.KS,-0.04748605209339152,0.17641353645735836,-44.22,0.611,-0.26917465091954307,"Ck Solution Co.,Ltd."
293490.KQ,-0.025502615895858123,0.0941124766212301,-26.66,0.326,-0.2709801804334324,Kakao Games Corp.
037560.KS,-0.01988318872633816,0.07305634918998039,-21.42,0.253,-0.27216236435019014,LG HelloVision Corp.
083790.KQ,-0.029144808475792504,0.10655680076435649,-29.88,0.369,-0.273514297226738,"CG Invites Co., Ltd."
032680.KQ,-0.02955990155783511,0.10545071080736156,-30.24,0.365,-0.2803196045955104,"Softcen Co., Ltd."
241840.KQ,-0.04157118299445213,0.1471717534689178,-39.92,0.51,-0.2824671311892185,"ASTORY Co.,Ltd"
068050.KQ,-0.027898955361052368,0.09854386871174547,-28.79,0.341,-0.2831120365556247,"Pan Entertainment Co., Ltd."
002700.KS,-0.014559628717919226,0.050733354621125756,-16.14,0.176,-0.2869833628517142,"Shinil Electronics Co.,Ltd."
234030.KQ,-0.06026448261632882,0.20951212626784707,-52.57,0.726,-0.28764197896251964,"Synic Solution Co., Ltd."
214680.KQ,-0.03890227600661344,0.1348417011041423,-37.88,0.467,-0.2885033019315593,DRTECH Corporation
318010.KQ,-0.018114019382130635,0.06258229933784655,-19.7,0.217,-0.28944317440852174,"Pharmsville Co., Ltd."
000020.KS,-0.01512251932797168,0.05151490777949433,-16.71,0.178,-0.29355617586859484,"Dongwha Pharm.Co.,Ltd"
033830.KQ,-0.02386987215538091,0.08095115139911042,-25.17,0.28,-0.29486760525117395,TBC
303530.KQ,-0.03115654224897893,0.10556986148215197,-31.6,0.366,-0.2951272438132958,Innodep Inc.
060570.KQ,-0.03420227367811358,0.11498359487400726,-34.14,0.398,-0.2974535081773235,Dreamus Company
215090.KQ,-0.04072767299643587,0.13644440792322016,-39.28,0.473,-0.298492797296274,"SolDefense Co., Ltd."
060150.KQ,-0.022779792520927326,0.07626305470003644,-24.16,0.264,-0.29870023710073657,"INSUN Environmental New Technology Co., Ltd."
036480.KQ,-0.012891412248478857,0.04302099140954729,-14.42,0.149,-0.2996540020604447,"Daesung Microbiological Labs. Co., Ltd."
060230.KQ,-0.06411060251542167,0.21284593752860967,-54.85,0.737,-0.3012066063361169,"JK Synapse Co., Ltd."
476830.KQ,-0.08131022818968708,0.2695833325720153,-63.86,0.934,-0.30161444854149594,Rznomics Inc.
195990.KQ,-0.0513982548751692,0.1674816440767886,-46.91,0.58,-0.30688888420275856,"RootK Co., Ltd."
139990.KS,-0.02963099932276894,0.09478050031206911,-30.3,0.328,-0.31262758927424444,"AJUSTEEL Co.,Ltd"
007770.KQ,-0.02184849018242849,0.06962572511661032,-23.29,0.241,-0.3137991043660411,"Hanil Chemical Ind. Co., Ltd."
095720.KS,-0.029115634084167008,0.09246814263663052,-29.85,0.32,-0.31487205489334746,"Woongjin Thinkbig Co., Ltd."
054780.KQ,-0.037183062506180864,0.11733063909670179,-36.54,0.406,-0.31690837783245396,"KEYEAST.Co.,Ltd."
122310.KQ,-0.018096068659882832,0.05647401333061655,-19.68,0.196,-0.3204317807899145,"Genoray Co., Ltd."
089590.KS,-0.023031437165993377,0.07174521088959034,-24.39,0.249,-0.3210170669292026,"Jeju Air Co., Ltd."
002360.KS,-0.03310319706497577,0.10157723657114179,-33.23,0.352,-0.32589188466247787,"SH Energy & Chemical Co., Ltd."
484590.KQ,-0.05505378734102558,0.16793133938467866,-49.31,0.582,-0.3278350994087793,"Samyang Comtech Co.,Ltd."
239890.KQ,-0.042448058742331096,0.12901071316248602,-40.58,0.447,-0.3290273939410655,"P&H Tech Co., Ltd."
032800.KQ,-0.03756268359368227,0.11407533063428556,-36.84,0.395,-0.32927963815511163,Fantagio Corp.
364950.KQ,-0.06067751986198154,0.18306981334270656,-52.82,0.634,-0.33144470272875226,"Korea No.14 Special Purpose Acquisition Co., Ltd."
027970.KS,-0.020486962767156308,0.060943827662823684,-21.99,0.211,-0.3361614055569659,"Hankuk Paper Mfg. Co., Ltd"
462870.KS,-0.02565245137046842,0.07524040512159569,-26.79,0.261,-0.3409398358370294,SHIFT UP Corporation
900110.KQ,-0.04795948340836677,0.13996907997961844,-44.55,0.485,-0.3426434139264927,Deep Commerce Limited
263690.KQ,-0.01878425942244147,0.05452485435581823,-20.35,0.189,-0.344508199872652,DRGEM Corporation
004270.KS,-0.0320768922491411,0.09239380463579885,-32.38,0.32,-0.34717579144600574,Namsung Corp.
405000.KQ,-0.059699283464078955,0.1710851006713662,-52.22,0.593,-0.3489449591449466,"Plasmapp Co., Ltd."
034940.KQ,-0.03123227206675065,0.08873204405743376,-31.67,0.307,-0.3519841382954604,"ChoA Pharmaceutical Co., LTD."
373160.KQ,-0.04141621691693065,0.11389148205227025,-39.8,0.395,-0.36364630761344174,Day1 Company Inc.
323990.KQ,-0.042091112795357474,0.11500534873904653,-40.31,0.398,-0.36599265387964286,"Vaxcell-Bio Therapeutics Co., Ltd."
206560.KQ,-0.047915445003241026,0.1306605490630236,-44.52,0.453,-0.3667170033100749,"Dexter Studios Co.,Ltd."
219750.KQ,-0.061977268379266294,0.16886218873631276,-53.6,0.585,-0.36702869270542904,"BTB Korea Co.,Ltd"
455180.KQ,-0.07010310982039393,0.18879289111348688,-58.2,0.654,-0.3713228258062623,"KGA CO., LTD"
475040.KQ,-0.22389705882352945,0.596708001868942,-95.22,2.067,-0.3752204732000646,"Stradvision, Inc."
045520.KQ,-0.030554154029590486,0.08137343364711513,-31.09,0.282,-0.3754807024869068,"Clean & Science co., Ltd"
043610.KQ,-0.027803483073070814,0.07393190451798368,-28.71,0.256,-0.37606880621217753,KT Genie Music Corporation
0007C0.KQ,-0.08146838578216012,0.21590218654207521,-63.93,0.748,-0.37733932706736845,Acryl Inc.
114630.KQ,-0.022967831326077433,0.06080765965246156,-24.33,0.211,-0.37771279896886595,"POLARIS UNO, Inc."
403490.KQ,-0.045033878676634394,0.11602996940743021,-42.48,0.402,-0.38812281780840113,"WooDeumGee Farm Co., Ltd"
091120.KQ,-0.05398270020429617,0.13835688491383438,-48.62,0.479,-0.3901699596511978,"EM-Tech.CO., LTD."
024890.KS,-0.04354522574509266,0.10953629179794928,-41.39,0.379,-0.3975415365111703,"DAEWON Chemical Co., Ltd."
115160.KQ,-0.04376997218780823,0.109935729421899,-41.55,0.381,-0.3981414633620408,"Humax Co., Ltd."
0004V0.KQ,-0.12474804931008208,0.3129915129372516,-79.79,1.084,-0.3985668753104226,"NBR Motion Co., Ltd."
277410.KQ,-0.032921550225805146,0.08095683614591762,-33.08,0.28,-0.40665559319125233,INSAN Inc.
486990.KQ,-0.07270990173775063,0.17654997403087525,-59.58,0.612,-0.4118375102396506,Nota Inc.
060590.KQ,-0.033554102335243925,0.08129698183895251,-33.61,0.282,-0.41273490818778297,CTCBIO Inc.
136150.KQ,-0.06908541431334944,0.16705178755067812,-57.64,0.579,-0.41355686955694,"Wonil T&I Co.,Ltd."
261200.KQ,-0.03300597909151911,0.07721688862550927,-33.15,0.267,-0.42744507942547816,"DENTIS CO.,Ltd"
464490.KQ,-0.10525921821002772,0.24379937996873993,-73.68,0.845,-0.4317452252073984,"QuadMedicine, Inc."
494120.KQ,-0.10848000394535695,0.2499695418107162,-74.79,0.866,-0.433972887894882,"Curiosis, Inc."
056730.KQ,-0.03921070537802636,0.08993450528402044,-38.12,0.312,-0.43599178373412717,CNT85 Inc.
110790.KQ,-0.026889894069249524,0.061471261244319106,-27.9,0.213,-0.43743846351834154,"Creas F&C Co.,Ltd"
123840.KQ,-0.06868702608292994,0.15698467407034689,-57.43,0.544,-0.4375396929011706,"Nuon Co., Ltd."
365590.KQ,-0.06303624918398926,0.14022476902800904,-54.22,0.486,-0.449537193899019,HiDeep Inc.
463020.KQ,-0.0779080690571181,0.17131347947078077,-62.22,0.593,-0.4547690543545705,"NEWEN AI Co.,Ltd"
0009K0.KQ,-0.08571796638509,0.18432028857974342,-65.88,0.639,-0.4650490027200961,Aimed Bio Inc.
303810.KQ,-0.04267982152924879,0.08714788346958544,-40.75,0.302,-0.4897401959755457,"DK Life Science Co., Ltd."
462310.KQ,-0.05579239745368551,0.11392164341310683,-49.79,0.395,-0.48974361484032564,"New Kids On Co., Ltd."
317450.KS,-0.048576641233391366,0.09871091144148826,-44.98,0.342,-0.49211014794636543,Myung In Pharmaceutical LTD.
418620.KQ,-0.0942747847296496,0.19075651233059246,-69.52,0.661,-0.49421528826374095,"E8 Co.,Ltd."
950250.KQ,-0.11263473421760449,0.22215891069836818,-76.16,0.77,-0.5070007494344084,TeraView Holdings PLC
199730.KQ,-0.05122449334743056,0.09982471991592282,-46.79,0.346,-0.5131443733633743,"BioInfra Co., Ltd."
014950.KQ,-0.09794199919549389,0.18405893736468176,-70.97,0.638,-0.5321230286222849,Samik Pharmaceutical Company LTD.
261520.KQ,-0.09118937672065858,0.16669271909900715,-68.25,0.577,-0.5470507483083088,"Egis Co.,Ltd"
476040.KQ,-0.09015962868275244,0.1592753152140797,-67.82,0.552,-0.5660615303857359,Organoidsciences Ltd.
0132G0.KQ,-0.0011254952013903313,0.0019373957804627677,-1.34,0.007,-0.5809319978602899,"Kyobo 20 Special Purpose Acquisition Company Co., Ltd."
0001A0.KQ,-0.14266899091603047,0.2436859935981141,-84.23,0.844,-0.5854624174720503,Deokyang Energen Corporation
0088M0.KQ,-0.16286234275016193,0.2611357628103259,-88.15,0.905,-0.6236692400820482,"Mezoo Co., Ltd."
0007J0.KQ,-0.1772813075366777,0.276068253311454,-90.38,0.956,-0.6421647741461707,Inventera Inc.
0130D0.KQ,-0.0027665672140952777,0.003985629182303047,-3.27,0.014,-0.6941356276643506,"Shinhan 17Th Special Purpose Acquisition Company Co., Ltd."
0017J0.KQ,-0.20231595282559686,0.2913655100563799,-93.36,1.009,-0.6943716597975109,Semi Total Solution Inc.
403850.KQ,-0.10603883093854238,0.14704543197798395,-73.95,0.509,-0.721129718292907,"The Pinkfong Company, Inc."
0011A0.KQ,-0.1742006970455591,0.22608515199163187,-89.94,0.783,-0.7705092329637234,"AXBIS Co., Ltd."
408470.KQ,-0.18553299260025105,0.18609115784780872,-91.48,0.645,-0.9970005815751108,"HANPASS Co., Ltd."
458350.KQ,-0.1741974926014354,0.15980900299605594,-89.94,0.554,-1.0900355382714864,"Esteem Co., Ltd."
493280.KQ,-0.2058683388819229,0.16723038350198174,-93.71,0.579,-1.2310462642662259,IMBiologics Corp.
0117P0.KQ,-0.051381999760635115,0.0345118773341391,-46.9,0.12,-1.4888207692430604,"PIECE PEACE STUDIO Co., Ltd."
365660.KQ,-0.10560747663551402,,-73.8,,,"Lemon Healthcare Co., Ltd."
387690.KQ,0.7605804111245466,,88589.13,,,REMEDI Inc.
415640.KS,0.031061013776291228,,44.35,,,KB Balhae Infrastructure Fund
446070.KS,0.23630672926447574,,1175.01,,,"UNID btplus Co., Ltd."
0039P0.KQ,0.16923076923076924,,552.83,,,Madup Inc.
0156T0.KQ,-0.011727078891257996,,-13.2,,,"HL GENOMICS Co., Ltd."
0164H0.KQ,0.004617752693689072,,5.68,,,"Korea No.16 Special Purpose Acquisition Co.,Ltd."
0218L0.KQ,-0.05982324949014276,,-52.3,,,"Neovue Co., Ltd"
