Ticker,mean,std,Return,Risk,sharpe,Name
7562.TWO,0.11286720904519641,0.03560968483347567,260.84,0.123,3.1695649532706085,"Lex Computech Co.,Ltd"
2887G.TW,0.02036214045426375,0.012001447798738808,27.37,0.042,1.696640338376803,"TS Financial Holding Co., Ltd."
7924.TWO,0.1541511566989274,0.09789959383720441,458.67,0.339,1.5745842312202314,TLC BioSciences Corp.
2887H.TW,0.016544820686796982,0.013534305900172587,21.76,0.047,1.2224358462731366,"TS Financial Holding Co., Ltd."
6907.TWO,0.2644863330886407,0.3379662115315223,1570.97,1.171,0.7825821755674884,Artery Technology Corporation
8112A.TW,0.006667807740255459,0.0090800383008787,8.3,0.031,0.7343369619498408,"Supreme Electronics Co., Ltd."
7828.TWO,0.16719017411381776,0.26153520560780147,539.29,0.906,0.639264506379827,"Innostar Service, Inc."
7843.TWO,0.1223105964516024,0.19512477151796853,299.35,0.676,0.6268327465553964,EmBestor Technology Inc.
2330.TW,0.04875427429672551,0.07822420773603324,77.05,0.271,0.6232632545317212,Taiwan Semiconductor Manufacturing Company Limited
2891B.TW,0.005279201026443941,0.008541824074227768,6.52,0.03,0.6180414137036897,"CTBC Financial Holding Co., Ltd."
7861.TWO,0.17393945729647456,0.28553384396837883,585.09,0.989,0.6091728212636583,Bellwether Electronic Corp.
1522A.TW,0.007236529024091579,0.011880239566776165,9.04,0.041,0.6091231564327193,"TYC Brother Industrial Co., Ltd."
2836A.TW,0.006899443979329138,0.011366329647852547,8.6,0.039,0.6070072040038587,"Bank of Kaohsiung Co., Ltd."
2881B.TW,0.0038003590192111896,0.0063829094608749935,4.66,0.022,0.595396040396008,"Fubon Financial Holding Co., Ltd."
2881A.TW,0.0040332282182128695,0.006852270564121116,4.95,0.024,0.5885973387173421,"Fubon Financial Holding Co., Ltd."
9941A.TW,0.004265610656960934,0.007312990741876873,5.24,0.025,0.58329222715058,Taiwan Acceptance Corporation
5871A.TW,0.004335289811321017,0.007455297039572862,5.33,0.026,0.5815046386896745,Chailease Holding Company Limited
2883B.TW,0.010241870826766504,0.01786491876503134,13.01,0.062,0.5732951244544064,"KGI Financial Holding Co., Ltd."
2882A.TW,0.003681982012534802,0.00644237710594434,4.51,0.022,0.5715253782858288,"Cathay Financial Holding Co., Ltd."
2838.TW,0.019928718298409576,0.03628328076460028,26.72,0.126,0.5492534820019086,Union Bank of Taiwan
2838A.TW,0.004394224934345943,0.008002188174223004,5.4,0.028,0.549127918348735,Union Bank of Taiwan
2937.TWO,0.02068445139615375,0.03868408762295909,27.85,0.134,0.5347018029159225,"Gseven Co., Ltd."
6739.TWO,0.1139697999906284,0.22221769524250404,265.16,0.77,0.5128745479348719,Grade Upon Technology Corp
6990.TWO,0.561101875750198,1.1366479970338264,20849.56,3.937,0.4936461219431505,"Plum-Monix Industry Co., Ltd."
2832.TW,0.02497445123571317,0.05274894469513713,34.45,0.183,0.4734587844373603,"Taiwan Fire & Marine Insurance Co., Ltd."
7875.TWO,0.11720537412630685,0.2489150994989655,278.09,0.862,0.4708648626066735,Altos Computing Inc.
6944.TW,0.06974941368033137,0.14872348090971924,124.59,0.515,0.46898723223585587,Mega Union Technology Inc.
6442.TW,0.11983814210150245,0.2560641463474047,288.92,0.887,0.46800047492364233,EZconn Corporation
7669.TWO,0.10222396098325802,0.21912985634252571,221.54,0.759,0.46649946606759946,"Suregiant Technology Co., Ltd."
6592A.TW,0.004012682718761397,0.008764525520298685,4.92,0.03,0.45783228190368136,"Hotai Finance Co., Ltd."
2597.TW,0.037313056199473844,0.08325793590270997,55.21,0.288,0.448162157696001,"Ruentex Engineering & Construction Co., Ltd."
8932.TWO,0.0609368023527696,0.13679197231448287,103.36,0.474,0.44547060270961464,"Wiselink Co., Ltd."
7867.TWO,0.01826377422769105,0.04187925450356462,24.26,0.145,0.43610552394471347,"Test Rite Retail Co., Ltd."
3045.TW,0.009569382655768758,0.021989533916968625,12.11,0.076,0.4351789670441523,"Taiwan Mobile Co., Ltd."
3665.TW,0.07646660571698043,0.17718437303139478,142.11,0.614,0.4315651793029825,BizLink Holding Inc.
8349A.TWO,0.006219061022947611,0.014631094364374401,7.72,0.051,0.42505781646043855,QST International Corp.
6592B.TW,0.003647887534391067,0.008594959784656596,4.47,0.03,0.4244217106056902,"Hotai Finance Co., Ltd."
5314.TWO,0.20927945006430448,0.49816766717215805,877.96,1.726,0.4200984203817892,"Myson Century, Inc."
7769.TW,0.10042611750104766,0.24061889930858593,215.3,0.834,0.4173658752060636,"Hon. Precision, Inc."
2412.TW,0.008026526626216229,0.019296305638907458,10.07,0.067,0.41596183105807627,"Chunghwa Telecom Co., Ltd."
6691.TW,0.04645698805659929,0.11265531222692535,72.45,0.39,0.41238169011523784,"Yankey Engineering Co., Ltd."
2891C.TW,0.004508139055683308,0.011017564522023765,5.55,0.038,0.4091774590175242,"CTBC Financial Holding Co., Ltd."
2348A.TW,0.00749361443133717,0.018338811420483422,9.37,0.064,0.40862050759555896,"Hi-Yes International Co., Ltd."
7822.TW,0.10393731788959938,0.25646362795453964,227.59,0.888,0.4052711829687723,"V5 Technologies Co., Ltd."
6023.TWO,0.021769478870026414,0.0540497727920208,29.49,0.187,0.40276725961075965,"Yuanta Futures Co., Ltd."
2852.TW,0.021710893477169757,0.054062117685045125,29.4,0.187,0.4015916210247811,"The First Insurance Co., Ltd."
7866.TWO,0.1582504566972463,0.39928665280815184,482.95,1.383,0.39633294923404827,"Dli Memory, Inc."
1240.TWO,0.013684545629817475,0.034641393524018384,17.72,0.12,0.39503450172492005,Morn Sun Feed Mill Corp.
2451.TW,0.053002433759210016,0.13459860457330647,85.85,0.466,0.39378145061186937,"Transcend Information, Inc."
8111.TWO,0.048687842155719877,0.12400388951889305,76.91,0.43,0.392631572643549,"Ligitek Electronics Co.,Ltd"
6183.TW,0.012186899837896345,0.03183448759671436,15.65,0.11,0.3828206689638741,Trade-Van Information Services Co.
4931.TWO,0.07966926143460346,0.20951131964071346,150.89,0.726,0.38026232459051185,"STL Technology Co., Ltd."
2812.TW,0.01562480253389871,0.04130237572446852,20.45,0.143,0.37830275522485746,"Taichung Commercial Bank Co., Ltd."
7853.TWO,0.18517997029476188,0.5036998546991213,668.09,1.745,0.36763951501510117,"Cheng Mei Instrument Technology Co., Ltd."
6805.TW,0.07937653087683354,0.21614173816699625,150.08,0.749,0.36724295617307073,Fositek Corp.
6750.TWO,0.04012604057437604,0.10961760238283262,60.34,0.38,0.3660547184223055,"Tech-Top Engineering Co., Ltd."
7744.TWO,0.07491927829027248,0.20690092923848086,137.96,0.717,0.36210218371672,W&B Technology Ltd.
2404.TW,0.06203867476128452,0.17172565820752744,105.91,0.595,0.36126619288488543,"United Integrated Services Co., Ltd."
7711.TW,0.1272198901269368,0.35256847756722687,320.83,1.221,0.36083739251101604,ASRock Rack Incorporation
1815.TWO,0.08282062200777661,0.23338877715830347,159.82,0.808,0.3548612020517201,Fulltech Fiber Glass Corp.
1472.TW,0.02873433612189499,0.08144110607453502,40.49,0.282,0.3528235004028222,"Triocean Industrial Corporation Co., Ltd."
5536.TWO,0.06647762795281936,0.18944577112949013,116.48,0.656,0.3509058426402167,Acter Group Corporation Limited
6199.TWO,0.06220343594001921,0.18055243578882033,106.3,0.625,0.3445172903276379,"TienPin United Enterprise CO., LTD."
4506.TWO,0.016976960577043367,0.0496529142213986,22.39,0.172,0.3419126720607854,GFC. LTD.
7846.TWO,0.07195138137422723,0.2120874706409514,130.2,0.735,0.3392533333382794,HTC & Solar Tech Service Ltd.
2449.TW,0.04889328114744013,0.14487031730819538,77.33,0.502,0.33749688725693305,"King Yuan Electronics Co., Ltd."
7827.TW,0.06197862940310615,0.18389621803929113,105.77,0.637,0.33703047329588826,HanchorBio Inc.
2820.TW,0.008657088611534572,0.025693896855347797,10.9,0.089,0.3369317102918442,China Bills Finance Corporation
6510.TWO,0.06100373508874844,0.18143084740222912,103.52,0.628,0.33623684154163813,"Chunghwa Precision Test Tech. Co., Ltd."
7717.TWO,0.11365274479159376,0.33864743554596655,263.91,1.173,0.3356078707885772,Lightel Corporation
6826.TWO,0.055875165967142426,0.16795629595057063,92.02,0.582,0.3326768172095581,Taiwan Puritic Corp.
8424.TWO,0.006126989273266219,0.01851243711601531,7.61,0.064,0.3309661086149318,"Wellpool Co., Ltd."
7768.TW,0.06844819104318314,0.2069901552171064,121.33,0.717,0.33068331666010725,"Praise Victor Industrial Co., Ltd."
2887E.TW,0.0028756406803821808,0.008724457936085131,3.51,0.03,0.3296068021015124,"TS Financial Holding Co., Ltd."
8284.TWO,0.008030452661998588,0.024481997244348935,10.07,0.085,0.3280146052566124,Mitake Information Corporation
3211.TWO,0.06678402376738564,0.2037946438074103,117.23,0.706,0.32770254664051807,Dynapack International Technology Corporation
7868.TWO,0.07574076782070946,0.23344478711178254,140.15,0.809,0.32444831498611193,Inforcom Technology Inc.
8210.TW,0.05813120781611467,0.1795848732117291,97.0,0.622,0.3236976855371245,"Chenbro Micom Co., Ltd."
6215.TW,0.05621476799158364,0.17433942292491295,92.76,0.604,0.3224443849157115,Aurotek Corporation
7795.TW,0.09128404818051208,0.2838034616794156,185.27,0.983,0.3216452950937806,"Eternal Precision Mechanics Co., Ltd."
8937.TWO,0.06895436586959709,0.21571883860571683,122.59,0.747,0.31964925416472045,"Her Chee Industrial Co., Ltd."
4722.TW,0.07683719318609605,0.241666931908007,143.11,0.837,0.3179466573248214,Qualipoly Chemical Corp.
3324.TWO,0.0543589722285054,0.1725383098628776,88.74,0.598,0.3150545074407326,"Auras Technology Co., Ltd."
2882B.TW,0.0026627560910738907,0.008484040531245355,3.24,0.029,0.3138547112389891,"Cathay Financial Holding Co., Ltd."
6467.TWO,0.10084584279376074,0.32423288074639384,216.75,1.123,0.31102904357389843,Taho Pharmaceuticals Ltd.
5520.TWO,0.01450445649779662,0.04726636957587064,18.86,0.164,0.30686631167038286,"Lih Tai Construction Enterprise Co., Ltd."
2543.TW,0.07358645225464305,0.24091738271708843,134.45,0.835,0.3054426850596178,"Hwang Chang General Contractor Co., Ltd"
6629.TWO,0.03493385182787388,0.11461123744407092,50.99,0.397,0.3048030246154635,"Thai Kin Co., Ltd."
5443.TWO,0.05402751308857127,0.1783122485689435,88.03,0.618,0.302993840984972,"Gallant Precision Machining Co., Ltd."
2245.TWO,0.0203869554545675,0.0673060042750935,27.4,0.233,0.30289950613086186,"Nww Manufacturing Co., Ltd."
1519.TW,0.05306396513228302,0.17666098860958085,85.98,0.612,0.300371720717322,"Fortune Electric Co., Ltd."
3044.TW,0.03816402455256287,0.12793754752307337,56.74,0.443,0.29830198633188615,Tripod Technology Corporation
2488.TW,0.015501048110526465,0.052863820588724714,20.27,0.183,0.2932260275155495,"Hanpin Electron Co., Ltd."
6780.TWO,0.03155567979589151,0.10920284589189522,45.18,0.378,0.28896389593298594,"Study King Co., Ltd."
3535.TW,0.06924952005171305,0.24080953426451582,123.33,0.834,0.2875696772688673,"Favite, Inc."
2887F.TW,0.003362667038308555,0.011706176366735018,4.11,0.041,0.2872557983889696,"TS Financial Holding Co., Ltd."
7728.TWO,0.05300390847068016,0.18523022174150514,85.85,0.642,0.28615151443617476,"Enli Technology Co.,Ltd"
7810.TWO,0.07900358286484432,0.2789091595628178,149.04,0.966,0.2832591908730434,Jtron Technology Corp.
6729.TWO,0.038753500488841436,0.13693904571142132,57.82,0.474,0.28299817840492825,Luminescence Technology Corp.
7762.TWO,0.03726609776637662,0.13182832256561086,55.13,0.457,0.2826865808584442,"Pet Pharm Biotech Co., Ltd."
2476.TW,0.038238507316169276,0.13561245632122562,56.88,0.47,0.2819689898219498,"G-SHANK Enterprise Co., Ltd."
2459.TW,0.010036004236053898,0.03569792406445687,12.73,0.124,0.28113691479461644,Audix Corporation
3171.TWO,0.029945905598632746,0.10681725489791769,42.49,0.37,0.28034708088361965,"Yem Chio Distribution Co., Ltd."
7825.TWO,0.07928833554699025,0.2843954849385461,149.83,0.985,0.27879604194181684,"New Smart Technology Co., Ltd."
2374.TW,0.04767316552627732,0.17282517338918763,74.87,0.599,0.2758461894837588,"Ability Enterprise Co., Ltd."
5439.TWO,0.04836845045179949,0.1758143128393135,76.27,0.609,0.27511099449568766,"First Hi-tec Enterprise Co., Ltd."
9925.TW,0.0037095468275896142,0.013517956547592554,4.54,0.047,0.27441624142890564,"Taiwan Shin Kong Security Co., Ltd."
4303.TWO,0.04945690700269183,0.18101209940105709,78.47,0.627,0.27322431575755207,HsinLi Chemical Industrial Corp.
2010.TW,0.01614712771884882,0.05998079139623704,21.19,0.208,0.2692049795105209,"Chun Yuan Steel Industry Co., Ltd."
3147.TWO,0.05924888466381087,0.22106109173631353,99.52,0.766,0.268020411002422,"Jetwell Computer Co., Ltd."
4749.TWO,0.04306760621323416,0.16107662332192382,65.86,0.558,0.26737341102042034,Advanced Echem Materials Company Limited
4728.TWO,0.02747932082635927,0.10279124556911948,38.44,0.356,0.2673313342417032,"Sunmax Biotechnology Co., Ltd."
6028.TWO,0.02457097272102804,0.09202145585384981,33.81,0.319,0.2670135186738636,"Golden Insurance Brokers Co.,Ltd."
8416.TWO,0.011724461437018583,0.043930400268353986,15.01,0.152,0.266887198054157,"Solidwizard Technology Co., Ltd."
4772.TWO,0.05422837217918151,0.20399823474379342,88.46,0.707,0.26582765408381254,Taiwan Speciality Chemicals Corporation
2317.TW,0.03636722132947672,0.13708516394558848,53.52,0.475,0.2652892572963732,"Hon Hai Precision Industry Co., Ltd."
3402.TWO,0.0395590489381217,0.14931509150437902,59.29,0.517,0.2649367089391733,Wholetech System Hitech Limited
3029.TW,0.025809973539226545,0.09849785185179152,35.77,0.341,0.26203590285463774,"Zero One Technology Co., Ltd."
6209.TW,0.04351118556064766,0.16643829125088727,66.71,0.577,0.26142533207733654,"Kinko Optical Co., Ltd."
6604.TWO,0.03705054834315415,0.14267057034167105,54.74,0.494,0.2596929994351643,"Juoku Technology Co., Ltd."
7901.TWO,0.02564445547037633,0.09880508407723723,35.51,0.342,0.2595459101105539,Da Da Broadband Ltd.
3230.TWO,0.0744417952281559,0.2873802721180201,136.7,0.996,0.25903585753995134,"Jiin Ming Industry Co., Ltd."
1232.TW,0.0073406255737956515,0.02869259878109722,9.17,0.099,0.255836901697161,TTET Union Corporation
4169.TW,0.03584050867988916,0.14014496475572055,52.59,0.485,0.2557388254537785,TCM Biotech International Corp.
6163.TWO,0.035181166241517015,0.13792237928337744,51.42,0.478,0.2550794615370813,HwaCom Systems Inc.
5234.TW,0.046324727767667155,0.18281561907942342,72.19,0.633,0.2533958969202822,Daxin Materials Corporation
2889.TW,0.013842014653001599,0.05465470514298853,17.94,0.189,0.2532630011778107,"IBF Financial Holdings Co., Ltd."
6788.TWO,0.04519361970878744,0.17966669315636838,69.97,0.622,0.25154144552242813,Brillian Network & Automation Integrated System Co. Ltd.
7848.TWO,0.030730304776956874,0.12226955355536692,43.79,0.424,0.2513324362719732,"Chi Yi Hsin Technology Co., Ltd"
8033.TW,0.047505840961849524,0.19103700134897206,74.53,0.662,0.24867350631760293,Thunder Tiger Corp.
3231.TW,0.023028895723614978,0.09318929896917452,31.42,0.323,0.247119529584964,Wistron Corporation
4207.TWO,0.012728909228745656,0.0515913696327361,16.39,0.179,0.24672555350553874,"Taiwan Fructose Co., Ltd."
4441.TW,0.024406658587368686,0.0989825723265215,33.56,0.343,0.2465753113270945,"Great Giant Fibre Garment Co., Ltd."
6596.TWO,0.03555319826515832,0.14430721333361363,52.08,0.5,0.24637159462684238,Kuang Hong Arts Management Incorporation
1608.TW,0.025856045889241504,0.10514442981157629,35.84,0.364,0.24590980174201088,"Hua Eng Wire & Cable Co., Ltd."
3551.TWO,0.0389161885390389,0.1584257314900662,58.11,0.549,0.24564310464603456,Shih Her Technologies Inc.
6206.TW,0.0324644271607417,0.13237296698198833,46.72,0.459,0.24524967522378688,"Flytech Technology Co., Ltd."
6955.TW,0.026343864482867317,0.10748136659446955,36.62,0.372,0.24510168894915074,"Bonraybio Co., Ltd."
6757.TW,0.0268689637116859,0.1097783552971864,37.46,0.38,0.24475647898848188,"Tigerair Taiwan Co., Ltd."
7858.TWO,0.08448713309586368,0.3463253508841047,164.66,1.2,0.24395307152705867,E-chem Enterprise Corp.
2480.TW,0.015278233260940152,0.06269093962498509,19.96,0.217,0.24370719839795008,Stark Technology Inc.
7902.TWO,0.07474223642718471,0.30732267079023784,137.49,1.065,0.24320443472326778,"Uwell Biopharma, Inc."
8390.TWO,0.028818854707476232,0.11851038066657195,40.63,0.411,0.24317578380376534,Jiin Yeeh Ding Enterprises Corp.
4534.TWO,0.04824815091052029,0.19893543919016915,76.02,0.689,0.24253170328489454,"Trinity Precision Technology Co., Ltd."
6761.TWO,0.043250761170620586,0.17951115990902763,66.21,0.622,0.24093633617285484,"Wendell Industrial Co., Ltd"
2618.TW,0.016914470268088202,0.07207610848310772,22.3,0.25,0.2346751319412923,EVA Airways Corp.
5284.TW,0.041400984503879856,0.17692168745675035,62.71,0.613,0.23400740236552736,JPP Holding Company Limited
3339.TWO,0.03886393825504109,0.1662938090177661,58.02,0.576,0.23370646498865774,"Tekcore Co., Ltd"
6419.TWO,0.06691799250878418,0.28774724725251444,117.56,0.997,0.23255823695181996,NUUO Inc.
2248.TW,0.026571245496448945,0.11452302789481031,36.98,0.397,0.23201661696243922,"Shining Victory Motor Electronic Co., Ltd."
4903.TWO,0.03630173396453204,0.15778610416042804,53.4,0.547,0.23006927104063915,United Fiber Optic Communication Inc.
3689.TWO,0.03208396463823588,0.13992889355595697,46.08,0.485,0.22928763190288243,U.D. Electronic Corp.
6855.TWO,0.018303944439019903,0.07993021900324108,24.32,0.277,0.22899905276473342,"Eclatorq Technology Co., Ltd."
3705.TW,0.012456250624555179,0.05470953738696205,16.02,0.19,0.22767969205171265,YungShin Global Holding Corporation
2393.TW,0.0185230925253944,0.08140462992559487,24.64,0.282,0.22754347685536808,"Everlight Electronics Co., Ltd."
7729.TWO,0.0428627854444741,0.1888267878903998,65.47,0.654,0.2269952580528607,Steminent Biotherapeutics Inc.
7792.TWO,0.05121668540049129,0.22823852346354795,82.1,0.791,0.22439982796625096,"Am-Power Machine International Enterprise Co., Ltd."
6951.TW,0.014368462920023533,0.06420961965755621,18.67,0.222,0.2237743035491201,"Chin Hsin Environ Engineering Co., Ltd."
6977.TWO,0.07616512912909298,0.34045583913371813,141.29,1.179,0.2237151500261924,"United Purification Technology Co., Ltd."
4510.TWO,0.05245680229389298,0.23562964445163506,84.69,0.816,0.2226239504624817,"Kao Fong Machinery Co., Ltd"
7820.TWO,0.06181487126016109,0.2777741238762239,105.39,0.962,0.22253646379137093,"Liying Environmental Protection Technology Co., Ltd."
4541.TWO,0.027049019063897044,0.12213233014441079,37.75,0.423,0.22147304511355795,"Magnate Technology Co., Ltd."
3416.TW,0.020167311097009102,0.09114190314392466,27.07,0.316,0.22127375445696315,Winmate Inc.
3706.TW,0.04019799560752668,0.18307603672969075,60.47,0.634,0.21956994659480458,MiTAC Holdings Corporation
6870.TWO,0.02926843697173306,0.13342980654320666,41.37,0.462,0.2193545634966913,Turn Cloud Technology Service Inc.
4442.TWO,0.03098549198052323,0.1412645795645842,44.22,0.489,0.21934367465665444,J&B International Inc.
8499.TW,0.034234243160845,0.1561576487401576,49.77,0.541,0.21922873094618578,"Top Bright Holding Co., Ltd."
8047.TWO,0.06623419355210157,0.30240328951184225,115.89,1.048,0.21902603526244976,Great Computer Corp.
2249.TWO,0.02797331876963358,0.12780646591189498,39.25,0.443,0.2188724848155753,"Young Shine Electric Co., Ltd."
9930.TW,0.007619442336169532,0.03484018135079637,9.54,0.121,0.2186969769029451,CHC Resources Corporation
6922.TWO,0.02718680143731302,0.12440833573121088,37.97,0.431,0.21852877685021987,Neousys Technology Inc.
7926.TWO,0.12952454392070017,0.5940325178209906,331.27,2.058,0.2180428512496548,"Chunghwa Leading Photonics Tech Co., Ltd."
3019.TW,0.0409233342429696,0.18823648128636938,61.82,0.652,0.21740384203586868,"Asia Optical Co., Inc."
3118.TWO,0.006247894534739189,0.02884034163700976,7.76,0.1,0.2166373274414161,Level Biotechnology Inc.
6177.TW,0.02678758848626681,0.1237959085932682,37.33,0.429,0.2163850872832761,"Da-Li Development Co.,Ltd."
9949.TWO,0.0254873847843731,0.11793634878524,35.26,0.409,0.21611136046601864,Tittot Company Limited
4304.TWO,0.06445248496221909,0.29838813284053806,111.6,1.034,0.2160021725685157,"SunVic Technology Co., Ltd."
8374.TW,0.050854104339816276,0.23642855124915005,81.35,0.819,0.21509290680475332,"Ace Pillar Co., Ltd."
3543.TW,0.04795487234702962,0.2237054892414193,75.43,0.775,0.21436609584165148,"Jochu Technology Co., Ltd."
2365.TW,0.045757196908653465,0.21353466490947196,71.07,0.74,0.21428463115369223,KYE Systems Corp.
5278.TWO,0.026933149564737347,0.1257958047851551,37.56,0.436,0.21410212853072563,"Sunfun Info Co., Ltd."
8112.TW,0.024697903339068843,0.11548026014076834,34.01,0.4,0.21387121321828118,"Supreme Electronics Co., Ltd."
6192.TW,0.016217958505600524,0.07602511218669052,21.29,0.263,0.21332370369641826,"Lumax International Corp., Ltd."
7781.TWO,0.14288586825806893,0.6748587628950794,396.63,2.338,0.21172706959468415,TPIsoftware Corporation
3213.TWO,0.027173264285143738,0.12885139244728644,37.95,0.446,0.21088840228296654,Mildef Crete Inc.
8080.TWO,0.05227506647097139,0.2483785290858835,84.31,0.86,0.2104653194596216,"TerraLink Enterprise Co., Ltd"
5547.TWO,0.021441495596867755,0.1019502205534245,28.99,0.353,0.21031338118225912,"Jioushun Construction Co., Ltd."
3628.TWO,0.02379943197574607,0.11339615957437175,32.61,0.393,0.20987864196703265,"Ablerex Electronics Co., Ltd."
2466.TW,0.047093948883562275,0.22562068698170698,73.71,0.782,0.20873063331901204,Cosmo Electronics Corporation
4583.TW,0.03911405464100955,0.18740282909323253,58.47,0.649,0.20871645764509986,"Apex Dynamics, Inc."
6603.TWO,0.019578828122540838,0.09505909835688767,26.2,0.329,0.20596479938232257,"Fu Chun Shin Machinery Manufacture Co., Ltd."
3013.TW,0.030789064677200124,0.15008656008177815,43.89,0.52,0.2051420504302583,Chenming Electronic Tech. Corp.
3034.TW,0.013408753366155688,0.0659469108367033,17.33,0.228,0.2033264818022823,Novatek Microelectronics Corp.
4111.TWO,0.008669891245835368,0.04272227924442616,10.91,0.148,0.2029360651905411,"Chi Sheng Pharma & Biotech Co., Ltd"
8054.TWO,0.0473908944867554,0.233610991981173,74.3,0.809,0.2028624341896322,"Alcor Micro,Corp."
7777.TWO,0.06186743085074424,0.30598633045568707,105.52,1.06,0.20219017875278542,ABICO Asia Capital Corporation
4554.TWO,0.014136008380519321,0.069941082127647,18.35,0.242,0.2021130921983762,"Orange Electronic Co., Ltd."
5392.TWO,0.03152595304750982,0.15607118699733313,45.13,0.541,0.2019972658249118,"Abico AVY Co., Ltd."
1736.TW,0.02255681483443943,0.1116739790978399,30.69,0.387,0.20198809979428542,"Johnson Health Tech .Co., Ltd."
4417.TWO,0.011677933698858799,0.057908851403788215,14.95,0.201,0.20166059964530508,"King Chou Marine Technology Co., Ltd."
8114.TW,0.030736680651425523,0.1525081439764237,43.8,0.528,0.2015412413397223,"Posiflex Technology, Inc."
7829.TWO,0.029372882182409885,0.14730017670452855,41.54,0.51,0.19940832957267493,Yoda Pharmaceuticals Inc.
8473.TW,0.023076783685452986,0.11637261571468993,31.49,0.403,0.19830080765762112,"Forest Water Environmental Engineering Co., Ltd."
1470.TW,0.011538614221925486,0.0582143313708131,14.76,0.202,0.19820916860535476,evertex fabrinology limited
3379.TWO,0.038583417155740124,0.19649403985974756,57.51,0.681,0.19635922383844306,Taiwan Benefit Company
2362.TW,0.02001732222627269,0.1023655251528713,26.85,0.355,0.19554749703456403,Clevo Co.
8401.TWO,0.012066483325476968,0.06214598354457021,15.48,0.215,0.19416352654267766,"Bai Sha Technology Co., Ltd."
3709.TWO,0.030695324266416878,0.15813348137308897,43.74,0.548,0.1941102162545609,Trigold Holdings Limited
8098.TWO,0.4297749500188106,2.2156206910378904,7198.14,7.675,0.19397496681504894,"Dura Tek, Inc."
6599.TWO,0.023372490046677488,0.12093449801967399,31.95,0.419,0.19326569696328652,Poindus Systems Corp.
3227.TWO,0.0236385104321795,0.12283874049033666,32.36,0.426,0.19243530451241533,PixArt Imaging Inc.
3010.TW,0.016328326805998664,0.08498722360539847,21.45,0.294,0.19212684110981446,Wah Lee Industrial Corporation
1569.TWO,0.03681308866022951,0.1917409516859012,54.31,0.664,0.19199387682467833,"Bin Chuan Enterprise Co., Ltd."
6738.TWO,0.02058878132977607,0.10763148063639934,27.71,0.373,0.19128958561230883,MAYO Human Capital Inc.
5262.TWO,0.027909023184358218,0.14604850592541269,39.14,0.506,0.1910942053636031,Gigastone Corporation
4526.TW,0.028662383487388008,0.15052117209985466,40.37,0.521,0.19042094269883567,"Tongtai Machine & Tool Co., Ltd."
5276.TWO,0.015212634129530793,0.07990041768052301,19.86,0.277,0.19039492622376006,Da Hui Limited
6725.TWO,0.029936263235532907,0.1583598779447084,42.47,0.549,0.18903944372819736,"Cica-Huntek Chemical Technology Taiwan Co., Ltd."
2645.TW,0.023675984054747228,0.12578474096643114,32.42,0.436,0.18822620194500198,Evergreen Aviation Technologies Corporation
3305.TW,0.033918203812827306,0.18223180773645903,49.22,0.631,0.18612669343586447,Shenmao Technology Inc
2236.TW,0.018479590707025928,0.09966866275944725,24.57,0.345,0.18541024024398595,"Patec Precision Industry Co., Ltd."
6706.TW,0.043594744268224926,0.2356809379364888,66.87,0.816,0.18497356913936255,"Fittech Co., Ltd."
5426.TWO,0.04073748431050482,0.22136228833599114,61.47,0.767,0.18403082393452716,"Cheng Fwa Industrial Co., Ltd."
8472.TWO,0.03943776074877889,0.21463076645125123,59.07,0.744,0.18374700608328828,"Navicare Biotech Co., Ltd."
2421.TW,0.022959975117754928,0.12667560042473203,31.31,0.439,0.181250177940915,"Sunonwealth Electric Machine Industry Co., Ltd."
9939.TW,0.011849500585425339,0.06551166689496211,15.18,0.227,0.1808761881211814,"Taiwan Hon Chuan Enterprise Co., Ltd."
6898.TWO,0.014206743329503866,0.07876726747957244,18.45,0.273,0.180363541660097,"ChainSea Information Integration Co.,Ltd."
6133.TW,0.020931068796018637,0.1165533134360066,28.22,0.404,0.1795836444196055,Golden Bridge Electech Inc.
6272.TW,0.05329420374628081,0.29770421082080967,86.46,1.031,0.17901729908133204,"Wieson Technologies Co., Ltd."
3580.TWO,0.02445194331456433,0.13692317890044714,33.63,0.474,0.17858147547350348,"UVAT Technology Co., Ltd."
6263.TWO,0.01563468089143712,0.08768878142110606,20.46,0.304,0.17829739036234302,Planet Technology Corporation
4530.TWO,0.01911514031220964,0.10769205558032408,25.51,0.373,0.17749814700075314,Tianyi Water Energy Solutions Inc.
6825.TWO,0.019625265861447427,0.11065938592089802,26.27,0.383,0.17734840744079347,"Qbic Technology Co., Ltd."
4198.TWO,0.023924568718324237,0.13501065866523076,32.81,0.468,0.17720503666045384,S&S Healthcare Holding Ltd.
1216.TW,0.006211507611911282,0.03507691667568309,7.71,0.122,0.17708248616439484,Uni-President Enterprises Corp.
3663.TWO,0.0268766143687552,0.151986905844211,37.47,0.526,0.17683506496476845,"ThinTech Materials Technology Co., Ltd."
2539.TW,0.01653692245572925,0.09360279214199102,21.75,0.324,0.17667125175757062,"Sakura Development Co.,Ltd"
4938.TW,0.010602468093843338,0.060217201842088744,13.49,0.209,0.17607042123356775,Pegatron Corporation
8329.TWO,0.020549531019313526,0.11672772873465805,27.65,0.404,0.17604669637688317,"Taiwan Television Enterprise Co.,Ltd."
1725.TW,0.02122194526998784,0.12084432571758727,28.66,0.419,0.1756139160359374,"Yuan Jen Enterprises Co.,Ltd."
6781.TW,0.031031631518518676,0.17822697784209215,44.3,0.617,0.17411298723817492,"Advanced Energy Solution Holding Co., Ltd."
6787.TWO,0.03954663235602033,0.22728825652185244,59.27,0.787,0.17399329363159663,"Kingray Technology Co., Ltd."
2836.TW,0.005224494582384917,0.030034772773198774,6.45,0.104,0.1739481973723118,"Bank of Kaohsiung Co., Ltd."
6819.TWO,0.043633635938872296,0.25088550021428724,66.95,0.869,0.17391852419372095,Oriental System Technology Inc.
6121.TWO,0.012623851893435928,0.07285663399680678,16.25,0.252,0.17326976557809706,"Simplo Technology Co., Ltd."
2474.TW,0.01087632800725836,0.06317216539761786,13.86,0.219,0.17216962468835195,"Catcher Technology Co., Ltd."
8462.TW,0.01332250454982013,0.07775808097041757,17.21,0.269,0.171332733312806,Power Wind Health Industry Incorporated
8101.TW,0.07684756211088316,0.4516940435836282,143.14,1.565,0.17013189171412071,Arima Communications Corp.
6438.TW,0.021108172763004415,0.12415750813161813,28.49,0.43,0.17001124684805893,"Symtek Automation Asia Co., Ltd."
1437.TW,0.007412710910244045,0.04399362438352903,9.27,0.152,0.16849511751114835,GTM Holdings Corporation
6775.TWO,0.03400727299932058,0.2024651205475149,49.38,0.701,0.16796608179896197,"Entire Technology Co., Ltd."
7813.TWO,0.028672716273104356,0.17154976138577147,40.39,0.594,0.16713935386145343,Yu-Chen SYSTEM Technology CORP.
2609.TW,0.018434867350654548,0.11057537378213023,24.51,0.383,0.1667176580110621,Yang Ming Marine Transport Corporation
3332.TWO,0.016478135332468617,0.1000360347464396,21.67,0.347,0.1647219961710357,"Cincon Electronics Co., Ltd."
3356.TW,0.016404910134239566,0.09962092893204516,21.56,0.345,0.1646733302941786,GeoVision Inc.
2420.TW,0.012184683297450124,0.07413038240381481,15.64,0.257,0.1643682779224823,Zippy Technology Corp.
5309.TWO,0.022489634951775417,0.13712024677308904,30.59,0.475,0.1640139620590968,Sysgration Ltd.
8923.TWO,0.006154664591736877,0.037606286911262256,7.64,0.13,0.16366052320612623,China Times Publishing Comp.
6945.TWO,0.027361425067293697,0.16723051620723253,38.25,0.579,0.16361502486416618,"AP Biosciences, Inc."
2069.TW,0.013310260148012525,0.08176568088716614,17.2,0.283,0.1627854131904097,"Yuen Chang Stainless Steel Co., Ltd."
4562.TW,0.04194957417260327,0.25815478004337195,63.74,0.894,0.16249776264284327,"Ying Han Technology Co., Ltd."
2612.TW,0.016622537479932337,0.10289712627477293,21.88,0.356,0.16154520618529314,Chinese Maritime Transport Ltd.
1439.TW,0.009706810613453779,0.06011170594684036,12.29,0.208,0.1614795398094004,"Ascent Development Co., Ltd."
5859.TWO,0.011505624303423785,0.07150539485345986,14.71,0.248,0.1609056816902127,"Farglory Life Insurance Co., Ltd."
2905.TW,0.015580779112644797,0.09719957524745897,20.39,0.337,0.16029678188385002,"Mercuries & Associates Holding, Ltd."
2402.TW,0.025253414631844478,0.15801067482300088,34.89,0.547,0.15982094032654848,"Ichia Technologies, Inc."
6189.TW,0.013262051804136695,0.0833478099795841,17.13,0.289,0.1591169798868766,"Promate Electronic Co.,Ltd."
2755.TWO,0.013102590051621659,0.0824722516803906,16.91,0.286,0.1588727091191698,"YoungQin International Co., Ltd."
4569.TW,0.03529098220950035,0.22383570453889157,51.62,0.775,0.1576646687453231,"Sixxon Tech. Co., Ltd."
6716.TWO,0.038153870474036886,0.24229926838613727,56.73,0.839,0.1574658921925981,PADAUK Technology Company Limited
4561.TWO,0.033612386936045215,0.21441743101782942,48.69,0.743,0.1567614478752441,"Kenturn Nano. Tec. Co., Ltd."
1101B.TW,0.0011090383574142435,0.007094543129390801,1.34,0.025,0.15632273103250205,"TCC Group Holdings Co., Ltd."
2753.TW,0.007143495014551042,0.04573835511295011,8.92,0.158,0.156181720940998,Bafang Yunji International Company Limited
3680.TWO,0.018910762758880515,0.12110826242119345,25.21,0.42,0.1561475854810977,"Gudeng Precision Industrial Co., Ltd."
4105.TWO,0.005262236152684802,0.03373627641578427,6.5,0.117,0.15598153417496743,TTY Biopharm Company Limited
7872.TWO,0.04140117925168575,0.2661606658687931,62.71,0.922,0.15554957798345354,"Green Solution Technology Co., Ltd."
2324.TW,0.01550965693803067,0.09978295511218443,20.28,0.346,0.15543393078099765,"Compal Electronics, Inc."
1423.TW,0.009892937016648253,0.06373151510721328,12.54,0.221,0.15522833562022986,Reward Wool Industry Corporation
3717.TW,0.01980833896150706,0.12789518784904447,26.54,0.443,0.15487947040577454,"Excellence Optoelectronics Holding Co., Inc."
7713.TWO,0.008719708516678026,0.05646324913338014,10.98,0.196,0.1544315754143004,"WeLeader Biomedical Co., Ltd."
1419.TW,0.02221286862241652,0.1440920356003295,30.17,0.499,0.15415750447185528,"Shinkong Textile Co., Ltd."
6818.TWO,0.029331561936880593,0.1906059230704579,41.47,0.66,0.1538858890866582,Advanced Wireless & Antenna Inc.
6165.TW,0.016982400913334073,0.11094113493654247,22.39,0.384,0.1530757813415906,Lang Inc.
6808.TWO,0.025280126622406883,0.16518949975134195,34.93,0.572,0.1530371280284812,3D Global Biotech Inc.
7714.TWO,0.02610346607324733,0.1710221493231615,36.24,0.592,0.1526320782223507,Uniforce Technology Corporation
3661.TW,0.031108864089704286,0.2061855212881732,44.43,0.714,0.15087802429262376,"Alchip Technologies, Limited"
3354.TWO,0.032778369869097865,0.217472804235931,47.26,0.753,0.1507239950496863,"Microcosm Technology Co., Ltd."
3715.TW,0.030947938008064668,0.20564425339758183,44.16,0.712,0.15049259824553204,"Dynamic Holding Co., Ltd."
6292.TWO,0.020151715144392148,0.1341690762739474,27.05,0.465,0.15019642159007066,Axis Corporation
7832.TWO,0.016200280679822963,0.10823589887857088,21.27,0.375,0.14967566997339715,Intelligene Inc.
6134.TWO,0.020975335149588176,0.14022538626405223,28.29,0.486,0.14958300852950013,"Wanshih Electronic Co., Ltd."
5345.TWO,0.024940904797438473,0.16683989037138633,34.4,0.578,0.14949005745520397,"Fullhome Development Co., Ltd."
2731.TW,0.01185120026774147,0.0793178015256126,15.19,0.275,0.1494141294866145,"Lion Travel Service Co., Ltd."
8083.TWO,0.006388233241463944,0.043107759440666034,7.94,0.149,0.14819218916392013,Pro-Hawk Corporation
6191.TW,0.020215566152517805,0.13794322517088856,27.15,0.478,0.14654990216064692,Global Brands Manufacture Ltd.
7899.TWO,0.05305436015162739,0.3622505824929874,85.96,1.255,0.14645762551024866,Certain Micro Application Technology Inc.
5481.TWO,0.021204808749106466,0.14606729564090742,28.63,0.506,0.14517150232750578,"Sino Tactful Co., Ltd."
8935.TWO,0.024480431602819257,0.1690860792222453,33.67,0.586,0.14478088152154966,"Pontex Polyblend Co.,Ltd"
6474.TWO,0.010543789016908065,0.07293063637876683,13.41,0.253,0.1445728371565095,WFE Technology Corporation
6721.TWO,0.0043224106859675775,0.029951549324625956,5.31,0.104,0.14431342563016336,Sincere Security Corp. Ltd.
7754.TWO,0.023876775338681083,0.1666651186923627,32.73,0.577,0.14326198262729356,"AnnJi Pharmaceutical Co., Ltd."
3296.TW,0.020810391151066417,0.14551814624418863,28.04,0.504,0.14300890774230499,"Powertech Industrial Co., Ltd."
5471.TW,0.014533032008623145,0.10163463940783685,18.9,0.352,0.1429929017635943,"Sonix Technology Co.,Ltd."
2009.TW,0.01571274006174195,0.1103497369508494,20.57,0.382,0.14239037170283897,"First Copper Technology Co., Ltd."
9935.TW,0.011286217687419671,0.07930981773192568,14.42,0.275,0.1423054296451431,"Ching Feng Home Fashions Co.,Ltd"
1459.TW,0.014670367565910752,0.10318429437296975,19.1,0.357,0.1421763617715238,"Lan Fa Textile Co., Ltd."
5609.TWO,0.005590483406861704,0.03937728902902252,6.92,0.136,0.14197227754153696,Dimerco Express Corporation
6937.TW,0.020299591602498925,0.1430530658799181,27.27,0.496,0.14190252741272144,Skytech Inc.
6753.TW,0.024652481428599965,0.17377793972274153,33.94,0.602,0.14186197320518587,"Lungteh Shipbuilding Co., Ltd."
2611.TW,0.013912699228514033,0.09849061631708428,18.03,0.341,0.14125913461362635,"Tze Shin International Co., Ltd."
4120.TWO,0.008174547965365467,0.05788884780232645,10.26,0.201,0.14121110154548536,"Orient EuroPharma Co., Ltd."
1215.TW,0.010503000278850656,0.07496709759218427,13.36,0.26,0.1401014660589668,"Charoen Pokphand Enterprise (Taiwan) Co., Ltd."
3516.TWO,0.019163603985192134,0.13683954443188728,25.58,0.474,0.14004434218743642,ADO Optronics Corporation
7402.TWO,0.020038490662827275,0.14322401570103868,26.88,0.496,0.13991013004868535,Brinno Incorporated
2109.TW,0.007477757402241972,0.05387309098534327,9.35,0.187,0.13880319962105708,"Hwa Fong Rubber Industrial Co., Ltd."
3060.TW,0.018591924470089338,0.13437284544593606,24.74,0.465,0.13836072614514713,"Min Aik Technology Co., Ltd."
910322.TW,0.012115873056117046,0.08760831689163001,15.55,0.303,0.13829592310401503,Tingyi (Cayman Islands) Holding Corp.
7631.TW,0.015069824678390832,0.10948542542818243,19.66,0.379,0.13764229000759529,"Genii Ideas Co., Ltd."
3685.TWO,0.029310252985721156,0.2130922166363431,41.43,0.738,0.1375472715446063,"Tradetool Auto Co., Ltd."
2520.TW,0.015008196293901262,0.10936308674784806,19.57,0.379,0.13723274223691917,"Kindom Development Co., Ltd."
1231.TW,0.00894076086907333,0.06537034947510038,11.27,0.226,0.1367708898738391,Lian Hwa Foods Corporation
6143.TWO,0.01325090292635904,0.09714133428719281,17.11,0.337,0.13640849205533354,"Netronix, Inc."
3049.TW,0.018419099232642382,0.13517264544609436,24.49,0.468,0.13626351080025104,HannsTouch Holdings Company
6782.TW,0.016027871998074962,0.11824567329599145,21.02,0.41,0.135547217511749,Visco Vision Inc.
8234.TWO,0.021778638026772403,0.16122163465981942,29.5,0.558,0.13508508378993753,"NEXCOM International Co., Ltd."
3678.TWO,0.019395877561881974,0.1436377571398453,25.93,0.498,0.13503328058094227,Ushine Photonics Corporation
6534.TW,0.013742865354918442,0.10198977668794476,17.8,0.353,0.1347474796122664,"CH Biotech R&D Co., Ltd."
2328.TW,0.014589656183350926,0.10846886026186989,18.98,0.376,0.1345054806340547,Pan-International Industrial Corp.
4905.TWO,0.013988726567932487,0.10429463759678109,18.14,0.361,0.13412699722889904,Tainet Communication System Corp.
5468.TWO,0.023650152428552458,0.17645051773595954,32.38,0.611,0.13403277435514546,"TM Technology, Inc."
6416.TW,0.014015985151850378,0.10481538014917596,18.18,0.363,0.13372069186699953,"CASwell, Inc."
8464.TW,0.013256984606647476,0.09920248768061009,17.12,0.344,0.13363560649133457,"Nien Made Enterprise Co., LTD."
6415.TW,0.026725363112938556,0.20095324787350874,37.23,0.696,0.13299293938140777,Silergy Corp.
6171.TWO,0.014125863294016026,0.10633711430255365,18.33,0.368,0.13284038584895846,"Tacheng Real Estate Co.,Ltd."
6912.TWO,0.034726561176031484,0.262016087295403,50.63,0.908,0.13253598866576446,"Yi Chun Green Technology Co., Ltd."
3362.TWO,0.025512048217289217,0.19382230736884004,35.3,0.671,0.13162596485212763,"Ability Opto-Electronics Technology Co.,Ltd."
6538.TWO,0.02226899275731029,0.16933404135096575,30.25,0.587,0.13150924988056623,"Brave C&H Supply Co.,Ltd."
6938.TWO,0.008307288207022697,0.06322937509348218,10.44,0.219,0.13138336722038915,"Neweb Information Co., Ltd."
4950.TWO,0.03410345228167032,0.2612159188801881,49.54,0.905,0.13055656189664516,Golden Win International CORP
1582.TW,0.018284082329117886,0.14007777906328367,24.29,0.485,0.13052807127144406,Syncmold Enterprise Corp.
6152.TW,0.020118765278170785,0.15417579921299318,27.0,0.534,0.13049236897664335,Prime Electronics & Satellitics Inc.
2630.TW,0.019250977200384704,0.14846129844856015,25.71,0.514,0.1296700042473016,"Air Asia Co., Ltd."
3390.TWO,0.020134863107446995,0.15540937502906113,27.03,0.538,0.12956015751097275,"Sunflex Tech Co., Ltd."
2617.TW,0.0073862862838554545,0.057146441029599454,9.23,0.198,0.12925190354425867,"Taiwan Navigation Co., Ltd."
4933.TWO,0.010813460230470093,0.08414182458999779,13.78,0.291,0.12851468675847474,Ubright Optronics Corporation
8249.TW,0.02494525016547195,0.19508576618090415,34.4,0.676,0.1278681200264507,Creative Sensor Inc.
7712.TWO,0.027815245635652765,0.21760231946576813,38.99,0.754,0.1278260530675478,Potens Semiconductor Corp.
7719.TWO,0.031094657788600995,0.2436387881093458,44.41,0.844,0.12762605671247068,Carbon-Based Technology Inc.
3631.TWO,0.017904944335774654,0.1405045808672953,23.73,0.487,0.12743317139734847,Chernan Metal Industrial Corp.
7703.TWO,0.021466937209969686,0.16880325042387864,29.03,0.585,0.1271713498174026,"Rayzher Industrial Co., Ltd."
4995.TWO,0.0093217918467991,0.07352038224875027,11.78,0.255,0.12679193934628322,Litemax Electronics Inc.
6204.TWO,0.02591844977309254,0.20573131813336057,35.94,0.713,0.12598203330565114,"Taiwan Alpha Electronic Co., Ltd."
7547.TWO,0.02605331161839749,0.20769058848249158,36.16,0.719,0.12544290913111739,"Intumit, Inc."
6812.TWO,0.028916831970807317,0.23192603261001904,40.79,0.803,0.12468126861563074,"Saultech Technology Co., Ltd"
6499.TWO,0.02927334387816951,0.2351021571264127,41.37,0.814,0.12451329343792218,"Medeon Biodesign, Inc."
1463.TW,0.008945049235780775,0.07198518113686597,11.28,0.249,0.12426237031721132,CS Group Investment Holding Limited
6655.TW,0.006093892332810366,0.049056648074617945,7.56,0.17,0.12422153922015239,"Keding Enterprises Co., Ltd."
7721.TW,0.01449888054270871,0.11706682236002047,18.86,0.406,0.12385132055707208,"Microprogram Information Co.,Ltd"
3066.TWO,0.021875600915361282,0.1778419530636067,29.65,0.616,0.12300585176062076,"Taiwan Oasis Technology Co., Ltd."
2364.TW,0.01661548089208185,0.13617556330356018,21.87,0.472,0.12201514345891055,Twinhead International Corp.
5269.TW,0.01575885368784039,0.12981194153149658,20.64,0.45,0.12139756560082555,ASMedia Technology Inc.
8032.TWO,0.01967466493887052,0.16221022324757772,26.34,0.562,0.1212911525856267,"Koryo Electronics Co., Ltd."
3349.TWO,0.01806838697212758,0.15033576923740105,23.97,0.521,0.12018687943516015,Dexin Corporation
3004.TW,0.014441547615052097,0.12039486178225439,18.77,0.417,0.11995152784153708,National Aerospace Fasteners Corporation
7740.TW,0.02019358027776127,0.16885056108136864,27.11,0.585,0.11959439251155368,"Seetel New Energy Co., Ltd."
4126.TWO,0.0031664449809013983,0.026599301328552667,3.87,0.092,0.11904241174569574,"Pacific Hospital Supply Co., Ltd"
5288.TW,0.0091173640352155,0.07680330667003213,11.51,0.266,0.11871056638728034,"Eurocharm Holdings Co., Ltd."
5469.TW,0.01289410759852139,0.1086783616323553,16.62,0.376,0.11864466306678852,HannStar Board Corporation
2349.TW,0.021427625975606254,0.18241321512225628,28.97,0.632,0.1174675089260672,RITEK Corporation
3040.TW,0.018594022495846203,0.1586407348501675,24.74,0.55,0.11720837345721971,"Global View Co., Ltd."
8432.TWO,0.008412050000377029,0.07195906927835168,10.57,0.249,0.11690048363240474,TSH Biopharm Corporation Limited
6108.TW,0.01259019301404824,0.108587707080853,16.2,0.376,0.1159449200329255,APCB Inc.
6864.TWO,0.02037584061853298,0.17575734593257766,27.39,0.609,0.115931658562649,"Anti-Microbial Savior BioteQ Co., Ltd."
5474.TWO,0.016645902350096317,0.14383049908008563,21.91,0.498,0.11573277195421386,"Yuan High-Tech Development Co., Ltd."
4767.TWO,0.00676254843217972,0.058580056188418654,8.42,0.203,0.11544113939441192,"Cherng Tay Technology Co., Ltd."
5483.TWO,0.013152422962904324,0.11397713539830126,16.98,0.395,0.11539527570106269,Sino-American Silicon Products Inc.
2305.TW,0.019320629968443356,0.16744385443432383,25.81,0.58,0.1153857215824033,"Microtek International, Inc."
3094.TW,0.011251454105688273,0.09812582514244494,14.37,0.34,0.11466353622356838,"Davicom Semiconductor, Inc."
3158.TWO,0.009061909076727118,0.07920766932028403,11.43,0.274,0.11440696531650735,"SysJust Co., Ltd."
5522.TW,0.011452817940010561,0.10039114904135502,14.64,0.348,0.1140819489504269,"Farglory Land Development Co., Ltd."
6723.TWO,0.012254827042149793,0.10751268562138877,15.74,0.372,0.11398494020794692,"JG Environmental Technology Co.,Ltd."
3691.TWO,0.01867745127472381,0.16424714685679084,24.86,0.569,0.11371552950632936,Giga Solar Materials Corp.
5315.TWO,0.0073673014397496375,0.06527578250920169,9.21,0.226,0.11286423780076625,United Radiant Technology Corporation
5607.TW,0.01008598009178716,0.08958634771873278,12.8,0.31,0.11258389641525872,"Farglory Free Trade Zone Investment Holding Co., Ltd."
3546.TWO,0.006906531907701146,0.06171172357563269,8.61,0.214,0.1119160429741787,"USERJOY Technology Co.,Ltd."
5225.TW,0.013890919264114895,0.12473287672849923,18.0,0.432,0.11136534030519211,Eastech Holding Limited
4923.TWO,0.01727908448638027,0.15566410973867048,22.82,0.539,0.11100236602636578,"Force MOS Technology Co., LTD."
4706.TWO,0.005102803896395179,0.046029301540169446,6.3,0.159,0.11085990283693525,Tah Kong Chemical Industrial Corporation
5236.TW,0.014953248705341607,0.1353699120507293,19.5,0.469,0.11046212913057032,Sunplus Innovation Technology Inc.
3652.TW,0.012710502840026163,0.11576391734046663,16.37,0.401,0.10979675819576865,"Unitech Electronics Co., Ltd."
4166.TWO,0.011733164411220688,0.10731629199232759,15.02,0.372,0.10933255513579926,"Orient Pharma Co., Ltd."
6791.TWO,0.017667370820859497,0.16229419074326218,23.39,0.562,0.10886015537554278,Taiwan Auto-Design Co.
5206.TWO,0.01192012009707518,0.10967306973330557,15.28,0.38,0.10868775831716575,"Kunyue Development Co., Ltd."
3015.TW,0.009762761974632867,0.0898537246386727,12.37,0.311,0.10865172271813664,FSP Technology Inc.
1563.TW,0.014751541267696828,0.1359051555301481,19.21,0.471,0.10854291148965622,"SuperAlloy Industrial Co., Ltd."
9933.TW,0.01049808163447593,0.09726633497304454,13.35,0.337,0.10793129644892312,CTCI Corporation
7890.TWO,0.020293203572293077,0.18820199359343442,27.26,0.652,0.10782671949868772,Eti Ca Battery Inc.
5212.TWO,0.006734669814975625,0.06263880800321647,8.39,0.217,0.10751593189049514,"Hyweb Technology Co., Ltd."
3708.TW,0.01799425923411896,0.16755487072703668,23.86,0.58,0.10739323277228612,"Swancor Holding Co., LTD."
5548.TWO,0.012637396199994806,0.11807737097645962,16.26,0.409,0.1070264022266743,Ancang Construction Corp Ltd.
3025.TW,0.013290238678264964,0.12433592770468288,17.17,0.431,0.10688976970382481,"Loop Telecommunication International, Inc."
5529.TWO,0.01174732369795164,0.11308861323026588,15.04,0.392,0.10387715758820275,"MEGA International Development Co.,Ltd."
4566.TW,0.013272576712343026,0.127919322262842,17.14,0.443,0.10375740331918913,"GLOBAL TEK FABRICATION CO., Ltd."
1524.TW,0.010220154444288252,0.09876804705961055,12.98,0.342,0.10347632405974345,"Gordon Auto Body Parts Co., Ltd."
6456.TW,0.015500105943290663,0.15043074706906376,20.27,0.521,0.10303815041332248,General Interface Solution (GIS) Holding Limited
8089.TWO,0.02546414525043332,0.2480459703504251,35.22,0.859,0.10265897573122852,Comtrend Corporation
3576.TW,0.02088872883297941,0.20378714982519347,28.16,0.706,0.10250267914781451,"United Renewable Energy Co., Ltd."
1343.TWO,0.0162909750002268,0.15917685014748237,21.4,0.551,0.1023451273544658,Sun Rise E&T Corporation
6668.TW,0.01267382500579938,0.12455317769551995,16.31,0.431,0.10175432887614913,"Zhong Yang Technology Co.,Ltd"
1319.TW,0.011287302232253658,0.11108215489485594,14.42,0.385,0.10161220083403655,"Tong Yang Industry Co., Ltd."
5876.TW,0.0043609044135585655,0.04294356587334185,5.36,0.149,0.10154965766980453,"The Shanghai Commercial & Savings Bank, Ltd."
6967.TWO,0.011427716761012858,0.1128245207076904,14.61,0.391,0.10128752765207995,Trans-Sun Materials Technology Company Limited
4953.TWO,0.006734064499035827,0.0664979354188496,8.39,0.23,0.10126727178250078,WITS Corp.
6807.TW,0.01038049261076415,0.1026427325945543,13.19,0.356,0.1011322706281388,FY Group Ltd.
2392.TW,0.014866363390337863,0.14702035876166145,19.37,0.509,0.10111771944753661,"Cheng Uei Precision Industry Co., Ltd."
1236.TW,0.0041480773678725606,0.041346643260733174,5.09,0.143,0.10032440461284027,"Hunya Foods Co., Ltd."
2354.TW,0.009887457321113763,0.09900974936005813,12.53,0.343,0.09986347188050247,"Foxconn Technology Co., Ltd."
6933.TW,0.02490206329766187,0.24945561647676062,34.33,0.864,0.0998256268965656,"Amax Holding Co., Ltd."
1413.TW,0.005189305810215919,0.05205852178997679,6.41,0.18,0.0996821583054449,"Hung Chou Fiber Ind. Co., Ltd"
1730.TW,0.0016379684453050583,0.016638173507208146,1.98,0.058,0.09844640967323981,"Farcent Enterprise Co.,Ltd"
1260.TWO,0.008275056306173732,0.08488035391910652,10.39,0.294,0.09749083178965187,Flavor Full Foods Inc.
5902.TWO,0.004791719454524609,0.04927731512810131,5.9,0.171,0.09723986467339088,"Tait Marketing & Distribution Co., Ltd."
5452.TWO,0.013014621275237528,0.13660630683523353,16.79,0.473,0.09527101329907847,UNIC Technology Corp.
3372.TWO,0.012894705422673677,0.13657888624573147,16.62,0.473,0.09441214361254668,Taiwan IC Packaging Corporation
6103.TWO,0.012876032493173232,0.1365680266479448,16.59,0.473,0.0942829211874462,Avid Electronics Corp.
3675.TWO,0.019954737324313757,0.2122795549741704,26.76,0.735,0.09400216298145997,Eris Technology Corporation
5478.TWO,0.011857081924884931,0.1261613512892688,15.19,0.437,0.09398347278080783,Soft-World International Corporation
7805.TWO,0.010646679107838116,0.11353780725039685,13.55,0.393,0.09377210433840664,"QNAP Systems, Inc."
3492.TWO,0.009875244725829848,0.1053868395266742,12.52,0.365,0.09370472413996578,Advanced Connection Technology Inc.
1326.TW,0.010907896827683316,0.11665716632023998,13.9,0.404,0.09350387268742358,Formosa Chemicals & Fibre Corporation
6768.TW,0.009493221806330644,0.10263585825132687,12.01,0.356,0.09249420200768786,"Sports Gear Co., Ltd."
5903.TWO,0.001897756397749653,0.020525682343127464,2.3,0.071,0.09245765212697407,"Taiwan FamilyMart Co., Ltd."
7927.TWO,0.023076923076923078,0.25020701488139374,31.49,0.867,0.09223131928520185,"Linkage Electric Co., Ltd."
6558.TW,0.018144864381628073,0.19717428576031296,24.08,0.683,0.09202449655978545,SYNergy ScienTech Corp.
8092.TWO,0.014807749242435908,0.16309923645137148,19.29,0.565,0.09078981339591301,"Chien Wei Precise Technology Co., Ltd."
7718.TWO,0.0048109372769272575,0.05300979340654111,5.93,0.184,0.09075563151192388,Spec Products Corp.
8093.TWO,0.013513425113779898,0.14998630005634012,17.48,0.52,0.09009772965066663,Enermax Technology Corporation
6543.TWO,0.007574558174016461,0.08490887994445405,9.48,0.294,0.08920808022637454,"Perfect Medical Industry Co., Ltd."
6605.TW,0.009345505133611279,0.10478160153920772,11.81,0.363,0.08919032536560657,"Depo Auto Parts Industrial Co., Ltd."
6161.TWO,0.0119520150508738,0.1341418826332707,15.32,0.465,0.08909980101851789,"Jetway Information Co., Ltd."
6205.TW,0.016717921497424664,0.188098379106891,22.01,0.652,0.08887860478544762,"Chant Sincere Co., Ltd."
7891.TWO,0.007321962385199836,0.08261587025773512,9.15,0.286,0.08862658424292637,"BoYen Therapeutics, Inc."
1341.TW,0.003242011349872991,0.03675489060955213,3.96,0.127,0.08820625761923595,"Fulin Plastic Industry (Cayman) Holding Co., Ltd."
1605.TW,0.011160256304342022,0.1268375364638682,14.25,0.439,0.08798859245836274,Walsin Lihwa Corporation
8999.TWO,0.003659184413679789,0.041771298553361404,4.48,0.145,0.08760044672792028,"Taiwan Lamination Industries, Inc."
3466.TWO,0.01855263706344433,0.21239911177872392,24.68,0.736,0.08734799740016028,Skardin Industrial Corporation
3205.TWO,0.01565606868136242,0.18059940135804006,20.49,0.626,0.08668948270943663,Sagittarius Life Science Corp
6526.TW,0.011145085341774469,0.12865331811687994,14.23,0.446,0.08662882158740202,Airoha Technology Corp.
4533.TWO,0.015430774685999599,0.17821258264901765,20.17,0.617,0.08658633670322749,"Shieh Yih Machinery Industry Co., Ltd."
7530.TWO,0.015177739691632856,0.1758697834083948,19.81,0.609,0.08630100860696446,Forward Science Corp.
2460.TW,0.012332330645956676,0.14319642966121549,15.84,0.496,0.08612177464992249,"GEM Terminal Industry Co.,Ltd."
1558.TW,0.004377893882878208,0.050893777560570314,5.38,0.176,0.08602021883064066,"Zeng Hsing Industrial Co., Ltd."
2718.TWO,0.0125594787988402,0.1460241023723057,16.16,0.506,0.0860096285119995,Allmind Holdings Corporation
2031.TW,0.006370603728103109,0.07409004663760815,7.92,0.257,0.085984609501776,Hsin Kuang Steel Company Limited
6982.TWO,0.010541401337510626,0.12280895220377493,13.41,0.425,0.08583577294934858,"Walrus Pump Co., Ltd."
2945.TW,0.003885586061360169,0.04527130466932992,4.76,0.157,0.08582889514099971,"Simple Mart Retail Co., Ltd."
4736.TW,0.004933546121869759,0.057565651035682584,6.08,0.199,0.08570295016400763,TaiDoc Technology Corporation
4536.TW,0.005838496344364366,0.0683773169619598,7.24,0.237,0.0853864498311989,Topkey Corporation
6140.TWO,0.015880245384700748,0.1860912636521019,20.81,0.645,0.08533579208956799,"Dimension Computer Technology Co., Ltd."
6277.TW,0.005023151775478482,0.059077598948882364,6.2,0.205,0.08502633595222492,"Aten International Co., Ltd"
1587.TW,0.018061992829099073,0.213905561542066,23.96,0.741,0.08443909872603783,Cryomax Cooling System Corp.
5356.TWO,0.0041508289857781445,0.04918815823973531,5.1,0.17,0.08438675352607553,"Sirtec International Co.,Ltd."
3444.TWO,0.01391487723919645,0.16618079918515766,18.04,0.576,0.08373336334538009,Niching Industrial Corporation
9927.TW,0.005577971745700507,0.06699313468240534,6.9,0.232,0.08326184126394477,"Thye Ming Industrial Co., Ltd."
5455.TWO,0.012428914295442295,0.15159097950610667,15.98,0.525,0.0819898013452813,"Sheng Yi Development Co.,Ltd"
6763.TWO,0.01484768367707845,0.1812259717464922,19.35,0.628,0.08192911608634175,"Green World Fintech Service Co., Ltd."
5487.TWO,0.004289505550136838,0.05277969400843833,5.27,0.183,0.08127189122110179,Tontek Design Technology Ltd.
6585.TW,0.009121691257716828,0.1125844066710524,11.51,0.39,0.08102091157586735,DingZing Advanced Materials Inc.
3520.TWO,0.007667372208165021,0.09465327037086725,9.6,0.328,0.08100483140332058,"Jhen Vei Electronic Co., Ltd."
1203.TW,0.004934941991830948,0.060943534928032596,6.09,0.211,0.08097564405574037,Ve Wong Corporation
7758.TWO,0.011893142116032684,0.14706389697684827,15.24,0.509,0.08087057639921631,"Keelgoal Energy Co., Ltd"
2329.TW,0.010281312778756864,0.12742106340769882,13.06,0.441,0.08068770189007592,"Orient Semiconductor Electronics, Limited"
3564.TWO,0.016174885181150286,0.20283317880784052,21.23,0.703,0.07974476994453654,"AEWIN Technologies Co.,Ltd."
3437.TW,0.014393105418783757,0.1808189282992067,18.71,0.626,0.0795995505236434,Advanced Optoelectronic Technology Inc.
2020.TW,0.004328865058863916,0.05445106722036146,5.32,0.189,0.07950009577122077,Mayer Steel Pipe Corporation
2727.TW,0.0035784660082070286,0.045086835175447475,4.38,0.156,0.07936831215324958,Wowprime Corp.
6126.TWO,0.009902219515803534,0.12483475732581643,12.55,0.432,0.07932261597592505,"Singatron Enterprise Co.,Ltd"
1609.TW,0.008960371851967637,0.11339706646933073,11.3,0.393,0.07901766889526239,"Ta Ya Electric Wire & Cable Co., Ltd."
6560.TWO,0.01377241544675162,0.1748941640178721,17.84,0.606,0.07874714130166312,Appro Photoelectron Inc.
9955.TW,0.007294429550357186,0.09274293797380226,9.11,0.321,0.0786521293127213,"Super Dragon Technology Co., Ltd"
3596.TW,0.006450630553642665,0.0826024131265923,8.02,0.286,0.07809251944924119,Arcadyan Technology Corporation
6953.TWO,0.009615731264130572,0.12314361970446455,12.17,0.427,0.07808550119939309,"Gudeng Equipment Co., LTD."
1213.TW,0.010076606337365849,0.12978817349855534,12.79,0.45,0.07763886389446732,"Oceanic Beverages Co., Inc."
3556.TWO,0.007234043142679566,0.09400287925461984,9.03,0.326,0.07695554859639094,eGalax_eMPIA Technology Inc.
1784.TWO,0.01161444366212469,0.15124724581692964,14.86,0.524,0.07679110848856624,BIONET Corp.
5310.TWO,0.014260444720854139,0.18589889475583046,18.52,0.644,0.07671075580941225,CGS International Inc.
6579.TW,0.009072604634371826,0.11982935498873125,11.45,0.415,0.07571270524843443,AAEON Technology Inc.
4153.TWO,0.005916319461012949,0.07853892005731299,7.34,0.272,0.07532977862053074,"DIVA Laboratories, Ltd."
5525.TW,0.0060965238511964705,0.08156758285311097,7.57,0.283,0.07474199477230127,"Sweeten Real Estate Development Co.,Ltd."
6698.TW,0.008035098153061072,0.10801695612399634,10.08,0.374,0.07438737806902565,"FineMat Applied Materials Co., Ltd."
6854.TW,0.01426212668902156,0.1936789222920958,18.52,0.671,0.07363799075416277,PlayNitride Inc.
4952.TW,0.007817089398737258,0.10831986491447536,9.79,0.375,0.07216672034173317,Generalplus Technology Inc.
6578.TWO,0.0067512405157447945,0.09394432777446762,8.41,0.325,0.07186426978276447,DaBomb Protein Biotech Corp.
2739.TW,0.009644855371605277,0.13523929595958725,12.21,0.468,0.07131695934358746,"My Humble House Hospitality Management Consulting Co., Ltd."
4919.TW,0.011956346617972385,0.16882218467880522,15.33,0.585,0.07082212945366205,Nuvoton Technology Corporation
7893.TWO,0.013958499074781111,0.1977526989609414,18.1,0.685,0.07058563118543372,"Radbon Electronics Co., Ltd."
2641.TWO,0.00649360524629573,0.09230248807901154,8.08,0.32,0.07035135651746637,Franbo Lines Corp.
1316.TW,0.00896770158878039,0.12783334241101496,11.31,0.443,0.07015150679505094,"Sun Yad Construction Co.,Ltd"
6179.TWO,0.006147261366099442,0.08767623326411852,7.63,0.304,0.07011320100375716,"ATE Energy International Co., Ltd."
8477.TWO,0.010658701566909854,0.15225865242627556,13.57,0.527,0.07000391371564813,"Xxtechec Co., Ltd."
2545.TW,0.007477732620673418,0.10708987977866685,9.35,0.371,0.069826697313774,Huang Hsiang Construction Corporation
2250.TW,0.008948230138210217,0.1287515773042688,11.28,0.446,0.06949996516985221,IKKA Holdings (Cayman) Limited
8059.TWO,0.012988366102579694,0.18845832542336682,16.75,0.653,0.06891903593752975,CastleNet Technology Inc.
6443.TW,0.015261320468123566,0.22174575185502865,19.93,0.768,0.06882350773556646,TSEC Corporation
3607.TW,0.0052554268399204575,0.07664965371893243,6.49,0.266,0.06856426069701042,"Coxon Precise Industrial Co., Ltd"
2440.TW,0.006293165476664177,0.09214619063647683,7.82,0.319,0.06829544914657573,"Space Shuttle Hi-Tech Co., Ltd."
2439.TW,0.006246203801152136,0.09196233333442964,7.76,0.319,0.06792132794670651,"Merry Electronics Co., Ltd."
3023.TW,0.00621549139031769,0.09168171043054991,7.72,0.318,0.06779423465300645,"SINBON Electronics Co., Ltd."
2643.TWO,0.0030597921968147598,0.045297508912722134,3.73,0.157,0.06754879617575162,"Soonest Express Co., Ltd."
7689.TW,0.009436720920826258,0.139711587900554,11.93,0.484,0.06754429652280002,Climax Technology Co. Ltd.
1436.TW,0.007388732049852405,0.10960965677924216,9.24,0.38,0.06740949900731448,"Hua Yu Lien Development Co., Ltd"
6156.TWO,0.008900602837881178,0.13487813796798404,11.22,0.467,0.06598995932160563,"Song Shang Electronics Co.,Ltd."
6959.TWO,0.012943215961119645,0.20014482940341982,16.69,0.693,0.06466924976128555,"Ion Electronic Materials Co., Ltd."
2436.TW,0.006916306322521318,0.10726335537611088,8.62,0.372,0.06447967526533,"Weltrend Semiconductor, Inc."
5403.TWO,0.0033933789344964414,0.05321467996430726,4.15,0.184,0.06376772230468146,Dimerco Data System Corporation
2363.TW,0.010480602190079314,0.16487993269148357,13.33,0.571,0.06356505621390675,Silicon Integrated Systems Corp.
3288.TWO,0.00855693905666573,0.1359215166033788,10.77,0.471,0.06295499984476349,Silicon Touch Technology Inc.
3057.TW,0.009094175669690825,0.14549708800091227,11.48,0.504,0.06250417650718758,"Promise Technology, Inc."
6536.TWO,0.014829265236036499,0.23781416607813638,19.32,0.824,0.06235652602445973,Sofone Technology Inc.
1414.TW,0.004746108056141663,0.07613361707331111,5.85,0.264,0.06233919047313236,"Tung Ho Textile Co., Ltd."
2534.TW,0.004710942425426166,0.07564039908220149,5.8,0.262,0.06228077168533436,"Hung Sheng Construction Co., Ltd."
6104.TWO,0.007416735121137267,0.12003116625865747,9.27,0.416,0.06179007796320834,"Genesys Logic, Inc."
9907.TW,0.003126018385060084,0.050768298087748624,3.82,0.176,0.061574220582636646,Ton Yi Industrial Corp.
2397.TW,0.0060909818758687105,0.0990718722904934,7.56,0.343,0.061480435718516045,DFI Inc.
2915.TW,0.004607927045935235,0.07535261181577921,5.67,0.261,0.06115152394718072,Ruentex Industries Ltd.
5302.TWO,0.007001092169584281,0.11667566397150479,8.73,0.404,0.060004733903156776,"Syntek Semiconductor Co., Ltd."
3591.TW,0.0049022963339217926,0.08187820440319604,6.04,0.284,0.059873031775113474,Edison Opto Corporation
1720.TW,0.003032151083918727,0.05068516371603467,3.7,0.176,0.05982324730973457,"Standard Chemical & Pharmaceutical Co., Ltd."
2377.TW,0.00627288033088363,0.10565280778916022,7.79,0.366,0.05937258518866562,"Micro-Star International Co., Ltd."
8421.TWO,0.0038312009898043287,0.06455448064793816,4.7,0.224,0.059348335721243164,"Xu Yuan Packaging Technology Co., Ltd."
1451.TW,0.0023923481244009837,0.04074917355738595,2.91,0.141,0.05870912010109616,"Nien Hsing Textile Co., Ltd."
2610.TW,0.004389014461507587,0.07519037557804584,5.4,0.26,0.05837202471414567,"China Airlines, Ltd."
6201.TW,0.002726398121993531,0.047445547594295555,3.32,0.164,0.05746372969086207,"Ya Horng Electronic Co., Ltd."
8034.TWO,0.00747728355987585,0.13048740882432727,9.35,0.452,0.05730272083142041,"OPNET Technologies Co., Ltd."
4139.TWO,0.006379456574482869,0.11228559222077299,7.93,0.389,0.05681456051761074,Ma Kuang Healthcare Holding Limited
3052.TW,0.0028406417733036395,0.05013638216601509,3.46,0.174,0.05665829185475545,Apex Science & Engineering Corp.
1623.TW,0.005997210884109454,0.10682747692211944,7.44,0.37,0.05613921677174504,"Ta Tun Electric Wire & Cable Co., Ltd."
3024.TW,0.006015108260942636,0.10817907027393267,7.46,0.375,0.05560325343628013,"Action Electronics Co., Ltd."
3003.TW,0.004944096294976252,0.09072917600291615,6.1,0.314,0.05449290418792454,K.S. Terminals Inc.
6754.TW,0.004129579103263338,0.07593448601255909,5.07,0.263,0.054383447101759956,"Rich Honour International Designs Co., Ltd."
6170.TWO,0.0031513167452181775,0.05798384899178197,3.85,0.201,0.0543481814335025,Welldone Company
3141.TWO,0.008750518542040217,0.1615512157918911,11.02,0.56,0.054165600049166825,"Ultra Chip, Inc."
8435.TWO,0.0028032413413738673,0.05220048979453068,3.42,0.181,0.05370143752305515,Zimmite Taiwan Ltd.
8931.TWO,0.004037753793288775,0.07525305155638559,4.95,0.261,0.053655681859802955,Ta-Yuan Cogeneration Company Ltd.
6164.TW,0.004890126353409695,0.09169565639557686,6.03,0.318,0.05332996725944786,Ledtech Electronics Corp.
6243.TW,0.008190177158340943,0.15382082053658028,10.28,0.533,0.053244919184352084,Ene Technology Inc.
6662.TWO,0.002405206438392267,0.04531022174878677,2.92,0.157,0.05308308689653828,"BioLASCO Taiwan Co., Ltd."
2881C.TW,0.0006770425265958947,0.012790030320729192,0.82,0.044,0.05293517760459029,"Fubon Financial Holding Co., Ltd."
2762.TW,0.00376557942925879,0.07128216881115386,4.61,0.247,0.05282638690799167,World Gym Corporation
8069.TWO,0.0077270844535215965,0.14911788906754594,9.68,0.517,0.05181862821315462,E Ink Holdings Inc.
6595.TWO,0.0014995150216931344,0.028972372383691273,1.81,0.1,0.05175672194995052,Julien's International Entertainment Group
3659.TWO,0.006772019868097785,0.13357126349039528,8.44,0.463,0.050699676645528935,Bison Electronics Inc.
4927.TW,0.010485477808832829,0.20770173370880035,13.33,0.719,0.05048334273190786,"Apex International Co., Ltd."
3062.TW,0.006223445111038293,0.12623666644372608,7.73,0.437,0.0492998214097533,CyberTAN Technology Inc.
4538.TWO,0.002284322086047292,0.04665454039960334,2.78,0.162,0.0489624818180979,"WINSON Machinery Co., LTD."
6237.TWO,0.006511475763759293,0.13307662653441232,8.1,0.461,0.048930273732746665,C-Media Electronics Inc.
6494.TWO,0.0063823220092021505,0.1307430139946462,7.93,0.453,0.04881577848177419,"Nyquest Technology Co., Ltd."
8045.TW,0.010173609807572308,0.20876006041366132,12.92,0.723,0.04873350672256532,"TWOWAY Communications, Inc."
8446.TWO,0.0021750844889674797,0.04468396218090646,2.64,0.155,0.04867707299906581,HIM International Music Inc.
4976.TW,0.006683484867020163,0.14004547539763512,8.32,0.485,0.04772367581347097,"Calin Technology Co., Ltd."
6798.TWO,0.005388079171917076,0.11473734250892598,6.66,0.397,0.0469601182500624,"Flight International Co., Ltd."
6546.TWO,0.007443349514755092,0.1593743250433954,9.31,0.552,0.04670356729497283,AMPAK Technology Inc.
7814.TWO,0.0047469859852105264,0.10174886555472815,5.85,0.352,0.04665394507673643,"Horien Biochemical Technology Co., Ltd."
4806.TWO,0.008733082071326335,0.18997156502923604,11.0,0.658,0.045970469685725546,Kuei Tien Cultural & Creative Entertainment
2353.TW,0.0055346674171264125,0.12329208304757927,6.85,0.427,0.044890695982405825,Acer Incorporated
9942.TW,0.0016150546367496128,0.0360467806324447,1.96,0.125,0.04480440717349241,NAK Sealing Technologies Corporation
4744.TWO,0.004330111799184089,0.09689752453739447,5.32,0.336,0.04468753788971174,CVC Technologies Inc.
8255.TWO,0.005447498572283323,0.12224352921503004,6.74,0.423,0.04456267425575557,Actron Technology Corporation
6202.TW,0.005257294956444736,0.11812914805877307,6.49,0.409,0.044504637871671276,Holtek Semiconductor Inc.
6547.TWO,0.007212644092809084,0.16401515441905323,9.01,0.568,0.04397547359789096,Medigen Vaccine Biologics Corporation
2029.TW,0.002251851716398269,0.05257707053578525,2.74,0.182,0.042829539444682506,"Sheng Yu Steel Co., Ltd."
3226.TWO,0.003708209762637581,0.0871979705454741,4.54,0.302,0.042526331053814315,"LFA Co., Ltd."
2506.TW,0.003092667596800688,0.0729285322427463,3.77,0.253,0.04240682626803167,"Pacific Construction Co., Ltd"
1449.TW,0.006621454156092027,0.15633366954283803,8.24,0.542,0.04235462632876815,"Chia Her Industrial Co., Ltd."
3438.TWO,0.004576346771546712,0.10898255351773259,5.63,0.378,0.0419915539123617,"Advanced Analog Technology, Inc."
6869.TW,0.007478248211226923,0.17809157789191585,9.35,0.617,0.041991026750099816,"J&V Energy Technology Co., Ltd."
6561.TWO,0.0037691103189128644,0.09045934291219647,4.62,0.313,0.04166634642229622,Chief Telecom Inc.
1465.TW,0.001096869731422856,0.02645777312653521,1.32,0.092,0.04145737157005008,"Wisher Industrial Co., Ltd."
6505.TW,0.004114256561625783,0.0993781389551195,5.05,0.344,0.041400016189514645,Formosa Petrochemical Corporation
2505.TW,0.0033003665323630407,0.08046874319893246,4.03,0.279,0.04101426716960114,"Kuo Yang Construction Co., Ltd."
6995.TWO,0.006363900064636414,0.15645509844705266,7.91,0.542,0.04067556843978515,"Beast Kingdom Co., Ltd"
5011.TWO,0.00501532698497915,0.12343058777922296,6.19,0.428,0.04063277243684469,OFCO Industrial Corporation
2942.TWO,0.0015055608091164205,0.03709124368064348,1.82,0.128,0.04059073408482433,"Jing-Jan Retail Business Co., Ltd."
4584.TWO,0.0029452228603649403,0.07330268947881818,3.59,0.254,0.04017891950903115,"Jufan Industrial Co., Ltd."
4555.TW,0.005812236128179928,0.14633039515240284,7.2,0.507,0.03971995101992648,"TAIWAN CHELIC Co., Ltd."
1516.TW,0.005617703190666091,0.1415844627565129,6.95,0.49,0.03967739878581893,"Falcon Power Co., Ltd."
4406.TWO,0.001334199616486495,0.03369809523442115,1.61,0.117,0.03959273090081565,"Hsin Sin Textile Co., Ltd."
3588.TW,0.005261553740782872,0.13408453246574176,6.5,0.464,0.0392405719289597,Leadtrend Technology Corporation
1907.TW,0.002543685038880785,0.06572265897122383,3.1,0.228,0.0387033190485266,YFY Inc.
8463.TW,0.002200449641692832,0.05689815926611221,2.67,0.197,0.038673476788613624,"Ruentex Materials Co.,Ltd."
2102.TW,0.002230267914122396,0.057745496887024995,2.71,0.2,0.03862236943749499,Federal Corporation
5201.TWO,0.004585186244343262,0.12215007576315566,5.64,0.423,0.037537318054830876,K WAY Information Corporation
3518.TW,0.0066193239855009646,0.1771422921258323,8.24,0.614,0.03736727071815778,"Paragon Technologies Co., Ltd."
1312.TW,0.0040963721927990675,0.10993003186261098,5.03,0.381,0.037263449517768325,Grand Pacific Petrochemical Corporation
6863.TW,0.005998333411340193,0.1613486090046646,7.44,0.559,0.03717623255845224,"Arizon RFID Technology (Cayman) Co., Ltd."
3666.TWO,0.004075574471373742,0.11021801477490281,5.0,0.382,0.036977389582794146,"Optivision Technology, Inc."
2323.TW,0.0026272472704863383,0.07309953228498409,3.2,0.253,0.03594068509554637,CMC Magnetics Corporation
6188.TWO,0.004884729472269829,0.1369084759681822,6.02,0.474,0.03567879517850341,Quanta Storage Inc.
2072.TW,0.004991732427373074,0.14040982599513932,6.16,0.486,0.035551161693953504,"Century Wind Power Co., Ltd."
4915.TW,0.002532269743891224,0.07137829981362924,3.08,0.247,0.03547674504020202,Primax Electronics Ltd.
2724.TWO,0.0071048933387228685,0.20178102310298568,8.87,0.699,0.035210909477333005,"Architectural Aesthetics Global Development CO.,LTD."
6269.TW,0.004508627853651632,0.12982518952433716,5.55,0.45,0.0347284519296345,"Flexium Interconnect, Inc."
8941.TWO,0.0026518822898378923,0.07672969846472076,3.23,0.266,0.03456135424612923,"Grand Hall Enterprise Co., Ltd."
8038.TWO,0.005236090344459297,0.15189909375455404,6.47,0.526,0.03447084650103329,"Changs Ascending Enterprise Co., Ltd."
1457.TW,0.00209247566482472,0.06190461654076958,2.54,0.214,0.03380160934276433,"Yi Jinn Industrial Co., Ltd."
6244.TWO,0.003979775758897249,0.11960259178727675,4.88,0.414,0.0332749959630943,Motech Industries Inc.
7704.TWO,0.0043481915804975116,0.13238498153700143,5.34,0.459,0.03284505183302985,"Finesse Technology Co., Ltd"
4580.TWO,0.0013277490174304443,0.040492138945449827,1.6,0.14,0.03279029095546571,"Value Valves Co., Ltd."
6279.TWO,0.0025055738172884996,0.07724457617046528,3.05,0.268,0.03243688996052145,Hu Lane Associate Inc.
4117.TWO,0.010400984183654233,0.3207235378544206,13.22,1.111,0.03242975009952446,General Biologicals Corporation
1468.TW,0.002215764275531912,0.06951208757107959,2.69,0.241,0.031875956440902194,Chang-Ho Fibre Corporation
4714.TWO,0.00481122391633476,0.15150682484731084,5.93,0.525,0.031755823021065416,"U-Best Innovative Technology Co., Ltd."
1806.TW,0.0026256121999893895,0.0844225358249839,3.2,0.292,0.03110084498566281,"Champion Building Materials Co.,Ltd."
6634.TWO,0.004788835712705107,0.15922789117805683,5.9,0.552,0.03007535725854702,Sinew Pharma Inc.
1781.TWO,0.003289074784281682,0.11007977850854522,4.02,0.381,0.029879009831277586,"Health & Life Co., Ltd."
6843.TWO,0.00244087783975461,0.0822061354431532,2.97,0.285,0.029692161376963337,"JDV Control Valves Co., Ltd."
2405.TW,0.0025179874008432954,0.08625024086088297,3.06,0.299,0.029193975294569605,Shuttle Inc.
1442.TW,0.0031017763820442995,0.10629748482416979,3.79,0.368,0.029180148403088288,"Advancetek Enterprise Co.,Ltd."
5488.TWO,0.0026365012389118463,0.09450893741448081,3.21,0.327,0.027896845642747407,"Sunf Pu Technology Co., Ltd."
3169.TWO,0.0023273555934354476,0.08479509439868815,2.83,0.294,0.027446818827663852,ASIX Electronics Corporation
6878.TWO,0.0045891232917193575,0.16900567291925378,5.65,0.585,0.02715366420813527,"O'Pay Electronic Payment Co., Ltd."
2528.TW,0.0026282255937097342,0.09684261023096982,3.2,0.335,0.027139144509234218,Crowell Development Corp.
1515.TW,0.0038043750384015845,0.14415785533340553,4.66,0.499,0.026390341543323453,"Rexon Industrial Corp.,Ltd"
1264.TWO,0.000706955049647838,0.02753300297995041,0.85,0.095,0.02567664159854427,Tehmag Foods Corporation
6130.TWO,0.003791706753050884,0.14813110609158625,4.65,0.513,0.02559696510135119,"Shangya Technology Co., Ltd."
4104.TW,0.0006646458679969443,0.02600129701903162,0.8,0.09,0.025562027444648534,"Excelsior Medical Co., Ltd."
6928.TW,0.004365114717434706,0.17318054366368182,5.37,0.6,0.025205572318284197,"Ubiqconn Technology, Inc."
4755.TW,0.0021856206346741237,0.08775122355664378,2.65,0.304,0.02490701036508393,"San Fu Chemical Co., Ltd."
2401.TW,0.0030541474398968105,0.1230904736537352,3.73,0.426,0.0248122161629535,Sunplus Technology Company Limited
5222.TW,0.0020046449129697426,0.08144291909742515,2.43,0.282,0.024614109307301586,"Transcom, Inc."
1603.TW,0.0016957449975606269,0.07291990194343202,2.05,0.253,0.02325489958661916,"China Wire & Cable Co., Ltd."
2387.TW,0.0016540009686724691,0.07162630749272288,2.0,0.248,0.02309208762214237,Sunrex Technology Corporation
7786.TW,0.003341184494023958,0.14550853961360538,4.08,0.504,0.022962119631578997,"Dong Fang Offshore Co., Ltd."
3014.TW,0.001651385901366657,0.07231040506721868,2.0,0.25,0.02283745886683325,ITE Tech. Inc
6222.TWO,0.0023587448969662264,0.10407145546532064,2.87,0.361,0.022664667140666853,"Li Hsuan Development & Construction Co., Ltd."
6101.TWO,0.0016912746360776439,0.07731903114896925,2.05,0.268,0.02187397605667218,"Kwan's International Co., Ltd."
9904.TW,0.0012122586265930011,0.055460131216969584,1.46,0.192,0.02185819975525187,Pou Chen Corporation
7789.TWO,0.0020797377296423356,0.0972624565648385,2.52,0.337,0.021382739065981853,Casual Restaurants Inc.
1795.TW,0.0026378260461897363,0.12636907158186306,3.21,0.438,0.020873984537276024,"Lotus Pharmaceutical Co., Ltd."
8404.TW,0.0023083648231969323,0.1106655801443995,2.81,0.383,0.02085892307422881,Paiho Shih Holdings Corporation
3548.TWO,0.003623027999391959,0.17539225730886515,4.44,0.608,0.020656715723840757,"Jarllytec Co. , Ltd."
3041.TW,0.0030848886258021757,0.15041839034588475,3.77,0.521,0.020508719836108618,ALi Corporation
6590.TWO,0.000952213163492028,0.04663389078396792,1.15,0.162,0.020418908812545093,"Provision Information Co.,Ltd."
5381.TWO,0.0027109686803076286,0.13393602361088086,3.3,0.464,0.0202407732230703,Spectrum Electrics Corporation
5355.TWO,0.002641801096354648,0.13900835854339566,3.22,0.482,0.019004620470573573,"Gia Tzoong Enterprise Co.,Ltd"
2910.TW,0.001001170630582245,0.053595826194441164,1.21,0.186,0.01868001114396636,"Tonlin Department Store Co.,Ltd."
2924.TWO,0.002537809963455087,0.14012365388581613,3.09,0.485,0.01811121743601616,Cayman Island Grand Galactica Corp Limited
6873.TW,0.002530071594782884,0.14048970482734324,3.08,0.487,0.018008946619200675,"HD Renewable Energy Co., Ltd."
5202.TWO,0.0021331853894152072,0.12285345589263125,2.59,0.426,0.017363657977025257,NewSoft Technology Corporation
6472.TW,0.0019435259089192617,0.11367435024530445,2.36,0.394,0.017097312671901926,"Bora Pharmaceuticals Co., Ltd."
8489.TWO,0.0017007331775436836,0.10369419701275316,2.06,0.359,0.016401430615587038,"Samebest Co., LTD."
1583.TW,0.0013120400883118828,0.08024468376741864,1.59,0.278,0.016350492353047367,Goodway Machine Corp.
6411.TWO,0.0021464637681710918,0.13136248719042157,2.61,0.455,0.016340005537955463,Amazing Microelectronic Corp.
7732.TW,0.001190296294924507,0.07576211565510924,1.44,0.262,0.015710969587268066,"King Shing Industrial Co, LTD."
1525.TW,0.0007689869078753228,0.04939507611107581,0.93,0.171,0.015568088328198641,Kian Shen Corporation
4109.TWO,0.0015270263604440506,0.10229215515303898,1.85,0.354,0.01492808865117243,"Jia Jie Biomedical Co., Ltd."
6902.TW,0.0020999778978984984,0.14080317941885284,2.55,0.488,0.014914278971298016,"Gogolook Co., Ltd."
3701.TW,0.0024678574021520174,0.17240924929041135,3.0,0.597,0.014313950163979218,"FIC Global, Inc."
6957.TW,0.0013306107264235353,0.09421150732310375,1.61,0.326,0.014123653938155662,"Horizon Fixture Group Co., Ltd."
6154.TWO,0.000467043128948585,0.03421051261853374,0.56,0.119,0.013652035389132455,"Sunfar Computer Co., Ltd"
9103.TW,0.0017195407256566226,0.1268921103553274,2.08,0.44,0.01355120283555462,Medtecs International Corporation Limited
2425.TW,0.0014192120191883705,0.11063341825559424,1.72,0.383,0.012828059021999958,Chaintech Technology Corporation
3122.TWO,0.001855575618503143,0.15919204426120923,2.25,0.551,0.011656208242784004,"Megawin Technology Co., Ltd."
5299.TWO,0.00106820924262865,0.0951526644848432,1.29,0.33,0.011226267266523095,Excelliance MOS Corporation
8176.TWO,0.0011607954132715097,0.10536421481346085,1.4,0.365,0.011016979676891322,"Z-Com, Inc."
1108.TW,0.0004826957179809883,0.04492219871733977,0.58,0.156,0.01074514898565439,Lucky Cement Co.
2427.TW,0.0007562958207545728,0.07273540729630755,0.91,0.252,0.0103979045263828,Mercuries Data Systems Ltd.
3018.TW,0.001410267622945898,0.14486646564856895,1.71,0.502,0.009734948779430163,"Lung Ming Green Energy Technology Engineering Co., Ltd."
6153.TW,0.001056510950412169,0.11256158138156988,1.28,0.39,0.009386070606370811,"Career Technology (Mfg.) Co., Ltd."
3046.TW,0.0007800861257319591,0.08443471741745927,0.94,0.292,0.009238926233093003,AOPEN Incorporated
3704.TW,0.0008947689820368746,0.09934730440737215,1.08,0.344,0.00900647468368027,Zyxel Group Corporation
3051.TW,0.0010741979112663085,0.11948695903161945,1.3,0.414,0.008990084942927095,Optimax Technology Corporation
3530.TW,0.0010773865846427715,0.11987985853360988,1.3,0.415,0.008987219352955043,"Silicon Optronics, Inc."
9926.TW,0.00014070225608163445,0.017575049078758714,0.17,0.061,0.008005795912780002,Shin Hai Gas Corporation
4106.TW,0.0002906360301144648,0.038501523572990394,0.35,0.133,0.007548689068459407,Wellell Inc.
1447.TW,0.0006143705871227428,0.08440878760091962,0.74,0.292,0.0072785145313004045,"Li Peng Enterprise Co., Ltd."
2208.TW,0.0006991890597832051,0.09820579258290942,0.84,0.34,0.007119631555266158,CSBC Corporation
8163.TW,0.0008598532916955516,0.12119949175477088,1.04,0.42,0.007094528856897656,Darfon Electronics Corp.
6409.TW,0.0010554507020751106,0.15421206364558615,1.27,0.534,0.006844151340201067,Voltronic Power Technology Corp.
1777.TWO,0.0002899578557618602,0.042793221316607774,0.35,0.148,0.00677578940871482,"SYN-TECH Chem. & Pharm. Co., Ltd."
8048.TWO,0.0007655975189735745,0.11449327600903071,0.92,0.397,0.006686833896806199,Ruby Tech Corporation
6803.TWO,0.00013239565429693938,0.02199075229661644,0.16,0.076,0.0060205150106351826,ECOVE Environment Corp.
8443.TW,0.00014320714275896265,0.02416860009875909,0.17,0.084,0.005925338752504555,"SHUI-MU International Co., Ltd."
3257.TW,0.0007999106475660867,0.13614085642847434,0.96,0.472,0.005875610515101641,Champion Microelectronic Corporation
7880.TWO,0.0010550275333282967,0.17967810124531153,1.27,0.622,0.005871764705972071,Santa Phoenix Technology Co. Ltd.
6835.TW,0.000523131635110068,0.0901411627354582,0.63,0.312,0.005803471125010098,"Complex Micro Interconnection Co.,Ltd."
4439.TW,0.0004850093658960507,0.08532611131583857,0.58,0.296,0.005684184576287158,TST Group Holding Ltd.
3191.TWO,0.000944671752932794,0.17739086515781013,1.14,0.614,0.00532536865465083,"Yjn Co.,Ltd."
3268.TWO,0.0005680682956559808,0.10800816926914049,0.68,0.374,0.005259493791070915,"Higher Way Electronic Co., Ltd."
6719.TW,0.0006248347648590498,0.12620816514634745,0.75,0.437,0.004950826787906384,uPI Semiconductor Corp.
1234.TW,0.00011253912956140565,0.022848487338692713,0.14,0.079,0.004925452083246953,Hey Song Corporation
1301.TW,0.0004740762883269245,0.09993887236000464,0.57,0.346,0.004743662572249004,Formosa Plastics Corporation
6492.TWO,0.0005774190438029625,0.12444290864952882,0.7,0.431,0.00464003172273287,"Senhwa Biosciences, Inc."
6620.TWO,0.0008032806725980377,0.1735451050567622,0.97,0.601,0.004628656465622035,"Handa Pharmaceuticals, Inc."
3669.TW,0.0003906457463321336,0.08473913314201119,0.47,0.294,0.004609980440529935,AVer Information Inc.
3629.TWO,0.0007514722746618257,0.18159751258280338,0.91,0.629,0.004138119867248597,"Gravity Co., Ltd."
1438.TW,0.0005084299393673949,0.12387756726152024,0.61,0.429,0.004104293865361749,"SanDi Properties Co.,Ltd."
6483.TWO,0.0005992395901759028,0.14701189049312846,0.72,0.509,0.004076130088293179,"Original BioMedicals Co., Ltd."
6266.TWO,0.00014060118016945527,0.0353441564596887,0.17,0.122,0.003978060144958221,Top Union Electronics Corp.
6762.TWO,0.00025855723208067756,0.07269957360692876,0.31,0.252,0.0035565164863090104,Delta Asia International Corporation
8201.TW,0.00046359867177420935,0.14699376902533368,0.56,0.509,0.0031538661458113256,"Inventec Besta Co.,Ltd"
1904.TW,0.00019266067758013492,0.06600894192491795,0.23,0.229,0.002918705738372194,Cheng Loong Corporation
3373.TWO,0.00031726732677714916,0.11442587207490394,0.38,0.396,0.0027726887374689515,Radiant Innovation Inc.
3522.TWO,0.00033727258460261323,0.13324590952191234,0.41,0.462,0.0025312040408050846,"Toplus Global Co., Ltd."
6485.TWO,0.000372896007538973,0.173602555746279,0.45,0.601,0.002147986853856935,"ASolid Technology Co., Ltd."
4582.TW,0.0002325960637124599,0.11627800888696666,0.28,0.403,0.0020003443982134707,"Hengs Technology Co., Ltd."
8067.TWO,0.00015105873211611253,0.08575535451027606,0.18,0.297,0.0017615078729341753,"Gish International Co., Ltd"
6572.TWO,0.00017521845049828393,0.21207359278193955,0.21,0.735,0.0008262153161070309,"PlexBio Co., Ltd."
2115.TW,2.215902565544698e-05,0.038820205513332304,0.03,0.134,0.0005708116523967589,Luhai Holding Corp.
5013.TWO,2.233035789079693e-05,0.0525869113877792,0.03,0.182,0.00042463718255159467,"New Best Wire Industrial Co.,Ltd"
1313.TW,3.547375177523428e-05,0.10011936631914975,0.04,0.347,0.00035431458547345243,UPC Technology Corporation
2066.TWO,4.058980818849589e-06,0.145234582765806,0.0,0.503,2.794775694295061e-05,"Sumeeko Industries Co., Ltd."
2646.TW,-4.085478959555312e-05,0.0723148809186127,-0.05,0.251,-0.0005649568813026663,"STARLUX Airlines Co., Ltd."
6833.TWO,-0.00016841147211361395,0.11672575246292505,-0.2,0.404,-0.001442796200153908,T-Conn Precision Corporation
9908.TW,-1.599642437324482e-05,0.010886476047783294,-0.02,0.038,-0.0014693849784845681,The Great Taipei Gas Corporation
1710.TW,-0.000145115340479702,0.09093219882206617,-0.17,0.315,-0.0015958630975553558,Oriental Union Chemical Corporation
3630.TWO,-0.00028318179237809117,0.15531327260761557,-0.34,0.538,-0.0018232942209229178,"Newmax Technology Co., Ltd."
3321.TW,-0.0003068516485054914,0.15847722188153934,-0.37,0.549,-0.001936250805398778,Uniflex Technology Inc.
5014.TWO,-0.00019311070787054107,0.08461757266880746,-0.23,0.293,-0.002282158442743033,"Chain Chon Industrial Co., Ltd."
3501.TW,-0.00017766926066941456,0.06411306767650186,-0.21,0.222,-0.0027711863916087777,"Well Shin Technology Co., Ltd."
4737.TW,-0.00029672150148555854,0.0860181374958505,-0.36,0.298,-0.0034495225091321275,Bionime Corporation
5706.TW,-0.0002484691676533135,0.057836176571352205,-0.3,0.2,-0.004296085640218252,"Phoenix Tours International, Inc."
3593.TW,-0.0007974825553216024,0.17432085763567085,-0.95,0.604,-0.0045747971076893984,"Logah Technology Co., Ltd."
9931.TW,-0.00010793719791821244,0.022880205005222906,-0.13,0.079,-0.004717492605226807,"Hsin Kao Gas Co.,Ltd."
2614.TW,-0.0003757567834531539,0.07132836522402455,-0.45,0.247,-0.005267985355797737,Eastern Media International Corporation
1473.TW,-0.0005374418014419277,0.09531468168595891,-0.64,0.33,-0.0056386045878291996,"Tainan Enterprises Co., Ltd."
2340.TW,-0.0008317861795125725,0.14170668775065848,-0.99,0.491,-0.005869773633945568,Taiwan-Asia Semiconductor Corporation
2206.TW,-0.0003717874463255529,0.05836774214956174,-0.45,0.202,-0.006369741789443958,"Sanyang Motor Co., Ltd."
3152.TWO,-0.0008478927400625304,0.12678396396198927,-1.01,0.439,-0.006687697036485897,Advanced Ceramic X Corporation
2108.TW,-0.00039473565727007334,0.057974424018688825,-0.47,0.201,-0.006808789633560224,"NANTEX Industry Co., Ltd."
9945.TW,-0.0005702677794700143,0.07918668675829166,-0.68,0.274,-0.0072015613080351724,"Ruentex Development Co.,Ltd."
6874.TWO,-0.0006520164074321627,0.08282215110465271,-0.78,0.287,-0.007872488201958018,"M-POWER INFORMATION Co., LTD."
4188.TWO,-0.001150339573106082,0.14440222648473364,-1.37,0.5,-0.007966217703905674,AmCad BioMed Corporation
6412.TW,-0.0009384469168577886,0.11218400238613134,-1.12,0.389,-0.008365247244680258,"Chicony Power Technology Co., Ltd."
1314.TW,-0.0006988899038116007,0.08226372110574662,-0.84,0.285,-0.008495724414328481,China Petrochemical Development Corporation
2704.TW,-0.0006315806310085764,0.07355481403572012,-0.76,0.255,-0.008586530185527552,"The Ambassador Hotel,Ltd."
1808.TW,-0.0008406311137455919,0.09786220470985257,-1.0,0.339,-0.008589946611543678,"Run Long Construction Co., Ltd."
3646.TWO,-0.0002936229923296838,0.032814237318256494,-0.35,0.114,-0.008948036472154239,"ANT Precision Industry Co., Ltd"
4161.TWO,-0.0005676038907255488,0.06023772901191346,-0.68,0.209,-0.009422730571620512,Bioptik Technology Incorporation
6146.TWO,-0.0006900962295882724,0.07240991785548377,-0.82,0.251,-0.009530410336406836,Sporton International Inc.
6906.TW,-0.001688994944642757,0.17657642019054723,-2.01,0.612,-0.00956523494371518,Groundhog Inc.
6638.TWO,-0.0013168824246293021,0.12917457124221146,-1.57,0.447,-0.010194594895616525,"Goldtek Technology Co., Ltd."
3311.TW,-0.0008636652649255008,0.08251861365198591,-1.03,0.286,-0.010466308469116115,Silitech Technology Corporation
2536.TW,-0.0007843576596247554,0.07361231761129503,-0.94,0.255,-0.010655250168409371,"Hong Pu Real Estate Development Co., Ltd."
3224.TWO,-0.0011814508942387563,0.11033010099594492,-1.41,0.382,-0.01070832785952203,MetaTech (AP) Inc.
4431.TWO,-0.0010968900532180423,0.10192362445638556,-1.31,0.353,-0.010761882331680775,"Mytrex Health Technologies, Inc."
6911.TWO,-0.0006548755064134359,0.06017486289624336,-0.78,0.208,-0.010882874923082191,Chyunn Environment Corporation
1256.TW,-0.0013938688895205203,0.125016395262016,-1.66,0.433,-0.011149488725852124,"Sunjuice Holdings Co., Limited"
910861.TW,-0.0013174718992000566,0.11076897062438593,-1.57,0.384,-0.01189387146755712,Digital China Holdings Limited
3310.TWO,-0.0010370763158530183,0.08082959806951188,-1.24,0.28,-0.012830402978883463,"Chialin Precision Industrial Co., Ltd."
7443.TWO,-0.000655242180209471,0.05100421707592297,-0.78,0.177,-0.012846823611351628,Fluxtek International Corp.
4544.TWO,-0.0007182175199708719,0.05539474471529433,-0.86,0.192,-0.012965445073575256,"Chun Zu Machinery Industry Co., Ltd."
2034.TW,-0.0010897694535758602,0.08397860611348792,-1.3,0.291,-0.0129767509132404,"YC Inox Co.,Ltd"
2207.TW,-0.0010776336336943769,0.07625837834126897,-1.29,0.264,-0.01413134736319446,"Hotai Motor Co.,Ltd."
3092.TW,-0.0022397185178546827,0.15384426429097414,-2.65,0.533,-0.014558349173282012,"Hotron Precision Electronic Industrial Co.,Ltd."
3712.TW,-0.0019482700712558508,0.13327478516726798,-2.31,0.462,-0.014618444657859723,"FIT Holding Co., Ltd."
6742.TW,-0.0022143626699035472,0.14492390560797838,-2.63,0.502,-0.015279485193377521,Vactronics technologies inc.
3178.TWO,-0.0019154141536553183,0.12376945036334538,-2.27,0.429,-0.015475661789175827,"Gongin Precision Ind. Co., Ltd"
2321.TW,-0.0014867546707466022,0.0899423180959566,-1.77,0.312,-0.01653009064276541,"Tecom Co., Ltd."
5543.TWO,-0.0021264649624512712,0.12563722381181958,-2.52,0.435,-0.016925437365890122,Buima Group Inc.
2743.TWO,-0.0019919611184515368,0.11696737617840582,-2.36,0.405,-0.017030057299167553,"Richmond International Travel & Tours Co.,Ltd"
2114.TW,-0.0005142113826321406,0.030078471725035978,-0.62,0.104,-0.017095661885112797,"Hsin Yung Chien Co., Ltd."
4968.TW,-0.0025834616731960293,0.14878645918796302,-3.06,0.515,-0.017363553694979213,RichWave Technology Corporation
6862.TW,-0.003116267855397416,0.1764681724826314,-3.68,0.611,-0.01765909292058957,"Trio Technology International Group Co., Ltd."
3085.TWO,-0.0026779154230574505,0.15117477589420544,-3.17,0.524,-0.01771403600380727,"Newretail Co., Ltd"
6973.TWO,-0.0018527780031229613,0.10054100361823702,-2.2,0.348,-0.01842808343308489,U-Neuron Biomedical Inc
1435.TW,-0.0042906137824060145,0.2310648775661513,-5.03,0.8,-0.018568870473088927,Chung Fu Tex-International Corporation
3687.TWO,-0.0017811082677076779,0.09580761646824727,-2.12,0.332,-0.018590466325795463,"MacroWell OMG Digital Entertainment Co., Ltd."
2633.TW,-0.00044952619836154264,0.024064154872078896,-0.54,0.083,-0.018680323524809004,Taiwan High Speed Rail Corporation
6733.TWO,-0.002357786540619168,0.1226069670485018,-2.79,0.425,-0.01923044503406121,"BioGend Therapeutics Co., Ltd."
3071.TWO,-0.002419098477389258,0.1247305433119358,-2.86,0.432,-0.019394595847621616,Adda Corporation
5211.TWO,-0.001932982864111209,0.09908786863579071,-2.3,0.343,-0.019507765084907803,Penpower Technology LTD.
4559.TWO,-0.0016396020939205055,0.08394702904302413,-1.95,0.291,-0.019531389170189505,"Joy Industrial Co., Ltd."
9944.TW,-0.0008384545524032198,0.04277326650439769,-1.0,0.148,-0.019602303516310007,"Shinih Enterprise Co., Ltd."
2105.TW,-0.0017114331858340001,0.08352931297364388,-2.03,0.289,-0.0204890130770501,"Cheng Shin Rubber Ind. Co., Ltd."
2906.TW,-0.0012069353050722256,0.05667257383153145,-1.44,0.196,-0.021296638276215217,"Collins Co., Ltd."
2231.TW,-0.0028817831593547045,0.13444920912858127,-3.4,0.466,-0.02143399115571364,Cub Elecparts Inc.
7885.TWO,-0.004286477004522424,0.19385584022985874,-5.02,0.672,-0.022111673290006958,Honlynn Co. Ltd
3206.TWO,-0.0016338493489174543,0.07371704513021152,-1.94,0.255,-0.022163793272390032,Kingstate Electronics Corp.
1293.TWO,-0.0009529311810595254,0.04286013885961789,-1.14,0.148,-0.022233506619768823,"Lytone Enterprise, Inc."
6737.TWO,-0.0025039915147992125,0.11175067457454843,-2.96,0.387,-0.022406947647808692,"Solid Year Co., Ltd."
3050.TW,-0.001987996114916708,0.08272943081979825,-2.36,0.287,-0.024030095399144875,U-Tech Media Corporation
6184.TW,-0.0004428128512160499,0.01793240061733686,-0.53,0.062,-0.024693450735644565,Dafeng TV Ltd.
4770.TW,-0.0023288277963810036,0.09298797916584654,-2.76,0.322,-0.025044396246395213,Allied Supreme Corp.
6923.TW,-0.002417788172452713,0.09451366817768132,-2.86,0.327,-0.025581360019879696,CHUNGTAI RESOURCE Technology CORP.
2461.TW,-0.001711152286307687,0.06677976819617246,-2.03,0.231,-0.025623812908140094,K Laser Technology Inc.
1522.TW,-0.0028403049110039087,0.10994523402467557,-3.36,0.381,-0.025833815682873934,"TYC Brother Industrial Co., Ltd."
1418.TW,-0.002896124580895236,0.10991894450604468,-3.42,0.381,-0.02634782014974654,TongHwa Corporation
6931.TW,-0.003150890079760208,0.11717697386013397,-3.72,0.406,-0.02689001069033586,"Qing Song Health Co.,Ltd."
6617.TWO,-0.003953293102041285,0.14393772787289474,-4.64,0.499,-0.02746530156104916,"Gongwin Biopharm Holdings Co., Ltd."
3207.TWO,-0.004676333826215151,0.16783352359408243,-5.47,0.581,-0.02786293063551001,"Yao Sheng Electronic Co., Ltd."
2014.TW,-0.0028874680789322655,0.10251483300498179,-3.41,0.355,-0.028166344267389544,Chung Hung Steel Corporation
8916.TWO,-0.0009195379727928725,0.03226751918733649,-1.1,0.112,-0.028497324738672464,"Kwong Lung Enterprise Co., Ltd."
6142.TW,-0.002014875663344784,0.06932964822329547,-2.39,0.24,-0.029062251359697002,"Cameo Communications, Inc."
4401.TWO,-0.002458516887899491,0.08272281475379022,-2.91,0.287,-0.029719937543431402,"Toung Loong Textile Mfg.Co.,Ltd."
6150.TWO,-0.0030176631068968723,0.10151265505266657,-3.56,0.352,-0.029726964636391934,TUL Corporation
5245.TWO,-0.004813282657574419,0.16172260055008,-5.63,0.56,-0.029762585075942483,WiseChip Semiconductor Inc.
5344.TWO,-0.0031716395634949746,0.10456622725580204,-3.74,0.362,-0.030331395200250858,"Vate Technology Co., Ltd."
3611.TWO,-0.0016536215019501122,0.05445093691151433,-1.97,0.189,-0.030369018344667518,"TSC Auto ID Technology Co., Ltd."
6120.TW,-0.002329696736613721,0.07597958136727097,-2.76,0.263,-0.03066214231100335,Darwin Precisions Corporation
8345.TWO,-0.002244471007861639,0.07211113774597398,-2.66,0.25,-0.031125164267526057,"Super Qin Enterprise Co., Ltd."
6112.TW,-0.002682089360205598,0.08580733741485733,-3.17,0.297,-0.03125710971823257,Metaage Corporation
6555.TWO,-0.0046677714583327505,0.14719991510393055,-5.46,0.51,-0.03171042221754727,"Long Time Technology Co., Ltd."
6692.TWO,-0.003428773737208689,0.10788638197677998,-4.04,0.374,-0.031781339538725584,"Acmepoint Energy Services Co.,LTD"
7821.TW,-0.005384540700907332,0.16582057317035537,-6.27,0.574,-0.03247209075423673,MiTAC Digital Technology Corporation
5450.TWO,-0.0019080406453960523,0.05858211817271516,-2.27,0.203,-0.03257035943580356,Nam Liong Global Corporation
6542.TWO,-0.002600646379791133,0.07958615959955943,-3.08,0.276,-0.032677118645708964,"Gamesparcs Co.,Ltd."
6527.TWO,-0.0013389945786483365,0.04085056166506094,-1.6,0.142,-0.03277787438094308,Crystalvue Medical Corporation
1474.TW,-0.0014013448760110232,0.04234654330708305,-1.67,0.147,-0.03309230852324678,"Honmyue Enterprise Co., Ltd."
6283.TW,-0.004515353770440064,0.1360158962657798,-5.29,0.471,-0.03319725042738317,"Shun On Electronic Co., Ltd."
5353.TWO,-0.0027826273554720157,0.08224712457197346,-3.29,0.285,-0.0338325184005305,"Tailyn Technologies, Inc."
2723.TW,-0.002536147251645333,0.07465059106359476,-3.0,0.259,-0.03397357228537939,Gourmet Master Co. Ltd.
3483.TWO,-0.0038989263950189256,0.11360957649927655,-4.58,0.394,-0.034318642100067624,"Forcecon Technology Co., Ltd."
1527.TW,-0.0016684576401117001,0.047283368066820944,-1.98,0.164,-0.03528635349651558,Basso Industry Corp.
3703.TW,-0.002582519773824527,0.07315453347575708,-3.06,0.253,-0.035302251974313484,Continental Holdings Corporation
7860.TWO,-0.004174834123408999,0.11807361824629341,-4.9,0.409,-0.03535789099560398,"TEH SENG Pharmaceutical Mfg. Co., Ltd."
4430.TWO,-0.001958033454489302,0.055143199118672194,-2.32,0.191,-0.0355081584997539,"Yao I Fabric Co., Ltd."
8436.TWO,-0.0031877067924168012,0.08937473476204257,-3.76,0.31,-0.03566675527378035,"TCI Co., Ltd."
1786.TW,-0.004811873076259559,0.13421825764862189,-5.62,0.465,-0.03585110670157001,SciVision Biotech Inc.
6473.TWO,-0.004710413687756682,0.1284636467404799,-5.51,0.445,-0.036667289208071295,"meimaii Technology Co., Ltd"
7776.TWO,-0.006921937769691197,0.18410267416590426,-8.0,0.638,-0.037598246744930425,Anya Biopharm Inc.
4197.TWO,-0.003931342494432717,0.10360182400216435,-4.62,0.359,-0.037946653278523236,Visgeneer Inc.
4148.TW,-0.0031252994682375787,0.08047663515312627,-3.69,0.279,-0.03883486756486452,All Cosmos Bio-Tech Holding Corporation
1905.TW,-0.005458466043034489,0.13956649166268842,-6.36,0.483,-0.0391101472710713,Chung Hwa Pulp Corporation
7907.TWO,-0.006873812145772054,0.17218440613154115,-7.94,0.596,-0.0399212234150912,"Laien Parts Technology Co., Ltd."
9924.TW,-0.0019120429266943197,0.04763320881145647,-2.27,0.165,-0.04014096413833128,"Taiwan Fu Hsing Industrial Co.,Ltd."
1110.TW,-0.0020967009078750676,0.051622495274203914,-2.49,0.179,-0.04061603176557028,"Southeast Cement Co., Ltd."
3603.TWO,-0.00424298883858018,0.10323829498395623,-4.97,0.358,-0.041098982109686745,UC&GN International Corp.
8084.TWO,-0.005246913460615109,0.12524596825811288,-6.12,0.434,-0.041892873148635164,"Chip Hope Co., Ltd"
1604.TW,-0.0008438756639848341,0.020002951869171535,-1.01,0.069,-0.04218755659185541,Sampo Corporation
4147.TWO,-0.00457292097274932,0.107945275087311,-5.35,0.374,-0.04236332687142198,TaiMed Biologics Inc.
6771.TW,-0.0026368778169919734,0.06178346359379014,-3.12,0.214,-0.04267934595458656,"Ping Ho Environmental Technology Co., Ltd."
7716.TWO,-0.0025172312123707785,0.05852338164224431,-2.98,0.203,-0.04301240191072194,ITI International Transportation Inc.
6203.TWO,-0.0040109652103680685,0.09321026855600531,-4.71,0.323,-0.04303136631301607,"Sea Sonic Electronics Co., Ltd."
2380.TW,-0.0062587742909800724,0.1453926852973576,-7.26,0.504,-0.043047380809974084,Avision Inc.
5240.TWO,-0.0066585777021510376,0.15458847220991884,-7.7,0.536,-0.04307292521210262,ACTi Corporation
8411.TW,-0.0014135365114658766,0.032699167901223264,-1.68,0.113,-0.04322851626487403,Kingcan Holdings Limited
4162.TWO,-0.0037979625400547264,0.08735479929896343,-4.46,0.303,-0.043477434216940544,"PharmaEngine, Inc."
2038.TW,-0.004045419988005464,0.09296115829967248,-4.75,0.322,-0.04351731477962572,Hai Kwang Enterprise Corporation
6968.TWO,-0.0036746910178142712,0.08350344935736052,-4.32,0.289,-0.04400645777024253,Wonder Pets Enterprises Corporation
6892.TWO,-0.003252192559252538,0.07367082281491119,-3.83,0.255,-0.0441449197251844,"Taiwan Bio Therapeutics Co., Ltd"
6185.TWO,-0.002742688802858969,0.06202052203300378,-3.24,0.215,-0.044222278577395184,"Plastron Precision Co., Ltd."
7715.TWO,-0.004500059456280403,0.10077381357224237,-5.27,0.349,-0.044655047742679865,"Yuh Shan Environmental Engineering Co., Ltd."
1336.TWO,-0.0031643527017141578,0.07057166142179239,-3.73,0.244,-0.04483885794896437,"Taihan Precision Technology Co., Ltd."
1723.TW,-0.002777758954670429,0.06185958643408584,-3.28,0.214,-0.04490426003138989,China Steel Chemical Corporation
8215.TW,-0.003544768432772136,0.07855759712971165,-4.17,0.272,-0.0451231779266254,BenQ Materials Corporation
8349.TWO,-0.0026967278154492306,0.05972228514405365,-3.19,0.207,-0.04515446468507635,QST International Corp.
1339.TW,-0.0029425588421059545,0.06499945919763951,-3.47,0.225,-0.045270512684708844,"Y.C.C. Parts Mfg. Co., Ltd."
3499.TWO,-0.005149870816440224,0.11015018620594191,-6.01,0.382,-0.046753173951170506,GlobalSat WorldCom Corporation
1304.TW,-0.005831367892269746,0.12354691063327747,-6.78,0.428,-0.047199625327572235,USI Corporation
6533.TW,-0.005703639843663404,0.12061175595663828,-6.63,0.418,-0.047289253012069134,Andes Technology Corporation
8213.TW,-0.0034823311920151472,0.0735788618093507,-4.1,0.255,-0.04732787524001354,"Taiwan Printed Circuit Board Techvest Co.,Ltd."
2432.TW,-0.0033492175885779375,0.07055687599383724,-3.95,0.244,-0.04746833730096658,Acer Gadget Inc.
2007.TW,-0.004678864722148195,0.09848007728619687,-5.47,0.341,-0.04751077427113263,"Yieh Hsing Enterprise Co., Ltd."
3540.TWO,-0.00549727182844881,0.11550282612706227,-6.4,0.4,-0.047594262519614676,"Thermaltake Technology Co., Ltd."
2419.TW,-0.0043434986651894065,0.09117923897096981,-5.09,0.316,-0.047636926061340734,Hitron Technologies Inc.
6109.TWO,-0.003591529101803291,0.07538961729118497,-4.23,0.261,-0.04763957201071022,Atech OEM Inc.
6868.TWO,-0.005242575826702881,0.1089637910602138,-6.11,0.377,-0.04811300869484078,Iscom Online International Information Inc.
8433.TWO,-0.0030386839828457535,0.06188154641081029,-3.59,0.214,-0.04910484884577668,"Bon Fame Co., Ltd."
2601.TW,-0.00358803574100158,0.07256009240343159,-4.22,0.251,-0.04944916168314983,"First Steamship Co., Ltd."
2388.TW,-0.006611329617786127,0.13307858332754113,-7.65,0.461,-0.04967989177878396,"VIA Technologies, Inc."
3380.TW,-0.003874350891903813,0.07796970911930945,-4.55,0.27,-0.04969046230473005,Alpha Networks Inc.
2331.TW,-0.005136238187865123,0.1033624562220307,-5.99,0.358,-0.049691526068537675,"Elitegroup Computer Systems Co.,Ltd."
8044.TWO,-0.007045012780906875,0.1412884370010313,-8.13,0.489,-0.04986262804262922,PChome Online Inc.
3716.TW,-0.0021276120374612586,0.04183777238380307,-2.52,0.145,-0.05085385564851285,Cenra Inc.
3035.TW,-0.006685367572443679,0.12853182066699928,-7.73,0.445,-0.052013326643556644,Faraday Technology Corporation
5009.TWO,-0.002989196491881191,0.05693542732532579,-3.53,0.197,-0.052501520271396096,Gloria Material Technology Corp.
7896.TWO,-0.013288825563859222,0.25120329825215865,-14.83,0.87,-0.05290068106717236,Sil-More Industrial Limited
4609.TWO,-0.006604980127127191,0.1230779623758473,-7.64,0.426,-0.05366501036925962,"Airlux Electrical Co., Ltd."
1789.TW,-0.005287292158213078,0.09793902171981407,-6.16,0.339,-0.05398555208504196,"ScinoPharm Taiwan, Ltd."
6935.TWO,-0.00485977144821907,0.08959151258675387,-5.68,0.31,-0.05424365889026846,"Prince Pharmaceutical Co., Ltd."
2511.TW,-0.0030376122324416023,0.055781357295824716,-3.58,0.193,-0.054455688776668947,Prince Housing & Development Corp.
2073.TWO,-0.0017936495499318572,0.03274671494854014,-2.13,0.113,-0.054773419341466456,Syong Shun Metal Co. Ltd.
7806.TWO,-0.003535319729105374,0.06377858770003607,-4.16,0.221,-0.05543113851521323,Gin Hwa Biotech Incorporation
1909.TW,-0.004656119405880845,0.08342842034233544,-5.45,0.289,-0.05580975148247071,"Longchen Paper & Packaging Co., Ltd."
6666.TW,-0.005365267515744741,0.09541263198652923,-6.25,0.331,-0.05623225566717657,"Luo Lih-Fen Holding Co., Ltd."
2911.TW,-0.008707640168598704,0.15244426776139164,-9.96,0.528,-0.057120154771762556,"Les Enphants Co., Ltd."
3056.TW,-0.004351169680804835,0.07499108083003007,-5.1,0.26,-0.05802249591077256,"Fu Hua Innovation Co., Ltd."
1229.TW,-0.00319170111286109,0.05456537650447597,-3.76,0.189,-0.05849315660085799,Lien Hwa Industrial Holdings Corporation
1611.TW,-0.003391646126036179,0.05793875742686047,-3.99,0.201,-0.05853846849093467,China Electric Mfg. Corporation
1521.TW,-0.00488445414631132,0.08252032609124405,-5.71,0.286,-0.059190921530175494,"Ta Yih Industrial Co., Ltd."
9958.TW,-0.008283965657345328,0.13983798632560138,-9.5,0.484,-0.05923973789251218,"Century Iron and Steel Industrial Co.,Ltd."
2338.TW,-0.0074621961466528,0.1250023974883719,-8.6,0.433,-0.05969642420135946,Taiwan Mask Corporation
6612.TWO,-0.006154108292580112,0.10233091658623365,-7.14,0.354,-0.06013928632598616,"ICARES Medicus, Inc."
6679.TWO,-0.006667057943260094,0.11008929383346203,-7.71,0.381,-0.0605604569809096,Zilltek Technology Corp.
6810.TWO,-0.009142412092751528,0.1498631508720169,-10.44,0.519,-0.061005070556398124,Bio Preventive Medicine Corp.
2065.TWO,-0.004865453493982481,0.07943299419085242,-5.68,0.275,-0.06125229879025247,"Sheh Fung Screws Co.,Ltd"
9957.TWO,-0.004012612025933694,0.06445848428443311,-4.71,0.223,-0.06225110736745558,Yieh United Steel Corp.
2013.TW,-0.0027824813319640793,0.04461184579278338,-3.29,0.155,-0.06237090805182929,"China Steel Structure Co., Ltd."
5871.TW,-0.004279849690152005,0.06777929943833043,-5.02,0.235,-0.06314390567058106,Chailease Holding Company Limited
6847.TWO,-0.006303442250931421,0.09973284413509106,-7.31,0.345,-0.0632032737619838,"Puriblood Medical Co., Ltd."
5306.TW,-0.0042417589543551565,0.06696227698940348,-4.97,0.232,-0.06334550055737201,KMC (Kuei Meng) International Inc.
1101.TW,-0.003997664975085078,0.06216482014531532,-4.69,0.215,-0.06430751292676809,"TCC Group Holdings Co., Ltd."
1477.TW,-0.005803255822775486,0.09016290794383076,-6.75,0.312,-0.06436411552287964,"Makalot Industrial Co., Ltd."
4183.TWO,-0.005292911286697554,0.08186757098982303,-6.17,0.284,-0.06465211099710673,EPS Bio Technology Corp.
9934.TW,-0.0037704410732102823,0.058250971917341035,-4.43,0.202,-0.06472752211861103,Globe Union Industrial Corp.
1532.TW,-0.005314852271355609,0.0815026516172341,-6.19,0.282,-0.06521078966014597,"China Metal Products Co., Ltd."
8183.TWO,-0.006860814236433444,0.10460190393429974,-7.93,0.362,-0.06558976441521283,Info-Tek Corporation
7808.TWO,-0.008280570188514226,0.12574418233767024,-9.5,0.436,-0.06585251130169818,BIONET Therapeutics Corp.
7876.TWO,-0.0026884123897381756,0.04006193885643098,-3.18,0.139,-0.06710639740559175,Obigen Pharma Inc.
8410.TWO,-0.007663538153356607,0.11396603343361765,-8.82,0.395,-0.0672440544122335,"Sentien Printing Factory Co., Ltd."
8050.TWO,-0.006604681645537587,0.0976974593332242,-7.64,0.338,-0.0676034125207954,IBASE Technology Inc.
6219.TWO,-0.009075234957402143,0.13348562981358797,-10.36,0.462,-0.06798660627421592,"Full Wang International Development Co., Ltd."
6827.TWO,-0.013609746447580414,0.19982736495519815,-15.16,0.692,-0.06810752096256564,"MegaPro Biomedical Co., Ltd"
7812.TWO,-0.005877720964530216,0.08604457115619035,-6.83,0.298,-0.06831018953956808,TMY Technology Inc.
7812.TW,-0.005877720964530216,0.08604457115619035,-6.83,0.298,-0.06831018953956808,
6792.TW,-0.005794578700181366,0.08468130262829508,-6.74,0.293,-0.06842807704100182,Unictron Technologies Corporation
2947.TWO,-0.0038989628008529753,0.05656819104591532,-4.58,0.196,-0.06892500411915703,"Zhen Yu Hardware Co., Ltd."
8076.TWO,-0.004536772987095867,0.0650979833366269,-5.31,0.226,-0.06969145209362093,"Firich Enterprises Co., Ltd."
4935.TW,-0.005681335279872349,0.08057051559691959,-6.61,0.279,-0.07051382553259422,Global Lighting Technologies Inc.
4942.TW,-0.002658340292564526,0.037642872827346865,-3.14,0.13,-0.07062001629783393,"Chia Chang Co., Ltd"
5533.TW,-0.004149424387106447,0.05798991974455335,-4.87,0.201,-0.0715542357255319,Founding Construction Development Corp.
2514.TW,-0.005897876897302239,0.08225397372654564,-6.85,0.285,-0.07170324581411476,"Long Bon International Co.,Ltd"
3592.TW,-0.0060181564019816045,0.08349111676692784,-6.99,0.289,-0.07208139781842625,Raydium Semiconductor Corporation
3558.TWO,-0.01047383842678846,0.14418399594164574,-11.87,0.499,-0.07264217057091024,"Senao Networks, Inc."
4116.TWO,-0.004409608401793529,0.06052665967944713,-5.17,0.21,-0.07285398575019807,BenQ Medical Technology Corporation
8119.TWO,-0.01018367413219038,0.1388427663287424,-11.56,0.481,-0.07334681093920424,Clientron Corp.
2450.TW,-0.0023452991691884453,0.031846416972062794,-2.78,0.11,-0.07364405142487,"Senao International Co.,Ltd."
8938.TWO,-0.004044021873102618,0.05465946228513147,-4.75,0.189,-0.07398576026977634,"Advanced International Multitech Co., Ltd."
2235.TWO,-0.004991157679183454,0.06635409279088074,-5.83,0.23,-0.07522004249102483,"I Yuan Precision Industrial Co., Ltd."
6180.TWO,-0.006040099260563994,0.07953410460242141,-7.01,0.276,-0.07594351241844625,"Gamania Digital Entertainment Co., Ltd."
3078.TWO,-0.005503375004325824,0.07225296308644116,-6.41,0.25,-0.07616815656046881,"Channel Well Technology Co.,Ltd."
6569.TWO,-0.008649611348652912,0.11179535126536722,-9.9,0.387,-0.07737004491467125,Onyx Healthcare Inc.
1444.TW,-0.007327770814412275,0.09425136201146464,-8.45,0.326,-0.07774710792530438,"Lealea Enterprise Co., Ltd."
6160.TWO,-0.008566475439128345,0.1100939309295352,-9.81,0.381,-0.07781060560560103,"Cipherlab Co.,Ltd."
1805.TW,-0.006775431905779937,0.08692648105051207,-7.83,0.301,-0.07794439420414137,"Better Life Group Co., LTD."
1220.TW,-0.0036597352794214373,0.04670812577739119,-4.3,0.162,-0.07835328903719173,"Tai Roun Products Co.,Ltd."
4934.TW,-0.012664878622978323,0.16038815827869898,-14.18,0.556,-0.07896392575922692,"Tainergy Tech Co., Ltd."
6118.TWO,-0.0099922020764118,0.1264463133264004,-11.35,0.438,-0.07902327725932641,Xander International Corp.
2608.TW,-0.002344802456741646,0.02919298719341706,-2.78,0.101,-0.08032074419812689,Kerry TJ Logistics Company Limited
6176.TW,-0.007371788229876367,0.09055405379827378,-8.5,0.314,-0.08140760044048845,Radiant Opto-Electronics Corporation
1517.TW,-0.005254509332529582,0.06406770923144008,-6.13,0.222,-0.08201494006205276,Lee Chi Enterprises Company Ltd.
1109.TW,-0.002353169387757411,0.028678084965965637,-2.79,0.099,-0.08205462082109344,"Hsing Ta Cement Co.,Ltd"
1259.TWO,-0.0023331722375886186,0.028037605197022825,-2.76,0.097,-0.08321581751341468,"An-Shin Food Services Co.,Ltd."
4568.TWO,-0.003394975077111005,0.04075461632322626,-4.0,0.141,-0.08330283495212766,"Koge Micro Tech Co., Ltd."
2204.TW,-0.007494562813598948,0.08962131973217298,-8.63,0.31,-0.08362477629202429,China Motor Corporation
9937.TW,-0.0026852165281331837,0.03196027052533038,-3.18,0.111,-0.0840173278885419,"National Petroleum Co., Ltd."
8454.TW,-0.009250540146310961,0.10868682030266576,-10.55,0.377,-0.08511188496038902,momo.com Inc.
1233.TW,-0.0035367039268782508,0.041429234783812066,-4.16,0.144,-0.08536734857241852,"Ten Ren Tea Co., Ltd."
4570.TWO,-0.002950507532026877,0.0344512684153011,-3.48,0.119,-0.0856429289180089,"Jason Co., Ltd."
1476.TW,-0.0066789223845214775,0.07790171547813482,-7.73,0.27,-0.08573524143247005,"Eclat Textile Co., Ltd."
6508.TWO,-0.004165089132441808,0.048305780940161275,-4.89,0.167,-0.08622340952527621,Huikwang Corporation
2701.TW,-0.0024953946581179735,0.028885047290053034,-2.95,0.1,-0.08639053393474268,Wan Hwa Enterprise Company Ltd.
8928.TWO,-0.005065426781082798,0.058511903458384425,-5.91,0.203,-0.08657087672229796,Dynamic Precision Industry Corporation
3609.TWO,-0.014081890132056414,0.16252728182680162,-15.65,0.563,-0.0866432390536309,"HEP Tech Co., Ltd."
8481.TW,-0.0017324588596802186,0.019682481963799337,-2.06,0.068,-0.08802034534397712,"Transart Graphics Co., Ltd."
1541.TW,-0.006312633092307563,0.07145978174100961,-7.32,0.248,-0.08833826438466219,"CHANG TYPE Industrial Co., Ltd."
1722.TW,-0.0036114961732171143,0.040555445127132043,-4.25,0.14,-0.0890508330483342,"Taiwan Fertilizer Co., Ltd."
1310.TW,-0.01039215354678038,0.11641045938416406,-11.78,0.403,-0.08927164794089011,Taiwan Styrene Monomer Corporation
2706.TW,-0.0028771460495630014,0.032201103361370643,-3.4,0.112,-0.08934930015517752,First Hotel Company Ltd.
7790.TWO,-0.00759040979110952,0.0847756312754676,-8.74,0.294,-0.0895352789110523,"Spirit Scientific Co., Ltd."
6035.TWO,-0.005767009548746124,0.06436136024661797,-6.71,0.223,-0.08960359953003272,EASYCARD Corporation
5220.TWO,-0.005505827941816456,0.06142142679263222,-6.41,0.213,-0.08964018306518573,Higgstec Inc.
1529.TW,-0.009000559610262738,0.10016221297939258,-10.28,0.347,-0.08985983179220008,"Luxe Green Energy Technology Co., Ltd."
8442.TW,-0.008092055377744108,0.08987132695329651,-9.29,0.311,-0.09004045730791659,WW Holding Inc.
2352.TW,-0.008945964087375975,0.09895051417630805,-10.22,0.343,-0.09040846489626354,Qisda Corporation
1312A.TW,-0.0030125782127991612,0.033100296078022125,-3.56,0.115,-0.09101363340370383,Grand Pacific Petrochemical Corporation
8085.TWO,-0.014989308037945522,0.16468445872103765,-16.58,0.57,-0.09101835203123942,"Forward Electronics Co., Ltd."
6461.TWO,-0.009305882525368075,0.10216098680702933,-10.61,0.354,-0.09109037428295251,Intech Biopharm Corporation
2002.TW,-0.005407009627935476,0.05919006676193859,-6.3,0.205,-0.09134994980969315,China Steel Corporation
4535.TWO,-0.0033637593041294742,0.03679506392575011,-3.96,0.127,-0.09141876505276109,"Fine Blanking & Tool Co., Ltd"
1308.TW,-0.008933911848682153,0.09771258048748402,-10.21,0.338,-0.09143051799585311,Asia Polymer Corporation
6743.TW,-0.009235422733028924,0.10006212508236637,-10.54,0.347,-0.092296887812714,AMPACS Corporation
1539.TW,-0.0070538845766075055,0.07613325616364672,-8.14,0.264,-0.09265181777389554,"Chiu Ting Machinery Co., Ltd."
3038.TW,-0.006080820216850501,0.06553879937531312,-7.06,0.227,-0.09278198982602966,Emerging Display Technologies Corp.
2024.TW,-0.0050239573678681065,0.054055056776447015,-5.86,0.187,-0.09294148720711651,"Chih Lien Industrial Co., Ltd."
7584.TWO,-0.013201820172988883,0.14062138074712366,-14.74,0.487,-0.09388202635223321,"Happytuk Co., Ltd."
4157.TWO,-0.009233532248778075,0.09820324751919977,-10.53,0.34,-0.09402471386674684,TaiGen Biopharmaceuticals Holdings Limited
2901.TW,-0.0024601808487993877,0.026158604162460485,-2.91,0.091,-0.09404862864701044,Shin Shin Co Ltd.
6661.TWO,-0.0064247175765965,0.06819117188140342,-7.44,0.236,-0.09421626582059958,"Welgene Biotech Co.,Ltd."
5531.TW,-0.006493159865420932,0.06890827499339539,-7.52,0.239,-0.09422902932983417,"Shining Building Business Co.,Ltd."
1762.TW,-0.009290401442548068,0.0967343625416395,-10.6,0.335,-0.0960403438700389,"Chunghwa Chemical Synthesis & Biotech Co., Ltd."
1475.TW,-0.009403325917943217,0.09754716431815218,-10.72,0.338,-0.09639773727582758,"Big Sun Shine CO., LTD."
6940.TWO,-0.013100125508894394,0.13570949822862002,-14.64,0.47,-0.0965306458272033,"Gus Technology Co., Ltd."
1906.TW,-0.006277323910997896,0.06497032528420096,-7.28,0.225,-0.09661832357370653,"Baolong International Co., Ltd."
5701.TWO,-0.008300719399909992,0.08586773427462426,-9.52,0.297,-0.09666866687506195,Janfusun Fancyworld Corp.
4732.TWO,-0.007662595536596591,0.07855424980646883,-8.82,0.272,-0.09754527037651867,NatureWise Biotech & Medicals Corporation
6541.TW,-0.011775145145970679,0.12041065067100168,-13.25,0.417,-0.09779155814167916,"Tanvex BioPharma, Inc."
2028.TW,-0.007365132113613674,0.07531388618809365,-8.49,0.261,-0.0977924853753998,"Wei Chih Steel Industrial Co., Ltd."
6582.TW,-0.007911378797319141,0.08078345480083164,-9.09,0.28,-0.09793315743705598,"Shin Foong Specialty and Applied Materials Co., Ltd."
2424.TW,-0.019706062419525414,0.2009822034453025,-21.25,0.696,-0.09804879278721033,"Lung Hwa Electronics Co., Ltd."
4414.TW,-0.010075441660870535,0.10273032910319344,-11.44,0.356,-0.09807660258490629,"Roo Hsing Co., Ltd"
6621.TWO,-0.0076378895863119,0.07758489169002192,-8.79,0.269,-0.09844557902881236,"UniPharma Co., Ltd."
5272.TWO,-0.009372856299057548,0.09400289201137764,-10.69,0.326,-0.09970816959464507,AMICCOM Electronics Corporation
9921.TW,-0.009671536651214051,0.09694534493193831,-11.01,0.336,-0.09976277518022215,"Giant Manufacturing Co., Ltd."
3521.TWO,-0.010736691680084369,0.10761758819345095,-12.15,0.373,-0.09976707209591366,"TSG Development Co., Ltd."
3713.TWO,-0.010498161822828065,0.1051668670432947,-11.9,0.364,-0.09982385249249863,"Hsinjing Holding Co., Ltd."
4564.TW,-0.008713625824342043,0.08703447323971791,-9.97,0.301,-0.10011694791720308,Mosa Industrial Corporation
4589.TWO,-0.005907613645530128,0.05898669617906185,-6.86,0.204,-0.10015162787888295,"Motion Technology Electric & Machinery Co., Ltd."
1323.TW,-0.005992129280260155,0.05978655744639762,-6.96,0.207,-0.10022536061944147,"Yonyu Plastics Co., Ltd."
5514.TWO,-0.005237430852686552,0.051262773688249115,-6.11,0.178,-0.10216830803065031,"Sunfon Construction Co., Ltd."
1227.TW,-0.003568719725458116,0.034695522487669786,-4.2,0.12,-0.10285822116460071,Standard Foods Corporation
1467.TW,-0.006974509281226869,0.06723978659837782,-8.06,0.233,-0.10372592826454824,"Tex-Ray Industrial Co., Ltd."
1305.TW,-0.012131772506674191,0.11651330900879667,-13.62,0.404,-0.10412349121213484,China General Plastics Corporation
6248.TWO,-0.00585341733691492,0.056076703988348194,-6.8,0.194,-0.10438233563319205,TMP Steel Corporation
6129.TWO,-0.01441342569454581,0.13728102764656536,-15.99,0.476,-0.10499211683972574,Princeton Technology Corporation
6986.TWO,-0.009316091462352368,0.08864690281692043,-10.62,0.307,-0.10509212579702405,"HeXun Biosciences Co., Ltd."
1614.TW,-0.003391323886708429,0.03226304744671949,-3.99,0.112,-0.10511480331512388,"Taiwan Sanyo Electric Co.,Ltd."
4440.TW,-0.006273885268279323,0.05930463328284698,-7.27,0.205,-0.10579081129052281,"Yi Shin Textile Industrial Co., Ltd."
4154.TWO,-0.010613644673316094,0.09920600002140434,-12.02,0.344,-0.10698591487436376,"Raku Co., Ltd"
7722.TW,-0.017705823508302482,0.1650612666469916,-19.3,0.572,-0.1072681911872702,LINE Pay Taiwan Limited
3512.TWO,-0.006899659693608226,0.0639622964491718,-7.97,0.222,-0.10787073130013557,"Huang Long Development Co.,Ltd."
1454.TW,-0.007278991563813317,0.06679717256961866,-8.39,0.231,-0.10897155199536122,"Taiwan Taffeta Fabric Co., Ltd."
1434.TW,-0.005600280690377699,0.051382692520146094,-6.52,0.178,-0.10899157704088676,"Formosa Taffeta Co., Ltd."
4581.TW,-0.005286954127822053,0.048444025279978715,-6.16,0.168,-0.10913531848904973,World Known MFG (Cayman) Limited
1452.TW,-0.006161015174305774,0.055600022796703286,-7.15,0.193,-0.11080958000382478,"Hong Yi Fiber Ind. Co., Ltd."
5465.TWO,-0.011593319903040692,0.10446595877970918,-13.06,0.362,-0.11097701144434914,"Loyalty Founder Enterprise Co.,Ltd."
5388.TW,-0.007861244728251341,0.07083536238691136,-9.04,0.245,-0.11097909946888203,Sercomm Corporation
7736.TW,-0.007189025302867443,0.06468796399506624,-8.29,0.224,-0.11113389352331063,Hushan Autoparts Inc.
6734.TWO,-0.021341540344424634,0.19132814936452974,-22.81,0.663,-0.11154417379412093,"iXensor Co., Ltd."
6872.TWO,-0.01138002642918126,0.10170287324884018,-12.83,0.352,-0.11189483704494098,NaviFUS Corp.
6167.TWO,-0.008928643164955966,0.07883726442822316,-10.2,0.273,-0.11325409664721418,Powertip Technology Corporation
6741.TWO,-0.008897841181987581,0.07726867802888591,-10.17,0.268,-0.11515456727059878,"91APP, Inc."
2064.TWO,-0.006688644104848885,0.05805706067417297,-7.74,0.201,-0.11520810780254276,"Camellia Metal Co., Ltd."
8341.TW,-0.0060706169647073704,0.052649148875143735,-7.05,0.182,-0.11530323081012575,"Sunny Friend Environmental Technology Co., Ltd."
8942.TWO,-0.007755820451114318,0.06699953550099498,-8.92,0.232,-0.11575931673435466,"Xxentria Technology Materials Co., Ltd."
4961.TW,-0.008389949340974309,0.07241345908270085,-9.62,0.251,-0.11586173961656002,Fitipower Integrated Technology Inc.
3527.TWO,-0.01057025867032732,0.09114224665644585,-11.97,0.316,-0.11597540172749034,"Macroblock, Inc."
9940.TW,-0.004962124976567912,0.04258418800055418,-5.79,0.148,-0.11652505799813152,Sinyi Realty Inc.
3494.TW,-0.014085027422445042,0.12063814836613349,-15.65,0.418,-0.11675434025808626,"HiTi Digital, Inc."
6996.TWO,-0.007492260797301456,0.06378202603082049,-8.63,0.221,-0.11746664795002085,Forcelead Technology Corp.
6890.TW,-0.015057910862930781,0.12654698269656767,-16.65,0.438,-0.11899067478389745,"Lai Yih Footwear Co., Ltd."
2740.TWO,-0.015553974895954885,0.13062393766097521,-17.15,0.452,-0.11907446042795064,"Hua Hsuan Real Estate Co.,Ltd."
2252.TWO,-0.01580804671502835,0.13241737892723404,-17.4,0.459,-0.11938045325391303,Cubtek Inc.
3710.TWO,-0.012781865376051195,0.10695935991970844,-14.3,0.371,-0.11950207429855791,ACON Holding Inc.
5878.TWO,-0.0031658552361348794,0.02649035350623755,-3.73,0.092,-0.11950973909764667,"Taiming Assurance Broker Co.,Ltd."
4138.TWO,-0.008594435812539741,0.07185474930487064,-9.84,0.249,-0.11960845867090336,Dynamic Medical Technologies Inc.
6876.TWO,-0.013734361312837576,0.11411798463159385,-15.29,0.395,-0.12035229466394891,"LAUNXP Biomedical Co., Ltd"
6756.TW,-0.013208497691332607,0.10942974896722253,-14.75,0.379,-0.12070298813615067,"VIA Labs, Inc."
4172.TWO,-0.012058477403378023,0.09920060338268574,-13.55,0.344,-0.12155649252313604,InnoPharmax Inc.
2012.TW,-0.008215143206317731,0.06736039143032238,-9.42,0.233,-0.12195806811508035,"Chun Yu Works & Co., Ltd."
6858.TWO,-0.010983995968867037,0.08980340351370306,-12.41,0.311,-0.12231157772534751,Ipevo Corporation
9914.TW,-0.013224129796550358,0.10722900430013234,-14.76,0.371,-0.12332605233875175,"Merida Industry Co., Ltd."
1337.TW,-0.009427859750557906,0.0761150938260523,-10.74,0.264,-0.12386320868372869,Asia Plastic Recycling Holding Limited
6816.TWO,-0.007732864339698748,0.062423652129084066,-8.89,0.216,-0.12387715354603382,MetaEdge Corporation
8476.TW,-0.01962335837926893,0.1577529828516412,-21.17,0.546,-0.1243929466469976,"Taiwan Environment Scientific Co., Ltd."
1217.TW,-0.0035006820923677586,0.028074761933360972,-4.12,0.097,-0.1246914257252501,AGV Products Corporation
8068.TWO,-0.01725852625346462,0.13829476531109,-18.85,0.479,-0.12479522427795495,Chander Electronics Corp.
8049.TWO,-0.005107747262032078,0.04075424291654049,-5.96,0.141,-0.12533044160560397,"Ampire Co., Ltd."
6441.TWO,-0.017035487536850247,0.13587325186401858,-18.63,0.471,-0.1253777863055732,"iBase Solution CO., LTD"
4171.TWO,-0.013838616556923,0.10979277933087003,-15.4,0.38,-0.126043048015199,GeneReach Biotechnology Corp.
6665.TWO,-0.009208786610012351,0.07293838636178537,-10.51,0.253,-0.12625432326313588,Healthconn Corp.
4745.TWO,-0.01480575699792297,0.11603231836577554,-16.39,0.402,-0.12760028590698244,"Cowealth Medical Holding Co., Ltd."
2940.TWO,-0.004521343790927025,0.03539080106166128,-5.29,0.123,-0.1277547739891364,"Sun Own Industrial Co., Ltd."
3115.TWO,-0.01012875678555773,0.07899143719578659,-11.5,0.274,-0.12822600961738165,"Trust-Search Corp.,Ltd."
2017.TW,-0.008752344399081534,0.06803342848236865,-10.01,0.236,-0.12864770443473633,"Quintain Steel Co., LTD."
9951.TWO,-0.006833866182490753,0.053046520317408884,-7.9,0.184,-0.1288277938232266,"Macauto Industrial Co., Ltd."
2939.TW,-0.009524678792054838,0.0737308364778184,-10.85,0.255,-0.12918175416225333,"Yong Yi International Group Co., Ltd"
4432.TWO,-0.008022023883543932,0.06189203619521863,-9.21,0.214,-0.12961318412987777,"Hakers Enterprise Co., Ltd."
6221.TWO,-0.010693482325615964,0.08186454649590083,-12.1,0.284,-0.1306240953298558,"Genesis Technology, Inc."
1446.TW,-0.016580286112311875,0.125777817149821,-18.18,0.436,-0.13182202146633032,"Hong Ho Precision Textile Co.,Ltd."
5227.TWO,-0.015627653389629334,0.11828925861678721,-17.22,0.41,-0.13211388398550256,"Advanced Lithium Electrochemistry (Cayman) Co., Ltd."
6689.TW,-0.01272010024675201,0.09579490712592197,-14.24,0.332,-0.1327847234094762,"eCloudvalley Digital Technology Co., Ltd."
7767.TWO,-0.01129866248731013,0.08424130980921567,-12.75,0.292,-0.13412258799036506,High Performance Information Co. Ltd.
3168.TW,-0.007511016800710763,0.055616769521106016,-8.65,0.193,-0.13504949793713578,Data Image Corporation
8940.TW,-0.009846768371665905,0.07257397900376786,-11.2,0.251,-0.13567904787409665,"New Palace International Co., Ltd."
8171.TWO,-0.013410269448092772,0.09854647721461737,-14.96,0.341,-0.13608065784926537,Formosa Electronic Industries Inc.
1445.TW,-0.012146409251222571,0.08912202575256903,-13.64,0.309,-0.13628964499690402,"Universal Textile Co., Ltd."
3567.TWO,-0.008057629607995092,0.058997922660367526,-9.25,0.204,-0.13657480203803665,ETREND Hightech Corp.
5457.TWO,-0.011797134786587109,0.08507724382794798,-13.27,0.295,-0.1386638101540348,Speed Tech Corp.
3664.TWO,-0.023070448900299984,0.16585984718832616,-24.43,0.575,-0.13909604579645224,Array Inc.
6865.TWO,-0.0170060424398003,0.12066660246561799,-18.6,0.418,-0.140934128352921,"WebComm Technology Co., Ltd."
6128.TW,-0.009150462333935435,0.0648992200114471,-10.44,0.225,-0.1409949508225438,"General Plastic Industrial Co., Ltd."
8024.TWO,-0.009922026042671797,0.06966179323181108,-11.28,0.241,-0.14243139003979732,Alpha Microelectronics Corporation
6657.TW,-0.014784572262110007,0.10328260516827911,-16.37,0.358,-0.14314677905365955,"Energenesis Biomedical CO.,LTD."
6614.TW,-0.015931973111963985,0.11124989266895736,-17.53,0.385,-0.14320888523795913,"International Integrated Systems, Inc."
3322.TWO,-0.01566408048324921,0.10931830109900063,-17.26,0.379,-0.1432887295702074,"Joinsoon Electronics Manufacturing CO., LTD."
6971.TWO,-0.01634729144705585,0.1137392303395911,-17.95,0.394,-0.14372606002561966,Hui Min Environmental Tech Corporation
3419.TW,-0.010480299653723405,0.07257861018054651,-11.88,0.251,-0.14439928827036805,"Wha Yu Industrial Co., Ltd."
6650.TWO,-0.012551480338436146,0.08687879015214217,-14.06,0.301,-0.14447116858390854,"Art Emperor Technology And Culture Co., Ltd."
7851.TWO,-0.03279160389971537,0.22681261252107857,-32.97,0.786,-0.14457575147708296,"H2, Inc."
4746.TW,-0.010569865270550302,0.07285968274324058,-11.97,0.252,-0.14507152478001836,"Formosa Laboratories, Inc."
4194.TWO,-0.02407915919526711,0.1656731870693802,-25.36,0.574,-0.1453413169699168,"Holy Stone Healthcare Co., Ltd."
6123.TWO,-0.006119695122755477,0.04179997294169318,-7.1,0.145,-0.14640428431118474,GrandTech C.G. Systems Inc.
2462.TW,-0.012482176539965606,0.08479326139013928,-13.99,0.294,-0.1472071758454284,"Taiwan Line Tek Electronic Co., Ltd."
6751.TWO,-0.013245652770196322,0.089955226020382,-14.79,0.312,-0.14724717346822216,Acer Synergy Tech Corp.
1526.TW,-0.015310669511939023,0.10266930087604471,-16.9,0.356,-0.1491260715841826,Sun Race Sturmey-Archer Corporation
3672.TWO,-0.013261589410154083,0.08813014414538327,-14.8,0.305,-0.15047733711041247,Connection Technology Systems Inc.
6195.TWO,-0.005720026211848099,0.03799024401880535,-6.65,0.132,-0.15056566125283793,Scan-D Corporation
7799.TW,-0.03216104265026743,0.21334802605526187,-32.45,0.739,-0.15074450532735187,Heron Neutron Medical Corp.
4747.TWO,-0.011140433561969067,0.07358367051545023,-12.58,0.255,-0.15139817684998372,"Johnson Chemical Pharmaceutical Works Co., Ltd."
5223.TWO,-0.011174802065928403,0.07360742525453794,-12.62,0.255,-0.1518162335835741,"Anli International Co., Ltd."
2752.TWO,-0.00548719008941991,0.03591314745123429,-6.39,0.124,-0.15279056498378066,"Tofu Restaurant Co., Ltd."
6796.TW,-0.011021218060543106,0.07168043444098988,-12.45,0.248,-0.15375490043403964,Medimaging Integrated Solution Inc.
9962.TWO,-0.0094601888190431,0.06152294576827058,-10.78,0.213,-0.15376683773685676,"Yeou Yih Steel Co., Ltd."
2035.TWO,-0.0044451796313412124,0.028693553850139063,-5.21,0.099,-0.15491910324379943,"Tang Eng Iron Works Co., Ltd."
5283.TW,-0.007910102474317773,0.05090688122965203,-9.09,0.176,-0.15538375722986403,"Heran Co., Ltd."
4133.TW,-0.008910406861996102,0.0570888911579036,-10.18,0.198,-0.15607952232511546,Abnova (Taiwan) Corporation
8409.TWO,-0.009070155543303947,0.05751930814927999,-10.36,0.199,-0.15768888457010213,EBM Technologies Incorporated
8924.TWO,-0.009691386329666844,0.06141732990607788,-11.03,0.213,-0.15779563104562416,"O-TA Precision Industry Co., Ltd."
8917.TWO,-0.0036261409460702537,0.022919551100520335,-4.27,0.079,-0.15821169141431965,"Hsin Tai Gas Co., Ltd."
3043.TW,-0.016161207605383542,0.10167939772900161,-17.76,0.352,-0.15894279437469508,"Powercom Co., Ltd"
7886.TWO,-0.034843447463340706,0.21863408893167288,-34.66,0.757,-0.1593687774564282,"Kojem International Co., Ltd."
6988.TW,-0.022566068978944906,0.14104527818247323,-23.96,0.489,-0.1599916655823863,Wellysun Inc.
8087.TWO,-0.013832748781931494,0.08622505054103885,-15.39,0.299,-0.1604261023349333,LeadSun Greentech Corporation
1598.TW,-0.010281588566665391,0.06397976401317874,-11.66,0.222,-0.16070063285240563,Dyaco International Inc.
1103.TW,-0.006026054827951171,0.03742063369532303,-7.0,0.13,-0.16103561679406647,Chia Hsin Cement Corporation
3346.TW,-0.017136371932943612,0.10633460628656706,-18.73,0.368,-0.1611551735731437,"Laster Tech Co., Ltd."
6838.TW,-0.01750623192130565,0.10794997468091397,-19.1,0.374,-0.16216985666788516,"Formosa Pharmaceuticals, Inc."
4763.TW,-0.012201433798376024,0.07519287105815786,-13.7,0.26,-0.16226849203482116,"Jinan Acetate Chemical Co., Ltd."
2230.TWO,-0.022785584146564244,0.14032263824027771,-24.16,0.486,-0.1623799583040048,"C.T.I. Traffic Industries Co., Ltd."
1471.TW,-0.0168778879519158,0.1034823615526866,-18.48,0.358,-0.16309917650383984,Solytech Enterprise Corporation
2938.TWO,-0.010989296650604144,0.06707895788735076,-12.42,0.232,-0.16382628765728668,"Bedding World Co., Ltd."
2722.TW,-0.017859255934939366,0.10790466203382097,-19.45,0.374,-0.16550958594672835,"Chateau International Development Co., Ltd."
6857.TWO,-0.016283639456195553,0.09799232872890859,-17.88,0.339,-0.16617259399195947,Acer Medical Inc.
2022.TW,-0.011514104555260288,0.06911010876728625,-12.97,0.239,-0.1666052153677201,"Tycoons Group Enterprise Co.,Ltd."
6589.TW,-0.015609344298086423,0.09342702259299566,-17.2,0.324,-0.16707526221922728,EirGenix Inc.
3259.TWO,-0.014662209547079927,0.08736903855643909,-16.24,0.303,-0.16781928460398887,"Solid State System Co., Ltd."
6916.TW,-0.012447936729356922,0.07356363230243991,-13.96,0.255,-0.16921318781786224,"Winstar Display Co., Ltd."
2457.TW,-0.01942950065808915,0.11458184103697554,-20.98,0.397,-0.16956875960667497,"Phihong Technology Co., Ltd."
6901.TW,-0.020977771905377866,0.12339474827990762,-22.46,0.427,-0.1700053867591841,Diamond Biofund Inc.
9929.TW,-0.009292631200826573,0.05459521678981127,-10.6,0.189,-0.17020962178065374,"Choice Development, Inc."
4119.TW,-0.011362833848620532,0.06657914463562428,-12.81,0.231,-0.17066656399398467,"SCI Pharmtech, Inc."
6755.TWO,-0.018737489544123215,0.10937720596692482,-20.31,0.379,-0.17131073497881585,"Lian Hong Art. Co., Ltd."
4121.TWO,-0.013311445788355981,0.0776281651663523,-14.85,0.269,-0.1714770117241646,Rossmax International Ltd.
7607.TWO,-0.02262766839955141,0.13150162812997637,-24.02,0.456,-0.17207139349777628,DuoGenic StemCells corporation
1760.TW,-0.011927231525467307,0.06858055525116924,-13.41,0.238,-0.17391564535727433,Panion & Bf Biotech Inc.
4557.TW,-0.014544569998581456,0.08341479379382172,-16.12,0.289,-0.1743643943367121,Yusin Holding Corp.
7765.TW,-0.011618250906800546,0.06614732238631517,-13.08,0.229,-0.17564204396585187,"CHT Security Co., Ltd."
8927.TWO,-0.017226270831433563,0.09788604959882627,-18.82,0.339,-0.17598289952483812,"North-Star International Co., LTD."
1599.TWO,-0.010478195165699734,0.059364506826395866,-11.87,0.206,-0.17650605935869923,"Aeontek Co., Ltd."
3557.TW,-0.014361479872726188,0.08109135348007823,-15.94,0.281,-0.17710248079968702,"Jia Wei Lifestyle, Inc."
6767.TWO,-0.010562411635448382,0.059478382046488885,-11.96,0.206,-0.17758404435400912,"Wiltrom Co., Ltd."
2929.TW,-0.01695559827774071,0.09463921365890228,-18.55,0.328,-0.17916038840783177,TOPBI International Holdings Limited
6882.TWO,-0.020937735322041275,0.11671253850343756,-22.42,0.404,-0.17939576664613965,Reallusion Inc.
1626.TW,-0.012612440785820736,0.07014361244428403,-14.13,0.243,-0.1798088285777833,Airmate (Cayman) International Co Limited
4930.TW,-0.009219273742848037,0.050912315661307064,-10.52,0.176,-0.1810814067892537,"Star Comgistic Capital Co., Ltd."
4702.TWO,-0.006553979987601669,0.03614470400862353,-7.59,0.125,-0.18132614908225553,"Allied Industrial Corp., Ltd."
1702.TW,-0.006860366074388491,0.03775594153910126,-7.93,0.131,-0.18170295309106982,"Namchow Holdings Co., Ltd."
2719.TWO,-0.020229052479432064,0.11075839739185835,-21.75,0.384,-0.18264125299558612,TSG Star Travel Corp.
2748.TW,-0.012596845301565768,0.06879090252453098,-14.11,0.238,-0.18311789552511987,FDC International Hotels Corporation
6703.TWO,-0.012857798930057751,0.07013587504614589,-14.38,0.243,-0.18332699095288915,"Shiny Brands Group Co., Ltd."
6674.TW,-0.013412840655773393,0.07313140113400676,-14.96,0.253,-0.1834074070479733,"Compal Broadband Networks, Inc."
4553.TWO,-0.009138194647479253,0.04943278601596604,-10.43,0.171,-0.1848610079255447,"ALFOT Technologies Co., Ltd."
6704.TWO,-0.017497832695599413,0.09438279335378454,-19.09,0.327,-0.18539218933699625,"Gwo Xi Stem Cell Applied Technology Co. , Ltd"
6932.TWO,-0.028292887415152318,0.15163325466433697,-29.14,0.525,-0.18658761547909053,Merdury Biopharmaceutical Corporation
7912.TWO,-0.04671589595388672,0.2487866587263889,-43.68,0.862,-0.18777492407767743,Zenithtek Inc.
6962.TW,-0.018263384414912327,0.09714225272057093,-19.84,0.337,-0.18800659757651322,ITH Corporation
7731.TWO,-0.02221160837181487,0.11805779896255396,-23.63,0.409,-0.18814181330671798,"MARX Biotech Co., Ltd."
3465.TWO,-0.018807306843060805,0.09976132014242836,-20.37,0.346,-0.1885230349418971,"New Advanced Electronics Technologies Co., Ltd."
3541.TWO,-0.015021077934118348,0.07909222603844417,-16.61,0.274,-0.18991851268438303,"Cypress Technology Co.,Ltd."
7841.TWO,-0.01970111464961512,0.10335920487522753,-21.24,0.358,-0.19060822568631194,Cybersoft Digital Services Corporation
6732.TWO,-0.01841958714512089,0.09551261141094745,-20.0,0.331,-0.19284979096498323,Sensortek Technology Corp.
5258.TW,-0.018745483824693827,0.09681223855862943,-20.31,0.335,-0.19362721184617143,"Castles Technology Co., Ltd."
4115.TWO,-0.01749404271551619,0.09004526652436479,-19.09,0.312,-0.1942805367873789,"Sunder Biomedical Tech. Co., Ltd."
5704.TWO,-0.015066781164460367,0.07734653630050521,-16.65,0.268,-0.1947958096781892,Hotel Royal Chihpen
2067.TWO,-0.019983007109828792,0.1021953989310625,-21.51,0.354,-0.1955372484362886,"Chia Yi Steel Co., Ltd."
2254.TW,-0.013524736064946466,0.06908806596539348,-15.08,0.239,-0.19576081449032118,Coplus Inc.
2702.TW,-0.012404720878762838,0.06318134618098711,-13.91,0.219,-0.19633517847544274,Hotel Holiday Garden
3027.TW,-0.019027696686546514,0.09646814976073528,-20.59,0.334,-0.19724330500522586,"Billion Electric Co., Ltd."
911622.TW,-0.009506330563202563,0.047963797919363144,-10.83,0.166,-0.1981980363436738,Tycoons Worldwide Group (Thailand) Public Company Limited
4438.TW,-0.013348988521230782,0.06720765937719113,-14.89,0.233,-0.19862302369900936,"Quang Viet Enterprise Co., Ltd."
3083.TWO,-0.014832676343226343,0.07433856252055542,-16.42,0.258,-0.19952869466805936,Chinese Gamer International Corporation
8429.TW,-0.012666434638479504,0.06344164372340344,-14.18,0.22,-0.19965489377455858,Jinli Group Holdings Limited
6111.TWO,-0.013307155378933027,0.06657226339687752,-14.85,0.231,-0.1998903852735339,"Star Fusion Group Co., Ltd."
3058.TW,-0.019696266599532657,0.09847735592124285,-21.24,0.341,-0.20000807713891836,Leader Electronics Inc.
1506.TW,-0.012130719953634812,0.060581557217437555,-13.62,0.21,-0.20023783657616437,"Right Way Industrial Co.,Ltd"
2002A.TW,-0.0017727571497401541,0.008783066114782346,-2.11,0.03,-0.2018380741500413,China Steel Corporation
4137.TW,-0.013451292640241612,0.06662614141336597,-15.0,0.231,-0.20189211554044953,Chlitina Holding Limited
1340.TW,-0.019052926209531917,0.09418248949952321,-20.61,0.326,-0.2022979676028671,Victory New Materials Limited Company
4205.TWO,-0.0044045068298030335,0.0217512061343666,-5.16,0.075,-0.20249483190010206,"Chung Hwa Food Industrial Co., Ltd."
6744.TWO,-0.010443420090227962,0.05155155697874088,-11.84,0.179,-0.20258204993759313,Feng Chi Biotech Corp.
2733.TWO,-0.020190123159189916,0.09825756491336098,-21.71,0.34,-0.20548161535442733,"Vigor Kobo Co.,Ltd."
4108.TW,-0.013274357418699713,0.06443131394040892,-14.82,0.223,-0.2060233853212565,PhytoHealth Corporation
2736.TWO,-0.019348547644339457,0.09344127955396787,-20.9,0.324,-0.20706638154676088,HOYA Resort Hotel Group
6242.TWO,-0.008964126684799538,0.04274988966129361,-10.24,0.148,-0.20968771512212328,"Li Kang Biomedical Co., Ltd."
5546.TW,-0.012324339999815175,0.058519153189160344,-13.83,0.203,-0.21060352599391416,Yonggu Group Inc.
8279.TWO,-0.01479465852784249,0.0701682673694669,-16.38,0.243,-0.2108454303131369,"Syngen Biotech Co.,Ltd."
3164.TW,-0.007073556762088867,0.033430684321297505,-8.17,0.116,-0.2115887516422317,GenMont Biotech Incorporation
2373.TW,-0.004457668668848285,0.02095315951601423,-5.22,0.073,-0.21274446297425195,Aurora Corporation
4164.TW,-0.01768810006126799,0.08271646574783052,-19.28,0.287,-0.21384013329573273,CHC Healthcare Group
7753.TWO,-0.01948290356634913,0.09109029887844937,-21.03,0.316,-0.21388560369471463,Star Asia Vision Corporation
3531.TWO,-0.009228395426477047,0.04311967213892321,-10.53,0.149,-0.21401821880150082,"Shian Yih Electronic Industry Co.,Ltd"
2751.TWO,-0.01486334906067337,0.06892217533658301,-16.45,0.239,-0.2156540908363363,"KINGZA International CO.,Ltd."
8908.TWO,-0.007773530575922407,0.03601574095695738,-8.94,0.125,-0.21583703040325058,ShinHsiung Natural Gas Inc.
1752.TW,-0.011164734815610125,0.05148400893935684,-12.6,0.178,-0.21685830310458337,"Nang Kuang Pharmaceutical Co., Ltd."
2732.TWO,-0.01149518063691709,0.05289154458155941,-12.95,0.183,-0.21733493940967027,"La Kaffa International Co., Ltd."
7870.TWO,-0.02674445902818922,0.12253024093319143,-27.77,0.424,-0.21826823178101323,Accordance Systems Inc.
1533.TW,-0.014935335297741837,0.0684005357282848,-16.52,0.237,-0.21835114504177514,"Mobiletron Electronics Co.,Ltd."
8426.TWO,-0.017783365896104388,0.07980154701554168,-19.37,0.276,-0.22284487658667826,Redwood Group Ltd
6539.TWO,-0.02531310676476406,0.11302097641555349,-26.48,0.392,-0.22396821871095224,"DV Biomed Co., Ltd."
4102.TWO,-0.015075552876112248,0.06711114585669337,-16.66,0.232,-0.22463560536284122,"Yung Zip Chemical Ind. Co., Ltd."
1584.TWO,-0.015982270452239798,0.07053785299368714,-17.58,0.244,-0.22657721739376085,S-Tech Corp.
6210.TWO,-0.01351713505405891,0.05964149719489361,-15.07,0.207,-0.22663976744058364,"Kintech Electronics Co., Ltd."
5703.TWO,-0.01353143056343121,0.05951948970053867,-15.08,0.206,-0.22734453254744127,"The Landis Taipei Hotel Co., Ltd"
4433.TWO,-0.00987559805491994,0.043399308115770065,-11.23,0.15,-0.22755196992026308,"Singtex Industrial Co., Ltd."
3218.TWO,-0.01777087118139601,0.07781108348705046,-19.36,0.27,-0.22838483137628443,"Universal Vision Biotechnology Co., Ltd."
4186.TWO,-0.02084791067230517,0.09111678911181291,-22.34,0.316,-0.22880427279677185,Taiwan Advance Bio-Pharmaceutical Inc.
2106.TW,-0.01106257152625181,0.04812446521487778,-12.5,0.167,-0.22987417058780724,Kenda Rubber Industrial Co. Ltd.
4155.TW,-0.013681865038202911,0.05934171604637834,-15.24,0.206,-0.23056065698386427,"OK Biotech Co., Ltd."
9941.TW,-0.015172075690688725,0.06566887679126586,-16.76,0.227,-0.23103906191230383,Taiwan Acceptance Corporation
1417.TW,-0.01009956064152594,0.04341573632465621,-11.47,0.15,-0.23262442368829075,Carnival Industrial Corporation
8466.TW,-0.021105755996105757,0.09062248190475923,-22.58,0.314,-0.23289757191032465,"M.J. International Co., Ltd."
4552.TW,-0.01502422290522997,0.06443721891512244,-16.61,0.223,-0.23316063539334425,Lida Holdings Limited
8478.TW,-0.02098860896364601,0.08975077028305892,-22.47,0.311,-0.23385436021831843,"Alexander Marine Co., Ltd."
2642.TW,-0.015362839126192667,0.06527193041276166,-16.95,0.226,-0.2353667040187461,"Taiwan Pelican Express Co., Ltd."
6797.TWO,-0.02611408891661659,0.11091262563238599,-27.21,0.384,-0.2354473962519862,Taiwan Advanced Nanotech Inc.
1586.TWO,-0.014939745155979232,0.06273981151960044,-16.53,0.217,-0.23812225115327182,"China Fineblanking Technology Co.,Ltd."
6815.TWO,-0.023920383032737243,0.09997512431722189,-25.21,0.346,-0.23926334871900407,"Diamond Biotechnology Co., Ltd"
7811.TWO,-0.02075911293557643,0.08641681219326612,-22.25,0.299,-0.24022076733344308,"Minson Integration, Inc."
2104.TW,-0.016358558394988277,0.0676872632774885,-17.96,0.234,-0.24167853157137206,"International CSRC Investment Holdings Co., Ltd."
6639.TWO,-0.026917657973998414,0.11094883731534445,-27.92,0.384,-0.2426132497224074,"Grand Green Energy Co., LTD."
6616.TWO,-0.01362876890388972,0.055899643900140766,-15.18,0.194,-0.24380779470145067,Techcential International Ltd
8359.TWO,-0.008954385034828535,0.03651068548455064,-10.23,0.126,-0.24525381860106543,"Cashbox Partyworld Co., Ltd."
4142.TW,-0.016296358804558764,0.06643010757144002,-17.89,0.23,-0.2453158575279047,Adimmune Corporation
3067.TWO,-0.02041378478318119,0.08255103719827336,-21.93,0.286,-0.24728683582921918,PNC International Inc.
4426.TW,-0.02400656041272749,0.0970208431520358,-25.29,0.336,-0.24743714477010045,"Li Cheng Enterprise Co., Ltd."
8450.TWO,-0.012264170123827033,0.049199739188744325,-13.76,0.17,-0.24927307189125852,"Pili International Multimedia Co.,Ltd."
3552.TWO,-0.022358745888134173,0.08935199977095562,-23.77,0.31,-0.25023218221694477,"Tung Thih Electronic Co., Ltd."
5301.TWO,-0.03505560484258616,0.14007020198801068,-34.83,0.485,-0.2502716805219339,"CJW International Co., Ltd."
2314.TW,-0.040198842069764984,0.1568025038743363,-38.88,0.543,-0.25636607245749654,Microelectronics Technology Inc.
3325.TWO,-0.026599739668273406,0.103704263590799,-27.64,0.359,-0.25649610485863794,"Casing Macron Technology Co., Ltd."
7782.TWO,-0.01756750939080666,0.06811062854296694,-19.16,0.236,-0.2579261088410653,"Speeding Rocket Co., Ltd"
2482.TW,-0.023335862653725815,0.08955255288430655,-24.67,0.31,-0.26058288571486676,Uniform Industrial Corporation
8933.TWO,-0.018879879209508912,0.07212695027335797,-20.45,0.25,-0.26175901154776404,Ideal Bike Corporation
7706.TWO,-0.019155915615947303,0.07279768081925476,-20.71,0.252,-0.26313909180030665,Acer Synergy Manpower Corp.
7455.TWO,-0.015657083120116655,0.059437853663209195,-17.25,0.206,-0.26341938941526866,Dexatek Technology Ltd.
3632.TWO,-0.015960156411068804,0.059948181870756075,-17.56,0.208,-0.2662325347160276,Papago Inc.
1565.TWO,-0.014685868104061603,0.054714972737615,-16.27,0.19,-0.26840675174028705,"St.Shine Optical Co.,Ltd."
3272.TWO,-0.02038391151511005,0.07578858025645488,-21.9,0.263,-0.26895755859437626,"Good Way Technology Co., Ltd."
6963.TWO,-0.017808935371520448,0.06557781234177364,-19.4,0.227,-0.27156952535569717,"Texture Maker Enterprise Co., Ltd"
6645.TW,-0.030266089076891278,0.11125269624491284,-30.84,0.385,-0.2720481399413745,"Kim Forest Enterprise Co., Ltd."
7785.TWO,-0.03417654187355595,0.12532060702128858,-34.12,0.434,-0.27271286571210335,Pershing Technology Services Corporation
4528.TWO,-0.01789909274654728,0.06558070928048884,-19.49,0.227,-0.2729322836383611,"Chian Hsing Forging Industrial Co., Ltd."
1441.TW,-0.011997220449295541,0.043656610803184295,-13.48,0.151,-0.27480879135080427,"Tah Tong Textile Co., Ltd."
6677.TWO,-0.02547775245346174,0.09245870150412519,-26.63,0.32,-0.2755581901864046,"Anxo Pharmaceutical Co., Ltd."
4178.TW,-0.02960814532735649,0.10738365889980378,-30.28,0.372,-0.2757230069333258,"StemCyte International, Ltd."
6504.TW,-0.016417241853647634,0.05947055735781226,-18.02,0.206,-0.2760566334509224,"Nan Liu Enterprise Co., Ltd."
4416.TWO,-0.03573619635534659,0.1293369347194047,-35.38,0.448,-0.27630310268969915,"Shanyuan Co., Ltd."
2941.TWO,-0.031493634414026916,0.11390548739459076,-31.89,0.395,-0.2764891765479818,Mister International Enterprise Corp.
3011.TW,-0.030383086496349344,0.10988854830003401,-30.94,0.381,-0.27649001616977353,"Ji-Haw Industrial Co.,Ltd."
6997.TWO,-0.016147611492705848,0.057913433191692544,-17.75,0.201,-0.2788232470911802,"Nextlink Technology Co., Limited"
7710.TWO,-0.017032527302337685,0.06104418575502593,-18.63,0.211,-0.2790196493191057,ASRock Industrial Computer Corporation
6676.TWO,-0.026594851487447963,0.09480549129915601,-27.64,0.328,-0.28052015893814286,Sunny Pharmtech Inc.
6294.TWO,-0.0266346122215778,0.09483935024783459,-27.67,0.329,-0.2808392523986733,"Tekom Technologies, Inc"
6592.TW,-0.014075418068752205,0.049830655587852435,-15.64,0.173,-0.28246503889432006,"Hotai Finance Co., Ltd."
2734.TWO,-0.024278863390159233,0.0859287756411159,-25.54,0.298,-0.2825463671396952,"Ezfly International Travel Agent Co., Ltd."
4999.TW,-0.014010846746897619,0.049436521825935685,-15.58,0.171,-0.2834108515204475,Sinher Technology Inc.
7507.TWO,-0.02243733487271374,0.07907053563573518,-23.84,0.274,-0.283763537104122,Enrestec Inc.
7894.TWO,-0.0786074942364516,0.2767111780421786,-62.56,0.959,-0.28407776943680096,Hypersonic Inc.
7702.TWO,-0.03651148983812541,0.12787961088684296,-36.0,0.443,-0.28551455220201905,APEX Wind Power Equipment Manufacturing
6958.TW,-0.02409760735154531,0.08342539289324429,-25.38,0.289,-0.2888521889538109,"Infinite Finance Co., Ltd."
9110.TW,-0.023405980796233017,0.08098474205254283,-24.74,0.281,-0.28901716796291377,Vietnam Manufacturing and Export Processing (Holdings) Limited
2063.TWO,-0.01596231062290375,0.05450006713581748,-17.56,0.189,-0.29288607265610705,"Sheh Kai Precision Co., Ltd."
6939.TWO,-0.025398900507591925,0.08600242103675397,-26.56,0.298,-0.29532773846840266,TFBS Bioscience Inc.
2239.TW,-0.025840280705709113,0.08661884284445515,-26.96,0.3,-0.2983217029591531,"Cayman Engley Industrial Co., Ltd."
7842.TWO,-0.04256544125238665,0.14255458788700068,-40.67,0.494,-0.29859046897969477,"Greenet Co., Ltd."
7783.TWO,-0.03519659354370242,0.11650032949160513,-34.95,0.404,-0.30211582831822503,Giant Heavy Machinery Service Corporation
6564.TWO,-0.023321988213891216,0.07695781798453803,-24.66,0.267,-0.30304897961863925,Enimmune Corporation
1219.TW,-0.011420026196060515,0.03758316893820441,-12.88,0.13,-0.3038601192687538,"Fwusow Industry Co., Ltd."
5907.TW,-0.023351680469112228,0.07600666476035431,-24.69,0.263,-0.3072320110708588,Grand Ocean Retail Group Ltd.
2616.TW,-0.01972443831672281,0.0634292827539159,-21.26,0.22,-0.3109673869913828,"Shan-Loong Transportation Co.,Ltd"
6549.TWO,-0.019361198716640122,0.06193407145964503,-20.91,0.215,-0.31260981654105335,"TaiwanJ Pharmaceuticals Co., Ltd."
6158.TWO,-0.019038044702319627,0.060584332709054695,-20.6,0.21,-0.31424039600710624,P-Two Industries Inc.
7849.TWO,-0.04556465862370792,0.1431278241751195,-42.86,0.496,-0.31834941169760766,"Shine Passion Engineering Co., Ltd."
4743.TWO,-0.031031086588955148,0.0968599867776501,-31.5,0.336,-0.32037054330999964,"Oneness Biotech Co., Ltd."
7760.TW,-0.020689372753146577,0.06436219209883962,-22.19,0.223,-0.3214522700124066,"Enjoy Warmth Co., Ltd."
2712.TW,-0.022866313986232113,0.07041581086151211,-24.24,0.244,-0.32473266595202116,"FarGlory Hotel Co.,Ltd"
7840.TWO,-0.009587922948435124,0.029506615387990993,-10.92,0.102,-0.32494146896757764,"Nice Garden Industrial Co., Ltd."
6976.TWO,-0.028857864829322535,0.08776932945061916,-29.63,0.304,-0.328792130576303,"Acepodia, Inc."
6641.TW,-0.021303273218531222,0.06361229354158764,-22.77,0.22,-0.3348923931598825,"GSD Technologies Co., Ltd."
8403.TWO,-0.01119069702171946,0.03339556891601558,-12.63,0.116,-0.33509526517910926,"ShareHope Medicine Co., Ltd."
5015.TWO,-0.01400095807231104,0.04164825383138188,-15.57,0.144,-0.3361715506488136,Rodex Fasteners Corp.
2758.TWO,-0.020025984123734863,0.05948784654007019,-21.55,0.206,-0.3366399237572945,Louisa Professional Coffee Ltd.
7779.TWO,-0.04284475639483894,0.12475175427761998,-40.87,0.432,-0.3434401114672352,"Carry International Co., Ltd"
8488.TW,-0.014006654300315686,0.04063661651660447,-15.57,0.141,-0.34468062306792807,Jiyuan Packaging Holdings Limited
7881.TWO,-0.017807342611488756,0.051440833391083164,-19.4,0.178,-0.34617134749950434,Eyecare Tech Inc.
4174.TWO,-0.044016092697886276,0.12704125685734408,-41.74,0.44,-0.34647085353785817,"OBI Pharma, Inc."
9910.TW,-0.022634521782280304,0.06532027136932703,-24.02,0.226,-0.34651604023967636,"Feng Tay Enterprises Co., Ltd."
4192.TWO,-0.021941363222285275,0.06318221414487002,-23.37,0.219,-0.34727119837832987,"SynCore Biotechnology Co.,Ltd"
7931.TWO,-0.022511717673007997,0.06447207403870728,-23.91,0.223,-0.349170055542072,"Susen Green Energy Co., Ltd."
8066.TWO,-0.017522972321964814,0.04977570628219449,-19.11,0.172,-0.35203864758083886,Lifestyle Global Enterprise Inc.
6987.TWO,-0.031524422416435306,0.08953746513852268,-31.91,0.31,-0.35208080067560693,Ina Energy Corporation
2754.TWO,-0.016313995900353574,0.04627315984015396,-17.91,0.16,-0.35255850166076086,"Kura Sushi Asia Co., Ltd."
6793.TWO,-0.05212733295507088,0.1467343062688487,-47.4,0.508,-0.3552497999994796,"Tien Li Offshore Wind Technology Co., Ltd."
6839.TWO,-0.028192273802944545,0.07797801885108192,-29.05,0.27,-0.36154129353792097,"Power Master Energy Co.,Ltd."
2726.TWO,-0.03342958370402668,0.09244616468650356,-33.5,0.32,-0.3616113639477696,Yummy Town (Cayman) Holdings Corporation
1338.TW,-0.022381674258720605,0.06144750592085862,-23.79,0.213,-0.36424056474394756,Hiroca Holdings Ltd.
4972.TWO,-0.012309592138887738,0.03364406706263623,-13.81,0.117,-0.36587705392367037,Tons Lightology Inc.
4175.TWO,-0.012218984972517296,0.03337759789671772,-13.72,0.116,-0.3660834135016913,"MedFirst Healthcare Services, Inc."
1201.TW,-0.00952146585617256,0.02577879356207135,-10.85,0.089,-0.36935265543929907,Wei Chuan Foods Corporation
4128.TWO,-0.02843577492335354,0.07687091854311853,-29.26,0.266,-0.36991589878561565,"Microbio Co., Ltd."
7879.TWO,-0.08549116570825607,0.22618926069480771,-65.78,0.784,-0.37796297421745173,Advanced Material Systems Corporation
6281.TW,-0.009366004689583424,0.024437414963387402,-10.68,0.085,-0.3832649526807868,E-Life Corporation
9943.TW,-0.01013706464155389,0.026434337473116996,-11.51,0.092,-0.3834809422351897,"Holiday Entertainment Co.,Ltd"
8444.TWO,-0.04746895837009194,0.12335982594510339,-44.21,0.427,-0.384800789125758,Green River Holding Co. Ltd.
2913.TW,-0.01724843492649393,0.04392468639863877,-18.84,0.152,-0.39268202782270656,Taiwan Tea Corporation
4502.TWO,-0.02237222586189787,0.05682534117421013,-23.78,0.197,-0.39370156693491853,"Jian Sin Industrial Co., Ltd."
1813.TWO,-0.013657458351706111,0.034533361779301504,-15.21,0.12,-0.395485919934157,"Polylite Taiwan Co., Ltd."
2201.TW,-0.024657648788701976,0.06162262741579138,-25.89,0.213,-0.4001395237877056,Yulon Motor Company Ltd.
7826.TWO,-0.02277836724257798,0.05634952346981704,-24.16,0.195,-0.40423353810221563,Twister5 Co. Ltd.
7797.TWO,-0.02648003595345212,0.06490721823708823,-27.53,0.225,-0.40796750612124255,"Q Burger Group Co., Ltd."
7803.TW,-0.04713380843856072,0.11375027488415322,-43.97,0.394,-0.4143621497755785,"aetherAI Co., Ltd."
6659.TWO,-0.026242839642861168,0.06312032217555019,-27.32,0.219,-0.41575896222257236,"Timing Pharmaceutial Co.,Ltd."
2255.TWO,-0.03640005789186446,0.0863287183451675,-35.91,0.299,-0.42164483140275943,"JET Optoelectronics Co., Ltd."
7743.TWO,-0.02999453637176522,0.07087678938160959,-30.61,0.246,-0.4231926507036154,"Kee Fresh & Safe Foodtech Co., Ltd."
6804.TWO,-0.028248509843162795,0.06528410474177974,-29.1,0.226,-0.43270119051023226,"Axman Enterprise Co., Ltd."
7595.TWO,-0.030003837286262915,0.06901499171927689,-30.62,0.239,-0.4347437641998935,"Pharmigene, Inc."
7705.TW,-0.02832318808091538,0.06457184639312707,-29.16,0.224,-0.43863060548830857,"Mercuries F&B Co., Ltd."
7757.TWO,-0.02769291860475642,0.06273274358663637,-28.61,0.217,-0.44144280994998114,"Lebledor F&B Co., Ltd."
2227.TW,-0.03260172169795712,0.07345119381892544,-32.82,0.254,-0.44385557269944553,"Yulon Nissan Motor Co., Ltd"
4724.TWO,-0.036966994444015744,0.08285903706473291,-36.37,0.287,-0.4461431818853458,"Meribank Biotech Co., Ltd"
6844.TWO,-0.028731142777207282,0.06376963733273851,-29.52,0.221,-0.45054580798842153,"Norbel Baby Co., Ltd"
6879.TWO,-0.023169183785969393,0.051309872634074584,-24.52,0.178,-0.4515541083331958,TCI GENE Inc.
4190.TW,-0.023383170371437348,0.05152190433136424,-24.72,0.178,-0.4538491089352595,Jourdeness Group Limited
7752.TWO,-0.048348901517314816,0.10590634435818343,-44.83,0.367,-0.4565250723204561,"Century Huaxin Wind Energy Co., Ltd."
7816.TWO,-0.04767551203279239,0.10186796874114622,-44.36,0.353,-0.46801278774822014,Ritwin Corporation
2761.TWO,-0.03429314328063989,0.07303435777574588,-34.21,0.253,-0.4695480911318203,"G-Yen Hutong Co., Ltd."
6550.TW,-0.04933055589790993,0.10405837460312689,-45.51,0.36,-0.4740661776243772,Polaris Group
6946.TWO,-0.05796192845351012,0.12074963911947023,-51.15,0.418,-0.4800174052376449,"Santi Renewable Energy Co., Ltd."
7784.TWO,-0.026065404230932756,0.05397340749561228,-27.16,0.187,-0.4829304918918028,"Anbogen Therapeutics, Inc."
7566.TWO,-0.026620056531388478,0.05446061508422222,-27.66,0.189,-0.4887946360910744,"Argo Yachts Development Co.,Ltd."
7824.TWO,-0.056064530508800114,0.1101239205495311,-49.96,0.381,-0.509104018718473,Nada Holdings Corp
7888.TWO,-0.054999463690069,0.10677125523392733,-49.28,0.37,-0.5151148927636895,Libo Pharma Corp.
7873.TWO,-0.1607755701799589,0.3113106313620922,-87.8,1.078,-0.5164474129152284,"Raytek Semiconductor, Inc"
2430.TW,-0.017841092147708803,0.03454511561939126,-19.43,0.12,-0.5164577344096088,"Tsann Kuen Enterprise Co.,Ltd"
6929.TWO,-0.043130062953007677,0.08329678908490655,-41.08,0.289,-0.5177878214374398,"We Can Medicines Co., Ltd."
7836.TWO,-0.03790126161547284,0.07082834923411299,-37.1,0.245,-0.5351142872212881,"KNST Co., Ltd."
6469.TWO,-0.034104463055482113,0.05929257908998253,-34.06,0.205,-0.5751894010838206,"Great Tree Pharmacy Co., Ltd."
7415.TWO,-0.07723025350003312,0.13342421602455407,-61.88,0.462,-0.5788323574321803,"BE Epitaxy Semiconductor Technology Co., Ltd."
7918.TWO,-0.1181987097112119,0.19483965533578385,-77.9,0.675,-0.6066460624122433,XALLOY Advanced Materials Corporation
6887.TW,-0.04386251732410437,0.07182408662030593,-41.62,0.249,-0.6106937016266026,"BORETECH Resource Recovery Engineering CO., LTD."
7915.TWO,-0.1361808163588783,0.2195717949406001,-82.74,0.761,-0.6202108808907754,U-LEAM Inc.
7723.TWO,-0.057673848699757814,0.09251616376125893,-50.98,0.32,-0.6233921333853306,"Jhu Jian Catering Co., Ltd."
2926.TWO,-0.021740450896659047,0.03465641960209893,-23.18,0.12,-0.627313817938145,Eslite Spectrum Corporation
7770.TWO,-0.04150583213282895,0.06504211269730759,-39.87,0.225,-0.6381378219675677,"ZEITEC Semiconductor Co., LTD."
7909.TWO,-0.10431638288575736,0.15931332156399378,-73.34,0.552,-0.6547875711941329,"Ye Siang Enterprise Co., Ltd."
7847.TWO,-0.06373904052107042,0.09293721447236823,-54.63,0.322,-0.6858290393459241,"Li Yu Chu Co., Ltd."
7850.TWO,-0.07883173017640711,0.11442936056539536,-62.67,0.396,-0.6889117424662657,Protect Animal Health Inc.
7745.TWO,-0.08545352252815289,0.11955155677599118,-65.77,0.414,-0.7147838542016711,"Red Sunrise Co., Ltd."
7862.TWO,-0.0730153259937488,0.10206110837215979,-59.74,0.354,-0.7154079272537658,"Acegreen Eco-Material Technology Co., Ltd."
7791.TW,-0.02920112784450546,0.03654794044733868,-29.93,0.127,-0.7989814880699195,"Lucky Royal Co., Ltd."
7833.TWO,-0.06536045426645283,0.07984025198067592,-55.56,0.277,-0.8186403805723497,"Greenrock Energy Co., Ltd."
7889.TWO,-0.03830298103615594,0.04191533117178539,-37.42,0.145,-0.913817926886355,"TSA International Co., Ltd."
7771.TWO,-0.05180778335254056,0.052864478347983086,-47.19,0.183,-0.9800112470894582,Greenbase Technology Corp
7898.TWO,-0.17493788671513574,0.16782725458758282,-90.05,0.581,-1.0423687567613884,"InPsytech, Inc."
7919.TWO,-0.17898457033469758,0.16988489311529248,-90.62,0.588,-1.0535637810551501,Altasec Technology Corporation
3644.TWO,-0.1274779043937483,0.10296066307155559,-80.53,0.357,-1.2381224109362399,"Linco Technology Co., Ltd."
7913.TWO,-0.08215923622251071,0.048026311698578475,-64.26,0.166,-1.7107130095302017,QBit Semiconductor Ltd.
7922.TWO,-0.07764986554341878,0.038001953416911136,-62.09,0.132,-2.0433124763755974,EVOASIS INC.
7794.TWO,0.01946899954196626,,26.03,,,Acerpure Inc.
7835.TW,-0.06375837809308887,,-54.64,,,H2U Corporation
7904.TWO,-0.11423843297292866,,-76.68,,,"Citiesocial Co., Ltd."
7930.TWO,2.0954824977070694,,77399770.41,,,"WaveSplitter Technologies, Inc."
7933.TWO,-0.0747384138409302,,-60.63,,,"Weblisher Data Tech Co., Ltd."
7936.TWO,0.23183387349579324,,1120.75,,,"Grenergy Enterprise Co., Ltd"
7422.TWO,-0.0590716883034941,,-51.84,,,"SMOBiO Technology, Inc"
7748.TWO,-0.14912281484497217,,-85.6,,,"Jollify Creative, Ltd."
6849.TWO,-0.018315018315018316,,-19.89,,,"Chyi Ding Technologies Co., Ltd"
