Ticker,mean,std,Return,Risk,sharpe,beta,Volatility,Follows Market Direction ?,Name
AUREATE.BO,0.16719849777600726,0.010471794393969822,539.35,0.036,15.966556588648116,,,,Aureate Tradde Limited
VOGL.BO,0.09489315208599776,0.00766008743743776,196.8,0.027,12.387998552368847,,,,Vedanta Oil and Gas Limited
ELIQUID.NS,0.004081186049542489,0.0003367319962307896,5.01,0.001,12.119982939623364,0.0011517301915204342,0.001,Yes,Edelweiss Nifty 1D Rate Liquid ETF - Growth
LIQUID1.NS,0.004130086491372731,0.0003585906104103368,5.07,0.001,11.517553364396953,0.0016560393343959699,0.002,Yes,Kotak Mahindra Mutual Fund - Kotak Nifty 1d Rate Liquid Etf
LIQUIDADD.NS,0.004042403018871301,0.000357129798007012,4.96,0.001,11.319142343848696,0.0014078854395458053,0.001,Yes,DSP S&P BSE Liquid Rate ETF
LIQUIDPLUS.NS,0.004107417587429689,0.00037086117166731285,5.04,0.001,11.075350835364118,0.0014038050033208984,0.001,Yes,Mirae Asset Nifty 1D Rate Liquid ETF-Growth
LIQUIDSHRI.NS,0.003893724364405753,0.0003519265042120113,4.77,0.001,11.064027056228916,0.0019378840558781146,0.002,Yes,Shriram Nifty 1D Rate Liquid ETF
LIQUIDCASE.NS,0.004056838483285354,0.00037014224700832895,4.98,0.001,10.960214663618407,0.0018205243063072274,0.002,Yes,Zerodha Nifty 1D Rate Liquid ETF
HDFCLIQUID.NS,0.003975929116572633,0.00036830076999215614,4.88,0.001,10.795332077794217,0.0011089591451878336,0.001,Yes,HDFC Nifty 1D Rate Liquid ETF - Growth
LIQUIDBETF.NS,0.0039701415158299195,0.00036976330089030237,4.87,0.001,10.736980945028238,0.0023108609459259266,0.002,Yes,Bajaj Nifty 1D Rate Liquid ETF - Growth
AONELIQUID.NS,0.0040906702603067295,0.00038940611409908496,5.02,0.001,10.504894792858472,0.001035699530372843,0.001,Yes,Angel One Nifty 1D Rate Liquid ETF - Growth
VOGL.NS,0.09577625510961821,0.009306990360539573,199.68,0.032,10.290786967578375,,,,Vedanta Oil and Gas Limited
GROWWLIQID.NS,0.003879492442861257,0.0003941434696629286,4.76,0.001,9.84284338436204,0.002431448038842385,0.002,Yes,Groww Nifty 1D Rate Liquid ETF
AUTOPRD.BO,0.2417756213950662,0.040747228233284395,1244.37,0.141,5.933547676196823,,,,Automobile Products Of India Limited
ABSLLIQUID.NS,0.0028649350689844864,0.0005700628263527104,3.49,0.002,5.025647940095445,0.001057764579613549,0.001,Yes,Aditya BSL CRISIL Liquid Ovrnght ETF
E2E.BO,0.2511313458171579,0.07780561393570329,1371.08,0.27,3.2276764247974046,,,,E2E Networks Limited
SBINMID150.NS,0.016480752235100708,0.007664642068531564,21.67,0.027,2.1502311637963003,-0.15345588272548288,0.153,No,SBI Nifty Midcap 150 ETF
SMALLIETF.NS,0.019548972487876903,0.009321437686463669,26.15,0.032,2.0972057257074597,,,,ICICI Prudential Nifty Smallcap 250 ETF
MERCURYEV.NS,0.08202079142535121,0.03997558742018128,157.53,0.138,2.051772011833998,,,,Mercury Ev-Tech Limited
HRMNYCP.BO,0.04085242308571752,0.020198001688595354,61.69,0.07,2.0225972705401114,-0.08376978286172747,0.084,No,Harmony Capital Services Limited
LIQUID.NS,0.003221834795301874,0.001616511021265345,3.94,0.006,1.9930793869750056,-0.008518270965116781,0.009,No,Mirae Asset Nifty 1D Rate Liquid ETF-IDCW
SMALLGROWW.NS,0.032174095404495826,0.016589367007687927,46.23,0.057,1.93944081106805,,,,Groww Nifty Smallcap 250 Momentum Quality 100 ETF
LIQUIDSBI.NS,0.0029146614498263782,0.0015928192510123672,3.55,0.006,1.8298758305274574,-0.01297573311774863,0.013,No,SBI NIFTY 1D Rate Liquid ETF - IDCW
HANNAH.BO,0.12021274150630161,0.07087871694004261,290.49,0.246,1.6960343908029742,-0.3293057951573249,0.329,No,Hannah Joseph Hospital Limited
SBISMLETF.NS,0.028187088953576116,0.017016521121863925,39.59,0.059,1.656454262990308,-0.12057255327423577,0.121,No,SBI Nifty Smallcap 250 ETF
ALCHCORP.BO,0.036249613461164384,0.02328189488069288,53.31,0.081,1.5569872489728198,-0.18563468726471855,0.186,No,Alchemist Corporation Limited
SHAMROIN.BO,0.03620488470366039,0.023253458376539478,53.23,0.081,1.5569677472228245,-0.18370438598082633,0.184,No,Shamrock Industrial Company Limited
GFSTEELS.BO,0.03599915513900647,0.023121655633727388,52.87,0.08,1.556945389606736,-0.24458735901717038,0.245,No,Tikona Communication Limited
PMTELELIN.BO,0.03618074896842116,0.023238336099074507,53.19,0.08,1.5569423221252963,-0.18548979464292684,0.185,No,P.M. Telelinnks Limited
MAHANIN.BO,0.035951259796927044,0.023091343029129276,52.78,0.08,1.5569150634320073,-0.18218443583084884,0.182,No,Mahan Industries Limited
PREMCAPM.BO,0.03596951026704391,0.023103160738412253,52.81,0.08,1.5569086271057078,-0.18363364550147074,0.184,No,Premium Capital Market and Investment Limited
ISERA.BO,0.3437074983795404,0.22414534059815375,3364.63,0.776,1.5334135318732183,-0.3000502415159778,0.3,No,iSERA Lifesciences Limited
GFSTEELS.NS,0.035837933709376935,0.02359963184653611,52.58,0.082,1.518580202539775,-0.17849150120067897,0.178,No,Tikona Communication Limited
AXISOL.BO,0.31625697394265945,0.21094669042865782,2604.51,0.731,1.4992270004331618,0.6897574336818338,0.69,Yes,Axis Solutions Limited
VPAL.BO,0.216419235126976,0.14619816432745578,949.54,0.506,1.4803143125808238,-6.929326367308327,6.929,No,Vegorama Punjabi Angithi Limited
SHENTRA.BO,0.20910623212460433,0.14445992507380948,876.28,0.5,1.4475033959609551,1.8308189861001463,1.831,Yes,Midaas Fashions Limited
APPL.BO,0.23497441246884226,0.1734385972689541,1158.62,0.601,1.3547988519790872,-0.05384467517343733,0.054,No,Aptus Pharma Limited
RECODE.BO,0.17798303088988296,0.13225029142560155,613.95,0.458,1.3458044513271166,-6.257506039042101,6.258,No,Recode Studios Limited
HEXAGON.BO,0.03368935158031494,0.025199583217561397,48.83,0.087,1.3369011419536927,,,,Hexagon Nutrition Limited
PRABHATAM.BO,0.03163962654753991,0.025084927245138937,45.32,0.087,1.2613003114717494,0.25281273435443763,0.253,Yes,Prabhatam Infra Venture Limited.
CRESANTO.BO,0.031521976608732585,0.024992009493883572,45.12,0.087,1.2612821956732663,-0.09326545949341616,0.093,No,Cresanto Global Limited
BARONINF.BO,0.02974565052422939,0.023651721176356118,42.15,0.082,1.2576526800072878,-0.21955637334295283,0.22,No,Baron Infotech Limited
BAGMANE.BO,0.014649889815099681,0.011670358225672042,19.07,0.04,1.2553076376758832,-0.44702701241579457,0.447,No,Bagmane Prime Office REIT
PROGREXV.BO,0.038202693793316894,0.031059670656695935,56.81,0.108,1.2299774268559749,-0.051992204480514184,0.052,No,Progrex Ventures Limited
CUBEINVIT.BO,0.02522616265289577,0.020685964441037274,34.85,0.072,1.2194820659582857,-0.11038265878702097,0.11,No,Cube Highways Trust
HEXAGON.NS,0.0311543565301236,0.026662757566489653,44.51,0.092,1.1684596558489166,,,,Hexagon Nutrition Limited
TANDHANIN.BO,0.3063872082020875,0.2629352501435344,2370.94,0.911,1.1652572564341714,-2.4489622779268476,2.449,No,Tandhan Industries Limited
GUJINJEC.BO,0.17822044713456783,0.15625671166407318,615.68,0.541,1.1405618692252604,-0.34924805138591275,0.349,No,Gujarat Inject (Kerala) Limited
ALTIUSINVIT.BO,0.026462369032624347,0.023266158017323974,36.81,0.081,1.137375969548581,0.2208459656527351,0.221,Yes,Altius Telecom Infrastructure Trust
GEETANJ.BO,0.08433696998901817,0.0746435518873328,164.22,0.259,1.1298627658597575,0.5625988148770585,0.563,Yes,Geetanjali Credit and Capital Limited
ELFIN.BO,0.17434080965881366,0.15672757221355857,587.91,0.543,1.1123812306698346,-3.5819810074380007,3.582,No,Elfin Agro India Limited
SEDEMAC.BO,0.1625487139113747,0.15005797574376353,509.44,0.52,1.0832394153373104,0.5762585929540116,0.576,Yes,SEDEMAC Mechatronics Limited
CHEMIESYNT.BO,0.10521651889202327,0.09835994737442347,232.18,0.341,1.06970897911829,-0.5907852492017454,0.591,No,Chemiesynth (Vapi) Limited
SEDEMAC.NS,0.1618785991671992,0.1528679201482258,505.24,0.53,1.0589442115143344,0.5526247529420639,0.553,Yes,SEDEMAC Mechatronics Limited
INDOSMC.BO,0.20665263531174444,0.19568522782299902,852.77,0.678,1.0560461697122363,2.419677036613791,2.42,Yes,Indo SMC Limited
LIQUIDETF.NS,0.0018555159547560423,0.0018073458911633537,2.25,0.006,1.0266523767410578,-0.015849740690725547,0.016,No,DSP NIFTY 1D Rate Liquid ETF
AUROPHARMA.NS,0.043502384192476005,0.0425575952290428,66.69,0.147,1.022200243184522,0.06909626054562074,0.069,Yes,Aurobindo Pharma Limited
RIIT.BO,0.02413143489574275,0.02362852454437506,33.13,0.082,1.021284035337171,-0.249606010874475,0.25,No,Raajmarg Infra Investment Trust
SBC.NS,0.06513556752444162,0.06674408605047732,113.24,0.231,0.9759002089740324,0.8008551878961818,0.801,Yes,SBC Exports Limited
AAYUSHBULL.BO,0.02323695424194041,0.02389346128619284,31.74,0.083,0.9725235688379815,0.07936378567850706,0.079,Yes,Aayush Art and Bullion Limited
SBC.BO,0.06496007674272547,0.06835829433770471,112.81,0.237,0.9502881453098974,0.8150634748291183,0.815,Yes,SBC Exports Limited
SHADOWFAX.BO,0.14301666810171135,0.15190426391958547,397.31,0.526,0.94149212412774,2.1737223222285493,2.174,Yes,Shadowfax Technologies Limited
PSPLATINA.BO,0.01703480859736637,0.01812086316774361,22.47,0.063,0.940066068579421,0.23026168661341956,0.23,Yes,Property Share Investment Trust
MSAFE.BO,0.11909859387338968,0.12714744383662108,285.85,0.44,0.9366967221647506,1.4305289905755159,1.431,Yes,Msafe Equipments Limited
SHADOWFAX.NS,0.14311476254951883,0.1529603718706526,397.83,0.53,0.9356329407367061,2.1905674544845026,2.191,Yes,Shadowfax Technologies Limited
RUBICON.NS,0.1206202092267284,0.13126887608358037,292.19,0.455,0.9188789667851515,1.5649226218579426,1.565,Yes,Rubicon Research Limited
TACENT.BO,0.03672895745376325,0.04002801697168317,54.16,0.139,0.9175812401535215,0.049759711808094624,0.05,Yes,Tacent Projects Limited
RUBICON.BO,0.1204939410361934,0.131647252299839,291.66,0.456,0.9152788146444342,1.57674063410748,1.577,Yes,Rubicon Research Limited
INDUSINVIT.BO,0.024669449985603352,0.02703852450309457,33.97,0.094,0.9123815163353283,0.2869707059744558,0.287,Yes,Indus Infra Trust
SWANDEF.NS,0.14610566219958926,0.16688097888935025,413.68,0.578,0.8755081805725985,1.3294933963542925,1.329,Yes,Swan Defence and Heavy Industries Limited
SWANDEF.BO,0.13964415078314862,0.16155324795191106,379.99,0.56,0.8643846691631726,1.4729142967232467,1.473,Yes,Swan Defence and Heavy Industries Limited
SANSERA.BO,0.1093496740066485,0.12651307219227576,247.39,0.438,0.8643349822416598,1.2841897084171756,1.284,Yes,Sansera Engineering Limited
SANSERA.NS,0.10930329228249276,0.12719901944706272,247.22,0.441,0.8593092364834012,1.2948493847724207,1.295,Yes,Sansera Engineering Limited
SIGNGCL.BO,0.04509143354695767,0.05250785853861177,69.77,0.182,0.858755904390951,0.21978141316940616,0.22,Yes,Signature Green Corporation Limited
SHANTAI.BO,0.21379846307077635,0.2498589288740883,922.73,0.866,0.8556766973835706,-2.006798658581847,2.007,No,Shantai Industries Limited
OMNI.BO,0.18899606159944288,0.22594054068117503,698.3,0.783,0.8364858339705199,2.106191435833257,2.106,Yes,Omnitech Engineering Limited
ANZEN.BO,0.021475716288501343,0.02582456983695342,29.04,0.089,0.8316001553594466,-0.20940300710279222,0.209,No,Anzen India Energy Yield Plus Trust
GRANULES.NS,0.04529843834860286,0.0544854699989802,70.17,0.189,0.8313856584049051,0.2532514275584913,0.253,Yes,Granules India Limited
DIKSHA.BO,0.31783949770122827,0.3835761944675053,2643.79,1.329,0.8286215419141557,,,,Diksha Polymers Limited
OMNI.NS,0.1885195457691779,0.2284748364328986,694.47,0.791,0.8251217014200368,2.4895084773186666,2.49,Yes,Omnitech Engineering Limited
OMKAR.BO,0.0272287385621561,0.03317203218150386,38.04,0.115,0.8208342019316611,-0.3283437241835987,0.328,No,Omkar Overseas Limited
NAVINFLUOR.NS,0.06143904560815465,0.07488151128650111,104.52,0.259,0.820483515257661,0.7681438911874838,0.768,Yes,Navin Fluorine International Limited
KSHINTL.NS,0.13971177052164716,0.1711730514356045,380.33,0.593,0.8162019041543283,1.0979715431960184,1.098,Yes,KSH International Limited
KSHINTL.BO,0.1403231265863802,0.17200419778320658,383.43,0.596,0.815812220834534,1.1163468327117023,1.116,Yes,KSH International Limited
GAYAPROJ.BO,0.06487932242718553,0.07954334286303717,112.62,0.276,0.8156474205377426,0.31389546497738224,0.314,Yes,Gayatri Projects Limited
AETHER.NS,0.08062825787494896,0.0988768205692206,153.58,0.343,0.8154414493789635,-0.08437795997256592,0.084,No,Aether Industries Limited
COSPOWER.BO,0.11755794980695988,0.14500600230436525,279.53,0.502,0.8107109218845138,1.2542206016442707,1.254,Yes,Cospower Engineering Limited
NAVINFLUOR.BO,0.061601097732508485,0.07609541140831762,104.9,0.264,0.8095244718760424,0.7974523645317415,0.797,Yes,Navin Fluorine International Limited
AETHER.BO,0.08068597781982187,0.10045139125235496,153.74,0.348,0.8032340499607594,-0.058207541053314826,0.058,No,Aether Industries Limited
GAYAPROJ.NS,0.06637324153876199,0.08330900684879834,116.23,0.289,0.7967114727369885,0.0674765154007726,0.067,Yes,Gayatri Projects Limited
SAMTELIN.BO,0.3968065051745958,0.5053980152831851,5416.14,1.751,0.7851366510655109,-3.3888410484425284,3.389,No,Samtel India Limited
BLISSGVS.BO,0.14958290097000806,0.19112805253407186,432.7,0.662,0.7826318480555979,0.12805336339937584,0.128,Yes,Bliss GVS Pharma Limited
TMTIND-B1.BO,0.03186773982403726,0.04073439616065089,45.71,0.141,0.7823299920380618,-0.5165220661849395,0.517,No,TMT (India) Ltd.
BLISSGVS.NS,0.15004730880866396,0.1921299983652873,435.29,0.666,0.7809676265305869,0.13215986592149406,0.132,Yes,Bliss GVS Pharma Limited
ASIACAP.BO,0.20109862921562308,0.25763871320328724,801.46,0.892,0.7805450769230796,-2.678510418969514,2.679,No,Asia Capital Limited
SUSAN.BO,0.15264504811930296,0.19581926208100178,449.98,0.678,0.7795200865181509,,,,Susan Electricals India Limited
ARMAN.BO,0.03511222195824971,0.045054762039655166,51.3,0.156,0.7793232139889124,0.04884510474085999,0.049,Yes,Arman Holdings Limited
LAURUSLABS.NS,0.0828106288148157,0.10671999319292023,159.79,0.37,0.7759617138010586,1.2096412573792967,1.21,Yes,Laurus Labs Limited
SMTEL.BO,0.21026848004423251,0.2714442797447056,887.6,0.94,0.7746285176537551,1.5902993514307597,1.59,Yes,SMT Engineering Limited
LAURUSLABS.BO,0.08240996164468696,0.1070675125633888,158.64,0.371,0.7697009080686034,1.208354389333471,1.208,Yes,Laurus Labs Limited
AEROFLEX.BO,0.11521511820705793,0.15051236283521388,270.09,0.521,0.7654860772679478,0.5704984136541436,0.57,Yes,Aeroflex Industries Limited
AEROFLEX.NS,0.11479295410161491,0.15013115043486583,268.41,0.52,0.7646178276067874,0.5540276711903261,0.554,Yes,Aeroflex Industries Limited
SHARDUL.NS,0.18646065346049823,0.24542238364306596,678.11,0.85,0.7597540643712446,2.9921905320770805,2.992,Yes,Shardul Securities Limited
NIRLON.BO,0.03409699695497268,0.04490860421813714,49.53,0.156,0.7592530996811075,0.48178737189503335,0.482,Yes,Nirlon Limited
SALSAIN.BO,0.4767877301675485,0.628234831289783,10660.11,2.176,0.7589323393430614,-6.660179830951773,6.66,No,Shree Salasar Investments Limited
PRADPME.BO,0.08297861136059397,0.11007543711616484,160.28,0.381,0.7538340390420158,-0.37457611443310357,0.375,No,Pradeep Metals Limited
PIRAMALFIN.BO,0.04677632218743375,0.062116828433410425,73.08,0.215,0.7530378380083945,0.16883611414354585,0.169,Yes,Piramal Finance Limited
SAKAR.NS,0.08885924724631845,0.11871827946295198,177.75,0.411,0.7484883343011087,0.5911792315681981,0.591,Yes,Sakar Healthcare Limited
PARKHOSPS.NS,0.09353049020785004,0.12506534422007046,192.4,0.433,0.7478529787058331,0.6887990655811804,0.689,Yes,Park Medi World Limited
CPPLUS.BO,0.10255278260932371,0.1373774531505089,222.7,0.476,0.7465037402969485,0.6659258144815399,0.666,Yes,Aditya Infotech Limited
HIKLASS.BO,0.20153907828860432,0.27032086200603966,805.43,0.936,0.7455550296525076,0.7019472432362058,0.702,Yes,Hi-Klass Trading and Investment Limited
RAJVI.BO,0.05681531375695064,0.07630016584475927,94.08,0.264,0.7446289680752122,0.5487182225148107,0.549,Yes,Rajvi Logitrade Limited
APOLLOIN.BO,0.3574458184810316,0.480874953253894,3814.44,1.666,0.7433238434697723,1.2073280804695492,1.207,Yes,Apollo Ingredients Limited
PARKHOSPS.BO,0.0933925998736825,0.12604618172822188,191.95,0.437,0.7409395397240486,0.7054548585258064,0.705,Yes,Park Medi World Limited
CPPLUS.NS,0.1026117076070061,0.13881163072410768,222.9,0.481,0.7392154898817518,0.6706987031166047,0.671,Yes,Aditya Infotech Limited
PIRAMALFIN.NS,0.0473804574785401,0.0643029412442831,74.28,0.223,0.7368318860959178,0.15480179717476175,0.155,Yes,Piramal Finance Limited
MODMA.BO,0.38570589745861894,0.5252342672730927,4912.48,1.819,0.7343502156877995,1.1345661933635742,1.135,Yes,Modern Malleables Limited
SPICEISLIN.BO,0.21079112321199264,0.2872335615318321,892.73,0.995,0.733866620905413,0.8255455946965975,0.826,Yes,Spice Islands Industries Limited
TORNTPHARM.NS,0.03318236130083457,0.045294978518783925,47.95,0.157,0.7325836634865336,0.14288590609788887,0.143,Yes,Torrent Pharmaceuticals Limited
STYLAMIND.BO,0.07435761619022069,0.1015923548725072,136.48,0.352,0.7319213762052803,0.6538663026945108,0.654,Yes,Stylam Industries Limited
DOLPHMED.BO,0.11924520492551699,0.16306738532488654,286.46,0.565,0.7312633650680016,-0.9666094083615141,0.967,No,Dolphin Medical Services Limited
SGMART.NS,0.08049761306078675,0.1101342871840046,153.21,0.382,0.7309041999454449,0.612424450624217,0.612,Yes,SG Mart Limited
CORONA.BO,0.05290431772714525,0.07241811177565849,85.64,0.251,0.7305398667537158,0.8678021823886263,0.868,Yes,CORONA Remedies Limited
SGMART.BO,0.08062456925920519,0.11057997591640512,153.57,0.383,0.7291064100082166,0.5973715916405439,0.597,Yes,SG Mart Limited
GSAILPP.BO,0.3735073105206855,0.5145457346725886,4407.87,1.782,0.7258972047613076,,,,G.S. Auto International Limited
STYLAMIND.NS,0.07413094130743766,0.10218173814143748,135.88,0.354,0.7254813106117594,0.6566835125497125,0.657,Yes,Stylam Industries Limited
SENORES.NS,0.07319149015675341,0.1010113014215859,133.41,0.35,0.7245871415048668,0.8433677152699335,0.843,Yes,Senores Pharmaceuticals Limited
CORONA.NS,0.0532078445036019,0.07355321793480145,86.28,0.255,0.7233924768698229,0.8939234320270124,0.894,Yes,CORONA Remedies Limited
SENORES.BO,0.07335189661867127,0.10157056497595625,133.83,0.352,0.7221767116884218,0.8568067318563597,0.857,Yes,Senores Pharmaceuticals Limited
ACUTAAS.NS,0.08943199762005982,0.12545516686053163,179.51,0.435,0.712860218180422,-0.5530264229922205,0.553,No,Acutaas Chemicals Limited
ACUTAAS.BO,0.08910253930811539,0.12506683937392343,178.5,0.433,0.7124393624573626,-0.5589910896708569,0.559,No,Acutaas Chemicals Limited
BRRL.BO,0.10834981790963,0.15213582279589027,243.65,0.527,0.7121913558451988,-1.7882289532214168,1.788,No,B-Right Realestate Limited
SEAMECLTD.NS,0.05971349049265676,0.08461746754264851,100.57,0.293,0.7056875161450588,-0.33711132630824125,0.337,No,Seamec Limited
SEAMECLTD.BO,0.061008616854401614,0.08649096602855556,103.53,0.3,0.7053755976579013,-0.34658731169242085,0.347,No,Seamec Limited
EMCURE.NS,0.035458544569323486,0.050291897267293585,51.91,0.174,0.7050548198821542,-0.07781423426625089,0.078,No,Emcure Pharmaceuticals Limited
KIRLOSENG.NS,0.0844537194186302,0.12024214141414602,164.56,0.417,0.7023637339237752,1.3766213481369576,1.377,Yes,Kirloskar Oil Engines Limited
AJANTPHARM.NS,0.04071767667693565,0.05809038569496769,61.43,0.201,0.7009365868345918,0.5004701715512447,0.5,Yes,Ajanta Pharma Limited
EMCURE.BO,0.03553558955990166,0.05070840710538226,52.05,0.176,0.7007829980944099,-0.08026325535609796,0.08,No,Emcure Pharmaceuticals Limited
STHINPA.BO,0.04647863260726677,0.06683416708300233,72.49,0.232,0.6954322113350239,0.8965363416675527,0.897,Yes,The South India Paper Mills Limited
KIRLOSENG.BO,0.08466737375146112,0.1218047967986856,165.19,0.422,0.6951070563452126,1.402347114605008,1.402,Yes,Kirloskar Oil Engines Limited
TMB.BO,0.08220634765069386,0.11851452288065216,158.06,0.411,0.6936394431041859,1.810206636555949,1.81,Yes,Tamilnad Mercantile Bank Limited
STLTECH.NS,0.21813175693673903,0.31535880531048643,967.41,1.092,0.691693884120272,0.2962436515038722,0.296,Yes,Sterlite Technologies Limited
STLTECH.BO,0.21810459671535895,0.3153698747653866,967.12,1.092,0.6915834839253867,0.2938645089185846,0.294,Yes,Sterlite Technologies Limited
TMB.NS,0.08252601158825001,0.11943364635483161,158.98,0.414,0.6909779120623112,1.8332057377470938,1.833,Yes,Tamilnad Mercantile Bank Limited
IDREAM.BO,0.13957069821154877,0.2026351816739521,379.62,0.702,0.6887782124435009,1.1295998066412998,1.13,Yes,IDream Film Infrastructure Company Limited
HONASA.NS,0.05322290543055921,0.07745141228654329,86.31,0.268,0.6871779850011381,0.43340502938086856,0.433,Yes,Honasa Consumer Limited
HONASA.BO,0.053353832332001104,0.07779131986656607,86.59,0.269,0.6858584276949908,0.4426057945488448,0.443,Yes,Honasa Consumer Limited
GSPCROP.BO,0.1527238550103469,0.222772044659609,450.43,0.772,0.6855611315311386,2.077831902580321,2.078,Yes,GSP Crop Science Limited
MCX.BO,0.07912128271231728,0.11709375449346839,149.37,0.406,0.6757088202917838,0.908734196232417,0.909,Yes,Multi Commodity Exchange of India Limited
STELLANT.BO,0.2203872933080089,0.32634927104848543,991.37,1.131,0.6753111247956983,-0.7249937509625712,0.725,No,Stellant Securities (India) Limited
MCX.NS,0.0794110984685334,0.11767406770880291,150.17,0.408,0.6748394103707257,0.9064934109427065,0.906,Yes,Multi Commodity Exchange of India Limited
GSPCROP.NS,0.15342862225039924,0.2278548297386858,454.48,0.789,0.6733612907233879,2.0768067519168234,2.077,Yes,GSP Crop Science Limited
SPORTKING.BO,0.08727885111170496,0.12998918081363767,172.96,0.45,0.6714316573533494,0.8369584886811516,0.837,Yes,Sportking India Limited
FEDERALBNK.NS,0.06150916741251366,0.09173037229179211,104.68,0.318,0.670543091407658,1.6197762414345163,1.62,Yes,The Federal Bank Limited
KTKBANK.BO,0.0668142420114909,0.09971222655103748,117.3,0.345,0.6700707056951755,0.4819933976583359,0.482,Yes,The Karnataka Bank Limited
SAILIFE.NS,0.05180802853017318,0.07749931776057296,83.33,0.268,0.6684965755470176,0.5456907451321364,0.546,Yes,Sai Life Sciences Limited
SAILIFE.BO,0.051742253875064974,0.07740448015893221,83.19,0.268,0.6684658790915489,0.5608623725195118,0.561,Yes,Sai Life Sciences Limited
KTKBANK.NS,0.06680185686918513,0.10020169732920257,117.27,0.347,0.6666739052305108,0.4932249824994247,0.493,Yes,The Karnataka Bank Limited
RRKABEL.BO,0.08774188215867969,0.13176090707668542,174.35,0.456,0.6659174113579344,1.5728798223829614,1.573,Yes,R R Kabel Limited
RRKABEL.NS,0.08774477172975541,0.1323449594088272,174.36,0.458,0.6630004808774226,1.5960460677483306,1.596,Yes,R R Kabel Limited
EMBASSY.BO,0.008964004441717181,0.013553676758405223,11.3,0.047,0.6613706820297461,0.19098669996353326,0.191,Yes,Embassy Office Parks REIT
KPL.BO,0.1406851174502816,0.2129202587369079,385.28,0.738,0.6607408721220712,0.7342023776269909,0.734,Yes,Kwality Pharmaceuticals Limited
SPORTKING.NS,0.08613705733781299,0.13057531265784375,169.54,0.452,0.6596733761114887,0.8574703544163276,0.857,Yes,Sportking India Limited
SKYGOLD.NS,0.12085821063575485,0.18390058347230734,293.2,0.637,0.6571931875026067,2.4953525142400133,2.495,Yes,Sky Gold and Diamonds Limited
SKYGOLD.BO,0.12088787989335667,0.18418988600660668,293.32,0.638,0.6563220300218904,2.507086430621465,2.507,Yes,Sky Gold and Diamonds Limited
INDIGRID.BO,0.013487241130552207,0.020633223042318984,17.44,0.071,0.6536662305685212,0.26452897131773734,0.265,Yes,Indigrid Infrastructure Trust
SJS.NS,0.05328876861867302,0.08153101293155446,86.45,0.282,0.6536012089462093,1.2883240164247498,1.288,Yes,S.J.S. Enterprises Limited
CMPDI.BO,0.09371573665416891,0.14373960093731136,192.99,0.498,0.6519827246149154,-0.28811122497309677,0.288,No,Central Mine Planning & Design Institute Limited
CRAFTSMAN.BO,0.04917549976998922,0.07569993955498064,77.9,0.262,0.6496108194944226,0.5258716192476268,0.526,Yes,Craftsman Automation Limited
TRANSCHEM.BO,0.20765435016012815,0.3200129119226995,862.3,1.109,0.6488936615479064,1.1693716102341094,1.169,Yes,Transchem Limited
SJS.BO,0.05311897203895257,0.08205818273117031,86.09,0.284,0.6473330296988773,1.2994866487417611,1.299,Yes,S.J.S. Enterprises Limited
VENUSREM.NS,0.15024448563789436,0.2332258714016099,436.39,0.808,0.6442016262388687,-0.010114009347268527,0.01,No,Venus Remedies Limited
CRAFTSMAN.NS,0.049146826357191364,0.07651372474143801,77.84,0.265,0.6423269357657426,0.5455714022254955,0.546,Yes,Craftsman Automation Limited
TRUEGREEN.BO,0.1482491009615031,0.23262386883306338,425.33,0.806,0.6372910127631413,-1.9387331177681906,1.939,No,True Green Bio Energy Limited
CMPDI.NS,0.09379389142119225,0.1475212310552939,193.24,0.511,0.6357992727571289,-0.3542119439888275,0.354,No,Central Mine Planning & Design Institute Limited
VENUSREM.BO,0.1512017096203825,0.23857376626134438,441.77,0.826,0.6337734110076017,-0.06079547220293979,0.061,No,Venus Remedies Limited
INTEGFD.BO,0.20374287196209784,0.32230418403760086,825.56,1.116,0.6321446697022358,-2.358161551297022,2.358,No,Integrated Proteins Limited
MODINSU.BO,0.1362572831642134,0.2160688361614303,363.15,0.748,0.6306197857353768,2.4595648791724622,2.46,Yes,Modern Insulators Limited
GAEL.BO,0.05069831469595047,0.08055143634514653,81.02,0.279,0.6293905732322203,0.6965626603038563,0.697,Yes,Gujarat Ambuja Exports Limited
SHREEJISPG.NS,0.10805162751518523,0.1717099395533149,242.55,0.595,0.6292683335412615,2.4537338469323142,2.454,Yes,Shreeji Shipping Global Limited
GAEL.NS,0.05060262492045375,0.08060185119632537,80.83,0.279,0.6278097111839127,0.6966222199838884,0.697,Yes,Gujarat Ambuja Exports Limited
SCPL.NS,0.10809199604681403,0.1728279845999669,242.7,0.599,0.6254310972670727,0.9407397299549451,0.941,Yes,Sheetal Cool Products Limited
FUNDVISER.BO,0.08497723315512123,0.1359782495500375,166.1,0.471,0.6249325420522579,-1.2332699642958849,1.233,No,Fundviser Capital (India) Limited
ROBU.BO,0.05137342914699147,0.08248391932626489,82.42,0.286,0.6228296323285031,0.7351880592210327,0.735,Yes,Macfos Limited
SHREEJISPG.BO,0.1084799884375906,0.17428360550692207,244.14,0.604,0.6224336943343881,2.476485984116991,2.476,Yes,Shreeji Shipping Global Limited
PHCAP.BO,0.20900936047252855,0.3366400211870367,875.34,1.166,0.6208690212635273,-0.1289804492239052,0.129,No,P.H. Capital Limited
RPTECH.BO,0.09778355381806775,0.1580554360355359,206.34,0.548,0.618666186185984,1.7746068280228129,1.775,Yes,Rashi Peripherals Limited
INTERISE.BO,0.0071687731693263835,0.011632069932290146,8.95,0.04,0.6162938506263761,0.02185462605992131,0.022,Yes,Interise Trust
COCKERILL.NS,0.14225623121703979,0.23347348657224573,393.36,0.809,0.6093035800577733,-2.314466723064221,2.314,No,John Cockerill India Limited
MSCI360.NS,0.012097610911160257,0.019873372890081124,15.52,0.069,0.6087346611001407,,,,360 ONE MSCI India ETF
ADVAIT.NS,0.057362853639899125,0.09447512024777191,95.29,0.327,0.6071741797148119,1.012540761380457,1.013,Yes,Advait Energy Transitions Limited
KARURVYSYA.NS,0.05022918578178928,0.08283144172073678,80.06,0.287,0.6064024087753437,0.8792203781531385,0.879,Yes,The Karur Vysya Bank Limited
RPTECH.NS,0.09775430264912321,0.16130569337462128,206.24,0.559,0.6060189234740502,1.8226975054130312,1.823,Yes,Rashi Peripherals Limited
AGRIBIO.BO,0.03820832653579734,0.063060234929385,56.82,0.218,0.6059020645670462,0.19678539978690035,0.197,Yes,Agribio Spirits Limited
EMROCK.BO,0.2372720353082645,0.39417878820442864,1187.01,1.365,0.6019401408916267,3.8449392385174748,3.845,Yes,Emrock Corporation Limited
SIGMAADV.NS,0.19513319531693474,0.3251408397298228,749.17,1.126,0.6001497550387135,3.978261560608321,3.978,Yes,Sigma Advanced Systems Limited
PHARMABEES.NS,0.021373771017449448,0.03592497074552812,28.89,0.124,0.5949558363971673,0.4831441812138042,0.483,Yes,Nippon Life India Asset Management Ltd. - Nippon India Mutual Fund - Nippon India Nifty Pharma ETF
BUILDPRO.NS,0.08479946068351683,0.14288320462609225,165.58,0.495,0.5934879533632142,0.6812627283587992,0.681,Yes,Shankara Buildpro Limited
BUILDPRO.BO,0.08458946062074878,0.14254364417993162,164.96,0.494,0.5934284976885551,0.7345749662646216,0.735,Yes,Shankara Buildpro Limited
WELINV.NS,0.0810171120996039,0.1366861081487,154.68,0.473,0.5927238195374315,0.8984545503806967,0.898,Yes,Welspun Investments and Commercials Limited
HIGHNESS.BO,0.09902079727616936,0.16823952067184458,210.51,0.583,0.5885703720549224,-0.025951679459822685,0.026,No,Highness Microelectronics Limited
PRECWIRE.NS,0.11087448509739316,0.18883911510224025,253.17,0.654,0.5871372836997467,1.8204953953493925,1.82,Yes,Precision Wires India Limited
BHAGGAS.BO,0.4068651822629647,0.6935005706930475,5912.15,2.402,0.5866832695701538,-9.191694917607546,9.192,No,Bhagawati Gas Limited
SIGMAADV.BO,0.1957041518796071,0.33406333646182174,754.05,1.157,0.5858294835715174,4.143834739028975,4.144,Yes,Sigma Advanced Systems Limited
SCPL.BO,0.10731834200081498,0.1843156117715796,239.84,0.638,0.5822531307538586,1.1884384083974564,1.188,Yes,Sheetal Cool Products Limited
KMCSHIL.BO,0.07373813579097173,0.12737359072962492,134.84,0.441,0.5789122797636692,1.0278088547111877,1.028,Yes,KMC Speciality Hospitals (India) Limited
UTLSOLAR.NS,0.10352310777330143,0.17953070946330255,226.12,0.622,0.5766317533238643,2.0398666945212747,2.04,Yes,Fujiyama Power Systems Limited
HEALTHCARE.NS,0.02455741689474863,0.04260643317691629,33.79,0.148,0.5763781444172514,0.6124413962623009,0.612,Yes,Mirae Asset Nifty 500 Healthcare ETF
INDIAHOMES.BO,0.08918025553818475,0.15507989981506484,178.74,0.537,0.575060053846653,1.090873508513565,1.091,Yes,India Homes Limited
INDUSFINL.BO,0.20671349110144968,0.35966838720254257,853.34,1.246,0.574733555843599,3.8192633544117536,3.819,Yes,Indus Finance Limited
OSWALEA.BO,0.027918799345317116,0.04864561303996842,39.16,0.169,0.573922242944669,-0.7523935567231226,0.752,No,Oswal Leasing Limited
TDPOWERSYS.BO,0.10579998026154079,0.1844828936161389,234.29,0.639,0.5734948004538737,1.3548057479391544,1.355,Yes,TD Power Systems Limited
SHRIRAMFIN.NS,0.06140796318269926,0.10720216805356313,104.45,0.371,0.572823892442334,1.7180949983812988,1.718,Yes,Shriram Finance Limited
TDPOWERSYS.NS,0.1058626976569922,0.18514080906807548,234.51,0.641,0.5717955873146635,1.3554011114165054,1.355,Yes,TD Power Systems Limited
CHENNPETRO.NS,0.06554886293166161,0.11508521163395927,114.23,0.399,0.5695680791737754,1.1456846816088335,1.146,Yes,Chennai Petroleum Corporation Limited
GROWWDEFNC.BO,0.022346717115995483,0.039247865764056596,30.37,0.136,0.5693740712000886,-0.789939164343907,0.79,No,GROWW MUTUAL FUND  PERMITTED
UTLSOLAR.BO,0.10382865840267058,0.182677254837156,227.21,0.633,0.5683721188783276,2.1138270519683817,2.114,Yes,Fujiyama Power Systems Limited
CALLISTA.BO,0.1381013031236436,0.24312617517038815,372.25,0.842,0.5680231798442071,-1.4236423641040186,1.424,No,Callista Industries Limited
RGF.BO,0.1260575853482387,0.22209687657834104,315.65,0.769,0.5675792802235737,-0.34269565140941316,0.343,No,RGF Capital Markets Limited
PURPLEFIN.BO,0.0744670046202007,0.13187409378185497,136.76,0.457,0.564682588404235,2.076475464953589,2.076,Yes,Purple Finance Limited
LOKESHMACH.NS,0.06207513771892339,0.11130162498643006,106.0,0.386,0.5577199589538033,0.3311501741168049,0.331,Yes,Lokesh Machines Limited
EMAINDIA.BO,0.11729466228598971,0.2103259869537189,278.45,0.729,0.5576803132358522,1.36244995394343,1.362,Yes,EMA India Limited
SHRIRAMFIN.BO,0.060019458781817386,0.10768793687149629,101.26,0.373,0.557346166390377,1.712174335714281,1.712,Yes,Shriram Finance Limited
PARMESHWAR.BO,0.18728866606041208,0.3378213353332777,684.65,1.17,0.5544015326197276,2.2546710713360527,2.255,Yes,Parmeshwar Metal Limited
SYRMA.BO,0.06469284096399092,0.11837100988430084,112.17,0.41,0.5465260542021524,1.1832270574400476,1.183,Yes,Syrma SGS Technology Limited
SYRMA.NS,0.06458805976263927,0.11822848004005454,111.92,0.41,0.5462986561339327,1.1840428259653129,1.184,Yes,Syrma SGS Technology Limited
ABB.NS,0.039537069378066766,0.07257715351186386,59.25,0.251,0.5447591626971677,0.6072713702260155,0.607,Yes,ABB India Limited
ECOBOAR.BO,0.06932978297839555,0.12773369697690165,123.53,0.442,0.5427681545217673,-0.33118309528685974,0.331,No,Ecoboard Industries Limited
TRIOMERC.BO,0.15005772180665566,0.2775774151435621,435.35,0.962,0.5405977346141303,0.6041317352106612,0.604,Yes,Trio Mercantile & Trading Limited
ANANTAM.BO,0.007898766634765861,0.014618360276166111,9.9,0.051,0.5403319172290528,0.04494534142814023,0.045,Yes,Anantam Highways Trust
VINRKLB.BO,0.3670101613434829,0.6812758008630115,4158.54,2.36,0.5387101095893467,-5.019237054433206,5.019,No,Rekvina Laboratories Limited
OXFORDIN.BO,0.31159794831085413,0.5790085061703052,2491.84,2.006,0.5381578076837494,-1.8417684665192904,1.842,No,Oxford Industries Limited
MTARTECH.BO,0.16147404487517278,0.3003003040633624,502.72,1.04,0.5377085626963011,2.749870083694265,2.75,Yes,MTAR Technologies Limited
MTARTECH.NS,0.16163224945314783,0.301054925181099,503.7,1.043,0.5368862487664611,2.757433252090051,2.757,Yes,MTAR Technologies Limited
HFCL.NS,0.1426862408070625,0.26629680114605403,395.59,0.922,0.5358165783178309,1.5328566327982185,1.533,Yes,HFCL Limited
NATIONALUM.BO,0.06357384069933583,0.11871976798147665,109.51,0.411,0.5354949877366252,-0.5935945359460921,0.594,No,National Aluminium Company Limited
NATIONALUM.NS,0.06395451698389781,0.11956626123320394,110.42,0.414,0.5348876541281149,-0.6016047574063392,0.602,No,National Aluminium Company Limited
NEPHROPLUS.NS,0.0524690243604876,0.09814558462758913,84.72,0.34,0.5346040227849266,0.9019172078267788,0.902,Yes,Nephrocare Health Services Limited
COVANCE.BO,0.14467698802376303,0.2710144175860333,406.05,0.939,0.5338350236582357,1.251800987950237,1.252,Yes,Covance Softsol Limited
ANANDRATHI.BO,0.044789871300655586,0.08392651020508357,69.18,0.291,0.5336796584441157,1.0291203053981077,1.029,Yes,Anand Rathi Wealth Limited
NITINSPIN.NS,0.06797547362411731,0.12741076177269833,120.16,0.441,0.5335143804052127,1.3990307384988814,1.399,Yes,Nitin Spinners Limited
ANANDRATHI.NS,0.044686001613244125,0.08425664581252837,68.98,0.292,0.5303558097087178,1.0333397728268936,1.033,Yes,Anand Rathi Wealth Limited
VEL.BO,0.07331340433969692,0.13832895281152363,133.73,0.479,0.529993199902179,1.1118988693999858,1.112,Yes,Vaxfab Enterprises Limited
NEPHROPLUS.BO,0.052154415780126834,0.0984173212469312,84.06,0.341,0.5299312673758948,0.9191881588155191,0.919,Yes,Nephrocare Health Services Limited
GRERENEW.BO,0.0918633451420837,0.17337822467525735,187.09,0.601,0.5298436139494825,0.37631028995331856,0.376,Yes,GRE Renew Enertech Limited
ONELIFECAP.NS,0.10108629337156563,0.19166850949932643,217.58,0.664,0.5274016771749398,0.6409650337479349,0.641,Yes,Onelife Capital Advisors Limited
INOXINDIA.NS,0.06088513397841722,0.11547579720366487,103.25,0.4,0.5272545022662541,0.9101068801758916,0.91,Yes,INOX India Limited
MONQ50.NS,0.0411724876385782,0.0781908788106147,62.28,0.271,0.526563817479295,0.37745382368301694,0.377,Yes,Motilal Oswal Nasdaq Q 50 ETF
UNIVCABLES.NS,0.09358675674291562,0.17775084455961357,192.58,0.616,0.5265052718865072,1.5489079628545903,1.549,Yes,Universal Cables Limited
MEGAMONT.BO,0.15551671005755052,0.29565650480068856,466.65,1.024,0.5260046964378114,0.497701158765138,0.498,Yes,Megamont Limited
UNIVCABLES.BO,0.09400718245892774,0.17893099983984387,193.93,0.62,0.5253823124169146,1.577520858473404,1.578,Yes,Universal Cables Limited
TRADWIN.BO,0.3909786715038885,0.7454652914394472,5146.21,2.582,0.5244760232215949,1.0942521391367028,1.094,Yes,Trade Wings Limited
KONARKSY.BO,0.026147120401539384,0.04992257317659081,36.31,0.173,0.5237534593629486,0.4165689677732767,0.417,Yes,Konark Synthetic Limited
ARVIND.NS,0.06273186813801544,0.12029554982609093,107.53,0.417,0.5214812038242956,0.7894777460510812,0.789,Yes,Arvind Limited
BHAGYANGR.NS,0.1727434514993869,0.3317195820404271,576.76,1.149,0.5207514444484451,4.367814432524012,4.368,Yes,Bhagyanagar India Limited
INOXINDIA.BO,0.06131330017357934,0.11782956388387732,104.23,0.408,0.5203558271165669,0.9231477390928722,0.923,Yes,INOX India Limited
ATVOENT.BO,0.11840339126988181,0.22807568332392622,282.98,0.79,0.5191407937238031,0.6839064684246418,0.684,Yes,Atvo Enterprises Limited
SHINDL.BO,0.025776356779386667,0.049702126823554696,35.72,0.172,0.5186167761169288,0.26026664697474206,0.26,Yes,Sharat Industries Limited
SGFIN.BO,0.06948259328407734,0.13403292454166515,123.92,0.464,0.5183994419406863,1.4515865377308448,1.452,Yes,SG Finserve Limited
ARFIN.NS,0.06378979220259712,0.12324954621284571,110.02,0.427,0.5175661425352056,1.1101679735701728,1.11,Yes,Arfin India Limited
BELRISE.BO,0.038629724946611745,0.07464355361222236,57.59,0.259,0.5175225867098374,0.6518702926009013,0.652,Yes,Belrise Industries Limited
AFLTD.BO,0.07654321049312342,0.14832113459570506,142.31,0.514,0.5160640842032763,6.204231579617342,6.204,Yes,Autofurnish Limited
SGFIN.NS,0.06929888110114064,0.13450337033188134,123.45,0.466,0.5152204062258708,1.4439512879765524,1.444,Yes,SG Finserve Limited
RAAMA.BO,0.14158748546024566,0.2749325031053958,389.9,0.952,0.5149899843088682,3.0609441535274686,3.061,Yes,Raama Finance Limited
BHAGYANGR.BO,0.17273881199565658,0.33582779859684253,576.73,1.163,0.5143672224794814,4.422491746958072,4.422,Yes,Bhagyanagar India Limited
GLOBAL.NS,0.05165731799168178,0.100903940654929,83.02,0.35,0.5119454964433879,1.1528296573114125,1.153,Yes,Global Education Limited
UPROTECH.BO,0.26944229961640853,0.5265535588469767,1651.28,1.824,0.5117091985978048,-2.5361059873185376,2.536,No,Unipro Technologies Limited
VERTEXPP.BO,0.3528227705139403,0.6897918465277121,3657.43,2.39,0.5114916511263312,15.092802601691925,15.093,Yes,Vertex Securities Limited
BELRISE.NS,0.0385153710315907,0.07573461530534324,57.38,0.262,0.5085570300490239,0.6477140843418605,0.648,Yes,Belrise Industries Limited
AVALON.BO,0.0951344055981206,0.18716643710170155,197.58,0.648,0.5082877414951642,0.5891373953719182,0.589,Yes,Avalon Technologies Limited
KARTKIN.BO,0.27726220904226256,0.5461782927511964,1785.21,1.892,0.5076404769688738,0.14647931478880916,0.146,Yes,Kartik Investments Trust Limited
TIRUPATIFL.NS,0.06941623235742628,0.1368411018049043,123.75,0.474,0.5072761870654453,0.48531946990526376,0.485,Yes,Tirupati Forge Limited
ARFIN.BO,0.06327576982930033,0.12544284585649304,108.81,0.435,0.504419119299063,1.1406000687631903,1.141,Yes,Arfin India Limited
MARKSANS.NS,0.07097376562224735,0.14078892864465756,127.69,0.488,0.5041146793678691,0.930268671450036,0.93,Yes,Marksans Pharma Limited
KISSHT.BO,0.041843703563269385,0.08302769268558807,63.54,0.288,0.5039728578478564,2.9055476417359785,2.906,Yes,OnEMI Technology Solutions Limited
APARINDS.NS,0.08391097968421714,0.16651014195438107,162.98,0.577,0.5039391516896689,1.331731154479342,1.332,Yes,APAR Industries Limited
AVALON.NS,0.09580863846508979,0.19024474731864346,199.79,0.659,0.5036072733436294,0.5769665832836003,0.577,Yes,Avalon Technologies Limited
APARINDS.BO,0.08374775666187365,0.1663165534811563,162.51,0.576,0.5035443250173067,1.3367463097272845,1.337,Yes,APAR Industries Limited
PREMIERPOL.NS,0.07225367460085987,0.1437726696885329,130.98,0.498,0.5025550040726741,-1.562308592535224,1.562,No,Premier Polyfilm Ltd.
APOLLOPIPE.NS,0.06662843639450543,0.13323907726472847,116.85,0.462,0.500066780424511,-0.8867117457465794,0.887,No,Apollo Pipes Limited
BHARATFORG.NS,0.057243232740454286,0.11472902765971553,95.03,0.397,0.4989428909851551,1.2365105358805801,1.237,Yes,Bharat Forge Limited
KISSHT.NS,0.043119143512743076,0.08657426532022963,65.96,0.3,0.4980595948836486,3.0404026309269376,3.04,Yes,OnEMI Technology Solutions Limited
SALSTEEL.NS,0.12083229771423469,0.24317873042361485,293.09,0.842,0.49688678571413736,3.4653011160210165,3.465,Yes,S.A.L. Steel Limited
SALSTEEL.BO,0.11933838901414653,0.24056465011720157,286.84,0.833,0.4960761647898211,3.4869454719017745,3.487,Yes,S.A.L. Steel Limited
APOLLOPIPE.BO,0.06665546136915551,0.13475355955331936,116.92,0.467,0.49464712910074365,-0.8697441262920994,0.87,No,Apollo Pipes Limited
KRISHNA.BO,0.12938671402421467,0.2617573819362885,330.64,0.907,0.49430015332177824,1.923018948482127,1.923,Yes,Krishna Ventures Limited
STEELCO.BO,0.22175945531829563,0.4495144490753946,1006.19,1.557,0.49333109486120463,-1.9130507551441407,1.913,No,Steelco Gujarat Limited
ANL.BO,0.058028122428153646,0.11783483798918386,96.77,0.408,0.4924530250848233,1.0619243232269044,1.062,Yes,Accretion Nutraveda Limited
BANK10ADD.NS,0.023031922016873974,0.04685237636810626,31.42,0.162,0.4915849270038831,0.9936409794663655,0.994,Yes,DSP BSE Top 10 Banks ETF
AVIVA.BO,0.013044307483236662,0.026535696305079615,16.83,0.092,0.491575850630294,-0.06481916714218106,0.065,No,Aviva Industries Limited
AVAX.BO,0.10130753254053024,0.20624564324649527,218.35,0.714,0.4911984124651407,1.718345782035081,1.718,Yes,Avax Apparels and Ornaments Limited
MOBAVENUE.BO,0.031285977143224675,0.06402786070844681,44.73,0.222,0.48863068041093094,0.5716939481553776,0.572,Yes,Mobavenue AI Tech Limited
AKCAPIT.BO,0.05147626077926981,0.10543446247717858,82.64,0.365,0.4882299351638646,0.47338839449075737,0.473,Yes,A. K. Capital Services Limited
HYPERSOFT.BO,0.11918248434055269,0.24415230923557216,286.2,0.846,0.48814809376043455,-1.9670578282756628,1.967,No,HyperSoft Technologies Limited
PSTITANIA.BO,0.01175052087482747,0.02408391568856277,15.05,0.083,0.4878991035667711,0.3644359550328473,0.364,Yes,Property Share Investment Trust
ADMACH.BO,0.10240985298614425,0.21002806182099498,222.19,0.728,0.48760080961670366,1.3247703405323656,1.325,Yes,Admach Systems Limited
BRAHMINFRA.BO,0.06984843710895822,0.14352056033210794,124.84,0.497,0.48667896047317727,0.7856747768435747,0.786,Yes,Brahmaputra Infrastructure Limited
DIVGIITTS.BO,0.062129788244280906,0.12815551701353325,106.13,0.444,0.4847999500303993,0.8898580624358022,0.89,Yes,Divgi TorqTransfer Systems Limited
SCBL.BO,0.14753801379051804,0.3059016027229995,421.44,1.06,0.4823054618779389,1.7126108781786218,1.713,Yes,Saptak Chem and Business Limited
SWRNASE.BO,0.042670848715191986,0.08861321042270227,65.11,0.307,0.4815404894105938,-0.3154887393621542,0.315,No,Swarna Securities Limited
DIVGIITTS.NS,0.06180241247575834,0.1284052933143799,105.36,0.445,0.48130735797974455,0.9153710350925103,0.915,Yes,Divgi TorqTransfer Systems Limited
GKSL.BO,0.06267577622936008,0.13030123847157318,107.4,0.451,0.4810067576067864,1.2191168912948838,1.219,Yes,Gujarat Kidney And Super Speciality Limited
GKSL.NS,0.06182969634593154,0.12867244013585608,105.43,0.446,0.4805201197758429,1.223911094503479,1.224,Yes,Gujarat Kidney And Super Speciality Limited
GLITTEKG.BO,0.33219057845139033,0.6945254289645867,3024.61,2.406,0.47829865487665024,2.0717577903489706,2.072,Yes,Glittek Granites Limited
ENEXT50.NS,0.010269880489737693,0.021490812916959843,13.04,0.074,0.4778730581025644,0.6132237963232955,0.613,Yes,Edelweiss Nifty Next 50 ETF
FILTRON.BO,0.12428913983983737,0.2601065252371422,307.88,0.901,0.4778393764882349,0.9548385727647208,0.955,Yes,Filtron Engineers Limited
UFBL.NS,0.14090632629779887,0.2952022837262055,386.41,1.023,0.4773212609306465,2.931677211191212,2.932,Yes,United Foodbrands Limited
UFBL.BO,0.1407562204312162,0.2961491491604592,385.64,1.026,0.4752882823747429,2.9453295529579853,2.945,Yes,United Foodbrands Limited
ATLANTAELE.NS,0.09592973351583346,0.20277297022139731,200.19,0.702,0.4730893541239385,0.1289550863082416,0.129,Yes,Atlanta Electricals Limited
JUJHARLOGI.BO,0.18981350875374303,0.40535178794474724,704.91,1.404,0.4682685864447603,2.0544410357457674,2.054,Yes,JUJHAR LOGISTICS  LIMITED
DATAPATTNS.NS,0.060482302833136894,0.12918428342308544,102.32,0.448,0.4681862315638979,1.5068351675457268,1.507,Yes,Data Patterns (India) Limited
GRWRHITECH.BO,0.10416468416985811,0.2228059790713816,228.4,0.772,0.46751296623187244,1.4591961445816157,1.459,Yes,Garware Hi-Tech Films Limited
GRWRHITECH.NS,0.10422537624692829,0.22342890222097994,228.62,0.774,0.4664811723590053,1.4861371259213438,1.486,Yes,Garware Hi-Tech Films Limited
DYNAMATECH.NS,0.058933887840432714,0.12647046984386526,98.8,0.438,0.4659893168198856,1.7372343333719364,1.737,Yes,Dynamatic Technologies Limited
DATAPATTNS.BO,0.06071964165169481,0.13050330133544166,102.87,0.452,0.46527284007645836,1.5237899943010174,1.524,Yes,Data Patterns (India) Limited
DYNAMATECH.BO,0.059219547981639704,0.12756840266553215,99.45,0.442,0.4642179939879446,1.722970011936885,1.723,Yes,Dynamatic Technologies Limited
SAYAJIHOTL.NS,0.038013586388171976,0.08199603898775952,56.47,0.284,0.46360271614884585,-0.011789667428210415,0.012,No,Sayaji Hotels Limited
PVTBKGROWW.NS,0.018185013716406174,0.03932992311131989,24.14,0.136,0.4623709450164724,0.19193415927489943,0.192,Yes,Groww Nifty Private Bank ETF
SHRIPISTON.NS,0.056753836865446466,0.12283136225910883,93.95,0.426,0.46204679180978275,0.9944275877086257,0.994,Yes,SPR Auto Technologies Limited
VISHNU.NS,0.036399175780620165,0.07919477861538769,53.58,0.274,0.45961585368391616,1.1901315440414508,1.19,Yes,Vishnu Chemicals Limited
VISHNU.BO,0.03696876679055872,0.08064764861023507,54.59,0.279,0.4583985699226819,1.2296041066611603,1.23,Yes,Vishnu Chemicals Limited
SHRIPISTON.BO,0.05675656848731123,0.12406797113871022,93.95,0.43,0.4574635013887377,1.0069231258457718,1.007,Yes,SPR Auto Technologies Limited
BAJAJCON.NS,0.07702587368331422,0.16839890663241963,143.62,0.583,0.4574012695429546,1.0429715555201957,1.043,Yes,Bajaj Consumer Care Limited
NEUEON.BO,0.11166090403434867,0.24457325435917904,256.18,0.847,0.45655402642827014,-2.610046135738134,2.61,No,Neueon Corporation Limited
ONELIFECAP.BO,0.09588965927384828,0.21028205652399048,200.06,0.728,0.45600495286628745,0.4389677347143418,0.439,Yes,Onelife Capital Advisors Limited
RGIL.BO,0.12594799748092828,0.27668208991868704,315.16,0.958,0.4552083494740936,2.6917913904312365,2.692,Yes,Rotographics (India) Limited
BAJAJCON.BO,0.07700335542889115,0.1691779729976115,143.56,0.586,0.4551618278933884,1.060116881252562,1.06,Yes,Bajaj Consumer Care Limited
SETCO.NS,0.07271024531305977,0.160007407269085,132.16,0.554,0.4544179957293021,0.621443890942809,0.621,Yes,Shilayan Industries Limited
DHAMPURE.BO,0.0531944843716671,0.1175157837080073,86.25,0.407,0.4526582106097338,1.0579458036115652,1.058,Yes,Dhampure Speciality Sugars Limited
BHEL.NS,0.0665083543124363,0.14738432161412088,116.56,0.511,0.45125800074289685,1.8457875351926023,1.846,Yes,Bharat Heavy Electricals Limited
WELINV.BO,0.07128326396420094,0.15813118415319433,128.48,0.548,0.4507856204702998,0.7453523638042998,0.745,Yes,Welspun Investments and Commercials Limited
GILT5YBEES.NS,0.004467685875403123,0.009922208464587997,5.49,0.034,0.4502713172524174,0.14351059175004538,0.144,Yes,Nippon India ETF Nifty 5 Yr Benchmark G-Sec
NEUEON.NS,0.10861163242151589,0.24124777744606504,244.63,0.836,0.4502078053166638,-2.6538040717042883,2.654,No,Neueon Corporation Limited
SETCO.BO,0.07536417894065638,0.16767296201368098,139.15,0.581,0.4494712685668854,1.0072944531954011,1.007,Yes,Shilayan Industries Limited
RISHABH.NS,0.06139931059646359,0.13709575364423124,104.43,0.475,0.44785712879041584,1.9389466049893485,1.939,Yes,Rishabh Instruments Limited
RISHABH.BO,0.06136859415325695,0.1372175448858291,104.36,0.475,0.4472357686061083,1.952904096722646,1.953,Yes,Rishabh Instruments Limited
OROSMITHS.BO,0.041408419224020276,0.09393731660810334,62.72,0.325,0.4408090492596448,0.793133945424944,0.793,Yes,Orosil Smiths India Limited
GNA.BO,0.061625673572719086,0.13988965515873505,104.95,0.485,0.4405305989409398,1.5848865547412705,1.585,Yes,G N A Axles Limited
BHEL.BO,0.06454749545901946,0.14698594199185874,111.83,0.509,0.4391406047701801,1.8568486358774943,1.857,Yes,Bharat Heavy Electricals Limited
SUNRAKSHAK.BO,0.06519411930803908,0.14934028084381548,113.38,0.517,0.4365474535046645,1.5093447190117137,1.509,Yes,Sunrakshakk Industries India Limited
GNA.NS,0.06174009187959477,0.14192410287803636,105.22,0.492,0.4350218928820823,1.6086455262389072,1.609,Yes,G N A Axles Limited
AYE.BO,0.08649732701210681,0.19907395911026654,170.61,0.69,0.43449845172464857,2.7349121945419714,2.735,Yes,Aye Finance Limited
IFCI.NS,0.05439027350888772,0.1252160750950293,88.81,0.434,0.43437133345386936,1.4250623948259156,1.425,Yes,IFCI Limited
ZKHANDEN.BO,0.11860367596392202,0.2731502715067446,283.81,0.946,0.4342066925640726,2.639443511914667,2.639,Yes,Khandelwal Extractions Limited
NGLFINE.BO,0.06955424823404072,0.16045550251428237,124.1,0.556,0.433479981329089,0.31627896631254804,0.316,Yes,NGL Fine-Chem Limited
MOTHERSON.NS,0.05174171292250038,0.12042541883449229,83.19,0.417,0.42965773690695686,1.3141460464201544,1.314,Yes,Samvardhana Motherson International Limited
NGLFINE.NS,0.07103495531294703,0.16534043898900858,127.85,0.573,0.4296284426683375,0.3518900000222764,0.352,Yes,NGL Fine-Chem Limited
MODISONLTD.BO,0.13803391729590395,0.3213641848658779,371.91,1.113,0.4295248935518833,0.7754136738203119,0.775,Yes,Modison Limited
ELPROINTL.BO,0.07646555833574951,0.17817527899699837,142.1,0.617,0.42915918956993854,0.20779897545386922,0.208,Yes,Elpro International Limited
AYE.NS,0.08679695289519966,0.20246968819290204,171.51,0.701,0.42869109776325764,2.750288497593477,2.75,Yes,Aye Finance Limited
NDLVENTURE.BO,0.04372769640965841,0.10256329743060331,67.13,0.355,0.4263483868510134,0.02195534466920869,0.022,Yes,NDL Ventures Limited
SWITCHTE.BO,0.070202929469515,0.16472038674146727,125.73,0.571,0.4261945400826446,1.633853774259107,1.634,Yes,Switching Technologies Gunther Limited
MODISONLTD.NS,0.13738264689617105,0.3226213421404493,368.68,1.118,0.42583248208161995,0.7131809222851138,0.713,Yes,Modison Limited
EMMVEE.NS,0.050455723711195936,0.1185784046542561,80.52,0.411,0.42550516561857743,-0.025192339202454003,0.025,No,Emmvee Photovoltaic Power Limited
APIL.BO,0.05892910872834423,0.1387617216599483,98.79,0.481,0.4246784201248011,-0.2077632968466961,0.208,No,AVI Products India Limited
DREDGECORP.BO,0.06497813388293051,0.15309508932456647,112.86,0.53,0.42442990281141413,1.758932942243578,1.759,Yes,Dredging Corporation of India Limited
AEQUS.NS,0.09065688818313078,0.2136008829880102,183.31,0.74,0.42442187932443853,3.2735066030461737,3.274,Yes,Aequs Limited
EMMVEE.BO,0.0503962752583681,0.1187928630478342,80.4,0.412,0.4242365573601428,0.013644816090990426,0.014,Yes,Emmvee Photovoltaic Power Limited
IDEA.BO,0.06425304869695672,0.15163818201841053,111.12,0.525,0.4237260552830665,1.2587868224270193,1.259,Yes,Vodafone Idea Limited
SMSPHARMA.BO,0.042644595083287,0.10082974220570134,65.06,0.349,0.42293666680500247,0.8331884512534465,0.833,Yes,SMS Pharmaceuticals Limited
DREDGECORP.NS,0.06430073142934421,0.15249804148340249,111.24,0.528,0.4216495556524413,1.7455536980694941,1.746,Yes,Dredging Corporation of India Limited
AEQUS.BO,0.09101659281729534,0.2160354472745341,184.43,0.748,0.42130397564633465,3.3094255686692557,3.309,Yes,Aequs Limited
JINDALSAW.NS,0.04505816867070636,0.10696080768047801,69.7,0.371,0.4212586801448599,0.0910519635739893,0.091,Yes,Jindal Saw Limited
STEELCAS.BO,0.05306995945384541,0.1261031366302193,85.99,0.437,0.4208456734067291,1.2174150558084518,1.217,Yes,Steelcast Limited
SMSPHARMA.NS,0.04292563297202687,0.10229145878555625,65.59,0.354,0.41964044194556005,0.8263291272279888,0.826,Yes,SMS Pharmaceuticals Limited
ARCEEIN.BO,0.12019804606264319,0.2870293626071155,290.43,0.994,0.41876567947917487,-1.5810170090433089,1.581,No,Arcee Industries Limited
SINGERIND.NS,0.05399279233531694,0.12903219076528907,87.95,0.447,0.41844435884631614,1.2920401513953732,1.292,Yes,Singer India Limited
JTLDEFENCE.BO,0.3914817612857615,0.9368703780913813,5169.02,3.245,0.41786117956178653,10.171321554401379,10.171,Yes,JTL Defence Limited
IOLCP.BO,0.07334240074341417,0.1761418791208482,133.81,0.61,0.4163825270258136,0.4275753770389849,0.428,Yes,IOL Chemicals and Pharmaceuticals Limited
MOTHERSON.BO,0.04917195800439512,0.11848527275639913,77.89,0.41,0.415004809125018,1.3312529931484043,1.331,Yes,Samvardhana Motherson International Limited
IDEA.NS,0.06258724160449154,0.1508160778633147,107.19,0.522,0.4149905135526376,1.2631721874370607,1.263,Yes,Vodafone Idea Limited
STEELCAS.NS,0.053220100993930014,0.12877256187124214,86.31,0.446,0.41328758409842026,1.2238497235546268,1.224,Yes,Steelcast Limited
IOLCP.NS,0.07309887913327907,0.17689226138656322,133.17,0.613,0.4132395536147048,0.42054580430932703,0.421,Yes,IOL Chemicals and Pharmaceuticals Limited
SBCL.NS,0.08989115155155634,0.2179609313345103,180.93,0.755,0.4124186431080993,1.6232752957243457,1.623,Yes,Shivalik Bimetal Controls Limited
YASHHV.BO,0.09115142933423354,0.22102742256119637,184.85,0.766,0.41239873441041563,2.8726956385476514,2.873,Yes,Yash Highvoltage Ltd.
GROWWPSUBK.NS,0.018277410866518743,0.04432595465062941,24.28,0.154,0.41234105414262545,0.8933440336263437,0.893,Yes,Groww Nifty PSU Bank ETF
ASTONEALAB.BO,0.057216950081983804,0.13883405915616545,94.97,0.481,0.4121247367522703,-0.05510108245529213,0.055,No,Astonea Labs Limited
UEL.BO,0.08734066559975501,0.21210806988162886,173.14,0.735,0.41177436411776885,2.4862488346478173,2.486,Yes,Ujaas Energy Limited
SBCL.BO,0.08984273098172973,0.2182121021075089,180.78,0.756,0.41172203610167296,1.5510244860119502,1.551,Yes,Shivalik Bimetal Controls Limited
MOGSEC.NS,0.004005381041162884,0.009729590947705263,4.91,0.034,0.41167003450515655,0.11791676716497437,0.118,Yes,Motilal Oswal Nifty 5 year Benchmark G-Sec ETF
JLL.BO,0.093447468898349,0.22728985424752118,192.13,0.787,0.41113788034103654,-0.6029228156118883,0.603,No,Jindal Leasefin Limited
RADICO.NS,0.04641653734110019,0.11290043988719585,72.37,0.391,0.41112804686569104,1.544550570416778,1.545,Yes,Radico Khaitan Limited
GOLKUNDIA.BO,0.07197937235717179,0.1752316573096964,130.27,0.607,0.4107669439544177,0.6524830155485436,0.652,Yes,Golkunda Diamonds & Jewellery Limited
UEL.NS,0.09427292475696071,0.23001235167032916,194.79,0.797,0.4098602708609305,2.4478190525264574,2.448,Yes,Ujaas Energy Limited
GLENMARK.BO,0.024055381946291907,0.05875319886125848,33.01,0.204,0.40943101673658633,0.32994983874670003,0.33,Yes,Glenmark Pharmaceuticals Limited
NATHUEC.BO,0.12991989175142687,0.318144399099355,333.08,1.102,0.4083676849858781,0.9564184850289336,0.956,Yes,Natura Hue Chem Limited
WHEELS.BO,0.06105513230904789,0.1498209271064323,103.64,0.519,0.4075207214922287,-0.14318088347810187,0.143,No,Wheels India Limited
TELECANOR.BO,0.17960953135174157,0.4418850090076372,625.87,1.531,0.4064621512168957,4.428985954320037,4.429,Yes,Telecanor Global Limited
WHEELS.NS,0.06134154838401251,0.15107446368240193,104.3,0.523,0.4060351887991375,-0.17868305927225275,0.179,No,Wheels India Limited
METALIETF.NS,0.027533119695814682,0.06799725986947144,38.53,0.236,0.40491513553145625,0.7111968284720314,0.711,Yes,ICICI Prudential Nifty Metal ETF
AUDROC.BO,0.20509810430774011,0.5065628833090695,838.14,1.755,0.40488182428202796,1.3064222875712335,1.306,Yes,Audroc Limited
FGP.BO,0.03922134555345906,0.09690996012851123,58.67,0.336,0.40471944784053226,0.8537251145052495,0.854,Yes,FGP Limited
CITIPOR.BO,0.13306072972427183,0.32898000302251945,347.75,1.14,0.40446449176779753,0.04341617654888427,0.043,Yes,Citiport Financial Services Limited
METALIETF.BO,0.027630457362273066,0.06839117426707135,38.69,0.237,0.40400618439997227,0.7168783792451939,0.717,Yes,ICICI Prudential Mutual Fund
SUNPHARMA.NS,0.02234447470493249,0.05535235215673454,30.37,0.192,0.4036770585947703,0.42356834917050484,0.424,Yes,Sun Pharmaceutical Industries Limited
GLENMARK.NS,0.023684606146052514,0.05870999238579521,32.43,0.203,0.4034169514180173,0.333622621577101,0.334,Yes,Glenmark Pharmaceuticals Limited
GESHIP.NS,0.030323901810577102,0.07531160864119094,43.12,0.261,0.4026457853934585,0.24245748560096275,0.242,Yes,The Great Eastern Shipping Company Limited
HAWKINCOOK.NS,0.02696894309011472,0.06707506620518569,37.62,0.232,0.4020710618102931,2.0886670094952926,2.089,Yes,Hawkins Cookers Limited
GESHIP.BO,0.030391859425860982,0.07561732227153216,43.23,0.262,0.401916631175165,0.25503192988413664,0.255,Yes,The Great Eastern Shipping Company Limited
IFINSEC.BO,0.036855490855586724,0.09193196299804751,54.39,0.318,0.400899639838752,0.962846240589587,0.963,Yes,India Finsec Limited
GOLDBETA.NS,0.028962596472347446,0.07225867110875724,40.86,0.25,0.4008182828155746,0.20969000922452322,0.21,Yes,UTIAMC-UTIGOLDBETA
MWL.NS,0.05004974450315629,0.12502481467043683,79.69,0.433,0.4003184858548802,1.2529293713522662,1.253,Yes,Mangalam Worldwide Limited
VLL.BO,0.10650305385621368,0.26626905696517855,236.85,0.922,0.3999828409282332,-1.7280330783399833,1.728,No,Virat Leasing Limited
MON100.NS,0.041567864535566004,0.10409298085702043,63.02,0.361,0.39933398192009323,0.6443886517036074,0.644,Yes,Motilal Oswal NASDAQ 100 ETF
THYROCARE.NS,0.04989421322669969,0.12530223902117874,79.37,0.434,0.39819091515409,1.4354983469944318,1.435,Yes,Thyrocare Technologies Limited
TIMEX.BO,0.07602014683934012,0.19148746499475858,140.9,0.663,0.3969980324373763,1.8530486549359901,1.853,Yes,Timex Group India Limited
J&KBANK.NS,0.03486494792641392,0.08819964743462443,50.87,0.306,0.3952957743085833,0.9329805802385603,0.933,Yes,Jammu and Kashmir Bank Limited
JAUSPOL.BO,0.17294743964527268,0.43801618125511277,578.18,1.517,0.3948425812710862,-0.48276200640466105,0.483,No,Jauss Polymers Limited
HEALTHY.NS,0.016141437045142922,0.04092301635958967,21.19,0.142,0.3944341957422801,0.552442633385483,0.552,Yes,Aditya Birla Sun Life Nifty Healthcare ETF
APCOTEXIND.NS,0.05560786173685937,0.14099661235883149,91.44,0.488,0.3943914737138456,1.5383036832290504,1.538,Yes,Apcotex Industries Limited
THYROCARE.BO,0.04937666157013991,0.12521025984308287,78.31,0.434,0.3943499648672575,1.4516406073693835,1.452,Yes,Thyrocare Technologies Limited
AHLWEST.NS,0.18663360315582433,0.4734740192986044,679.47,1.64,0.3941791852323806,3.8720527627207577,3.872,Yes,Asian Hotels (West) Limited
AMAGI.NS,0.08050994629965642,0.2043783386538007,153.25,0.708,0.3939260238142621,2.740121235863879,2.74,Yes,Amagi Media Labs Limited
AMAGI.BO,0.0796911277355216,0.20233566568825992,150.95,0.701,0.39385605827052916,2.672565551780664,2.673,Yes,Amagi Media Labs Limited
GOLD1.NS,0.029262594206523652,0.07443799728158419,41.36,0.258,0.3931136687601771,0.15028921847514873,0.15,Yes,KOTAK GOLD ETF
PHRMASI.BO,0.15147509480507143,0.38573449377672686,443.32,1.336,0.3926926350868407,2.6599881465440256,2.66,Yes,Phaarmasia Limited
POWERINDIA.NS,0.07284815407675863,0.18557117124446973,132.52,0.643,0.39256180573861416,1.1083430633487967,1.108,Yes,Hitachi Energy India Limited
RESONANCE.BO,0.05658196020193005,0.1443006825641895,93.57,0.5,0.3921115215568063,1.4790561540264002,1.479,Yes,Resonance Specialties Limited
CUB.BO,0.03817254156806879,0.0974290018354967,56.76,0.338,0.3917985491888847,1.4878544739041162,1.488,Yes,City Union Bank Limited
ABCAPITAL.NS,0.034653202267529944,0.08856888490621681,50.5,0.307,0.3912570684865603,1.7108969071539692,1.711,Yes,Aditya Birla Capital Limited
CUB.NS,0.038266272810381016,0.09788400920376139,56.93,0.339,0.390934874058168,1.4916141428046121,1.492,Yes,City Union Bank Limited
PAISALO.BO,0.06311670220620602,0.16152169846142855,108.44,0.56,0.3907629922631003,2.092880303596845,2.093,Yes,Paisalo Digital Limited
ATLANTAELE.BO,0.08121042818857263,0.20818600211391408,155.22,0.721,0.39008592010973125,-0.2137972630516387,0.214,No,Atlanta Electricals Limited
PAISALO.NS,0.06319717091984528,0.1622908169036238,108.62,0.562,0.3894069431998413,2.1024656821245595,2.102,Yes,Paisalo Digital Limited
PRIVISCL.NS,0.03949865271047582,0.10151753941487868,59.18,0.352,0.38908205358538067,1.388684579367742,1.389,Yes,Privi Speciality Chemicals Limited
CONFIPET.NS,0.06665711613091181,0.17133969925793416,116.92,0.594,0.38903486127033776,0.36367379753688367,0.364,Yes,Confidence Petroleum India Limited
PRIVISCL.BO,0.039768582135962655,0.10227512974976728,59.68,0.354,0.3888392244846127,1.4002085273247928,1.4,Yes,Privi Speciality Chemicals Limited
HEALTHIETF.NS,0.016059024815257936,0.04132099097285617,21.07,0.143,0.3886408442093544,0.5750435292267542,0.575,Yes,ICICIPRAMC - ICICIPHARM
GVT&D.NS,0.04322582534143375,0.11145094932690972,66.17,0.386,0.3878461834779268,0.471353311988553,0.471,Yes,GE Vernova T&D India Limited
CONFIPET.BO,0.06685494693453434,0.1724350295439019,117.4,0.597,0.38771093733894185,0.3615674418188972,0.362,Yes,Confidence Petroleum India Limited
RBLBANK.NS,0.03246058415518481,0.08396549640344947,46.72,0.291,0.3865943220202443,1.3517286334238163,1.352,Yes,RBL Bank Limited
ROADSTAR.BO,0.030944464166523144,0.08007293413087103,44.15,0.277,0.38645348147162406,-0.58647753943845,0.586,No,Roadstar Infra Investment Trust Fund
MITSU.BO,0.06636183826959352,0.17172371943559206,116.2,0.595,0.3864453814982948,1.710118823054175,1.71,Yes,Mitsu Chem Plast Limited
SOLARINDS.BO,0.04436356885334242,0.1148851318926791,68.35,0.398,0.38615587693962883,1.020520520915859,1.021,Yes,Solar Industries India Limited
KINETRU.BO,0.11437979360018985,0.29653740633043774,266.77,1.027,0.38571792683967193,-0.4513007382069459,0.451,No,Kinetic Trust Limited
KINGFA.BO,0.029874474932585868,0.07753747209738766,42.37,0.269,0.3852908035880161,0.3290862962515388,0.329,Yes,Kingfa Science & Technology (India) Limited
ASTRAMICRO.NS,0.058727600451797084,0.15263941686284707,98.34,0.529,0.3847472799543404,1.6401873752168532,1.64,Yes,Astra Microwave Products Limited
HIIL.BO,0.15220395002830317,0.39710666737176825,447.46,1.376,0.38328228290816124,4.006672156905203,4.007,Yes,Hindusthan Insulators & Industries Limited
BTTL.NS,0.07496132775791817,0.19590812388613812,138.08,0.679,0.38263511625217606,5.163632213934468,5.164,Yes,Bhilwara Technical Textiles Limited
NOVARTIND.BO,0.06404961287385152,0.16744279940144696,110.64,0.58,0.3825163763554352,-0.7645949799970233,0.765,No,Novartis India Limited
SOLARINDS.NS,0.043614914591455285,0.11403442135610678,66.91,0.395,0.3824714860020607,1.02773347648308,1.028,Yes,Solar Industries India Limited
HEALTHAXIS.NS,0.015756957573261943,0.041202775641257315,20.64,0.143,0.38242466261142194,0.553110657133376,0.553,Yes,Axis NIFTY Healthcare ETF
POWERINDIA.BO,0.07138221274193023,0.18676231531776258,128.74,0.647,0.3822088659614149,1.1300417535182605,1.13,Yes,Hitachi Energy India Limited
UNIONBANK.NS,0.03520324732228905,0.0921602117145782,51.46,0.319,0.3819788026454858,0.8077364160038281,0.808,Yes,Union Bank of India
AURIQUE.BO,0.1664606704384729,0.43638999367373754,534.51,1.512,0.38144932938798204,-0.6422140451085965,0.642,No,Aurique Limited
INDOCRED.BO,0.1418406536907075,0.3722568570329461,391.21,1.29,0.38102898848188066,-1.966830097342806,1.967,No,Indo Credit Capital Limited
MOHEALTH.NS,0.01708216147128312,0.04491124688276185,22.54,0.156,0.38035375672991417,0.6086640346338572,0.609,Yes,Motilal Oswal BSE Healthcare ETF
QGOLDHALF.NS,0.02922085114812575,0.07696696550929358,41.29,0.267,0.3796544524624321,0.08901087614011485,0.089,Yes,Quantum Gold Exchange Traded Scheme
MANCREDIT.BO,0.031218238705268898,0.0823278167891522,44.61,0.285,0.3791942981461683,0.1456406457222799,0.146,Yes,Mangal Credit and Fincorp Limited
NDLVENTURE.NS,0.03964850086334381,0.10458707085526239,59.46,0.362,0.3790956237622641,-0.005524455425958758,0.006,No,NDL Ventures Limited
NAM-INDIA.BO,0.03561010302881907,0.0939437420861497,52.18,0.325,0.3790577449657409,1.390379185508845,1.39,Yes,Nippon Life India Asset Management Limited
SATIN.NS,0.04660830425936868,0.12318889870620814,72.75,0.427,0.3783482501172798,1.1573584837874602,1.157,Yes,Satin Creditcare Network Limited
RBLBANK.BO,0.0317617544251551,0.08394942012089715,45.53,0.291,0.37834394066587235,1.3392893343103112,1.339,Yes,RBL Bank Limited
NOVUS.BO,0.08728562269527736,0.23144750799149522,172.98,0.802,0.3771292395962404,1.6325188344168904,1.633,Yes,Novus Loyalty Limited
SHAILY.NS,0.04383919464471034,0.11630757340036783,67.34,0.403,0.3769246779296291,0.5743191686276952,0.574,Yes,Shaily Engineering Plastics Limited
SHAILY.BO,0.04395121474123554,0.11663370575354011,67.56,0.404,0.3768311609176622,0.5730101237363886,0.573,Yes,Shaily Engineering Plastics Limited
ABCAPITAL.BO,0.03345912227793066,0.08890795616187533,48.43,0.308,0.3763343993310498,1.7154913481194405,1.715,Yes,Aditya Birla Capital Limited
GOLDAXIS.NS,0.027997222981989815,0.07440764796765245,39.28,0.258,0.3762680819337438,0.17432019549450653,0.174,Yes,Axis Gold Exchange Traded Fund
KINGFA.NS,0.02890502630956816,0.0769867290651378,40.77,0.267,0.3754546616094297,0.3420385910485291,0.342,Yes,Kingfa Science & Technology (India) Limited
DEEDEV.NS,0.10289507099819141,0.27425867119416114,223.9,0.95,0.37517526993830924,1.5144958585491428,1.514,Yes,DEE Development Engineers Limited
WSTCSTPAPR.NS,0.027656133796285298,0.07381247438298115,38.73,0.256,0.3746810282065539,0.7327782737742919,0.733,Yes,West Coast Paper Mills Limited
MANCREDIT.NS,0.03012620840214174,0.08049833485679904,42.79,0.279,0.37424635498031333,0.18584725223780382,0.186,Yes,Mangal Credit and Fincorp Limited
DEEDEV.BO,0.1034190292655441,0.2769915403009318,225.75,0.96,0.37336529900222437,1.5144219887823875,1.514,Yes,DEE Development Engineers Limited
QGOLDHALF.BO,0.02909167853465333,0.07797835640656886,41.07,0.27,0.373073758864231,0.06739487485061565,0.067,Yes,Quantum Gold Exchange Traded Scheme
CUBIFIN.BO,0.13412548848306696,0.3596902359669911,352.83,1.246,0.3728916580748544,2.255864120363407,2.256,Yes,Cubical Financial Services Limited
SATANIBRG.BO,0.1217475038371135,0.3270611627437967,296.96,1.133,0.3722468996799977,-0.455279643091275,0.455,No,Satani Bearings Limited
GOLDBEES.NS,0.02877856367615892,0.07737720335973802,40.56,0.268,0.3719256115055378,0.11579480708189746,0.116,Yes,Nippon India ETF Gold BeES
GOLDBEES.BO,0.028777523639543293,0.07739333224752236,40.56,0.268,0.37183466332094217,0.12410402769908097,0.124,Yes,Nippon India ETF Gold BeES
GOLDADD.NS,0.029031898848284585,0.07808628199635441,40.98,0.27,0.37179256209996,0.045395553951247336,0.045,Yes,DSPAMC - DSPGOLD
ZIMLAB.NS,0.06169120335260396,0.16623729294751627,105.11,0.576,0.3711032720683249,2.0319658977366912,2.032,Yes,ZIM Laboratories Limited
NRBBEARING.NS,0.06240081470945113,0.1682895817061699,106.76,0.583,0.37079428255042934,1.6980112185129275,1.698,Yes,NRB Bearings Limited
ZIMLAB.BO,0.06267847345835292,0.16923398476968873,107.41,0.586,0.3703657604213027,2.087988578621726,2.088,Yes,ZIM Laboratories Limited
APEX.NS,0.057884719152838396,0.15632689521851661,96.45,0.542,0.3702799769158472,1.3040142480256147,1.304,Yes,Apex Frozen Foods Limited
E2E.NS,0.08445703956960998,0.2288040571010413,164.57,0.793,0.3691238723634749,1.514705913024832,1.515,Yes,E2E Networks Limited
APEX.BO,0.05799151703257319,0.1572081571691764,96.69,0.545,0.3688836385898651,1.308185560105666,1.308,Yes,Apex Frozen Foods Limited
GVT&D.BO,0.040885258603831846,0.11089008667147075,61.75,0.384,0.36870075433307964,0.4968371972254877,0.497,Yes,GE Vernova T&D India Limited
RAMRAT.BO,0.06791099872504112,0.184278394659626,120.0,0.638,0.3685239327728955,2.07320789365776,2.073,Yes,Ram Ratna Wires Limited
GOLDETF.NS,0.029191566435866748,0.07926505309041162,41.24,0.275,0.36827788915463344,0.12892728858827418,0.129,Yes,Mirae Asset Gold ETF
TRANSFD.BO,0.04116940862047919,0.11187253460434675,62.28,0.388,0.36800282362494696,1.066431903365247,1.066,Yes,Transglobe Foods Limited
SAIL.NS,0.03949649878797385,0.10748093074204142,59.18,0.372,0.3674744767773462,0.6273061220467072,0.627,Yes,Steel Authority of India Limited
EBBETF0430.NS,0.003819781694435079,0.010397638182706236,4.68,0.036,0.36737013034251287,0.16014443207884732,0.16,Yes,BHARAT Bond ETF April 2030
ADANIENSOL.BO,0.05822914645082304,0.15863233840302468,97.22,0.55,0.3670698360562828,2.087159213437363,2.087,Yes,Adani Energy Solutions Limited
VIJAYA.BO,0.04531088907073119,0.12345400979966212,70.19,0.428,0.3670264671375235,1.4937954619727094,1.494,Yes,Vijaya Diagnostic Centre Limited
JASCH.BO,0.058026711580400556,0.15812957204751424,96.77,0.548,0.36695673572660326,1.3531698181592613,1.353,Yes,Jasch Industries Limited
RAMRAT.NS,0.06762713276317958,0.18437067868848284,119.3,0.639,0.3667998254616398,2.052999675358187,2.053,Yes,Ram Ratna Wires Limited
CLFL.BO,0.057731110190908014,0.15763728626259474,96.11,0.546,0.3662275059387828,0.16008326056994113,0.16,Yes,Classic Leasing & Finance Limited
VIDYAWIRES.BO,0.10436687954873113,0.28513205859990326,229.12,0.988,0.36602997243175145,2.8692497712637,2.869,Yes,Vidya Wires Limited
RITESHIN.BO,0.046377623033412446,0.12680410308469547,72.29,0.439,0.3657422899197176,1.3907403314696345,1.391,Yes,Ritesh International Limited
IIRM.BO,0.05519367234016504,0.15092725867000154,90.54,0.523,0.36569717641824095,0.99546335008929,0.995,Yes,IIRM Holdings India Limited
ASARFI.BO,0.05806454558190768,0.15881142727145137,96.85,0.55,0.36561944300557025,1.4686320756825761,1.469,Yes,Asarfi Hospital Limited
UNIONBANK.BO,0.03312518699055482,0.09074927721307804,47.85,0.314,0.36501874183281197,0.8238966327490094,0.824,Yes,Union Bank of India
VIJAYA.NS,0.0451746195701438,0.12392325759617931,69.93,0.429,0.3645370566141136,1.5013409371689017,1.501,Yes,Vijaya Diagnostic Centre Limited
VIDYAWIRES.NS,0.10362443876268917,0.28431927206780805,226.48,0.985,0.36446505370193655,2.8629006594186914,2.863,Yes,Vidya Wires Limited
GLAND.BO,0.03998848655524077,0.10983452564292334,60.08,0.38,0.3640793850673605,-0.08157098761596626,0.082,No,Gland Pharma Limited
AIAENG.NS,0.03464947609549381,0.09517222785634175,50.49,0.33,0.36407129344282724,0.7906651328397076,0.791,Yes,AIA Engineering Limited
ACMESOLAR.BO,0.04065317010209786,0.11178541242349577,61.31,0.387,0.36367151331056075,-0.0171233598827234,0.017,No,ACME Solar Holdings Limited
GILT5BETA.NS,0.00556997686138975,0.015337970576935782,6.89,0.053,0.36314953360032587,0.23360972835703742,0.234,Yes,UTIAMC-GILT5BETA
HDFCGOLD.NS,0.02892440726081014,0.07967881281358412,40.8,0.276,0.3630125279160652,0.12819358736814618,0.128,Yes,HDFC GOLD ETF
GLAND.NS,0.040040629552652036,0.11048241098316063,60.18,0.383,0.3624163266925348,-0.07913093938573913,0.079,No,Gland Pharma Limited
MINDSPACE.BO,0.013275637008639677,0.036680507275922036,17.15,0.127,0.36192621080118276,0.2892931202765222,0.289,Yes,Mindspace Business Parks REIT
SIZEMASTER.BO,0.08750957162552529,0.24207652016891695,173.65,0.839,0.3614954955749635,-0.40447213870640353,0.404,No,Sizemasters Technology Limited
SETFGOLD.NS,0.028755564244774545,0.07979675041950036,40.52,0.276,0.3603600910263057,0.10010003766677872,0.1,Yes,SBI Gold ETF
NUVAMA.NS,0.03672993414348172,0.1019630374367784,54.17,0.353,0.36022793226668937,1.210810766285468,1.211,Yes,Nuvama Wealth Management Limited
ABSLAMC.BO,0.032146746375057794,0.0892451767626933,46.18,0.309,0.3602071007213908,0.34886746321922835,0.349,Yes,Aditya Birla Sun Life AMC Limited
ACMESOLAR.NS,0.04013159462029934,0.11161249330998685,60.35,0.387,0.35956185038210636,-0.023361905675405054,0.023,No,ACME Solar Holdings Limited
ASHOKRE.BO,0.013815715124305676,0.03843597404634585,17.9,0.133,0.3594475089312626,-0.2812569112134277,0.281,No,Ashoka Refineries Limited
BSE.NS,0.05347465014662132,0.14887510670942286,86.85,0.516,0.3591913472209569,1.4443335303608889,1.444,Yes,BSE Limited
IIFL.BO,0.03941325791163935,0.10997259911940596,59.02,0.381,0.3583916196146756,1.7292458699698523,1.729,Yes,IIFL Finance Limited
IIFL.NS,0.0392016744986834,0.10942717093598199,58.63,0.379,0.3582444301846887,1.7144567788926004,1.714,Yes,IIFL Finance Limited
SMARTLINK.BO,0.0471232832509355,0.13170109109125028,73.77,0.456,0.3578048052638054,1.4572335540897006,1.457,Yes,Smartlink Holdings Limited
NUVAMA.BO,0.036871763515035454,0.1030885259164036,54.42,0.357,0.3576708774062348,1.2525713373666074,1.253,Yes,Nuvama Wealth Management Limited
GAUDIUMIVF.NS,0.11077599132783685,0.3098701324950405,252.79,1.073,0.35749167057786646,3.6472843896300717,3.647,Yes,Gaudium IVF and Women Health Limited
BALAMINES.NS,0.059856917576109406,0.1675573418304035,100.89,0.58,0.3572324371002184,1.2623575449217808,1.262,Yes,Balaji Amines Limited
OMNITEX.BO,0.06730638465722111,0.18871110344319725,118.51,0.654,0.35666361665613694,1.152236341654023,1.152,Yes,Omnitex Industries (India) Limited
BALAMINES.BO,0.059763955452721035,0.1677702934054785,100.68,0.581,0.35622489678956154,1.253671270911287,1.254,Yes,Balaji Amines Limited
ABSLAMC.NS,0.03203397824978839,0.0899379663678703,45.99,0.312,0.35617859223946496,0.35534864478786304,0.355,Yes,Aditya Birla Sun Life AMC Limited
DBOL.BO,0.05152590355346597,0.1446701825158531,82.74,0.501,0.3561611844086788,-0.8730615607905767,0.873,No,Dhampur Bio Organics Limited
MAHABANK.BO,0.045965466198157064,0.12973171238745554,71.48,0.449,0.35431172033617364,1.6682527825927194,1.668,Yes,Bank of Maharashtra
DBOL.NS,0.05173685916779568,0.14618791134298417,83.18,0.506,0.3539065487187332,-0.9782835784209432,0.978,No,Dhampur Bio Organics Limited
UJJIVANSFB.BO,0.04371548999134621,0.12361109514110963,67.1,0.428,0.3536534478676231,1.3943982083454594,1.394,Yes,Ujjivan Small Finance Bank Limited
BSLGOLDETF.BO,0.029389959442938728,0.08317157758964515,41.57,0.288,0.35336541995083876,0.10583758222271578,0.106,Yes,Aditya Birla Sun Life Gold ETF
MAHABANK.NS,0.04566390227444322,0.12923104071654162,70.89,0.448,0.35335088242927243,1.6573830310882305,1.657,Yes,Bank of Maharashtra
UJJIVANSFB.NS,0.04363732007875359,0.12371255771332941,66.95,0.429,0.35273153255687545,1.3923147458960343,1.392,Yes,Ujjivan Small Finance Bank Limited
SKM.BO,0.14757886282489702,0.41884983855197516,421.66,1.451,0.35234312930643263,3.878326492369474,3.878,Yes,SK Minerals & Additives Limited
NAM-INDIA.NS,0.03351376159584602,0.09541302023384789,48.52,0.331,0.3512493526953355,1.420024471098668,1.42,Yes,Nippon Life India Asset Management Limited
JETFREIGHT.BO,0.05983379134158347,0.17038671855273735,100.84,0.59,0.351164643874892,0.9477762628834521,0.948,Yes,Jet Freight Logistics Limited
AMIC.BO,0.035510627360872356,0.10120798899595614,52.0,0.351,0.3508678288459147,1.1369455780501034,1.137,Yes,Amic Forging Limited
FCL.NS,0.09189605425194608,0.2627182956775683,187.19,0.91,0.3497893209718795,0.873930394325372,0.874,Yes,Fineotex Chemical Limited
METAL.NS,0.021986574302912416,0.0629726642460657,29.82,0.218,0.3491447371037038,0.4796407026346367,0.48,Yes,Mirae Asset Nifty Metal ETF
TRITONV.BO,0.037632570367086886,0.10784787432525961,55.78,0.374,0.34894123414607503,0.06477049554505412,0.065,Yes,Triton Valves Limited
FCL.BO,0.09164688131845035,0.26266524440324057,186.41,0.91,0.348911335897014,0.8929371356065111,0.893,Yes,Fineotex Chemical Limited
SUVEN.NS,0.08251244455947387,0.2369523285424202,158.94,0.821,0.3482238181284728,1.969760864878227,1.97,Yes,Suven Life Sciences Limited
AEROPLANE.BO,0.0880862927432915,0.25349643205853706,175.4,0.878,0.34748533550543514,7.7562954557046595,7.756,Yes,Amir Chand Jagdish Kumar (Exports) Limited
SHIVAUM.NS,0.04472802243122024,0.12873590938702648,69.06,0.446,0.34744014039433013,-0.8586153311524984,0.859,No,Shiv Aum Steels Limited
ELANTAS.NS,0.05866855816193041,0.16899132960786997,98.21,0.585,0.34716904292111206,-0.8172794551751431,0.817,No,ELANTAS Beck India Limited
GOLDCASE.NS,0.029767439516693795,0.08584308012252959,42.19,0.297,0.3467657436592994,0.14077102051572074,0.141,Yes,Zerodha Gold ETF
NINSYS.BO,0.059019946695828225,0.17042402143163396,99.0,0.59,0.34631236958285383,-0.12535698407775137,0.125,No,NINtec Systems Limited
VTL.BO,0.035067001383466544,0.10146736041300278,51.22,0.351,0.34559883336605257,0.7833345396073549,0.783,Yes,Vardhman Textiles Limited
YAANENT.BO,0.04018762705124803,0.11636212323147622,60.45,0.403,0.3453669109432096,1.372145519910896,1.372,Yes,Yaan Enterprises Limited
SANGAMIND.BO,0.03485021432663345,0.10093289736830892,50.84,0.35,0.34528102566463903,1.6260053901254916,1.626,Yes,Sangam (India) Limited
AEROPLANE.NS,0.08774728679146676,0.25428408188957025,174.37,0.881,0.3450758149681324,7.795274010685995,7.795,Yes,Amir Chand Jagdish Kumar (Exports) Limited
SILVERADD.NS,0.057859368002689066,0.16770425075281656,96.4,0.581,0.34500835693168813,0.3029472024541592,0.303,Yes,DSPAMC - DSPSILVETF
MANGLMCEM.NS,0.03951950863345463,0.11463806297700264,59.22,0.397,0.3447328715016981,1.439009800937223,1.439,Yes,Mangalam Cement Limited
TATAGOLD.NS,0.028872506701700728,0.08375434971022622,40.71,0.29,0.34472844457146395,0.11320246874472664,0.113,Yes,Tata Gold ETF
ADANIENSOL.NS,0.05555772279596736,0.1611971546031844,91.33,0.558,0.3446569694901416,2.0905783639220905,2.091,Yes,Adani Energy Solutions Limited
VTL.NS,0.03522197504520555,0.10220089475986394,51.5,0.354,0.34463470332588353,0.8052736811985911,0.805,Yes,Vardhman Textiles Limited
STARHEALTH.BO,0.02415732010613617,0.07051528997750577,33.17,0.244,0.34258272374462767,0.8649551773695933,0.865,Yes,Star Health and Allied Insurance Company Limited
STARHEALTH.NS,0.024203752541015044,0.07073919001663254,33.24,0.245,0.3421547876830954,0.8727367687650606,0.873,Yes,Star Health and Allied Insurance Company Limited
JETFREIGHT.NS,0.05921918010183436,0.17308264493059441,99.45,0.6,0.3421439516687595,1.0738809160430762,1.074,Yes,Jet Freight Logistics Limited
TIRTPLS.BO,0.0780704278804468,0.2284543783516103,146.47,0.791,0.3417331217013924,-0.9362420561022944,0.936,No,Tirth Plastic Limited
PIONAGR.BO,0.01636310375811973,0.04792987968674622,21.5,0.166,0.34139672089860323,0.21222501208134606,0.212,Yes,Pioneer Agro Extracts Limited
SBISILVER.NS,0.05609080184812532,0.16468629916928357,92.49,0.57,0.3405917925842072,0.28503030832572385,0.285,Yes,SBI Silver ETF
NAHARSPING.NS,0.03768417741014251,0.11069334702364879,55.88,0.383,0.340437600121456,0.830915930318383,0.831,Yes,Nahar Spinning Mills Limited
IYKOTHITE.BO,0.06436483660453207,0.1890973524595538,111.39,0.655,0.3403793642129343,-2.9189739980635885,2.919,No,Iykot Hitech Toolroom Limited
TMCV.BO,0.040886139632746836,0.1201765080838281,61.75,0.416,0.34021740425530633,1.499714947508633,1.5,Yes,Tata Motors Limited
TMCV.NS,0.0410784052701806,0.1207562322691138,62.11,0.418,0.3401762749489771,1.5015703446518183,1.502,Yes,Tata Motors Limited
AONEGOLD.NS,0.02965920394827518,0.08742489143232063,42.01,0.303,0.33925354052324613,0.09955778794458914,0.1,Yes,Angel One Gold ETF
UNIABEXAL.BO,0.0486399553503627,0.1434629210406268,76.81,0.497,0.3390419977339546,1.1461815049313802,1.146,Yes,Uni Abex Alloy Products Limited
GOLDIETF.NS,0.02890181698712085,0.08535728227036628,40.76,0.296,0.3385981397061745,0.09016091602973034,0.09,Yes,ICICI PRUDENTIAL GOLD ETF
INDUSINDBK.NS,0.035087754937406415,0.1036959741586423,51.26,0.359,0.3383714288051954,1.9427532976633628,1.943,Yes,IndusInd Bank Limited
SANGAMIND.NS,0.034236702883963695,0.10126413091866919,49.78,0.351,0.3380930895606173,1.6279521125806211,1.628,Yes,Sangam (India) Limited
AERPACE.BO,0.080052589081807,0.2371292632796315,151.96,0.821,0.33759051065496737,0.4664464805749104,0.466,Yes,Aerpace Industries Limited
SILVERBEES.NS,0.05838231256155601,0.17304108359202108,97.57,0.599,0.3373898923287141,0.2692127574703691,0.269,Yes,Nippon India Silver ETF
OFSS.NS,0.049231478034688296,0.1460461126618591,78.01,0.506,0.3370954360741806,1.519028934473386,1.519,Yes,Oracle Financial Services Software Limited
SILVERAXIS.NS,0.058165023086065075,0.17259998833461512,97.08,0.598,0.3369932040395162,0.3106352864266172,0.311,Yes,Axis Silver ETF
NITTAGELA.BO,0.07361592895065684,0.21853981747031515,134.52,0.757,0.3368536214717773,0.45232409974459736,0.452,Yes,Nitta Gelatin India Limited
BSLGOLDETF.NS,0.029687745869716398,0.0884363073942069,42.06,0.306,0.3356963530530801,0.09299079761613827,0.093,Yes,Aditya Birla Sun Life Gold ETF
JDCABLES.BO,0.05183429474310919,0.15454583253081375,83.39,0.535,0.3353975574383368,1.2213036853017807,1.221,Yes,JD Cables Limited
SILVERBETA.NS,0.05693197527587202,0.17009110933805552,94.34,0.589,0.3347145861852186,0.21654291593065816,0.217,Yes,UTIAMC-SILVERBETA
NOVYRA.BO,0.08326337896907408,0.24900406633643068,161.1,0.863,0.3343856194564168,1.3608349637158172,1.361,Yes,Novyra Pharmachem Limited
ATALREAL.NS,0.04378867060061364,0.1309587627905127,67.24,0.454,0.3343699166634606,1.7848785443547792,1.785,Yes,Atal Realtech Limited
SILVER.NS,0.05810731707037755,0.17386237206616267,96.95,0.602,0.3342144500839148,0.2747657848681639,0.275,Yes,Aditya Birla Sun Life Silver ETF
SKMEGGPROD.NS,0.0661543473796762,0.1981185089037846,115.7,0.686,0.3339130086619205,1.736898247265254,1.737,Yes,SKM Egg Products Export (India) Limited
APOLLOHOSP.NS,0.018366088378828135,0.05516016354902061,24.41,0.191,0.3329592807045662,0.35964092120237345,0.36,Yes,Apollo Hospitals Enterprise Limited
LICNETFGSC.NS,0.0033637349086324225,0.010103348495333838,4.11,0.035,0.3329326816931971,0.15523165529410074,0.155,Yes,LIC MF Nifty 8-13 yr G-SEC ETF
PRECOT.NS,0.07117293163465559,0.21415696790901986,128.2,0.742,0.33234002297273807,-0.6829849693030786,0.683,No,Precot Limited
MARICO.NS,0.01635664589809489,0.04923766965139393,21.49,0.171,0.33219780736783566,0.569026156591443,0.569,Yes,Marico Limited
LTGILTBEES.NS,0.003142149597562348,0.00948935858282883,3.84,0.033,0.33112349692929993,0.12035414779190048,0.12,Yes,Nippon India Mutual Fund - Nippon India ETF Nifty 8-13 yr G-Sec Long Term Gilt
HINDALCO.NS,0.030900391128028025,0.09333018605926366,44.08,0.323,0.331086783737971,0.5524722616301603,0.552,Yes,Hindalco Industries Limited
SHAWGELTIN.BO,0.028754189764396178,0.08712347978417322,40.52,0.302,0.3300395006676448,0.657295007612776,0.657,Yes,Narmada Gelatines Limited
MAYURUNIQ.BO,0.04484721188579398,0.1361033488864747,69.29,0.471,0.32950851138278403,0.3120221217911914,0.312,Yes,Mayur Uniquoters Limited
NINSYS.NS,0.05740286751610057,0.17429552989748845,95.38,0.604,0.32934216700716273,-0.20013806897215822,0.2,No,NINtec Systems Limited
RAPID.BO,0.06342694301627128,0.1927647182777492,109.17,0.668,0.32903813303055385,-1.0674067243552963,1.067,No,Rapid Multimodal Logistics Limited
SKMEGGPROD.BO,0.06449879824922998,0.1965865861276348,111.71,0.681,0.328093587257036,1.6153239318379864,1.615,Yes,SKM Egg Products Export (India) Limited
STAR.NS,0.02302731484467839,0.07037518972495466,31.42,0.244,0.3272078545674319,-0.04543706136349701,0.045,No,Strides Pharma Science Limited
SIMMOND.BO,0.061497441639031855,0.18855550921529055,104.66,0.653,0.3261503304515742,2.1363140458910856,2.136,Yes,Simmonds Marshall Limited
GVPIL.NS,0.0983699260121413,0.3020603195509723,208.31,1.046,0.3256631859436986,2.0636139818303034,2.064,Yes,GE Power India Limited
MAYURUNIQ.NS,0.044519620820691164,0.13677353841366663,68.66,0.474,0.3254987868051141,0.3023606940809069,0.302,Yes,Mayur Uniquoters Limited
GRASIM.NS,0.02051360520596268,0.0630299874583248,27.59,0.218,0.32545786590115067,0.5619925292695819,0.562,Yes,Grasim Industries Limited
VIYASH.BO,0.03780803604750781,0.11617145768771493,56.1,0.402,0.3254503025101147,1.0431447069457085,1.043,Yes,Viyash Scientific Limited
APOLLOHOSP.BO,0.017947281168826996,0.05516405434533774,23.8,0.191,0.32534376564263234,0.35215986283549827,0.352,Yes,Apollo Hospitals Enterprise Limited
TRANSPEK.NS,0.06464628798032124,0.1989617871589266,112.06,0.689,0.32491811067560983,4.0573241010340295,4.057,Yes,Transpek Industry Limited
ATALREAL.BO,0.0435562222944274,0.13405758400589202,66.8,0.464,0.3249068123778289,1.8623225125829568,1.862,Yes,Atal Realtech Limited
EGOLD.NS,0.0299697117368979,0.0922466062823977,42.53,0.32,0.32488687600225197,0.05853507326333576,0.059,Yes,Edelweiss Gold ETF
OFSS.BO,0.047104206728248776,0.1450022691158286,73.73,0.502,0.3248515145002433,1.5288238788581878,1.529,Yes,Oracle Financial Services Software Limited
GVPIL.BO,0.09883250741532051,0.30425685936930125,209.87,1.054,0.32483247089380973,2.1338203808575895,2.134,Yes,GE Power India Limited
CFF.BO,0.06103596703297076,0.18793742059792948,103.59,0.651,0.3247675041978479,1.983933974629386,1.984,Yes,CFF Fluid Control Limited
MAGNUS.BO,0.13738326318215438,0.42358790050014244,368.69,1.467,0.3243323593991755,0.6360741108653667,0.636,Yes,Magnus Steel and Infra Limited
HEMORGANIC.BO,0.10614810206847741,0.3283288982134734,235.55,1.137,0.3232980789874362,1.0093832812906114,1.009,Yes,Hemo Organic Limited
SAYAJIIND.BO,0.05411745133217662,0.1675904306467103,88.22,0.581,0.32291492493541674,-0.7172134776862116,0.717,No,Sayaji Industries Limited
ONEGLOBAL.BO,0.09803203755573127,0.30362964376457285,207.17,1.052,0.32286714940041544,3.6896206737969384,3.69,Yes,One Global Service Provider Limited
VOLTAMP.BO,0.048783642050366734,0.1511073020306608,77.11,0.523,0.32284106323642897,1.6613583351973542,1.661,Yes,Voltamp Transformers Limited
VOLTAMP.NS,0.04861633105453549,0.15076314876336916,76.77,0.522,0.32246826531091777,1.6439811005906744,1.644,Yes,Voltamp Transformers Limited
INDUSINDBK.BO,0.03356120313841716,0.10420608585487152,48.61,0.361,0.32206567268209324,1.9491233575308002,1.949,Yes,IndusInd Bank Limited
TERAI.BO,0.02097664971260223,0.06516534114834444,28.29,0.226,0.3218988705184605,0.8126384207054344,0.813,Yes,Terai Tea Company Limited
STAR.BO,0.02250212606673639,0.06993630171578907,30.61,0.242,0.321751729998274,-0.057378752307968295,0.057,No,Strides Pharma Science Limited
VINDHYATEL.NS,0.07953856405050946,0.24758027558277604,150.53,0.858,0.32126373501800437,0.9800355478794509,0.98,Yes,Vindhya Telelinks Limited
AARTIIND.NS,0.03627515264958054,0.11297075033451928,53.36,0.391,0.32110216619935406,1.3554193313071587,1.355,Yes,Aarti Industries Limited
AMS.BO,0.1221804367426358,0.38061185438541223,298.8,1.318,0.3210105921160154,-1.6029016920720673,1.603,No,AMS Polymers Limited
HSCL.NS,0.045749259206719656,0.1425952625452547,71.05,0.494,0.3208329532841279,1.9945450005770906,1.995,Yes,Himadri Speciality Chemical Limited
CCL.NS,0.02554161067820623,0.07975549605678015,35.34,0.276,0.320248909993895,0.5262053077846457,0.526,Yes,CCL Products (India) Limited
CITURGIA.BO,0.27224574824999737,0.8504446032975504,1698.26,2.946,0.32012167188124896,-5.671235838488703,5.671,No,Citurgia Biochemicals Limited
AYMSYNTEX.NS,0.04216779295371014,0.13178442950641733,64.15,0.457,0.31997553209923596,1.2256715896225425,1.226,Yes,AYM Syntex Limited
NESTLEIND.NS,0.028194792930106752,0.08827429992479195,39.61,0.306,0.31939979081259423,1.4187102402226714,1.419,Yes,Nestlé India Limited
HSCL.BO,0.045558548847559964,0.14291361065133015,70.68,0.495,0.3187838347931064,1.9999690220830197,2.0,Yes,Himadri Speciality Chemical Limited
BBNPPGOLD.NS,0.02918534407328771,0.09161672078277615,41.23,0.317,0.3185591431774376,0.06820005726169734,0.068,Yes,Baroda BNP Paribas Gold ETF
VIYASH.NS,0.03823421308611171,0.1200359869307461,56.87,0.416,0.31852292019867895,1.0362462251516884,1.036,Yes,Viyash Scientific Limited
GALAPREC.NS,0.033185288602814805,0.10446560913805068,47.96,0.362,0.3176671143415307,0.5470897093006057,0.547,Yes,Gala Precision Engineering Limited
PFOCUS.NS,0.061391801328630986,0.19375722312858923,104.41,0.671,0.3168490977386046,-1.095717236941365,1.096,No,Prime Focus Limited
SEIL.BO,0.08746404114867742,0.27619154715958183,173.51,0.957,0.31667892101759804,2.992810254980694,2.993,Yes,Shanti Educational Initiatives Limited
GALAPREC.BO,0.03325655816131137,0.1050626855091244,48.08,0.364,0.31654014934182445,0.6331014594878253,0.633,Yes,Gala Precision Engineering Limited
EBGNG.BO,0.07327353988416414,0.23190899205722634,133.63,0.803,0.3159581663227746,1.167349101748304,1.167,Yes,GNG Electronics Limited
KRN.NS,0.0841435656986354,0.2664187949851854,163.66,0.923,0.3158319431003895,2.1990743647808495,2.199,Yes,KRN Heat Exchanger and Refrigeration Limited
KRN.BO,0.08470529036458475,0.2682327676216272,165.3,0.929,0.3157902411239748,2.2002572395792086,2.2,Yes,KRN Heat Exchanger and Refrigeration Limited
EBGNG.NS,0.07408658886859187,0.23471342577336735,135.76,0.813,0.31564700069661883,1.182988984533616,1.183,Yes,GNG Electronics Limited
RSCINT.BO,0.10668570902447096,0.33845671497909485,237.51,1.172,0.3152122688157052,4.329073331264222,4.329,Yes,RSC International Limited
KRISHNACAP.BO,0.11810618080557558,0.376024042356334,281.77,1.303,0.3140920991792697,4.155579574106937,4.156,Yes,Krishna Capital & Securities Limited
TITANBIO.BO,0.0928849522824576,0.29628839006170665,190.33,1.026,0.3134950791123232,-3.654119892940368,3.654,No,Titan Biotech Limited
SURAJINDPP.BO,0.1337720696453678,0.427279140580363,351.14,1.48,0.3130788679823415,-7.00232492834167,7.002,No,Suraj Industries Ltd
CHEMBONDCH.NS,0.05679847443147539,0.18263429596101668,94.05,0.633,0.31099566558736064,2.5025884480590244,2.503,Yes,Chembond Chemicals Limited
FINCABLES.NS,0.05026841280407523,0.1617894963514401,80.14,0.56,0.3107025730204505,0.9511952250453897,0.951,Yes,Finolex Cables Limited
GROWWMETAL.NS,0.024890248974225884,0.08052063573670062,34.32,0.279,0.30911639912551164,0.9301998272152812,0.93,Yes,Groww Nifty Metal ETF
ARTEMISMED.NS,0.03341850396908536,0.10815632658721003,48.36,0.375,0.30898334867298693,1.586179015215425,1.586,Yes,Artemis Medicare Services Limited
AYMSYNTEX.BO,0.04257751739632674,0.13842832394309218,64.93,0.48,0.30757807494534384,1.303307913061038,1.303,Yes,AYM Syntex Limited
SRMENERGY.BO,0.09386759723250543,0.30536657693772756,193.48,1.058,0.3073931606196953,3.3488925594199994,3.349,Yes,SRM Energy Limited
GDLLEAS.BO,0.12944064038636166,0.4216119880267639,330.88,1.461,0.3070136619980188,5.083329572316735,5.083,Yes,GDL Leasing and Finance Limited
MAJESAUT.NS,0.0525273958189214,0.17149237038307466,84.84,0.594,0.3062958177182299,3.188022665679995,3.188,Yes,Majestic Auto Limited
COLINZ.BO,0.08422646991031763,0.2759886123003018,163.9,0.956,0.30518096094005226,0.3412601290065527,0.341,Yes,Colinz Laboratories Limited
CHEMBONDCH.BO,0.05678110279570055,0.18608729219146916,94.01,0.645,0.30513154405663157,2.3774453294558042,2.377,Yes,Chembond Chemicals Limited
MINDACORP.BO,0.023379304512813434,0.07667353318194238,31.96,0.266,0.30492014053057315,0.4422254040741738,0.442,Yes,Minda Corporation Limited
ONIDA.NS,0.041541386375402174,0.13626991631680402,62.97,0.472,0.30484634832258667,0.861281263488921,0.861,Yes,Onida Electronics Limited
LUPIN.NS,0.014029148257886941,0.04606328889712039,18.2,0.16,0.3045624529594534,0.16532747939283798,0.165,Yes,Lupin Limited
HALDER.BO,0.030341867530695718,0.09965392658204875,43.14,0.345,0.30447237325580084,0.19195530461439425,0.192,Yes,Halder Venture Limited
SAMOR.BO,0.04023460215277753,0.1321657523164275,60.54,0.458,0.30442532537815836,-0.27662870022812414,0.277,No,Samor Reality Limited
SANDHAR.NS,0.04456848826532333,0.14654856394324142,68.75,0.508,0.3041209484835675,1.115850868058022,1.116,Yes,Sandhar Technologies Limited
MINDACORP.NS,0.023278596007029802,0.07660439619581107,31.8,0.265,0.3038806800007483,0.4635264115592206,0.464,Yes,Minda Corporation Limited
HALEOSLABS.BO,0.03476136707989747,0.1144959867687109,50.69,0.397,0.3036033669033101,1.161241847384944,1.161,Yes,Haleos Labs Limited
LYKISLTD.BO,0.0405845236253726,0.1338683442352331,61.19,0.464,0.303167443036851,0.40637564473801663,0.406,Yes,Krowniq Limited
SANDHAR.BO,0.04448156474162763,0.1469727623705829,68.58,0.509,0.3026517568573016,1.077071457485399,1.077,Yes,Sandhar Technologies Limited
OTCO.BO,0.07085978487357741,0.23500612699960077,127.4,0.814,0.3015231380486424,2.0772688780626187,2.077,Yes,Otco International Limited
ROSSTECH.NS,0.05449910470454213,0.18099188158771454,89.04,0.627,0.3011135318692739,1.4845024535175322,1.485,Yes,Rossell Techsys Limited
LLOYDSME.NS,0.044396107377044476,0.14772840819380528,68.42,0.512,0.30052518618356133,1.4314870992654627,1.431,Yes,Lloyds Metals and Energy Limited
ROSSTECH.BO,0.05450552421278891,0.18137490832393416,89.05,0.628,0.300513035217873,1.5049860604093295,1.505,Yes,Rossell Techsys Limited
SERA.BO,0.04655869835840492,0.1552192062329851,72.65,0.538,0.29995449331521506,1.092679230276652,1.093,Yes,Sera Investments & Finance India Limited
KERNEX.NS,0.07530289989162854,0.2514890129615309,138.98,0.871,0.2994281897442067,3.3494952621881815,3.349,Yes,Kernex Microsystems (India) Limited
SESHACHAL.BO,0.20015590336004882,0.6691466816681723,793.0,2.318,0.2991211177511383,-1.9791258061016712,1.979,No,Seshachal Technologies Limited
KHAZANCHI.BO,0.030353051479300206,0.10152785565521061,43.16,0.352,0.2989627948252882,1.6767786914328213,1.677,Yes,Khazanchi Jewellers Limited
LOOKS.BO,0.1053009145883074,0.3525722477986909,232.48,1.221,0.29866478500721744,1.0657157896095009,1.066,Yes,Looks Health Services Limited
LLOYDSME.BO,0.0441832651146618,0.14805032707543347,68.0,0.513,0.298434093240131,1.4332250438630836,1.433,Yes,Lloyds Metals and Energy Limited
SHARP.BO,0.13638712846340803,0.45726731224611644,363.78,1.584,0.2982656420234122,4.896474013762248,4.896,Yes,Smaart Tech Services Limited
VEGA.BO,0.05521439446716905,0.18579637993317932,90.58,0.644,0.29717691209606245,-0.8187907298630257,0.819,No,Vega Jewellers Limited
HITECHCORP.NS,0.07718253176445086,0.2597672581503331,144.05,0.9,0.297121863294194,1.2884677422412452,1.288,Yes,Hitech Corporation Limited
CENTUM.BO,0.027388809294601444,0.09223305724771183,38.3,0.32,0.2969522003487629,-0.4897392832199026,0.49,No,Centum Electronics Limited
HITECHCORP.BO,0.07763953197948362,0.26147276370378947,145.29,0.906,0.2969316225510887,1.1921604783942588,1.192,Yes,Hitech Corporation Limited
SPARC.BO,0.052012397859096615,0.1752906021272376,83.76,0.607,0.2967209720766579,0.8716069497565153,0.872,Yes,Sun Pharma Advanced Research Company Limited
LTF.NS,0.028372785548378052,0.09563159270215452,39.9,0.331,0.2966884138042682,1.7207702845131856,1.721,Yes,L&T Finance Limited
VCL.NS,0.12346574143475736,0.4166892431191914,304.31,1.443,0.2963017247830435,2.739361615029441,2.739,Yes,Vaxtex Cotfab Limited
CENTUM.NS,0.02717647680238252,0.09177475140385187,37.96,0.318,0.29612149732548226,-0.5116718033722005,0.512,No,Centum Electronics Limited
KEI.NS,0.04041312837677376,0.13677741131669388,60.87,0.474,0.29546639308154005,1.4046275017926206,1.405,Yes,KEI Industries Limited
SPARC.NS,0.051612798352563646,0.17500411717951378,82.92,0.606,0.2949233377156541,0.857319917751473,0.857,Yes,Sun Pharma Advanced Research Company Limited
MASPTOP50.NS,0.016558494028415957,0.05617992316948205,21.78,0.195,0.29474041782618227,0.4727801028202933,0.473,Yes,Mirae Asset S&P 500 Top 50 ETF
RETAGGIO.BO,0.10087452087411104,0.3422783938741937,216.85,1.186,0.29471483645908436,-1.3740801066179935,1.374,No,Retaggio Industries Limited
SBLI.BO,0.05050477338346832,0.17211689188642545,80.62,0.596,0.2934329851644941,2.41868191295881,2.419,Yes,SBL Infratech Limited
CUMMINSIND.NS,0.029784799764504474,0.1015141561052038,42.22,0.352,0.2934053821383996,1.0260124971436928,1.026,Yes,Cummins India Limited
INDOTECH.NS,0.13543677812758065,0.46218840787249066,359.15,1.601,0.29303369755856185,6.37977534516804,6.38,Yes,Indo Tech Transformers Limited
INDOTECH.BO,0.1357292711134193,0.4639228134874762,360.57,1.607,0.29256864971371654,6.392790784069844,6.393,Yes,Indo Tech Transformers Limited
JAYATMA.BO,0.12734316534618567,0.4353604272931966,321.38,1.508,0.29250055210099635,1.856405459153458,1.856,Yes,Jayatma Enterprises Limited
GSEC5IETF.NS,0.004094005174718466,0.014041487710279755,5.02,0.049,0.291564915284671,0.12706786708675705,0.127,Yes,ICICI Prudential Nifty 5 Yr Bench G-SEC ETF
INNOVACAP.BO,0.02518560675084913,0.08638996927844421,34.78,0.299,0.2915339241489159,-0.015159781433864455,0.015,No,Innova Captab Limited
INNOVACAP.NS,0.02516133572754534,0.0865902857093479,34.74,0.3,0.29057919744026245,-0.04538717200638322,0.045,No,Innova Captab Limited
AURUM.NS,0.0345896384608856,0.1193785462841456,50.39,0.414,0.2897475261472452,1.5265829817756995,1.527,Yes,Aurum PropTech Limited
STARLENT.BO,0.13629874337822118,0.4731141502814522,363.35,1.639,0.2880884947050052,-1.2661991364649514,1.266,No,StarlinePS Enterprises Limited
M&MFIN.NS,0.038231632512646586,0.13301099057515603,56.87,0.461,0.287432131339886,2.2658479585577127,2.266,Yes,Mahindra & Mahindra Financial Services Limited
TEXINFRA.BO,0.014792853288091885,0.05163000201462836,19.27,0.179,0.286516612645117,0.264328978422813,0.264,Yes,Texmaco Infrastructure & Holdings Limited
ABHIFIN.BO,0.03891095871325865,0.13588932162394887,58.1,0.471,0.286343019806503,-0.23288278211959887,0.233,No,Abhishek Finlease Limited
HIRECT.NS,0.051108206510240436,0.1791148707430654,81.87,0.62,0.2853375953555165,1.9523331073305954,1.952,Yes,Hirect Limited
MNPLFIN.BO,0.0733491688883035,0.2574357254442605,133.83,0.892,0.2849222607379912,-0.9276565032908808,0.928,No,Manipal Finance Corporation Limited
TATVA.BO,0.06286299127316784,0.22095078514383398,107.84,0.765,0.28451128260189457,3.1325720658007223,3.133,Yes,Tatva Chintan Pharma Chem Limited
SCANPRO.BO,0.03725609524181522,0.1311655693505587,55.11,0.454,0.2840386804729447,-0.6455276058951678,0.646,No,Scan Projects Limited
TATVA.NS,0.06381499122813278,0.22492070169812878,110.08,0.779,0.28372217740001693,3.1690761962130316,3.169,Yes,Tatva Chintan Pharma Chem Limited
FORINTL.BO,0.02353921277718467,0.08326974261414208,32.21,0.288,0.2826862680032699,0.7046900471253622,0.705,Yes,Fortune International Limited
TEXINFRA.NS,0.014782226606578928,0.05231351247896227,19.25,0.181,0.2825699500205336,0.23222343358130956,0.232,Yes,Texmaco Infrastructure & Holdings Limited
LORDSMARK.BO,1.62944265401286,5.768884954590977,10923466.17,19.984,0.28245365730792077,18.191941084215735,18.192,Yes,Lord's Mark Industries Limited
ZFCVINDIA.BO,0.016907312867417184,0.059874221699808494,22.29,0.207,0.2823805034524776,0.48337758622808985,0.483,Yes,ZF Commercial Vehicle Control Systems India Limited
SUDARSHAN.BO,0.053293291718741705,0.18895361943635686,86.46,0.655,0.2820443020764251,1.5129756786825708,1.513,Yes,Sudarshan Pharma Industries Limited
AURUM.BO,0.03353385531372622,0.11893559025580362,48.56,0.412,0.28194971111340567,1.495072014053292,1.495,Yes,Aurum PropTech Limited
MIDEASTP.BO,0.06075004527269546,0.21595963528171197,102.93,0.748,0.281302777685511,1.4309775498158825,1.431,Yes,Mid East Portfolio Management Limited
INDIAGLYCO.NS,0.033991731749085353,0.12099309519297345,49.35,0.419,0.2809394345592325,1.9937689510092502,1.994,Yes,India Glycols Limited
RAAJMEDI.BO,0.051964372478219896,0.18508506888281656,83.66,0.641,0.2807593977832985,1.1501241523620331,1.15,Yes,Raaj Medisafe India Limited
CEIGALL.NS,0.028897870014576044,0.10295695746095693,40.76,0.357,0.2806791374495951,0.8007114064559988,0.801,Yes,Ceigall India Limited
GRAMEVA.BO,0.048329658982145224,0.17226109860606195,76.19,0.597,0.28056049434973523,0.8544359479842862,0.854,Yes,Grameva Limited
JAYKAILASH.BO,0.14403306619144773,0.5134368314053785,402.65,1.779,0.2805273353631461,3.1727046016574856,3.173,Yes,Jay Kailash Namkeen Limited
IMPERA.BO,0.049569432848144974,0.1769278505487527,78.7,0.613,0.2801674959278729,0.33624921810426023,0.336,Yes,Impera Worldwide Limited
ANTELOPUS.BO,0.04604159765172742,0.1643621086336095,71.63,0.569,0.2801229433869202,-0.5590558377118517,0.559,No,Antelopus Selan Energy Limited
RACLGEAR.NS,0.04328514916425246,0.15477499568937128,66.28,0.536,0.27966499996630234,0.7062700391361266,0.706,Yes,RACL Geartech Limited
WELSPLSOL.BO,0.04721073197799381,0.1688194484225792,73.94,0.585,0.27965221080345315,2.3937873534636864,2.394,Yes,Welspun Specialty Solutions Limited
GOELCONS.BO,0.031875565658672556,0.11415103955179581,45.72,0.395,0.2792402573277406,1.0840450171682818,1.084,Yes,Goel Construction Company Limited
RACLGEAR.BO,0.04359021742447574,0.1562047824736696,66.86,0.541,0.2790581487594559,0.7704965606922808,0.77,Yes,RACL Geartech Limited
GALADA.BO,0.10608086048637073,0.3804714668227637,235.31,1.318,0.2788142337511652,-0.6888958086077412,0.689,No,Galada Power and Telecommunication Limited
HINDCOPPER.BO,0.06335617002193018,0.22742330000901345,109.0,0.788,0.2785825815535136,0.9284465543534066,0.928,Yes,Hindustan Copper Limited
HINDCOPPER.NS,0.06331783663542777,0.22739721817700315,108.91,0.788,0.27844595964292734,0.9347844458944436,0.935,Yes,Hindustan Copper Limited
KOVAI.NS,0.020539050419566322,0.07388688402167008,27.63,0.256,0.27797965351391024,1.7360405235464373,1.736,Yes,Kovai Medical Center and Hospital Limited
CEIGALL.BO,0.028946134921472935,0.10422740221166485,40.84,0.361,0.27772096691702214,0.8488062878756776,0.849,Yes,Ceigall India Limited
ADVPETR-B.BO,0.12035387389506477,0.4350870343782819,291.08,1.507,0.2766202262658656,1.7457509974452843,1.746,Yes,Advance Petrochemicals Ltd.
MACHLTD.BO,0.03793034281868828,0.13779439747506816,56.32,0.477,0.2752676706289979,1.3920018654130928,1.392,Yes,Mach Travel Solutions Limited
ARIGATO.BO,0.07004809746727161,0.254530251800344,125.34,0.882,0.27520539099697283,-2.1604112830110997,2.16,No,Arigato Universe Limited
SETF10GILT.NS,0.002582524340076209,0.009405897211472444,3.14,0.033,0.27456438041086445,0.15704522847033026,0.157,Yes,SBI Nifty 10 yr Benchmark G-Sec ETF
SCHNEIDER.BO,0.049925379676615984,0.18194784001547856,79.43,0.63,0.27439391241120953,1.619429081175773,1.619,Yes,Schneider Electric Infrastructure Limited
HALDYNGL.BO,0.05192614468197565,0.1892408102830995,83.58,0.656,0.274391895724265,2.6674260160483185,2.667,Yes,Haldyn Glass Limited
RATEGAIN.NS,0.04682987814286154,0.17066869752760835,73.19,0.591,0.2743905521121474,2.2294856196903594,2.229,Yes,RateGain Travel Technologies Limited
GKL.BO,0.039499728249209616,0.14396150003495306,59.18,0.499,0.27437702607724496,0.6324572397328858,0.632,Yes,Guru Krupa Gems and Jewellery Limited
ANTELOPUS.NS,0.04529762492063807,0.16517636162677263,70.17,0.572,0.274237938616127,-0.5582594725199452,0.558,No,Antelopus Selan Energy Limited
RATEGAIN.BO,0.04653298206348541,0.16968721634088407,72.6,0.588,0.274227977021,2.1996454692654663,2.2,Yes,RateGain Travel Technologies Limited
KESORAMIND.NS,0.1250608505583273,0.4563102170581815,311.26,1.581,0.274069801383346,1.289674004399383,1.29,Yes,Kesoram Industries Limited
DECNGOLD.BO,0.07228510294040295,0.26375795802617075,131.06,0.914,0.27405847194658156,1.9244389623837603,1.924,Yes,Deccan Gold Mines Limited
NETWEB.NS,0.04410967353447558,0.16131691683513621,67.86,0.559,0.27343489077190264,1.5462820704112261,1.546,Yes,Netweb Technologies India Limited
NETWEB.BO,0.0442657036301646,0.16207476331199577,68.16,0.561,0.2731190391742397,1.5365394427500294,1.537,Yes,Netweb Technologies India Limited
EASTSILK.BO,0.13840994557126032,0.5068575658210696,373.79,1.756,0.2730746365540525,-8.270381156084424,8.27,No,Eastern Silk Industries Limited
HALEOSLABS.NS,0.02892062070518473,0.10616438920128256,40.79,0.368,0.272413574106781,1.2120321707232455,1.212,Yes,Haleos Labs Limited
SCHNEIDER.NS,0.049341829840668976,0.18202116751472006,78.24,0.631,0.2710774275012751,1.601313732083167,1.601,Yes,Schneider Electric Infrastructure Limited
RACHIT.BO,0.08079230474586664,0.2980908523399286,154.04,1.033,0.27103248594067875,4.1610391564615385,4.161,Yes,Rachit Prints Limited
ZFCVINDIA.NS,0.016969946398627474,0.06274893022528741,22.38,0.217,0.27044200335687474,0.5698662007057149,0.57,Yes,ZF Commercial Vehicle Control Systems India Limited
CARYSIL.BO,0.03463759974433108,0.12838430467686562,50.47,0.445,0.2697962171584098,1.665092585813704,1.665,Yes,Carysil Limited
VIPULLTD.NS,0.07369866240279525,0.27318369055369357,134.74,0.946,0.26977694844601263,0.928553692248507,0.929,Yes,Vipul Limited
ELGIEQUIP.BO,0.030135471417597648,0.11191574142271113,42.8,0.388,0.26926928271666917,1.1879027215607525,1.188,Yes,Elgi Equipments Limited
RAIN.NS,0.06192270789472285,0.23042208064646227,105.64,0.798,0.26873599839475093,1.4137789923888087,1.414,Yes,Rain Industries Limited
LTF.BO,0.025739844571399,0.09588139988233275,35.66,0.332,0.2684550351057386,1.7338381738221256,1.734,Yes,L&T Finance Limited
RAIN.BO,0.06187091532817053,0.2306426121533243,105.52,0.799,0.2682544858061207,1.395974723475974,1.396,Yes,Rain Industries Limited
RML.NS,0.04324556227058808,0.16126939004177,66.2,0.559,0.2681572879973512,2.3422888581039847,2.342,Yes,Rane (Madras) Limited
PARAGONF.BO,0.014354856163652462,0.05355716406797254,18.65,0.186,0.2680286832483115,-0.10246791247613471,0.102,No,Paragon Finance Limited
CARYSIL.NS,0.034358101159404415,0.12846360863710882,49.99,0.445,0.2674539624405313,1.6951910604976546,1.695,Yes,Carysil Limited
AANCHALISP.BO,0.1806230954310423,0.675935382251967,633.39,2.342,0.26721947123003514,1.0762953029210593,1.076,Yes,Aanchal Ispat Limited
VIPULLTD.BO,0.0731489180567613,0.2738388312021012,133.3,0.949,0.26712397849366815,1.0684299741526018,1.068,Yes,Vipul Limited
ELGIEQUIP.NS,0.03016575480882664,0.11314151019484102,42.85,0.392,0.26661969384073264,1.1968761975165396,1.197,Yes,Elgi Equipments Limited
UNITEDTE.BO,0.03521828070197458,0.13221158082578854,51.49,0.458,0.2663781832272372,0.5888163485779152,0.589,Yes,United Textiles Limited
AMANTA.NS,0.038727512557523755,0.14574314980734285,57.77,0.505,0.26572441043519,1.154013588862623,1.154,Yes,Amanta Healthcare Limited
SANCF.BO,0.07541487023518091,0.28385739985687786,139.28,0.983,0.2656787185157245,-0.26708251429742536,0.267,No,Sanchay Finvest Limited
INOVSYNTH.BO,0.056472780634394606,0.21258907068218794,93.33,0.736,0.26564291594660167,1.0344446388585435,1.034,Yes,Innovassynth Technologies (India) Limited
NEOGEN.BO,0.05136825337167472,0.1936073584514214,82.41,0.671,0.2653218027586678,2.015043950374374,2.015,Yes,Neogen Chemicals Limited
NEOGEN.NS,0.0517196113544299,0.19511020660137773,83.15,0.676,0.2650789636038686,2.051951556476822,2.052,Yes,Neogen Chemicals Limited
ABMINTLLTD.NS,0.04628290681208627,0.17504104718911656,72.1,0.606,0.26441173402077306,0.43886718258283436,0.439,Yes,ABM International Limited
ANGELONE.NS,0.03737587713557336,0.14166860109570237,55.32,0.491,0.2638261184659018,1.3142076435905536,1.314,Yes,Angel One Limited
GROWWDEFNC.NS,0.02290910980335216,0.08705433563332624,31.23,0.302,0.2631587460485089,1.2113164895785995,1.211,Yes,Groww Nifty India Defence ETF
IDEAFORGE.BO,0.06190992032851423,0.23549129600278587,105.61,0.816,0.2628968517281498,1.9872872447909904,1.987,Yes,ideaForge Technology Limited
SBIN.NS,0.023293165955721007,0.08860871578623426,31.83,0.307,0.26287669050429574,1.3091266012712712,1.309,Yes,State Bank of India
ANGELONE.BO,0.03718585743309915,0.1414692368777218,54.98,0.49,0.26285472554885236,1.325386696560229,1.325,Yes,Angel One Limited
IDEAFORGE.NS,0.06191842194870512,0.23564996405711983,105.63,0.816,0.2627559150982792,2.0070432578384065,2.007,Yes,ideaForge Technology Limited
VISTARAMAR.BO,0.07475013617026138,0.28494341723747674,137.51,0.987,0.26233326214363234,1.931979619962608,1.932,Yes,Vistar Amar Limited
PHOENIXLTD.NS,0.021272648648526713,0.08112982066916197,28.74,0.281,0.2622050495498334,1.3521923066710664,1.352,Yes,The Phoenix Mills Limited
ADCINDIA.BO,0.04913570402845715,0.187735288651914,77.82,0.65,0.2617286519827459,0.6568090947686323,0.657,Yes,ADC India Communications Limited
TALBROAUTO.NS,0.0401064074490786,0.1534965881112224,60.3,0.532,0.261285335020071,2.013008949900943,2.013,Yes,Talbros Automotive Components Limited
NURECA.BO,0.05445178818591372,0.2086613759423151,88.94,0.723,0.26095767815202675,3.037909434532912,3.038,Yes,Nureca Limited
MEGASTAR.NS,0.03918622369936435,0.15046909202129946,58.61,0.521,0.260427062946704,0.6360276779686272,0.636,Yes,Megastar Foods Limited
UNITEDPOLY.BO,0.03975715056568149,0.15295863844542926,59.66,0.53,0.25992092352381635,-7.2497748627042435,7.25,No,United Polyfab Gujarat Limited
LLOYDSENGG.NS,0.055593579323370744,0.21408195173701317,91.41,0.742,0.25968363457216664,2.7088659341955204,2.709,Yes,Lloyds Engineering Works Limited
TALBROAUTO.BO,0.040174745392584005,0.15479327144611857,60.43,0.536,0.25953806013182096,2.0385803214746296,2.039,Yes,Talbros Automotive Components Limited
BHAGERIA.NS,0.05270297909502411,0.2031139846342133,85.21,0.704,0.2594748913519499,2.675576231616235,2.676,Yes,Bhageria Industries Limited
CONSOFINVT.NS,0.04797764919671831,0.18490579540560045,75.48,0.641,0.2594707704616659,1.3130042263638195,1.313,Yes,Consolidated Finvest & Holdings Limited
GROWWCAPM.NS,0.023405522315239694,0.09041905533220368,32.0,0.313,0.25885608104670804,1.2146028667421465,1.215,Yes,Groww Nifty Capital Markets ETF
MRPL.NS,0.031046664892223408,0.12002884891977951,44.32,0.416,0.2586600235829408,0.628408764625092,0.628,Yes,Mangalore Refinery and Petrochemicals Limited
HPBL.BO,0.07123625891515593,0.2754475551569085,128.36,0.954,0.25862004429328206,2.4210149602873634,2.421,Yes,HCP Plastene Bulkpack Limited
FYNX.BO,0.057356903234707074,0.22184853486037787,95.28,0.769,0.2585408250309388,2.4668373707233813,2.467,Yes,Fynx Capital Limited
SHTL.BO,0.07562680538639006,0.292654636242177,139.85,1.014,0.25841656348750786,4.682762173973737,4.683,Yes,Shining Tools Limited
LLOYDSENGG.BO,0.05530478388125638,0.21431371141237518,90.78,0.742,0.25805527568341524,2.715730423335263,2.716,Yes,Lloyds Engineering Works Limited
GAMCO.BO,0.021048355430089184,0.08158098938399239,28.4,0.283,0.25800564064033327,0.7299293179644448,0.73,Yes,GAMCO Limited
AMARSEC.BO,0.04147294905867389,0.16080313128834545,62.85,0.557,0.25791132751206397,2.211734756632342,2.212,Yes,Amarnath Securities Limited
AUSOMENT.BO,0.049303849676647825,0.19139682628873456,78.16,0.663,0.2576001422420127,1.8693276941563564,1.869,Yes,AuSom Enterprise Limited
ALFAVIO.BO,0.1845295962698671,0.7172849203174102,663.05,2.485,0.2572612235988591,-9.438274900814745,9.438,No,Alfavision Overseas (India) Limited
AMANTA.BO,0.03799896774324312,0.14778747688290983,56.45,0.512,0.2571189964448018,1.1979030883563608,1.198,Yes,Amanta Healthcare Limited
GROWWPOWER.NS,0.0257881120859505,0.10031153034874224,35.74,0.347,0.25708023789783446,0.9337538175804412,0.934,Yes,Groww BSE Power ETF
RASRESOR.BO,0.041531298305903366,0.16163528004151928,62.96,0.56,0.2569445129506084,2.2412918470127132,2.241,Yes,Ras Resorts and Apart Hotels Limited
KIRLFER.NS,0.012374193766006744,0.04823314467721006,15.9,0.167,0.25654959569437935,1.4620070283341533,1.462,Yes,Kirloskar Ferrous Industries Limited
UNIVPHOTO.BO,0.09720780491669508,0.3790838911758596,204.42,1.313,0.25642821333075244,-0.26045868591173627,0.26,No,Universus Photo Imagings Limited
BABA.BO,0.08612324166386286,0.33598061273447477,169.49,1.164,0.25633396213824394,0.3309908578083161,0.331,Yes,Baba Arts Limited
BHAGERIA.BO,0.051897054076355704,0.2026101169770873,83.52,0.702,0.25614246144591396,2.721766221767916,2.722,Yes,Bhageria Industries Limited
SHYAMMETL.BO,0.0195238150487705,0.07623425108060038,26.12,0.264,0.2561029297464798,0.6249473263052647,0.625,Yes,Shyam Metalics and Energy Limited
ECS.BO,0.061845803520502576,0.24152628311333618,105.46,0.837,0.2560624157474466,-0.12960493381802102,0.13,No,ECS Biztech Limited
SHYAMMETL.NS,0.019519834393610727,0.07625255214005229,26.11,0.264,0.2559892599759657,0.6293805784075093,0.629,Yes,Shyam Metalics and Energy Limited
BIOCON.NS,0.020119182474355173,0.07869219063199227,27.0,0.273,0.25566936582619076,0.47246768575494813,0.472,Yes,Biocon Limited
SIEMENS.NS,0.02922770644375563,0.11437849311101744,41.3,0.396,0.2555349843207568,1.4988592690109728,1.499,Yes,Siemens Limited
WABAG.NS,0.039991119697750974,0.15655124921868774,60.09,0.542,0.2554506584734246,1.7291337093956516,1.729,Yes,VA Tech Wabag Limited
HIMTEK.BO,0.0351844684303036,0.13777099213336036,51.43,0.477,0.25538371964575485,1.6301677798281782,1.63,Yes,Him Teknoforge Limited
WABAG.BO,0.0397483861434269,0.15589927702119752,59.64,0.54,0.25496196584684827,1.7122995992872214,1.712,Yes,VA Tech Wabag Limited
PNBHOUSING.NS,0.03407166314691207,0.1337299907483814,49.49,0.463,0.2547795222017126,1.8658563744865788,1.866,Yes,PNB Housing Finance Limited
INDUSTOWER.NS,0.01694436077567431,0.06660969284813001,22.34,0.231,0.2543828090351269,0.23011967841995967,0.23,Yes,Indus Towers Limited
GRINDWELL.NS,0.02904561298657798,0.11429064588827405,41.0,0.396,0.2541381471846069,1.4385065519472222,1.439,Yes,Grindwell Norton Limited
INDBNK.BO,0.023823801078175753,0.09376351336711541,32.65,0.325,0.2540839205213827,0.9781357912828833,0.978,Yes,Ind Bank Housing Limited
CEMPRO.NS,0.05894632902326277,0.23204807879490183,98.83,0.804,0.25402636095670117,2.6751574672264797,2.675,Yes,Cemindia Projects Limited
AUSOMENT.NS,0.05246794967131623,0.20656094567772387,84.72,0.716,0.2540071139738906,2.1175094372048933,2.118,Yes,AuSom Enterprise Limited
RSWM.NS,0.0362672020913938,0.1428163166968401,53.34,0.495,0.2539429872594959,2.379706952167807,2.38,Yes,RSWM Limited
NURECA.NS,0.05200708759725652,0.204850345881792,83.75,0.71,0.2538784465966535,3.009362920018022,3.009,Yes,Nureca Limited
CEMPRO.BO,0.05894410887348601,0.23231295177390895,98.83,0.805,0.25372717458668187,2.668048533233738,2.668,Yes,Cemindia Projects Limited
BENCHMARK.BO,0.0473730400078878,0.1872273133834419,74.27,0.649,0.253024193702271,1.2424012091402519,1.242,Yes,Benchmark Computer Solutions Limited
PHOENIXLTD.BO,0.020759655753487146,0.08210084425302805,27.96,0.284,0.25285556978570883,1.372729948073875,1.373,Yes,The Phoenix Mills Limited
MEGASTAR.BO,0.039142476170988955,0.15503026764778624,58.53,0.537,0.2524828007129348,0.753029033703902,0.753,Yes,Megastar Foods Limited
PASUPTAC.NS,0.039403536603872406,0.1561537127723547,59.0,0.541,0.25233813467705374,2.1331843477625942,2.133,Yes,Pasupati Acrylon Limited
SIS.BO,0.02504231523929656,0.09934155521145542,34.56,0.344,0.25208297963518134,1.022230991637957,1.022,Yes,SIS Limited
ADVAIT.BO,0.024063925823379375,0.09548160219747188,33.02,0.331,0.2520268331234237,0.6223174504830284,0.622,Yes,Advait Energy Transitions Limited
MODEFENCE.NS,0.022961015410159755,0.09136029708811752,31.31,0.316,0.2513237822334764,1.311804658522653,1.312,Yes,Motilal Oswal Nifty India Defence ETF
HITKITGLO.BO,0.12445820721952144,0.49788262026034924,308.62,1.725,0.24997499843324647,-3.7197859129370343,3.72,No,Hit Kit Global Solutions Limited
JNKINDIA.BO,0.0643593567739253,0.2575042018524184,111.38,0.892,0.24993517119697775,2.986954105150201,2.987,Yes,JNK India Limited
ORCHPHARMA.NS,0.042551575680336066,0.17044501675385385,64.88,0.59,0.2496498665125917,2.308055845544688,2.308,Yes,Orchid Pharma Limited
PNBHOUSING.BO,0.03306896955051239,0.132739412188547,47.76,0.46,0.24912698500984953,1.8580422932481158,1.858,Yes,PNB Housing Finance Limited
JAYNECOIND.BO,0.05207399798904125,0.20917680418379425,83.89,0.725,0.24894728740231717,2.195437488849715,2.195,Yes,Jayaswal Neco Industries Limited
JAYNECOIND.NS,0.05232266470256644,0.21024100613246946,84.41,0.728,0.24886993106187275,2.2312131249420166,2.231,Yes,Jayaswal Neco Industries Limited
AARNAV.NS,0.03581966983528569,0.14399750244640705,52.55,0.499,0.24875202157493703,1.7054418658930626,1.705,Yes,Aarnav Fashions Limited
ASTERDM.BO,0.020599855110932385,0.08282909675390521,27.72,0.287,0.24870312388093435,0.3575921796484218,0.358,Yes,Aster DM Quality Care Limited
JNKINDIA.NS,0.06434675204548418,0.25881334357684666,111.35,0.897,0.24862223545432616,3.009726703342449,3.01,Yes,JNK India Limited
ARCHITORG.BO,0.03913383133799748,0.15742213652768716,58.51,0.545,0.2485916669738165,1.7705833610123543,1.771,Yes,Archit Organosys Limited
SIS.NS,0.024730133164677603,0.09950924535825757,34.06,0.345,0.24852095979266134,1.0081612812445577,1.008,Yes,SIS Limited
ASHOKLEY.NS,0.02766131254271149,0.1114497638245923,38.74,0.386,0.24819534464197576,1.4664596111115804,1.466,Yes,Ashok Leyland Limited
UNIVPHOTO.NS,0.10381632266983547,0.4182864644630679,227.16,1.449,0.24819431535538442,1.0497979556246122,1.05,Yes,Universus Photo Imagings Limited
ESSEX.BO,0.10130360389889378,0.4083758571402625,218.34,1.415,0.24806462509388655,4.829550699607534,4.83,Yes,Essex Marine Limited
GUJWIND.BO,0.056163142651827175,0.22668773396308908,92.65,0.785,0.24775554314276246,1.234785225306153,1.235,Yes,Gujarat Winding Systems Limited
7NR.BO,0.0708954601386672,0.286195843912564,127.49,0.991,0.24771659563416495,3.5842883916743453,3.584,Yes,7NR Retail Limited
ZYDUSLIFE.BO,0.01764763183347091,0.07126578643820541,23.36,0.247,0.2476311946514921,0.12805228256963136,0.128,Yes,Zydus Lifesciences Limited
SMALLADD.NS,0.0147398697689075,0.05952467785423723,19.19,0.206,0.24762619975873168,0.981788239184987,0.982,Yes,DSP Nifty Smallcap 250 ETF
ZYDUSLIFE.NS,0.01755149562217105,0.07104402863518411,23.22,0.246,0.24705096204917049,0.12588420996754052,0.126,Yes,Zydus Lifesciences Limited
MAYURFL.BO,0.06722956946007531,0.27215380963052327,118.32,0.943,0.24702784631729519,3.237024503533959,3.237,Yes,Mayur Floorings Limited
RICOAUTO.NS,0.0461959525729692,0.1870850262637111,71.93,0.648,0.2469249062608162,2.0785819436542528,2.079,Yes,Rico Auto Industries Limited
CASTORA.BO,0.08007205111589628,0.3244251372926483,152.02,1.124,0.2468121052027702,-0.11025252058148499,0.11,No,Castora Agri Commodities Limited
ORBTEXP.NS,0.03789884126777748,0.1536857379967069,56.26,0.532,0.24659959838686893,2.547697336489785,2.548,Yes,Orbit Exports Limited
ORCHPHARMA.BO,0.04260697403310945,0.17297328329582737,64.99,0.599,0.24632112671551087,2.3999341440039954,2.4,Yes,Orchid Pharma Limited
POLYCAB.NS,0.031912273153429066,0.12971079196890914,45.79,0.449,0.24602635346701326,1.4086842878543766,1.409,Yes,Polycab India Limited
REMAGNET.BO,0.06015401212283591,0.24479460028103647,101.57,0.848,0.24573259399421427,-0.8831218691705729,0.883,No,Midwest Energy Limited
BENARAS.BO,0.006422728130715455,0.02619405307075153,7.99,0.091,0.2451979505946378,0.23795641155313368,0.238,Yes,Benares Hotels Limited
PANIDPR.BO,0.08447030029447834,0.3445628935764695,164.61,1.194,0.24515205168409024,2.11360439579662,2.114,Yes,Panther Industrial Products Limited
TANFACIND.BO,0.04147732328135869,0.16926698020171177,62.85,0.586,0.24504084158606165,1.9320528397242018,1.932,Yes,Tanfac Industries Limited
NMDC.NS,0.018353231372609937,0.07504366470667025,24.39,0.26,0.24456736547114033,0.8099725081088754,0.81,Yes,NMDC Limited
ASTERDM.NS,0.020778727917989293,0.08507745287329972,27.99,0.295,0.244233074877473,0.3982502968146209,0.398,Yes,Aster DM Quality Care Limited
NORBTEAEXP.BO,0.04927204974433039,0.20181895993193844,78.1,0.699,0.24413984573573724,-0.725306696347092,0.725,No,Norben Tea & Exports Limited
ORBTEXP.BO,0.03717588390715889,0.15236296211453002,54.96,0.528,0.2439955445288211,2.5276930372078192,2.528,Yes,Orbit Exports Limited
SUBAM.BO,0.05528839916796174,0.22666792917091014,90.75,0.785,0.24391804950171697,3.2229828221560064,3.223,Yes,Subam Papers Limited
EQUITASBNK.NS,0.03059305547254855,0.12555383974250647,43.56,0.435,0.2436648336306613,1.844110718737399,1.844,Yes,Equitas Small Finance Bank Limited
GULPOLY.NS,0.030725311926462016,0.1264986806020128,43.79,0.438,0.24289037466824873,1.4339845086388994,1.434,Yes,Gulshan Polyols Limited
ADANIPOWER.BO,0.038778130608103936,0.15985542494565416,57.86,0.554,0.24258251242513218,1.0543612427227764,1.054,Yes,Adani Power Limited
EQUITASBNK.BO,0.0304732803595802,0.12582831396590907,43.36,0.436,0.24218142482491176,1.8463088119108253,1.846,Yes,Equitas Small Finance Bank Limited
DCMSIL.BO,0.0243359150083664,0.10069607653351935,33.45,0.349,0.241676893938023,-0.16631816588415188,0.166,No,DCM Shriram International Limited
GRAPHITE.NS,0.029419631391334154,0.12182774936762084,41.62,0.422,0.24148547062590037,1.0648910951481043,1.065,Yes,Graphite India Limited
EASTSILK.NS,0.05149219017952597,0.2133957232304691,82.67,0.739,0.24129907291494307,2.5205194605702483,2.521,Yes,Eastern Silk Industries Limited
PASUPTAC.BO,0.03711612450870298,0.15410972376478213,54.86,0.534,0.24084219737719711,2.1368069158912424,2.137,Yes,Pasupati Acrylon Limited
ADANIPOWER.NS,0.03845961290260991,0.15973292142649265,57.28,0.553,0.2407744913142943,1.0551127358952987,1.055,Yes,Adani Power Limited
MIIL.BO,0.038585078137236245,0.1604082261895298,57.51,0.556,0.24054301362104819,1.8025050942557976,1.803,Yes,Meghna Infracon Infrastructure Limited
MMWL.BO,0.04166613065110378,0.17355304019653642,63.21,0.601,0.24007721561039705,1.541436584557971,1.541,Yes,Media Matrix Worldwide Limited
GULPOLY.BO,0.03141560309610541,0.13099793275077704,44.95,0.454,0.23981754854004794,1.527433372129679,1.527,Yes,Gulshan Polyols Limited
JSWSTEEL.BO,0.015038618684048079,0.06274511897553368,19.62,0.217,0.2396779053030741,0.894566018029417,0.895,Yes,JSW Steel Limited
ENGINERSIN.BO,0.04191273964363701,0.17491135201933278,63.67,0.606,0.2396227526673308,2.0663428300961586,2.066,Yes,Engineers India Limited
AADIIND.BO,0.11051653271457945,0.4617553321899757,251.8,1.6,0.23934002492278889,1.103387886394046,1.103,Yes,Aadi Industries Limited
ENGINERSIN.NS,0.04197181433197386,0.17558587971324943,63.78,0.608,0.2390386652988175,2.0823584427867363,2.082,Yes,Engineers India Limited
VGCL.BO,0.05578516564131393,0.2338331286580516,91.83,0.81,0.23856827285962534,2.5565747934313694,2.557,Yes,Vibrant Global Capital Limited
MACIND.BO,0.04516835812691541,0.18988718023592818,69.92,0.658,0.23786944474500754,1.04608136939534,1.046,Yes,Machhar Industries Limited
INDUSTOWER.BO,0.01582178047791234,0.06663122028042157,20.73,0.231,0.23745295990866455,0.23600316844596175,0.236,Yes,Indus Towers Limited
ICICIAMC.BO,0.02297295472283819,0.09685691587280588,31.33,0.336,0.23718445415923273,0.7873582332146213,0.787,Yes,ICICI Prudential Asset Management Company Limited
ICICIAMC.NS,0.023012609078133243,0.09753400674683774,31.39,0.338,0.235944465378783,0.8059261009193579,0.806,Yes,ICICI Prudential Asset Management Company Limited
PAUSHAKLTD.NS,0.05174015827163943,0.21950517614399495,83.19,0.76,0.23571270245444229,3.5610741520106552,3.561,Yes,Paushak Limited
COCKERILL.BO,0.04426302551292735,0.18798486471138626,68.16,0.651,0.23546058125947805,1.4185862111869687,1.419,Yes,John Cockerill India Limited
ORTINGLOBE.NS,0.03815424997817896,0.1620473461981035,56.73,0.561,0.23545124849829535,1.4427333567472729,1.443,Yes,Ortin Global Limited
JSWSTEEL.NS,0.014630187119979899,0.062198747656770706,19.04,0.215,0.2352167474611093,0.8869063610771633,0.887,Yes,JSW Steel Limited
BPCAP.BO,0.023173077228221404,0.09862542102896724,31.64,0.342,0.23496048976475598,0.6807210105076702,0.681,Yes,B. P. Capital Limited
HINDALUMI.BO,0.06053060404387573,0.2576345820224508,102.43,0.892,0.23494751197104807,0.8614150538629326,0.861,Yes,Hind Aluminium Industries Limited
DIFFNKG.NS,0.04408813278861954,0.1877466707964376,67.82,0.65,0.2348277740510331,1.0183736941257702,1.018,Yes,Diffusion Engineers Limited
CAPLIPOINT.NS,0.029352486809071886,0.12499657039041874,41.5,0.433,0.2348263373738278,1.109197208181612,1.109,Yes,Caplin Point Laboratories Limited
CAPLIPOINT.BO,0.029189851095110853,0.12431713469047902,41.24,0.431,0.2348015112139356,1.0991931857139823,1.099,Yes,Caplin Point Laboratories Limited
SCAGRO.BO,0.10590256139995137,0.4513978488450973,234.66,1.564,0.23461024830070276,0.8422575668695929,0.842,Yes,SC Agrotech Limited
SCI.BO,0.036316393753017415,0.15493151724147572,53.43,0.537,0.23440287941164878,2.2057188929327602,2.206,Yes,The Shipping Corporation of India Limited
MANOMAY.BO,0.03714745189072397,0.15852759306785283,54.91,0.549,0.23432798777701844,0.8967258250361275,0.897,Yes,Manomay Tex India Limited
PESB.BO,0.029249792420996176,0.12483396184865642,41.33,0.432,0.23430957399603664,1.3530621093902837,1.353,Yes,Pune E - Stock Broking Limited
MANAPPURAM.BO,0.022840358437208833,0.09749788589604119,31.13,0.338,0.23426516613460482,1.194266008833794,1.194,Yes,Manappuram Finance Limited
SCI.NS,0.03623378819356973,0.1547559126631499,53.28,0.536,0.23413508130340815,2.2056764030666876,2.206,Yes,The Shipping Corporation of India Limited
ASHIANA.NS,0.023290085715890318,0.09952266998431047,31.82,0.345,0.23401789481293003,1.253473937842075,1.253,Yes,Ashiana Housing Limited
BIOCON.BO,0.01865425894539884,0.07975827728062539,24.83,0.276,0.23388492807793215,0.4820759548643779,0.482,Yes,Biocon Limited
DIFFNKG.BO,0.0434808935864375,0.186456016800967,66.65,0.646,0.2331965164355694,1.0849308569935419,1.085,Yes,Diffusion Engineers Limited
MANOMAY.NS,0.03698672210705827,0.15876884636097582,54.62,0.55,0.23295956955538683,0.7200926821917376,0.72,Yes,Manomay Tex India Limited
KSSMART.BO,0.09368442423664032,0.4026908764449102,192.89,1.395,0.23264600644473937,-0.29517913382545446,0.295,No,KS Smart Technologies Limited
CNCRD.BO,0.04467486728044837,0.1923078893287593,68.96,0.666,0.23230907185546926,3.2105136742869957,3.211,Yes,Concord Control Systems Limited
SUPERBAK.BO,0.036839360969830474,0.15859443033128137,54.36,0.549,0.23228659980604774,0.4331723113819696,0.433,Yes,Super Bakers (India) Limited
PARACABLES.NS,0.058295507702877856,0.25128161909552366,97.37,0.87,0.23199272558299244,1.3322706415152252,1.332,Yes,Paramount Communications Limited
RAJSPTR.BO,0.04768626702233852,0.20572150872531805,74.89,0.713,0.23180010353710667,0.23721064080217413,0.237,Yes,Rajasthan Petro Synthetics Limited
ESABINDIA.NS,0.02681681041108487,0.11587884523579833,37.38,0.401,0.23142110500424956,1.302111316201252,1.302,Yes,ESAB India Limited
INFOBEAN.BO,0.05703971101346597,0.24648057903957668,94.58,0.854,0.23141665455235427,4.165995798972566,4.166,Yes,InfoBeans Technologies Limited
INFOBEAN.NS,0.05644242862570121,0.24397546838945583,93.26,0.845,0.23134468804708952,4.148276974752278,4.148,Yes,InfoBeans Technologies Limited
SCC.BO,0.058688136146632104,0.25384080716177115,98.25,0.879,0.23120055755744,1.3434273010187572,1.343,Yes,Scintilla Commercial & Credit Limited
MANAPPURAM.NS,0.02251497074024039,0.09743710701048285,30.63,0.338,0.2310718311640564,1.2005288868287958,1.201,Yes,Manappuram Finance Limited
CLCIND.NS,0.09733195114964484,0.42175628287015965,204.83,1.461,0.23077771476758083,1.9188872171022977,1.919,Yes,CLC Industries Limited
BBOX.NS,0.05731828128255892,0.24851474009582264,95.2,0.861,0.23064338662752182,1.252618265015004,1.253,Yes,Black Box Limited
BBOX.BO,0.057762351139948424,0.25139494428787396,96.18,0.871,0.22976735392818556,1.2472613499439447,1.247,Yes,Black Box Limited
ASHIANA.BO,0.023498849557718637,0.10229729771067794,32.14,0.354,0.22971134217229466,1.2750832872589264,1.275,Yes,Ashiana Housing Limited
RIDDHI.BO,0.046532266896310806,0.20299206575616635,72.6,0.703,0.2292319491551225,1.9254875014137367,1.925,Yes,Riddhi Siddhi Gluco Biols Limited
JJFINCOR.BO,0.05087244368710369,0.22226635034041675,81.38,0.77,0.2288805462868712,-0.3188593525466883,0.319,No,J.J. Finance Corporation Limited
OIL.NS,0.019518896484068297,0.08541173929471904,26.11,0.296,0.22852709294113555,-0.05129509650642342,0.051,No,Oil India Limited
SOMANYCERA.NS,0.02772046058517622,0.12147192295654281,38.84,0.421,0.22820467405536465,1.319941921959931,1.32,Yes,Somany Ceramics Limited
MONARCH.NS,0.021580119247840715,0.09476701522033705,29.2,0.328,0.22771762092185857,1.104895183172125,1.105,Yes,Monarch Networth Capital Limited
MONARCH.BO,0.02180687474235514,0.09587898275094843,29.55,0.332,0.22744165735466595,1.1172607835556763,1.117,Yes,Monarch Networth Capital Limited
ZENTEC.BO,0.024831176059002133,0.109279599492679,34.22,0.379,0.22722608953801715,1.0557803116410798,1.056,Yes,Zen Technologies Limited
GOLDBND.BO,0.02233177066891391,0.09829830674581225,30.35,0.341,0.2271836759778703,0.08772235776245375,0.088,Yes,Bandhan AMC Limited - Bandhan Mutual Fund - Bandhan Gold ETF
ZENTEC.NS,0.02472582652611358,0.10906559116595355,34.06,0.378,0.22670602397864337,1.0501654895922679,1.05,Yes,Zen Technologies Limited
NEXUSSURGL.BO,0.026914328508744482,0.118738858561703,37.53,0.411,0.2266682435283675,1.4441546056957497,1.444,Yes,Nexus Surgical and Medicare Limited
VIPULORG.BO,0.03609591931170894,0.15927356658767827,53.04,0.552,0.22662843612432418,1.9630001754218562,1.963,Yes,Vipul Organics Limited
SKPMIL.BO,0.06536638805516935,0.2886437085187336,113.79,1.0,0.22646046363046549,2.816614888837136,2.817,Yes,Shree Krishna Paper Mills & Industries Limited
POLYCAB.BO,0.02947471559050673,0.1301761306465381,41.71,0.451,0.22642181361603236,1.4235193067283576,1.424,Yes,Polycab India Limited
BLUESTONE.NS,0.04314887957342489,0.190646744832378,66.02,0.66,0.22632896046225495,0.8815968440453295,0.882,Yes,BlueStone Jewellery and Lifestyle Limited
SIKKO.NS,0.04375064835175829,0.19348091131689502,67.17,0.67,0.2261238488798555,2.2894366032756714,2.289,Yes,Sikko Industries Limited
PANACHE.NS,0.041495971358550966,0.1838847247802658,62.89,0.637,0.22566296035810934,2.1627675407335754,2.163,Yes,Panache Digilife Limited
OBEROIRLTY.NS,0.01869383764939742,0.08285390254162615,24.89,0.287,0.22562410551519352,1.2076610196621835,1.208,Yes,Oberoi Realty Limited
CORALAB.BO,0.02936507756264088,0.130299905036385,41.52,0.451,0.22536530287141013,1.397310404843563,1.397,Yes,Coral Laboratories Limited
IBULLSLTD.BO,0.08964816536815316,0.39815071400390256,180.18,1.379,0.22516138290103496,5.269594620399416,5.27,Yes,Indiabulls Limited
CARERATING.NS,0.01462318555736596,0.06496708675414724,19.03,0.225,0.22508605954125646,1.0861170975025651,1.086,Yes,CARE Ratings Limited
INGERRAND.NS,0.02683461548267047,0.11929741259616879,37.41,0.413,0.22493878868528167,1.297058682754285,1.297,Yes,Ingersoll-Rand (India) Limited
BLUESTONE.BO,0.042799731297026924,0.1904093030935501,65.35,0.66,0.2247775219050036,0.8830797130827295,0.883,Yes,BlueStone Jewellery and Lifestyle Limited
GANESHBE.BO,0.0324118446558568,0.1442245201265296,46.63,0.5,0.22473185993215003,2.0245845176669484,2.025,Yes,Ganesh Benzoplast Limited
ABHIINFRA.BO,0.020181214664001176,0.08991037579827578,27.09,0.311,0.22445924049166519,0.5815800238099508,0.582,Yes,Abhishek Infraventures Limited
GANESHBE.NS,0.03198532592676983,0.1427194713500348,45.91,0.494,0.22411325955883335,1.992854745051959,1.993,Yes,Ganesh Benzoplast Limited
TIERRA.BO,0.03155107280631271,0.1411159491115724,45.17,0.489,0.22358261419031422,1.7054891571358797,1.705,Yes,Tierra Agrotech Limited
MOBANK10.NS,0.0098901415867882,0.044257913398664306,12.54,0.153,0.22346606126005664,1.2574720526212935,1.257,Yes,Motilal Oswal BSE Top 10 Banks ETF
SALGUTI.BO,0.017681194299454767,0.07913127259898446,23.41,0.274,0.22344129847447544,-0.07406263565194934,0.074,No,Salguti Industries Limited
ACKNIT.BO,0.014965431204777764,0.06701614662356989,19.51,0.232,0.22331082819247552,0.3658532130565334,0.366,Yes,Acknit Industries Limited
360ONE.NS,0.015972736058620648,0.0715583928735498,20.94,0.248,0.22321261584012833,1.1794922545876025,1.179,Yes,360 One Wam Limited
SOMANYCERA.BO,0.02755592240669391,0.12380736107972935,38.57,0.429,0.22257095350694434,1.3440303650747487,1.344,Yes,Somany Ceramics Limited
PAJSON.BO,0.0521732945643047,0.2352346487918353,84.1,0.815,0.22179255833384512,3.1205178430107816,3.121,Yes,Pajson Agro India Limited
IDFCFIRSTB.NS,0.025654842520033486,0.1158203984919429,35.52,0.401,0.22150538984562532,2.049725725775593,2.05,Yes,IDFC First Bank Limited
SHAREINDIA.NS,0.043086771656463435,0.19470878578918466,65.9,0.674,0.22128827665287995,2.4194008490069616,2.419,Yes,Share India Securities Limited
NRAIL.BO,0.018115721545848142,0.08187879210932134,24.04,0.284,0.22125047376933388,1.2912944073264876,1.291,Yes,N R Agarwal Industries Limited
SUNSHIEL.BO,0.028214437212600408,0.12756469856264857,39.64,0.442,0.22117746939796165,1.6013496278016999,1.601,Yes,Sunshield Chemicals Limited
ARROWGREEN.NS,0.02722796904662469,0.12314680576584329,38.04,0.427,0.2211017076512495,0.5530563801325009,0.553,Yes,Arrow Greentech Limited
GBLINFRA.BO,0.08610168507297909,0.38970146702684527,169.43,1.35,0.22094267627442066,5.427403620022397,5.427,Yes,Global Infratech & Finance Limited
VSL.BO,0.020596430213055423,0.0932666535507782,27.72,0.323,0.2208338074641209,-1.1057963501419337,1.106,No,Viram Suvarn Limited
TNSTLTU.BO,0.05090715528068199,0.23052336331663173,81.46,0.799,0.22083295397160793,2.6816252577049067,2.682,Yes,Tamilnadu Steel Tubes Limited
SHAREINDIA.BO,0.042575375251522184,0.19289086127938274,64.93,0.668,0.22072261469067783,2.4451277101164375,2.445,Yes,Share India Securities Limited
NMDC.BO,0.01648756086216237,0.07475326889520928,21.68,0.259,0.22055973077612143,0.8230897254438454,0.823,Yes,NMDC Limited
ARROWGREEN.BO,0.02748797844918047,0.12474570727790124,38.46,0.432,0.22035209907419379,0.5747187449004956,0.575,Yes,Arrow Greentech Limited
360ONE.BO,0.01588631326325372,0.0721385614003929,20.82,0.25,0.22021943541512315,1.1881641366580638,1.188,Yes,360 One Wam Limited
KVSCASTING.BO,0.030880146326740392,0.14025232108596475,44.04,0.486,0.2201756526212001,1.0669462204564748,1.067,Yes,KVS Castings Limited
KAMDHENU.NS,0.036732820808700634,0.16692642955076734,54.17,0.578,0.22005395375409428,2.6063185438311516,2.606,Yes,Kamdhenu Limited
OBEROIRLTY.BO,0.01836121797826366,0.08356299624775311,24.4,0.289,0.219729052364579,1.203491474759684,1.203,Yes,Oberoi Realty Limited
IBULLSLTD.NS,0.0873194513186508,0.39885292274545253,173.08,1.382,0.21892644215215637,5.245748241424193,5.246,Yes,Indiabulls Limited
COFORGE.BO,0.031242742221305752,0.1435896215222933,44.65,0.497,0.2175835682974838,0.8851687016718518,0.885,Yes,Coforge Limited
HINDZINC.NS,0.02866408842016801,0.13190688213798055,40.37,0.457,0.21730548062067057,1.090193728154897,1.09,Yes,Hindustan Zinc Limited
CAPRICORN.BO,0.051208921635783916,0.2357449219205233,82.08,0.817,0.21722173787924892,0.9220733611792961,0.922,Yes,Capricorn Systems Global Solutions Limited
COFORGE.NS,0.03106912684971089,0.14357905693983866,44.36,0.497,0.2163903811036259,0.8826658690044686,0.883,Yes,Coforge Limited
EIFFL.NS,0.03477156739240866,0.16074416853508114,50.71,0.557,0.21631619802630686,1.355554312980031,1.356,Yes,Euro India Fresh Foods Limited
MODTHREAD.BO,0.01391190190405145,0.06437752666075132,18.03,0.223,0.21609873236296667,-0.15695844872356227,0.157,No,Modern Threads (India) Limited
SHIVAM.BO,0.03356466315682992,0.1555104514384993,48.61,0.539,0.21583541714624854,-1.860933348445047,1.861,No,Shivam Chemicals Limited
BELDING.BO,0.05675089953525243,0.26359186062127193,93.94,0.913,0.21529837606325777,1.0721204885060756,1.072,Yes,Belding India Limited
EMMFORCE.BO,0.03380924921932516,0.1573141909593818,49.03,0.545,0.21491544413850525,1.4688005662980363,1.469,Yes,Emmforce Autotech Limited
NANTA.BO,0.07466095595829408,0.34842461653051787,137.28,1.207,0.21428151863017023,2.5307801387416835,2.531,Yes,Nanta Tech Limited
DBSTOCKBRO.BO,0.018002708575868834,0.08413679376528771,23.88,0.291,0.21396951048657867,0.3076132038822488,0.308,Yes,DB (International) Stock Brokers Limited
KALYANKJIL.BO,0.045769254092890344,0.21460976736755102,71.09,0.743,0.21326733938676573,2.0511704475403576,2.051,Yes,Kalyan Jewellers India Limited
NORBTEAEXP.NS,0.0396742686423388,0.18610119039996564,59.5,0.645,0.21318653876996438,-0.5038707885367427,0.504,No,Norben Tea & Exports Limited
TECHM.NS,0.022350587781700848,0.10489548995795601,30.38,0.363,0.21307482133559186,0.32686201774457585,0.327,Yes,Tech Mahindra Limited
IDFCFIRSTB.BO,0.024703577236038332,0.11603627857444299,34.02,0.402,0.21289529050339004,2.057309146555612,2.057,Yes,IDFC First Bank Limited
SASKEN.BO,0.05280150258664657,0.2481171089775455,85.42,0.86,0.21280879341305353,0.01821877875720382,0.018,Yes,Sasken Technologies Limited
NRAIL.NS,0.018790643383846825,0.08839167362644301,25.03,0.306,0.21258386240381658,1.4066497166427139,1.407,Yes,N R Agarwal Industries Limited
MAHESHWARI.NS,0.028369221229042372,0.13371956219974054,39.89,0.463,0.21215460746623216,0.5340994358035329,0.534,Yes,Maheshwari Logistics Limited
SASKEN.NS,0.052519909779307046,0.24755649608670874,84.83,0.858,0.2121532280894439,-0.0383233320415346,0.038,No,Sasken Technologies Limited
EASUN.BO,0.05260450355513688,0.2480811444002248,85.0,0.859,0.2120455534108267,3.108926120870489,3.109,Yes,Easun Capital Markets Limited
PPAP.NS,0.031519296257509155,0.14880736111674048,45.12,0.515,0.211812749187737,2.1949961048180437,2.195,Yes,PPAP Automotive Limited
CARBORUNIV.NS,0.0211166399225371,0.09980403424658035,28.5,0.346,0.21158102557623445,0.8993972638011694,0.899,Yes,Carborundum Universal Limited
KAMDHENU.BO,0.03444949882375476,0.1636043147055387,50.15,0.567,0.2105659553402261,2.56757357364829,2.568,Yes,Kamdhenu Limited
IBINFO.BO,0.06352816569512341,0.30232768501374635,109.41,1.047,0.21013016288017053,-2.279451492794566,2.279,No,IB Infotech Enterprises Limited
LUMAXIND.NS,0.028718302004755062,0.13674286838462515,40.46,0.474,0.21001681728642194,1.2090076143574497,1.209,Yes,Lumax Industries Limited
DAPS.BO,0.025616503715636285,0.12197710861538587,35.46,0.423,0.21001074715100343,-1.0130324185675672,1.013,No,DAPS Advertising Limited
CYBELEIND.BO,0.060431793496848935,0.288973144186168,102.21,1.001,0.2091259852781211,1.372163844508691,1.372,Yes,Cybele Industries Ltd
STOVEKRAFT.BO,0.031106136134236895,0.1491647538811262,44.42,0.517,0.2085354302868779,1.2991417812063668,1.299,Yes,Stove Kraft Limited
OMAXAUTO.NS,0.07040962741185754,0.33823324368815,126.26,1.172,0.2081688560358514,-0.09178813330753915,0.092,No,Omax Autos Limited
ELANGO.BO,0.05093026229565449,0.24482314083336096,81.5,0.848,0.20802879222238313,1.2334123275154574,1.233,Yes,Elango Industries Limited
LUMAXIND.BO,0.028345565731085286,0.13632447179833523,39.85,0.472,0.2079272001362813,1.2252310766453618,1.225,Yes,Lumax Industries Limited
THERMAX.NS,0.026451603836165415,0.1273090139101228,36.79,0.441,0.20777479161718768,0.19389607139059406,0.194,Yes,Thermax Limited
SAVERA.BO,0.010111913542919012,0.048676345215177524,12.83,0.169,0.20773773170969434,-0.31671205076790043,0.317,No,Savera Industries Limited
GUJALKALI.BO,0.03318933864073151,0.15982518975429902,47.96,0.554,0.20766024862384858,0.6082147424843436,0.608,Yes,Gujarat Alkalies and Chemicals Limited
BHILSPIN.BO,0.014485343317239609,0.06976613253829066,18.84,0.242,0.2076271507423667,-0.04164288180647835,0.042,No,Bhilwara Spinners Limited
KRISHNADEF.NS,0.03705807644820682,0.1786845298736073,54.75,0.619,0.2073938716150743,1.9436693439542418,1.944,Yes,Krishna Defence and Allied Industries Limited
SGIL.BO,0.015236905721202896,0.07348350411227078,19.9,0.255,0.2073513764112745,1.0848759647630228,1.085,Yes,Synergy Green Industries Limited
CGPOWER.NS,0.026733710979998913,0.1291280077059524,37.24,0.447,0.20703262951966517,0.9104238341067317,0.91,Yes,CG Power and Industrial Solutions Limited
METROPOLIS.NS,0.014956907866243875,0.07238873298857226,19.5,0.251,0.20661927966891017,0.5333272769290616,0.533,Yes,Metropolis Healthcare Limited
SAYAJIHOTL.BO,0.014414636600906795,0.06980972258472976,18.74,0.242,0.20648465668104324,0.26746360499837374,0.267,Yes,Sayaji Hotels Limited
GUJALKALI.NS,0.032937710382326804,0.15965671788936509,47.53,0.553,0.20630331637627145,0.6053864506055191,0.605,Yes,Gujarat Alkalies and Chemicals Limited
MPSLTD.BO,0.031891702919150965,0.15458899590612735,45.75,0.536,0.2062999551308095,0.9791018571667488,0.979,Yes,MPS Limited
DWARKESH.BO,0.0330905355131365,0.1604278630418511,47.8,0.556,0.20626426660376393,-1.1979969287374106,1.198,No,Dwarikesh Sugar Industries Limited
ASHAI.BO,0.08103920406823516,0.3931186342261512,154.74,1.362,0.20614439767720438,5.0729568403414795,5.073,Yes,Ashiana Agro Industries Limited
PPAP.BO,0.030194394395290633,0.14672967968905934,42.9,0.508,0.20578245968557124,2.1870107983313023,2.187,Yes,PPAP Automotive Limited
TAKE.BO,0.07194338563399925,0.3501784339604135,130.18,1.213,0.20544779077438052,2.735948994286494,2.736,Yes,TAKE LIMITED
DCMSIL.NS,0.023245647778627466,0.11332316815119722,31.75,0.393,0.20512705528681324,-0.11608173193875443,0.116,No,DCM Shriram International Limited
GLOBALLOG.BO,0.06655045780457725,0.3245101626917977,116.66,1.124,0.2050797338750321,-0.07094356905471935,0.071,No,Global Ocean Logistics India Limited
OMAXAUTO.BO,0.06981609143450472,0.34054161696670765,124.76,1.18,0.2050148585549535,-0.07723511065143093,0.077,No,Omax Autos Limited
STOVEKRAFT.NS,0.031028896107598684,0.15135401447686261,44.29,0.524,0.20500874202013353,1.3657741459375585,1.366,Yes,Stove Kraft Limited
SARUPINDUS.BO,0.0425332437103822,0.20761099028033977,64.85,0.719,0.20486990430010002,0.8137153868076864,0.814,Yes,Sarup Industries Limited
WSFX.BO,0.007264197538119713,0.03546087587266787,9.07,0.123,0.20485104666347873,0.5225843346271611,0.523,Yes,WSFx Global Pay Limited
DWARKESH.NS,0.03284964971769881,0.16088420061021788,47.38,0.557,0.20418194945869972,-1.196813388033128,1.197,No,Dwarikesh Sugar Industries Limited
QPOWER.BO,0.05834112398964824,0.2859229392497451,97.47,0.99,0.20404492253309212,2.380547124423533,2.381,Yes,Quality Power Electrical Equipments Limited
PANTH.BO,0.054817884017933326,0.2688032238877386,89.73,0.931,0.20393313452530298,3.07872832985234,3.079,Yes,Panth Infinity Limited
QPOWER.NS,0.05773867547378946,0.28339135157063877,96.13,0.982,0.2037418402283084,2.328310670394493,2.328,Yes,Quality Power Electrical Equipments Limited
GOKULAGRO.BO,0.028420973564292507,0.13952302057014718,39.98,0.483,0.2037009623799211,0.5920212171968372,0.592,Yes,Gokul Agro Resources Limited
TAKE.NS,0.07115587469609184,0.349559863288761,128.16,1.211,0.20355848073241778,2.756261404631736,2.756,Yes,TAKE LIMITED
KALYANKJIL.NS,0.043832734154047,0.21539540490144882,67.33,0.746,0.20349892874503087,2.0651753277521534,2.065,Yes,Kalyan Jewellers India Limited
SANGHVIMOV.BO,0.034067883951022976,0.16742068836437837,49.48,0.58,0.2034867033689219,1.807969372806345,1.808,Yes,Sanghvi Movers Limited
ACROW.BO,0.019302006483966485,0.09491911881621644,25.79,0.329,0.2033521457498912,0.9135280236146326,0.914,Yes,Acrow India Limited
SANGHVIMOV.NS,0.03431751139651028,0.16936867142654416,49.92,0.587,0.20262018416666813,1.8331676302166227,1.833,Yes,Sanghvi Movers Limited
LEXORAA.BO,0.019510300883631135,0.0964161198185644,26.1,0.334,0.20235517588081295,-0.2085284061747399,0.209,No,Lexoraa Industries Limited
IKS.BO,0.020779571670165888,0.10281307746493144,27.99,0.356,0.20211020020535425,1.4623168773712312,1.462,Yes,Inventurus Knowledge Solutions Limited
SHRIDINE.BO,0.04032499063219792,0.1996326610521793,60.7,0.692,0.20199595807450518,2.336233238022001,2.336,Yes,Shri Dinesh Mills Limited
METROPOLIS.BO,0.014314352350646925,0.07088407673316252,18.6,0.246,0.20194030888674996,0.5273659483156367,0.527,Yes,Metropolis Healthcare Limited
ONIXSOLAR.BO,0.07387153068586348,0.3662434343439622,135.19,1.269,0.2017006279394106,1.3039768086891177,1.304,Yes,Onix Solar Energy Limited
GOKULAGRO.NS,0.028141006619439305,0.13965992559781265,39.52,0.484,0.20149664622104058,0.6186648768648335,0.619,Yes,Gokul Agro Resources Limited
AAATECH.BO,0.019861165688434306,0.09864894590064087,26.62,0.342,0.20133175785211588,1.3293738334367131,1.329,Yes,AAA Technologies Limited
AXISBANK.NS,0.015653632839974594,0.0778109261443702,20.49,0.27,0.2011752541144528,1.0685621599390454,1.069,Yes,Axis Bank Limited
IKS.NS,0.02068712863118374,0.10301258491293179,27.85,0.357,0.20082137195827962,1.4490896955556791,1.449,Yes,Inventurus Knowledge Solutions Limited
HILIKS.BO,0.031009456994639806,0.15464097489746018,44.26,0.536,0.2005254882491633,1.864815795787535,1.865,Yes,Hiliks Technologies Limited
VALUEAXIS.BO,0.011251313027548351,0.05613670894264638,14.37,0.194,0.20042701539635263,0.8562874333796343,0.856,Yes,Axis Nifty500 Value 50 ETF
JAMNAAUTO.NS,0.025797227317146013,0.1288471083683824,35.75,0.446,0.20021580339537023,1.450324246111684,1.45,Yes,Jamna Auto Industries Limited
DIDL.BO,0.020464955474736205,0.1023394049173421,27.52,0.355,0.19997141366285473,0.07591696836211576,0.076,Yes,Dalmia Industrial Development Limited
AAATECH.NS,0.0207135740547861,0.10359531539465708,27.89,0.359,0.19994701474555676,1.2999844857507563,1.3,Yes,AAA Technologies Limited
VAL30IETF.BO,0.012870688445410054,0.0645968078792313,16.59,0.224,0.19924650873573807,1.0083584141207762,1.008,Yes,ICICI Prudential Mutual Fund - ICICI Prudential Nifty 200 Value 30 ETF
AMKAY.BO,0.030207043764064426,0.15176272574569935,42.92,0.526,0.19904125743419201,0.5174313406717737,0.517,Yes,Amkay Products Limited
MIDSMALL.NS,0.011621173941365576,0.058440650253613904,14.87,0.202,0.19885428876874853,0.9552287979410005,0.955,Yes,Mirae Asset Nifty MidSmallcap400 Momentum Quality 100 ETF
MPSLTD.NS,0.0311507740010423,0.1567651834899073,44.5,0.543,0.19870977284345676,0.9541662799128161,0.954,Yes,MPS Limited
TSPIRITUAL.BO,0.05751905297867061,0.28964002420363827,95.64,1.003,0.19858806854066025,0.44856438688404765,0.449,Yes,T. Spiritual World Limited
LGBBROSLTD.NS,0.02992052290238667,0.1507788669681763,42.44,0.522,0.1984397648292566,1.600904569784592,1.601,Yes,L.G. Balakrishnan & Bros Limited
GABRIEL.NS,0.026700523854597227,0.13479066606208737,37.19,0.467,0.19808881901583908,1.8128900148143199,1.813,Yes,Gabriel India Limited
ANTHEM.NS,0.018854479228421653,0.09519403041669276,25.13,0.33,0.19806367212198028,0.5928618342907575,0.593,Yes,Anthem Biosciences Limited
SIIL.BO,0.027357305242945027,0.13814129941804154,38.25,0.479,0.19803856890151786,1.1602657801353289,1.16,Yes,Sabrimala Industries India Limited
SUNFLAG.NS,0.039478263205044085,0.19945439849882549,59.14,0.691,0.1979312740264114,2.362802121219126,2.363,Yes,Sunflag Iron and Steel Company Limited
MAGNAELQ.BO,0.03411683269683389,0.17260399132097912,49.57,0.598,0.19765958154113186,1.8328156016974384,1.833,Yes,Magna Electro Castings Limited
ASYL.BO,0.013565377500522986,0.06864685830314357,17.55,0.238,0.1976110463878546,-0.7714491224684109,0.771,No,Advance Syntex Limited
JAMNAAUTO.BO,0.02558404352268366,0.12951079506170265,35.41,0.449,0.19754371448723398,1.4380117063902254,1.438,Yes,Jamna Auto Industries Limited
UNITDSPR.NS,0.014252268810841011,0.07219660685733545,18.51,0.25,0.1974091225506525,1.3159700822957294,1.316,Yes,United Spirits Limited
ANTHEM.BO,0.01863701022264568,0.09495093455477287,24.81,0.329,0.19628042957170513,0.5888776284370664,0.589,Yes,Anthem Biosciences Limited
FINEORG.BO,0.020040413763489848,0.10224571771642983,26.88,0.354,0.1960024753219524,1.2153704726157264,1.215,Yes,Fine Organic Industries Limited
CONCORD.BO,0.023880246668840734,0.12184793811214946,32.74,0.422,0.19598400300267071,1.4756200304539036,1.476,Yes,Concord Drugs Limited
VAL30IETF.NS,0.012184266534125975,0.0623037339970617,15.64,0.216,0.1955623804939299,0.983480667663622,0.983,Yes,ICICI Prudential Nifty200 Value 30 ETF
ICON.BO,0.04279905169363171,0.21897241241465593,65.35,0.759,0.19545408127753336,2.548481196383217,2.548,Yes,Icon Facilitators Limited
GANHOLD.BO,0.043651878757233815,0.22461589013817176,66.98,0.778,0.19434011872615733,-1.4929640185496342,1.493,No,Ganesh Holdings Limited
ASPIRA.BO,0.06643752635778463,0.34248142132452136,116.38,1.186,0.193988701929706,-0.47646927877794,0.476,No,Aspira Pathlab & Diagnostics Limited
CHMBBRW.BO,0.0766399687213106,0.39522529848884774,142.57,1.369,0.19391463303170403,-0.2025775837435675,0.203,No,Chambal Breweries & Distilleries Limited
DHANBANK.NS,0.035624429286419464,0.1837855639356541,52.2,0.637,0.19383692888355517,2.5674846427903018,2.567,Yes,Dhanlaxmi Bank Limited
IL&FSENGG.BO,0.026007843906070718,0.13451712817415495,36.08,0.466,0.1933422476310913,0.783189067710889,0.783,Yes,IL&FS Engineering and Construction Company Limited
ONEPOINT.NS,0.024753034344481104,0.12808129498474602,34.1,0.444,0.19326033787704203,1.5677810254523254,1.568,Yes,One Point One Solutions Limited
SGIL.NS,0.013923706161015577,0.07205368428045057,18.05,0.25,0.1932407246077953,1.1164710002360803,1.116,Yes,Synergy Green Industries Limited
DIAMONDYD.NS,0.01084816547336227,0.05616161569638069,13.82,0.195,0.19315978251069751,0.35030813794729676,0.35,Yes,Prataap Snacks Limited
AVANTIFEED.BO,0.04286532651758491,0.2222040113562524,65.48,0.77,0.19290977807263945,0.9876549132917773,0.988,Yes,Avanti Feeds Limited
AVANTIFEED.NS,0.042998117943782194,0.22295028759229785,65.73,0.772,0.19285966574939564,0.9665616493225846,0.967,Yes,Avanti Feeds Limited
GUJINTRX.BO,0.008923074154997377,0.04631162992175389,11.25,0.16,0.192674586709071,0.5238131385593577,0.524,Yes,Gujarat Intrux Limited
EICHERMOT.BO,0.01586524247742797,0.08241463117350484,20.79,0.285,0.19250516870029294,1.1587961255942,1.159,Yes,Eicher Motors Limited
CGPOWER.BO,0.024712304417117692,0.1284013599499883,34.04,0.445,0.1924613915829475,0.9139859852201555,0.914,Yes,CG Power and Industrial Solutions Limited
TRANSCOR.BO,0.015361624475709912,0.07982305106977163,20.07,0.277,0.19244596980241513,0.7159848143295093,0.716,Yes,Transcorp International Limited
DAICHI.BO,0.027950190583356408,0.14570462159704095,39.21,0.505,0.19182775588721637,1.4318894762482524,1.432,Yes,Dai-ichi Karkaria Limited
EICHERMOT.NS,0.015758843945694163,0.082166711301391,20.64,0.285,0.19179110002212515,1.1553470066880451,1.155,Yes,Eicher Motors Limited
ORTINGLOBE.BO,0.035295520317898656,0.18406137826402297,51.63,0.638,0.19175951332533075,1.1201506796182783,1.12,Yes,Ortin Global Limited
SANGAMFIN.BO,0.023720014189499285,0.12382451712010364,32.49,0.429,0.19156153192579825,-0.10198784670392466,0.102,No,Sangam Finserv Limited
MATHEWE.BO,0.012892190312043217,0.06750080646529914,16.62,0.234,0.19099313011424304,0.2596986723081735,0.26,Yes,Mathew Easow Research Securities Limited
ASMTEC.BO,0.0327624086291484,0.17158955578264615,47.23,0.594,0.19093474821188303,1.3624592868814671,1.362,Yes,ASM Technologies Limited
SHRICON.BO,0.05013464560107479,0.26288736059167694,79.86,0.911,0.19070770648021054,2.355329057739572,2.355,Yes,Shricon Industries Limited
INDOCITY.BO,0.018624376321395786,0.09766554427718209,24.79,0.338,0.1906954643956974,0.09150691901979294,0.092,Yes,Indo-City Infotech Limited
MHSGRMS.BO,0.027667011489412877,0.1455606030203503,38.75,0.504,0.19007211371297256,0.22583224243412486,0.226,Yes,Mahasagar Travels Limited
GROWW.BO,0.03282675125955352,0.17271157456446662,47.34,0.598,0.19006688661332624,2.1818388264931206,2.182,Yes,Billionbrains Garage Ventures Limited
PARSHWANA.BO,0.03810451166408327,0.20073901472598316,56.64,0.695,0.1898211551755271,-0.28150552507748605,0.282,No,Parshwanath Corporation Limited
PASHUPATI.NS,0.01932277775864944,0.10180579795653086,25.82,0.353,0.18980036644769388,-0.17474733991000008,0.175,No,Pashupati Cotspin Limited
OMEGAIN.BO,0.08662242559279934,0.45648086589434184,170.98,1.581,0.18976135050718462,1.7628601376868498,1.763,Yes,Omega Interactive Technologies Limited
DYCL.BO,0.04080673100771923,0.215506058232467,61.6,0.747,0.18935305736834968,2.8063916872718564,2.806,Yes,Dynamic Cables Limited
KOPRAN.BO,0.040542099867368835,0.21433763222733854,61.11,0.742,0.18915063792609038,1.897316218138005,1.897,Yes,Kopran Limited
DYCL.NS,0.04069439030342286,0.21518617724408676,61.39,0.745,0.18911247378711973,2.795139633656453,2.795,Yes,Dynamic Cables Limited
GROWW.NS,0.03258987220246208,0.17237102930450887,46.94,0.597,0.18906815335475632,2.1788914653508638,2.179,Yes,Billionbrains Garage Ventures Limited
KOPRAN.NS,0.04036087465578154,0.21446591588422984,60.77,0.743,0.1881924896521488,1.8904114660365967,1.89,Yes,Kopran Limited
UNITDSPR.BO,0.013597023501002347,0.07240370623983734,17.59,0.251,0.187794578580856,1.3173710037320638,1.317,Yes,United Spirits Limited
PASHUPATI.BO,0.018918801889366472,0.10105894751669983,25.22,0.35,0.18720560973821906,-0.11575719850103933,0.116,No,Pashupati Cotspin Limited
SKFINDUS.BO,0.028388394530397924,0.1517317959087504,39.92,0.526,0.1870958842896076,1.5913247397602788,1.591,Yes,SKF India (Industrial) Limited
DANUBE.BO,0.04174104630139058,0.2234305757561742,63.35,0.774,0.18681886380197957,2.4901660753610466,2.49,Yes,Danube Industries Limited
GUFICBIO.BO,0.019842446412660173,0.10623727528341571,26.59,0.368,0.18677480535645571,0.3063103563319383,0.306,Yes,Gufic Biosciences Limited
BPLPHARMA.BO,0.031146339542309154,0.16688754719833143,44.49,0.578,0.18663069872609742,2.083199741481254,2.083,Yes,Bharat Parenterals Limited
AXISBANK.BO,0.014378715518829749,0.07721417277398229,18.69,0.267,0.18621860472323457,1.0648625120198119,1.065,Yes,Axis Bank Limited
RITCO.BO,0.026143455247938433,0.14051376783177708,36.3,0.487,0.18605618261718915,1.7105844575516609,1.711,Yes,Ritco Logistics Limited
PIONRINV.BO,0.041051309397176446,0.22097046163906356,62.06,0.765,0.18577736179159668,1.496807462061649,1.497,Yes,Pioneer Investcorp Limited
NEETUYOSHI.BO,0.04433367089104143,0.23923898652643927,68.3,0.829,0.1853112301415887,3.421460792639939,3.421,Yes,Neetu Yoshi Limited
RGL.BO,0.023056930735843684,0.1246586667750138,31.46,0.432,0.18496051122909285,1.4377396967385183,1.438,Yes,Renaissance Global Limited
IMFA.BO,0.025805270690958334,0.13991637753528793,35.76,0.485,0.18443352483486114,1.6338349376282613,1.634,Yes,Indian Metals and Ferro Alloys Limited
SKFINDUS.NS,0.028103635698024793,0.15244863372293854,39.46,0.528,0.18434822937869408,1.6087146855906895,1.609,Yes,SKF India (Industrial) Limited
SYTIXSE.BO,0.045107222471764845,0.24468723918790933,69.8,0.848,0.18434644414425072,3.232444733304346,3.232,Yes,Systematix Securities Ltd.
CTCL.BO,0.030846018856454094,0.16780803565892413,43.99,0.581,0.18381729298798144,0.23163373110921465,0.232,Yes,Captain Technocast Limited
DBSTOCKBRO.NS,0.016901411224648406,0.09196021237550393,22.28,0.319,0.18379047620762726,0.3688332635339665,0.369,Yes,DB (International) Stock Brokers Limited
GUFICBIO.NS,0.019679891484611692,0.10712754524317043,26.35,0.371,0.1837052407010728,0.32794955020024263,0.328,Yes,Gufic Biosciences Limited
IMFA.NS,0.02562629578129425,0.13955482905665192,35.48,0.483,0.18362887156625243,1.6369332936153165,1.637,Yes,Indian Metals and Ferro Alloys Limited
VISAKAIND.BO,0.024843629183073226,0.13533738132704382,34.24,0.469,0.1835681238950413,1.9946522447357833,1.995,Yes,Visaka Industries Limited
WARDWIZFBL.BO,0.028090039824334535,0.1532303101416276,39.44,0.531,0.18331908222577825,0.8794819612754072,0.879,Yes,Wardwizard Foods and Beverages Limited
DIAMONDYD.BO,0.01069942426852752,0.05837295795808854,13.62,0.202,0.18329419379791662,0.37506319701683694,0.375,Yes,Prataap Snacks Limited
ORTEL.NS,0.022384130583296694,0.12229099510320857,30.43,0.424,0.18303989238459797,-0.26700368364878424,0.267,No,Ortel Communications Limited
ADANIPORTS.BO,0.018887678801991478,0.1031940730927473,25.17,0.357,0.18303065511345676,1.438010032367016,1.438,Yes,Adani Ports and Special Economic Zone Limited
WOCKPHARMA.BO,0.032173455805765847,0.17579911307361049,46.23,0.609,0.18301261731789398,0.38338585404903897,0.383,Yes,Wockhardt Limited
INTEGHIT.BO,0.027144268662250635,0.14856719890869258,37.9,0.515,0.18270700976824059,-2.1405039850956276,2.141,No,Integrated Hitech Limited
TASTYBITE.BO,0.015962089730856385,0.08745745373247624,20.93,0.303,0.1825126281366806,0.7970861049481158,0.797,Yes,Tasty Bite Eatables Limited
PRISMMEDI.BO,0.045213351191253026,0.2477489753654149,70.0,0.858,0.18249662233543465,0.6831148219791123,0.683,Yes,Prism Medico and Pharmacy Limited
WOCKPHARMA.NS,0.032121296040714814,0.17609456355096706,46.14,0.61,0.18240935661490734,0.4029067182238615,0.403,Yes,Wockhardt Limited
ABDL.NS,0.031706806228489044,0.1738316433376933,45.44,0.602,0.18239950805098215,2.6701439000936933,2.67,Yes,Allied Blenders and Distillers Limited
VENUSPIPES.NS,0.03663637463012302,0.20096628238930178,54.0,0.696,0.1823011014312982,2.8517738285742382,2.852,Yes,Venus Pipes and Tubes Limited
VISAKAIND.NS,0.02502082158855371,0.13742305690109824,34.52,0.476,0.18207149624506536,2.0192124801712565,2.019,Yes,Visaka Industries Limited
ABDL.BO,0.031457045023355786,0.1728279740786666,45.02,0.599,0.1820136189818287,2.64904087527636,2.649,Yes,Allied Blenders and Distillers Limited
ASHRAM.BO,0.03310119778364557,0.18194850463357023,47.81,0.63,0.18192618757878082,1.780383419602966,1.78,Yes,Ashram Online.com Limited
RGL.NS,0.02240605179644757,0.12318335251104708,30.46,0.427,0.18189188181445376,1.3891981641939959,1.389,Yes,Renaissance Global Limited
SAPPL.BO,0.014238917514898001,0.07830369903300682,18.49,0.271,0.18184220784890337,0.6001649222829492,0.6,Yes,Shree Ajit Pulp and Paper Limited
VENUSPIPES.BO,0.03669714439009385,0.20191810021296303,54.11,0.699,0.18174271821787827,2.8753231370262,2.875,Yes,Venus Pipes and Tubes Limited
ZYDUSWELL.BO,0.018486307201992663,0.10180975539193651,24.58,0.353,0.1815769729612454,0.35812467242179025,0.358,Yes,Zydus Wellness Limited
SURYALA.BO,0.022698314431323526,0.12501033855056834,30.91,0.433,0.18157149796168065,0.6583522072172023,0.658,Yes,Suryalata Spinning Mills Limited
ETHOSLTD.BO,0.016936230578112242,0.09344458174663178,22.33,0.324,0.18124358054310313,1.4170068549942887,1.417,Yes,Ethos Limited
AHCL.NS,0.0272625196755663,0.15075218085445122,38.09,0.522,0.18084328545726194,1.0377641091332275,1.038,Yes,Anlon Healthcare Limited
DYNAVSN.BO,0.024815683821588566,0.13724237574876083,34.2,0.475,0.18081648387533564,1.1054050187756965,1.105,Yes,Dynavision Limited
TASTYBITE.NS,0.01598733534171298,0.08850527058546588,20.96,0.307,0.18063709919145063,0.8351956483260766,0.835,Yes,Tasty Bite Eatables Limited
BETA.NS,0.03612171600146065,0.20008200875854293,53.08,0.693,0.18053455293450194,0.3737289085091603,0.374,Yes,Beta Drugs Limited
ZYDUSWELL.NS,0.01844238658549165,0.10218701268823391,24.52,0.354,0.18047681501129895,0.32418102550570027,0.324,Yes,Zydus Wellness Limited
VISL.BO,0.028814113758865632,0.1599043744820882,40.62,0.554,0.18019590678611028,,,,Vedanta Iron and Steel Limited
NXST.BO,0.007150762693441013,0.03977981809844239,8.93,0.138,0.17975855685778028,0.44782092825687253,0.448,Yes,Nexus Select Trust
TATACAP.NS,0.014831560803292825,0.08253544672234368,19.32,0.286,0.17969928548624045,1.136757776622559,1.137,Yes,Tata Capital Limited
GOLDIAM.BO,0.031587430857984405,0.17585625288758988,45.24,0.609,0.1796207433020627,2.624369224295663,2.624,Yes,Goldiam International Limited
VCU.BO,0.029996982215006376,0.16714919574431045,42.57,0.579,0.17946231856773642,1.6768351678367734,1.677,Yes,VCU Data Management Limited
TATACAP.BO,0.014854038533572695,0.08287487959491074,19.36,0.287,0.17923451118334854,1.125359537697199,1.125,Yes,Tata Capital Limited
TCPLPACK.BO,0.02288962991990149,0.12839755878161305,31.2,0.445,0.17827153519977484,1.5504081725978525,1.55,Yes,TCPL Packaging Limited
ADFFOODS.BO,0.03083647200888046,0.17326043685981404,43.97,0.6,0.17797757276711945,1.98637917062677,1.986,Yes,ADF Foods Limited
SAIPARENT.BO,0.022021535141453105,0.12379113792212011,29.87,0.429,0.17789266268242374,1.8006481234527167,1.801,Yes,Sai Parenteral's Limited
PDSL.NS,0.01949657444105392,0.10961138488647802,26.08,0.38,0.17786997638289193,1.451156237167163,1.451,Yes,PDS Limited
TCPLPACK.NS,0.02230800912099015,0.1254680844071754,30.31,0.435,0.177798276162367,1.4461531340582479,1.446,Yes,TCPL Packaging Limited
RITCO.NS,0.024725208175509553,0.13909268221931737,34.06,0.482,0.1777606685053607,1.5774615592138646,1.577,Yes,Ritco Logistics Limited
3MINDIA.BO,0.017047603580820327,0.09603220649194437,22.49,0.333,0.17751964891330868,1.5326298722858405,1.533,Yes,3M India Limited
SAIPARENT.NS,0.02281070167303263,0.1286879715610642,31.08,0.446,0.1772558957634097,2.0697454883874262,2.07,Yes,Sai Parenteral's Limited
VISL.NS,0.028219614405153026,0.15943085208915203,39.65,0.552,0.1770022177976752,,,,Vedanta Iron and Steel Limited
ASIANPAINT.NS,0.015485002880140973,0.0875453539676417,20.25,0.303,0.17687977920409692,1.2302901368104342,1.23,Yes,Asian Paints Limited
UNIVARTS.BO,0.012462937254916227,0.0705830047294992,16.02,0.245,0.17657136165680282,0.7769427423811802,0.777,Yes,Universal Arts Limited
SHAHLON.BO,0.035987431855122994,0.2040924264336848,52.85,0.707,0.1763290901282723,1.0063968368495098,1.006,Yes,Shahlon Silk Industries Limited
SWADEIN.BO,0.04573374652140863,0.25937632276459266,71.02,0.899,0.17632197894530302,4.085471248132591,4.085,Yes,Swadeshi Industries & Leasing Limited
GOLDIAM.NS,0.030961991292990942,0.17574938329877973,44.18,0.609,0.1761712656502159,2.615027069732321,2.615,Yes,Goldiam International Limited
ETHOSLTD.NS,0.0161131324049562,0.09157292490433444,21.14,0.317,0.17595956907338572,1.3761086295170553,1.376,Yes,Ethos Limited
3MINDIA.NS,0.01700028638210579,0.0967031239828605,22.42,0.335,0.17579872998848406,1.532460392663675,1.532,Yes,3M India Limited
HESTERBIO.BO,0.026658041409422694,0.15166757455926194,37.12,0.525,0.17576625384093847,1.6109522399761458,1.611,Yes,Hester Biosciences Limited
VMART.NS,0.025322997435223937,0.14416451682302472,35.0,0.499,0.1756534686431215,2.089757932420969,2.09,Yes,V-Mart Retail Limited
MPKSTEELS.BO,0.04741042678869217,0.27005350306368686,74.34,0.935,0.17555938453244707,1.0925037849291717,1.093,Yes,M P K Steels (I) Limited
VMART.BO,0.025667580365064144,0.14633845149206143,35.54,0.507,0.17539874245872117,2.1131759785785182,2.113,Yes,V-Mart Retail Limited
SHARIKA.BO,0.039441106214879985,0.22497730774738298,59.07,0.779,0.17531148634406565,2.6810884588733854,2.681,Yes,Sharika Enterprises Limited
METROGLOBL.NS,0.007146816953465116,0.04089244757469222,8.92,0.142,0.17477107332377392,0.6474551297418278,0.647,Yes,MetroGlobal Limited
SUNITATOOL.BO,0.03836423953849531,0.2195922049012681,57.11,0.761,0.17470674587809,0.5949316555268964,0.595,Yes,Sunita Tools Limited
TURTLEMINT.NS,0.03960464727975148,0.2268332472232267,59.37,0.786,0.17459807045294612,,,,Turtlemint Fintech Solutions Limited
JINDALSTEL.NS,0.013339085125500189,0.07644783558575187,17.24,0.265,0.17448610576472998,0.5228670562535085,0.523,Yes,Jindal Steel Limited
TURTLEMINT.BO,0.04217577956011645,0.24212464203835593,64.17,0.839,0.17419036412425637,,,,Turtlemint Fintech Solutions Limited
CARTRADE.BO,0.037972106570529025,0.21820263446223134,56.4,0.756,0.17402221867812329,1.537060830238795,1.537,Yes,CarTrade Tech Limited
INDNIPPON.NS,0.024440091968147025,0.14048975351082824,33.61,0.487,0.17396351945526978,1.6117936983484498,1.612,Yes,India Nippon Electricals Limited
SHILINDORE.BO,0.019400722056107947,0.11156513351285698,25.93,0.386,0.17389592469651077,0.34696416440175815,0.347,Yes,Sayaji Hotels (Indore) Limited
CARTRADE.NS,0.03802234431793752,0.21887066357986382,56.49,0.758,0.17372060602385633,1.5430827193053935,1.543,Yes,CarTrade Tech Limited
HCG.BO,0.016020746905165886,0.09225628655416597,21.01,0.32,0.1736547990771307,1.0083149573779686,1.008,Yes,HealthCare Global Enterprises Limited
MANAKALUCO.NS,0.053445188699136725,0.30804651850239007,86.79,1.067,0.1734971359487124,2.3386772573993797,2.339,Yes,Manaksia Aluminium Company Limited
RPPL.NS,0.019993444027573484,0.11542198045060047,26.81,0.4,0.17322042083769731,0.6895435877450189,0.69,Yes,Rajshree Polypack Limited
PDSL.BO,0.018894825792929056,0.10908674784192172,25.18,0.378,0.17320917679487213,1.4250135212337778,1.425,Yes,PDS Limited
MAHALXSE.BO,0.020593030177769502,0.1190342102658582,27.71,0.412,0.17300093924070892,1.197229706509457,1.197,Yes,Mahalaxmi Seamless Limited
AHCL.BO,0.026060873671812645,0.15105065333274606,36.17,0.523,0.17253069150521141,1.0079821255396828,1.008,Yes,Anlon Healthcare Limited
RAMAPPR-B.BO,0.03589455549931429,0.2081375774849967,52.68,0.721,0.17245591081169234,-2.1536001356589836,2.154,No,Raama Paper Mills Limited
INA.NS,0.07007718087684858,0.4067264981412157,125.41,1.409,0.17229558732246095,9.376878022750615,9.377,Yes,Insolation Energy Limited
FRACTAL.BO,0.02134632247002004,0.12414886403319338,28.85,0.43,0.17194134345291093,0.6162252728566825,0.616,Yes,Fractal Analytics Limited
GALADAFIN.BO,0.048233174658810225,0.281009646622199,75.99,0.973,0.17164241597604973,3.8578780015382166,3.858,Yes,Galada Finance Limited
UNICHEMLAB.NS,0.02915072792361717,0.16991285977803033,41.17,0.589,0.17156281144169375,2.5164012964547564,2.516,Yes,Unichem Laboratories Limited
MKPMOB.BO,0.025028147334975034,0.14608157421116028,34.53,0.506,0.17132993993340295,0.89114548720078,0.891,Yes,MKP Mobility Limited
NCML.BO,0.03362180805918789,0.19683745472568445,48.71,0.682,0.1708100122816754,1.5189860075016097,1.519,Yes,Nilachal Carbo Metalicks Limited
MANAKALUCO.BO,0.05249685381368141,0.30766316710750524,84.78,1.066,0.17063093482144936,2.2382717273897352,2.238,Yes,Manaksia Aluminium Company Limited
HCG.NS,0.0158272741853375,0.09287039865719442,20.74,0.322,0.17042323941947896,1.0214022541339693,1.021,Yes,HealthCare Global Enterprises Limited
UNICHEMLAB.BO,0.028934606318279987,0.16983228427786928,40.82,0.588,0.17037164895538318,2.5161940152562456,2.516,Yes,Unichem Laboratories Limited
FRACTAL.NS,0.021450314965075948,0.12629866098205628,29.01,0.438,0.16983802360441078,0.6491971347831157,0.649,Yes,Fractal Analytics Limited
HIPOLIN.BO,0.06260251936304335,0.3688876529668236,107.23,1.278,0.1697061933614612,4.187965386717089,4.188,Yes,Hipolin Limited
SHANTIGURU.BO,0.014865923844422564,0.0877472206504399,19.37,0.304,0.16941760359161914,0.6519331280267046,0.652,Yes,Shanti Guru Industries Limited
ASTRAL.BO,0.01349317341662094,0.07979736018537598,17.45,0.276,0.1690929798338587,-0.09362040593147707,0.094,No,Astral Limited
SAMBHV.NS,0.021389136634394568,0.12659403146204345,28.91,0.439,0.16895849186071343,1.6851706206214365,1.685,Yes,Sambhv Steel Tubes Limited
MNC.NS,0.011858708687650153,0.07048887698517295,15.2,0.244,0.16823517687967401,1.172667752015665,1.173,Yes,Kotak Nifty MNC ETF
COALINDIA.BO,0.008823204399990401,0.05246710112199166,11.12,0.182,0.16816641688427764,-0.18404983089711202,0.184,No,Coal India Limited
SUDTIND-B.BO,0.032744197695261205,0.19477219980863814,47.2,0.675,0.1681153559257023,1.2175300832461387,1.218,Yes,Suditi Industries Limited
CTL.BO,0.03690486834309801,0.2196259138573873,54.48,0.761,0.16803512707094279,2.6684691653578376,2.668,Yes,Capital Trade Links Limited
ADFFOODS.NS,0.03469956586975658,0.2068549250777227,50.58,0.717,0.16774831857021885,2.6034134499918795,2.603,Yes,ADF Foods Limited
ASINPET.BO,0.018342601781516314,0.10950737113744469,24.37,0.379,0.1675010694804661,1.212695450634942,1.213,Yes,Asian Petro Products and Exports Limited
HIGHENE.BO,0.016320485525259918,0.0975519043990054,21.44,0.338,0.1673005322223757,1.4470139624584029,1.447,Yes,High Energy Batteries (India) Limited
COALINDIA.NS,0.008797755686759267,0.0526437670163408,11.08,0.182,0.16711865782759078,-0.18827611242269707,0.188,No,Coal India Limited
MOTILALOFS.NS,0.02318660005357938,0.138928296220413,31.66,0.481,0.1668961664713234,1.5208383567122707,1.521,Yes,Motilal Oswal Financial Services Limited
HESTERBIO.NS,0.02609150599639615,0.15641039633520495,36.22,0.542,0.1668143973018209,1.6290512883546029,1.629,Yes,Hester Biosciences Limited
LAXMIPATI.BO,0.039567475582501004,0.23729984271344814,59.31,0.822,0.1667404206006187,0.9086733881997289,0.909,Yes,Laxmipati Engineering Works Limited
METSL.BO,0.017926862282363745,0.10756780367618893,23.77,0.373,0.16665639410402885,0.9968595798617322,0.997,Yes,Maestros Electronics & Telecommunications Systems Limited
KACL.BO,0.02682850089137352,0.16164609913553987,37.4,0.56,0.1659706051358399,0.4856365855085525,0.486,Yes,Kaiser Corporation Limited
PGEL.NS,0.021329240638570682,0.12918934034924728,28.82,0.448,0.16510062347953583,2.317421749370096,2.317,Yes,PG Electroplast Limited
SGRL.BO,0.024060353198224412,0.14580799792864313,33.02,0.505,0.16501394669721267,1.164780111121223,1.165,Yes,Shree Ganesh Remedies Limited
KIRLPNU.NS,0.029952135982115644,0.18179327779952606,42.5,0.63,0.16475931533148103,1.5455719254716613,1.546,Yes,Kirloskar Pneumatic Company Limited
ASTRAL.NS,0.012991114416724143,0.07885653521270891,16.75,0.273,0.16474366242039037,-0.08712059539630566,0.087,No,Astral Limited
SAMBHV.BO,0.020812916214505362,0.12649609547379806,28.04,0.438,0.16453406041150476,1.6677924347778121,1.668,Yes,Sambhv Steel Tubes Limited
MOTILALOFS.BO,0.02281583137980385,0.13876076810538995,31.09,0.481,0.16442566361750777,1.5291028435433507,1.529,Yes,Motilal Oswal Financial Services Limited
TATASTEEL.NS,0.01260578158459144,0.07673684593347806,16.22,0.266,0.16427286567810187,0.662574556656397,0.663,Yes,Tata Steel Limited
ACEALPHA.BO,0.022406676320182853,0.13650784139295724,30.46,0.473,0.164142045552402,1.2708411871096355,1.271,Yes,Ace Alpha Tech Limited
SYNCOMF.BO,0.03308128451912781,0.20154496849455097,47.78,0.698,0.16413847870393355,1.5867925224684882,1.587,Yes,Syncom Formulations (India) Limited
KDGREEN.BO,0.03187336926888804,0.19424374627603194,45.72,0.673,0.1640895518128758,-1.679823720656333,1.68,No,KD Green Industries Limited
SURYODAY.BO,0.018713008523231118,0.11408461681380941,24.92,0.395,0.16402744774759148,1.5190181216975647,1.519,Yes,Suryoday Small Finance Bank Limited
SYNCOMF.NS,0.03315634318666315,0.20234870120798767,47.91,0.701,0.16385745492175322,1.5820309922143383,1.582,Yes,Syncom Formulations (India) Limited
TRUSTEDGE.BO,0.02848478550237866,0.17454809771548438,40.08,0.605,0.16319161237041507,0.5997552849682967,0.6,Yes,Trustedge Capital Limited
MARALOVER.BO,0.027785114020212994,0.17041797703093095,38.94,0.59,0.1630409802081501,2.299446949019926,2.299,Yes,Maral Overseas Limited
SURYODAY.NS,0.018632145004947687,0.1143121731454109,24.8,0.396,0.1629935333417785,1.531518409877781,1.532,Yes,Suryoday Small Finance Bank Limited
KIRLPNU.BO,0.030035164556502226,0.18427388165758593,42.63,0.638,0.16299197849597033,1.59433972470725,1.594,Yes,Kirloskar Pneumatic Company Limited
VOEPL.BO,0.040855889749294334,0.2507573002343115,61.69,0.869,0.16293001125438009,4.065980534786495,4.066,Yes,Virtuoso Optoelectronics Limited
PERSISTENT.NS,0.023885199471114917,0.14724330890114987,32.74,0.51,0.162215856525949,0.4945702612013465,0.495,Yes,Persistent Systems Limited
PREMEXPLN.NS,0.035275320971929605,0.21799031309698746,51.59,0.755,0.16182058950589714,2.7192045311518,2.719,Yes,Premier Explosives Limited
MARALOVER.NS,0.02440697442398831,0.15102046474173839,33.56,0.523,0.16161368901709397,1.7770101914396912,1.777,Yes,Maral Overseas Limited
NARMP.BO,0.03723689170182787,0.23041768920572858,55.07,0.798,0.1616060460904149,3.476696430879993,3.477,Yes,Narmada Macplast Drip Irrigation Systems Ltd.
PREMEXPLN.BO,0.03515204430424895,0.21803649648797951,51.37,0.755,0.161220918839094,2.7162120861586114,2.716,Yes,Premier Explosives Limited
JYOTICNC.NS,0.025938413725409573,0.16118691699044943,35.97,0.558,0.16092133412382634,1.6009280565628465,1.601,Yes,Jyoti CNC Automation Limited
PGEL.BO,0.020789510958670186,0.12922544615269496,28.01,0.448,0.16087784238798408,2.312497349636687,2.312,Yes,PG Electroplast Limited
KPIL.NS,0.014405978824030042,0.08957990580282611,18.72,0.31,0.16081707939879922,1.1498069101702766,1.15,Yes,Kalpataru Projects International Limited
AMBIKCO.BO,0.01991571681766569,0.12407920217906408,26.7,0.43,0.16050809860079898,1.4545308083417865,1.455,Yes,Ambika Cotton Mills Limited
DRAGARWQ.BO,0.010789418241978915,0.06737641085124915,13.74,0.233,0.16013643507665234,0.49440830801887414,0.494,Yes,Dr. Agarwal's Eye Hospital Limited
SANSTAR.BO,0.020324840954961503,0.12707574919808107,27.31,0.44,0.1599427198597891,0.8494761251863283,0.849,Yes,Sanstar Limited
DITCO.BO,0.03248854556113043,0.20360668950747243,46.77,0.705,0.15956521683899824,0.01262992903082219,0.013,Yes,Decorous Investment and Trading Company Limited
JYOTICNC.BO,0.025614695920076588,0.16055935616346975,35.46,0.556,0.1595341220352029,1.5908111197132206,1.591,Yes,Jyoti CNC Automation Limited
SANSTAR.NS,0.020202204871490725,0.1266420349843086,27.13,0.439,0.15952211186430992,0.8240237468267482,0.824,Yes,Sanstar Limited
BMW.BO,0.0367307716647442,0.23040804223174807,54.17,0.798,0.15941618751223885,2.4215583519455577,2.422,Yes,BMW Industries Ltd.
AMBIKCO.NS,0.019796938106101097,0.12419789807212846,26.52,0.43,0.15939833454028296,1.454540551748976,1.455,Yes,Ambika Cotton Mills Limited
CHLOGIST.BO,0.04189888410977019,0.26355009945077035,63.65,0.913,0.1589788210935457,2.15247300617733,2.152,Yes,Chartered Logistics Limited
PSCELESTIA.BO,0.001413279179290755,0.008908141935095005,1.71,0.031,0.15865027629644324,-0.03672089656717817,0.037,No,Property Share Investment Trust
ADANIPORTS.NS,0.01668274260747205,0.10520924959840142,21.96,0.364,0.15856726163481288,1.4588349306599393,1.459,Yes,Adani Ports and Special Economic Zone Limited
ASAHIINDIA.NS,0.012762555968282225,0.0806702723692349,16.44,0.279,0.15820643210260765,0.9755118091714107,0.976,Yes,Asahi India Glass Limited
MEDANTA.BO,0.015506925064402115,0.09803929273026597,20.28,0.34,0.1581705113588088,1.4155154730362485,1.416,Yes,Global Health Limited
UNIVSTAR.BO,0.02615006116203522,0.16548664014063047,36.31,0.573,0.158019167830182,1.3280572349815916,1.328,Yes,Universal Starch-Chem Allied Limited
IL&FSENGG.NS,0.021550446401116693,0.13648450854959546,29.16,0.473,0.15789664797954514,0.9651133457972173,0.965,Yes,IL&FS Engineering and Construction Company Limited
NGIL.BO,0.036300806488747776,0.2302146966456619,53.4,0.797,0.15768240263401018,2.311111164255238,2.311,Yes,Nakoda Group of Industries Limited
ASAHIINDIA.BO,0.012721121270036483,0.08073413827225895,16.38,0.28,0.15756805661487547,0.9869445792320687,0.987,Yes,Asahi India Glass Limited
TGIF.BO,0.01716095919787146,0.10951649805663817,22.65,0.379,0.15669747939708956,-1.5192391325577579,1.519,No,TGIF Agribusiness Limited
MEDANTA.NS,0.015253723923342101,0.09737153995553115,19.92,0.337,0.15665484935647894,1.3875064877502687,1.388,Yes,Global Health Limited
GARFIBRES.NS,0.011712634244401903,0.07477492203498654,15.0,0.259,0.15663853502811628,0.37630257032709696,0.376,Yes,Garware Technical Fibres Limited
COMMOIETF.NS,0.008718188483686993,0.05572223248607615,10.98,0.193,0.15645798983135664,0.8010137294090167,0.801,Yes,ICICIPRAMC - ICICICOMMO
PALCO.BO,0.03745098840274902,0.2395024653022721,55.46,0.83,0.15636994949293215,3.283803505010696,3.284,Yes,Palco Metals Limited
TBOTEK.BO,0.019519304666472483,0.1248474696792688,26.11,0.432,0.1563452164198223,1.7445120038937731,1.745,Yes,TBO Tek Limited
EMPIND.BO,0.013008736876759196,0.08334425488385472,16.78,0.289,0.15608438631898097,0.39580795795538787,0.396,Yes,Empire Industries Limited
GRATEXI.BO,0.018065591777224575,0.11577040030672658,23.97,0.401,0.15604672463221078,0.760953691311574,0.761,Yes,Gratex Industries Limited
BCLENTERPR.BO,0.03655163119113985,0.23433892565703707,53.85,0.812,0.1559776340557027,2.603484224341859,2.603,Yes,BCL Enterprises Limited
ADANIGREEN.BO,0.031201856237867774,0.20024135238151436,44.59,0.694,0.15582124205004236,2.379301731063176,2.379,Yes,Adani Green Energy Limited
ALPHAIND.BO,0.02535570059176677,0.16273812313128772,35.05,0.564,0.1558067655192954,-1.670054489290663,1.67,No,Alphalogic Industries Limited
BLACKROSE.BO,0.027457223871292406,0.1762384800041987,38.41,0.611,0.15579585043310784,2.4798052849932386,2.48,Yes,Black Rose Industries Limited
VALIANTLAB.BO,0.04294185704773653,0.2756665516985142,65.62,0.955,0.15577463708654932,1.549864569905121,1.55,Yes,Valiant Laboratories Limited
VALIANTLAB.NS,0.04095203432445582,0.2629823980004111,61.87,0.911,0.15572157922292504,1.5265019727946179,1.527,Yes,Valiant Laboratories Limited
VIPPYSP.BO,0.014266200841838083,0.09173568780398283,18.53,0.318,0.15551418628180488,1.101916397790989,1.102,Yes,Vippy Spinpro Limited
ALBERTDAVD.NS,0.02133714029986217,0.13720774458423085,28.83,0.475,0.15550973718370142,1.5225175799570403,1.523,Yes,Albert David Limited
TBOTEK.NS,0.019402379032342612,0.12487339511987468,25.94,0.433,0.15537640354630317,1.7362647055547662,1.736,Yes,TBO Tek Limited
METROGLOBL.BO,0.015267797345025652,0.09837545060304502,19.94,0.341,0.1551992621272229,1.1810423084038917,1.181,Yes,MetroGlobal Limited
APOLLO.BO,0.03872213060896411,0.24971357331844424,57.76,0.865,0.1550661828045053,2.319320060484849,2.319,Yes,Apollo Micro Systems Limited
PUNJCOMMU.BO,0.024516909824801612,0.15818314736976175,33.73,0.548,0.15499065628964884,2.6714992016098305,2.671,Yes,Punjab Communications Limited
ADANIENT.BO,0.023810264665917288,0.15374114371123476,32.63,0.533,0.15487243096512318,1.8019109278167482,1.802,Yes,Adani Enterprises Limited
EIGHTY.BO,0.026897517017390016,0.17379898338348862,37.51,0.602,0.15476222296444891,-0.1656762825832649,0.166,No,Eighty Jewellers Limited
PSPPROJECT.BO,0.026272850340338147,0.1699097661026921,36.51,0.589,0.15462825323683305,2.8313782897853517,2.831,Yes,PSP Projects Limited
ADANIGREEN.NS,0.030977474596697762,0.20041041858325817,44.21,0.694,0.15457018061078762,2.3799594350792153,2.38,Yes,Adani Green Energy Limited
APOLLO.NS,0.03855588324506898,0.24951582960962712,57.46,0.864,0.15452279442707298,2.305855553813197,2.306,Yes,Apollo Micro Systems Limited
MAL.BO,0.057136868432501785,0.3698053609344274,94.79,1.281,0.1545052464575631,-1.146037339403939,1.146,No,Meyer Apparel Limited
MAHLOG.NS,0.020264058786557744,0.13129591606716842,27.22,0.455,0.1543388354607393,1.686518318219169,1.687,Yes,Mahindra Logistics Limited
SUTLEJTEX.NS,0.03197858345891369,0.2072087971294568,45.9,0.718,0.1543302403272704,3.169607318672027,3.17,Yes,Sutlej Textiles and Industries Limited
PSPPROJECT.NS,0.026479440127261254,0.17183922825353606,36.84,0.595,0.15409426820861183,2.8685978539200105,2.869,Yes,PSP Projects Limited
ASIANHOTNR.NS,0.012334995537216847,0.0804028752740565,15.85,0.279,0.15341485606295183,-0.29368746805671075,0.294,No,Asian Hotels (North) Limited
ALBERTDAVD.BO,0.020889628150059306,0.13618530749750302,28.16,0.472,0.15339120301536435,1.5610706590763237,1.561,Yes,Albert David Limited
NGIL.NS,0.0351402422270711,0.22993566250888184,51.35,0.797,0.15282641171729383,2.172546254306353,2.173,Yes,Nakoda Group of Industries Limited
NH.NS,0.011154146174816894,0.07301487301041641,14.24,0.253,0.1527653985404539,1.1233210417256168,1.123,Yes,Narayana Hrudayalaya Limited
MITCON.NS,0.024177796765374873,0.1583117681435851,33.2,0.548,0.15272267531903358,1.787926875217597,1.788,Yes,MITCON Consultancy & Engineering Services Limited
MAHLOG.BO,0.019956395942974842,0.13080939208990358,26.76,0.453,0.15256087979721725,1.6967049964937795,1.697,Yes,Mahindra Logistics Limited
FRATELLI.BO,0.031035009654636944,0.20494316965641476,44.3,0.71,0.151432271232395,2.9833263498152918,2.983,Yes,Fratelli Vineyards Limited
JAGJANANI.BO,0.03114671923846377,0.20591281942697873,44.49,0.713,0.15126168115778285,1.9592789396508077,1.959,Yes,Jagjanani Textiles Limited
MENNPIS.BO,0.018867040713573473,0.12488273446015946,25.14,0.433,0.1510780557066718,1.8525535364260364,1.853,Yes,Menon Pistons Limited
BETXIND.BO,0.03356824588207005,0.22247782354555698,48.62,0.771,0.15088355930089478,0.3280021373054541,0.328,Yes,Betex India Limited
MINALIND.BO,0.05245530446979164,0.3477842605855158,84.69,1.205,0.15082713743709955,0.4803672241123398,0.48,Yes,Minal Industries Limited
B2BSOFT.BO,0.019200094491384347,0.1273133660172286,25.64,0.441,0.15080973107557386,-0.9373969099048706,0.937,No,B2B Software Technologies Limited
REGENCY.BO,0.024557433054309276,0.16288137866917404,33.79,0.564,0.1507688187253591,2.2071467378606644,2.207,Yes,Regency Fincorp Limited
KOTYARK.NS,0.03688457877624986,0.24482827608133761,54.44,0.848,0.1506548972472279,-3.3539859286551605,3.354,No,Kotyark Industries Limited
HSIL.BO,0.029348173723563728,0.19561803656511206,41.5,0.678,0.1500279536534204,1.7713553608374795,1.771,Yes,Hemant Surgical Industries Limited
FOSECOC.BO,0.023996213375557154,0.16019590865064248,32.92,0.555,0.14979292278861153,1.2552705244837228,1.255,Yes,Foseco Crucible (India) Limited
SIMPLXMIL.BO,0.007545227640651941,0.050374481825446064,9.44,0.175,0.1497827345757542,-0.1632200174669601,0.163,No,Simplex Mills Company Limited
FRASER.BO,0.039770180078534084,0.2656268244613439,59.68,0.92,0.14972200250928255,0.6379829404597059,0.638,Yes,Fraser and Company Limited
SMCGLOBAL.NS,0.030793464082427356,0.206127569820526,43.9,0.714,0.14939032226130175,2.3757038125797543,2.376,Yes,SMC Global Securities Limited
MUNJALAU.NS,0.018963138392408176,0.12718922661132676,25.29,0.441,0.14909390439456785,1.1293155642703592,1.129,Yes,Munjal Auto Industries Limited
ICL.BO,0.023333172178957414,0.15661533368295322,31.89,0.543,0.14898395725537514,1.3935398360457807,1.394,Yes,Indo Cotspin Ltd
RRP.BO,0.02453763722018532,0.16504895728092,33.76,0.572,0.14866884119977364,1.260831861043617,1.261,Yes,Rrp Semiconductor Limited
SMCGLOBAL.BO,0.030592209293359294,0.20591661781580275,43.56,0.713,0.1485660051037005,2.389162120821476,2.389,Yes,SMC Global Securities Limited
GARFIBRES.BO,0.011475202994442326,0.07737177208315779,14.67,0.268,0.14831252646131698,0.36830694627411315,0.368,Yes,Garware Technical Fibres Limited
MAHSEAMLES.NS,0.012549957399077832,0.08473027327338739,16.14,0.294,0.14811656937048498,0.3028787056163587,0.303,Yes,Maharashtra Seamless Limited
KAKA.BO,0.017600941460702558,0.11915759815836503,23.29,0.413,0.14771144881008955,2.0178280736156897,2.018,Yes,Kaka Industries Limited
INNOVATIVE.BO,0.02478975800572526,0.1678980660083104,34.16,0.582,0.14764766858302136,-0.4181433780014657,0.418,No,Innovative Ideals and Services (India) Limited
VERANDA.BO,0.02756939855209238,0.1868929123067959,38.59,0.647,0.14751441460142461,2.405656227213761,2.406,Yes,Veranda Learning Solutions Limited
MLKFOOD.BO,0.01679390216893766,0.11398553372884765,22.12,0.395,0.14733362751880005,-0.26850740593112665,0.269,No,Milkfood Limited
PPLPHARMA.BO,0.015598319394928638,0.10595937089848681,20.41,0.367,0.1472103813250499,1.3616259597596645,1.362,Yes,Piramal Pharma Limited
PVRINOX.NS,0.01569669075225377,0.10692218398822946,20.55,0.37,0.14680480856977016,1.3949377266828693,1.395,Yes,PVR INOX Limited
PALREDTEC.BO,0.03753707495801429,0.2561949494508468,55.61,0.887,0.14651762276530006,2.7433681357510467,2.743,Yes,Palred Technologies Limited
BBTCL.NS,0.014665275460453769,0.10009660995124549,19.09,0.347,0.14651121019579835,1.0591585238098196,1.059,Yes,B&B Triplewall Containers Limited
AEPL.NS,0.030327918821290635,0.20726585682708085,43.12,0.718,0.14632375677096116,4.172550801507363,4.173,Yes,Artemis Electricals and Projects Limited
SILGO.NS,0.010682382903507337,0.07301652136624238,13.6,0.253,0.14630090154426484,0.1461930814027839,0.146,Yes,Silgo Retail Limited
SOMATEX.BO,0.05026195186079472,0.34418523766892317,80.12,1.192,0.1460316897993819,3.8518508363061934,3.852,Yes,Soma Textiles & Industries Limited
PPLPHARMA.NS,0.01542104453665036,0.10562643742120918,20.16,0.366,0.14599606796502543,1.3405336538619468,1.341,Yes,Piramal Pharma Limited
MAGADSUGAR.NS,0.014550809503557548,0.09980050364399196,18.93,0.346,0.14579895864517026,0.2725744473921148,0.273,Yes,Magadh Sugar & Energy Limited
SKL.BO,0.030167804234710337,0.2074732708415002,42.86,0.719,0.1454057388325319,1.3577751708813932,1.358,Yes,Super Fine Knitters Limited
EXICOM.NS,0.03279942835369943,0.2260316256080765,47.3,0.783,0.14510990780808442,1.9260103638475883,1.926,Yes,Exicom Tele-Systems Limited
EXHICON.BO,0.021856620393045825,0.15073969731640705,29.62,0.522,0.14499578267805685,2.6562513792919002,2.656,Yes,Exhicon Events Media Solutions Limited
EXICOM.BO,0.0327522492967222,0.22591168480108192,47.22,0.783,0.14497811091781715,1.9361553275328185,1.936,Yes,Exicom Tele-Systems Limited
PURPLE.BO,0.03330922902553632,0.2298490063083215,48.17,0.796,0.14491787265268843,2.686287634176802,2.686,Yes,Purple Agrotech Industries Limited
VERANDA.NS,0.026960533447078387,0.18675855074096884,37.61,0.647,0.14436036979357492,2.363710793749106,2.364,Yes,Veranda Learning Solutions Limited
ARSSBL.NS,0.029123869422455775,0.20207596284604776,41.13,0.7,0.1441233732714855,3.0252396353382154,3.025,Yes,Anand Rathi Share and Stock Brokers Limited
MAGADSUGAR.BO,0.014740001564314459,0.10228706844392636,19.19,0.354,0.1441042527520955,0.2802622338930361,0.28,Yes,Magadh Sugar & Energy Limited
PVRINOX.BO,0.015229781949867122,0.10569806011606978,19.89,0.366,0.14408762027555572,1.3785840641634892,1.379,Yes,PVR INOX Limited
ALANSCOTT.BO,0.02255623697444558,0.1567639215426804,30.69,0.543,0.14388665933126993,1.5183336262497673,1.518,Yes,Alan Scott Enterprises Limited
GODAVARI.BO,0.02363508487174839,0.16469548221656313,32.36,0.571,0.14350779118925613,0.3969918580997865,0.397,Yes,Godavari Drugs Limited
BBTCL.BO,0.016010290675477858,0.11159050605609594,21.0,0.387,0.14347359144898555,1.2115923358164045,1.212,Yes,B&B Triplewall Containers Limited
HAMPS.BO,0.029448420266739862,0.2064524155753189,41.66,0.715,0.14264023108994023,2.789842332820767,2.79,Yes,Hamps Bio Limited
PASUSPG.BO,0.015197590473373228,0.10655180985901637,19.84,0.369,0.14263099325559897,1.217807393780415,1.218,Yes,Pasupati Spinning & Weaving Mills Limited
RATNAMANI.BO,0.012959241440200586,0.09088181245210684,16.71,0.315,0.14259444316243014,1.0037501116718623,1.004,Yes,Ratnamani Metals & Tubes Limited
TIRUFOAM.BO,0.040073340578487264,0.28169754242990314,60.24,0.976,0.14225662117183363,0.3359357867205271,0.336,Yes,Tirupati Foam Limited
TENNIND.NS,0.014372555113563846,0.1010516744829129,18.68,0.35,0.14222975707338864,1.2888118397215553,1.289,Yes,Tenneco Clean Air India Limited
GOCLCORP.NS,0.016849135545723565,0.11847305944014641,22.2,0.41,0.1422191308753691,1.0592067585402563,1.059,Yes,GOCL Corporation Limited
DEVLAB.BO,0.02398738384084931,0.16881235688531496,32.9,0.585,0.14209495254630844,-0.5060070734244926,0.506,No,Dev Labtech Venture Limited
ADANIENT.NS,0.021939588165092384,0.15469262507987966,29.75,0.536,0.14182698207987157,1.8225673949362802,1.823,Yes,Adani Enterprises Limited
KOTARISUG.NS,0.018820722539354497,0.1327035430209784,25.08,0.46,0.14182532064256362,1.1695114930087804,1.17,Yes,Kothari Sugars and Chemicals Limited
TENNIND.BO,0.014433192042091085,0.10190580550280391,18.76,0.353,0.14163267706758825,1.3070439587783211,1.307,Yes,Tenneco Clean Air India Limited
LLOYDSENT.NS,0.03229627343240156,0.22809470521265746,46.44,0.79,0.1415915086774639,3.1177531329118096,3.118,Yes,Lloyds Enterprises Limited
PANJON.BO,0.023619693156641627,0.16688429376511024,32.33,0.578,0.14153334998610692,0.12956433209341917,0.13,Yes,Panjon Limited
SHYAMTEL.BO,0.08336794102106972,0.5893391442697761,161.4,2.042,0.14146004356178857,6.771068577146335,6.771,Yes,Shyam Telecom Limited
KIRANPR.BO,0.02189196948458733,0.15497901502731118,29.68,0.537,0.1412576372403026,-0.13112842452080858,0.131,No,Kiran Print-Pack Limited
JINDALSTEL.BO,0.010499084323333595,0.07439217456502156,13.35,0.258,0.14113156907595167,0.5496516948801142,0.55,Yes,Jindal Steel Limited
SMRUTHIORG.BO,0.016769076027965367,0.11882974200265582,22.09,0.412,0.14111850909842572,0.9502511204324167,0.95,Yes,Smruthi Organics Limited
PAR.NS,0.01723719592653582,0.12229113676223749,22.76,0.424,0.14095212770855955,1.2918232109551737,1.292,Yes,Par Drugs and Chemicals Limited
LINCOLN.NS,0.019389349850249628,0.13776328858767423,25.92,0.477,0.14074395326233818,0.7235028169306201,0.724,Yes,Lincoln Pharmaceuticals Limited
LLOYDSENT.BO,0.03200267113667476,0.2275025067269941,45.94,0.788,0.14066953194093096,3.1010016229709856,3.101,Yes,Lloyds Enterprises Limited
LINCOLN.BO,0.019914307099903602,0.1418082441093345,26.7,0.491,0.14043123673789812,0.7681424666713688,0.768,Yes,Lincoln Pharmaceuticals Limited
UNIOFFICE.BO,0.03818277425246646,0.27202529055892705,56.78,0.942,0.14036479539829838,2.510434203738934,2.51,Yes,Universal Office Automation Limited
INDRENEW.BO,0.017068663136951927,0.12187415532714739,22.52,0.422,0.1400515399769084,1.4301486332925846,1.43,Yes,Ind Renewable Energy Limited
GOCLCORP.BO,0.016499650421699808,0.11807187943316585,21.7,0.409,0.13974242216614646,1.0405872290772074,1.041,Yes,GOCL Corporation Limited
KECL.NS,0.028288925751340763,0.20248874764744956,39.76,0.701,0.13970616184853013,2.6053138219007868,2.605,Yes,Kirloskar Electric Company Limited
PALREDTEC.NS,0.0334988146503441,0.24002192469123426,48.5,0.831,0.13956564465282573,2.2102770869017654,2.21,Yes,Palred Technologies Limited
IFBAGRO.NS,0.036069242103676985,0.25851905082978305,52.99,0.896,0.13952256898632237,2.9983940636577646,2.998,Yes,IFB Agro Industries Limited
USHAMART.NS,0.010974403763030337,0.07869190025506283,13.99,0.273,0.13946039843311922,0.6761508781950394,0.676,Yes,Usha Martin Limited
IFBAGRO.BO,0.03584912682383141,0.2573856470742976,52.6,0.892,0.13928176349896895,3.0100188813121496,3.01,Yes,IFB Agro Industries Limited
JINDALPOLY.NS,0.02847991512910193,0.2048380852717626,40.07,0.71,0.13903622996337367,-0.9855944189217877,0.986,No,Jindal Poly Films Limited
SRMCL.BO,0.018956191050977803,0.13636847353790982,25.28,0.472,0.13900713676103493,1.8403312674571457,1.84,Yes,Sri Ramakrishna Mills (Coimbatore) Limited
BAJAJHIND.NS,0.02059183465868873,0.14862535538918206,27.71,0.515,0.13854859828437818,0.7880111830015528,0.788,Yes,Bajaj Hindusthan Sugar Limited
GTECJAINX.NS,0.0376313657811434,0.2717709654934352,55.78,0.941,0.13846720422403772,2.160809723020176,2.161,Yes,G-Tec Jainx Education Limited
SOMATEX.NS,0.045140835371118154,0.32600887656136135,69.86,1.129,0.13846504993130687,3.5221407112982646,3.522,Yes,Soma Textiles & Industries Limited
SOFTTECH.NS,0.03951032609891267,0.2860509818790457,59.2,0.991,0.13812337171287628,3.6125051586531116,3.613,Yes,SoftTech Engineers Limited
MODIS.BO,0.019788205805205208,0.14328298989531502,26.51,0.496,0.13810575714299936,1.9050184636542424,1.905,Yes,Modi's Navnirman Limited
KECL.BO,0.027749937608681587,0.20155327884958663,38.88,0.698,0.1376804077168626,2.5804629965483903,2.58,Yes,Kirloskar Electric Company Limited
GSBFIN.BO,0.017153200516100284,0.12470014603879744,22.64,0.432,0.1375555768055274,0.5120793247006953,0.512,Yes,Coffers Finvest Limited
SREEL.NS,0.012470380890979444,0.09083130004385706,16.03,0.315,0.13729167021674507,1.15238749659526,1.152,Yes,Sreeleathers Limited
KPRMILL.BO,0.015152833464708804,0.1104536683834307,19.78,0.383,0.13718723593775994,0.9031355544209781,0.903,Yes,K.P.R. Mill Limited
LTFOODS.NS,0.012916795721111773,0.09415691483302055,16.65,0.326,0.13718371873184923,1.1957400598557397,1.196,Yes,LT Foods Limited
JAGSNPHARM.BO,0.012156802533936086,0.08862670475652523,15.6,0.307,0.13716861714912207,0.3032787200769883,0.303,Yes,Jagsonpal Pharmaceuticals Limited
POLICYBZR.NS,0.012399752799557866,0.09043141123759939,15.94,0.313,0.13711776284214752,0.7893408178202439,0.789,Yes,PB Fintech Limited
ENERGY.NS,0.009358935273728851,0.06833991250981608,11.83,0.237,0.13694684306750568,0.8954155597653789,0.895,Yes,Mirae Asset Nifty Energy ETF
JSFB.NS,0.017658120520538133,0.12905611646897788,23.37,0.447,0.13682513470628677,1.1986033033906043,1.199,Yes,Jana Small Finance Bank Limited
RATNAMANI.NS,0.012826855019071092,0.0937498026831643,16.53,0.325,0.13682007483707007,1.032174909249888,1.032,Yes,Ratnamani Metals & Tubes Limited
WALCHANNAG.NS,0.0366060100472666,0.26755741949498196,53.94,0.927,0.13681552960243418,3.2768466286014193,3.277,Yes,Walchandnagar Industries Limited
PSITINFRA.BO,0.025520921928162646,0.186563091706863,35.31,0.646,0.1367951275607201,1.1342651483991693,1.134,Yes,PS IT Infrastructure & Services Limited
MSECL.BO,0.028284795379969682,0.20715294099757678,39.75,0.718,0.13654064115025308,2.9946362435060876,2.995,Yes,Monarch Surveyors and Engineering Consultants Limited
NATGENI.BO,0.01748036150137591,0.12802690650559057,23.12,0.443,0.1365366232653024,0.5541562243909203,0.554,Yes,National General Industries Limited
KPRMILL.NS,0.014842072110902792,0.10873936900047941,19.34,0.377,0.13649216697990363,0.9069461015355247,0.907,Yes,K.P.R. Mill Limited
HUHTAMAKI.BO,0.02810592911371249,0.20630726214685258,39.46,0.715,0.1362333483622417,2.4210567604279816,2.421,Yes,Huhtamaki India Limited
SHUKJEW.BO,0.016671370766159554,0.12239413261549947,21.95,0.424,0.1362105389359846,0.6825837668631487,0.683,Yes,Shukra Jewellery Limited
HUHTAMAKI.NS,0.027930388836455145,0.20520845429466802,39.18,0.711,0.13610739836453642,2.432070824740385,2.432,Yes,Huhtamaki India Limited
USHAMART.BO,0.010823432173717125,0.0796396830658559,13.79,0.276,0.13590501314234232,0.6977313072090447,0.698,Yes,Usha Martin Limited
LTFOODS.BO,0.012853880203115075,0.09480593706948173,16.56,0.328,0.13558096254767962,1.2092459662857744,1.209,Yes,LT Foods Limited
NELCO.NS,0.02548907966253088,0.18800530331892917,35.26,0.651,0.1355763864772028,2.8086593639555004,2.809,Yes,Nelco Limited
WALCHANNAG.BO,0.03635731176234142,0.26829914990364023,53.5,0.929,0.1355103502020009,3.2851097967847376,3.285,Yes,Walchandnagar Industries Limited
MARSONS.NS,0.02573545324690289,0.18992073318190233,35.65,0.658,0.13550628631079462,1.6980225440321082,1.698,Yes,Marsons Limited
NELCO.BO,0.025417784659970345,0.18757783361552532,35.15,0.65,0.13550526824010928,2.8137255141447466,2.814,Yes,Nelco Limited
JSFB.BO,0.017481096929817152,0.1291810137693852,23.12,0.447,0.13532249376076674,1.2051304531584173,1.205,Yes,Jana Small Finance Bank Limited
JAGSNPHARM.NS,0.01221024197132456,0.09024379020869705,15.68,0.313,0.13530284957100377,0.3121444818319664,0.312,Yes,Jagsonpal Pharmaceuticals Limited
NARMADA.NS,0.02070327659908834,0.1530725230196331,27.88,0.53,0.1352514232514018,0.026351374442115487,0.026,Yes,Narmada Agrobase Limited
VLSFINANCE.NS,0.021304703164279522,0.15794556057371473,28.78,0.547,0.1348863689925391,1.9319687923588957,1.932,Yes,VLS Finance Limited
SOFTTECH.BO,0.02550961583251674,0.18925899425376277,35.29,0.656,0.13478680859052258,2.250277423877182,2.25,Yes,SoftTech Engineers Limited
GPPL.BO,0.012404756508162458,0.09223049359195214,15.94,0.319,0.13449734491331913,1.3905202046092393,1.391,Yes,Gujarat Pipavav Port Limited
LYONSCO.BO,0.022020527395544984,0.16396871511739733,29.87,0.568,0.13429712722807433,1.6255930609302716,1.626,Yes,Lyons Corporate Market Limited
SAGILITY.NS,0.01479051225686291,0.11020922575329996,19.27,0.382,0.13420393942310263,0.6777288148011827,0.678,Yes,Sagility Limited
TIPSMUSIC.NS,0.014922266097669236,0.1115157016902046,19.45,0.386,0.1338131390602189,1.2313130068436433,1.231,Yes,Tips Music Limited
PRIMESECU.NS,0.0065083829126241725,0.048696063944134414,8.1,0.169,0.13365316178512465,0.43890341224638874,0.439,Yes,Prime Securities Limited
AGIIL.NS,0.021014037447972044,0.1572537194944851,28.35,0.545,0.13363141753037522,1.6914932631876487,1.691,Yes,AGI Infra Limited
EASTBUILD.BO,0.03275179900203062,0.24513370230662349,47.21,0.849,0.13360789925598765,0.3756048576645241,0.376,Yes,East Buildtech Limited
AGIIL.BO,0.021132385343651826,0.15839130450118977,28.52,0.549,0.13341884777199425,1.7200181937152574,1.72,Yes,AGI Infra Limited
SAGILITY.BO,0.014663652455067107,0.10998107496747778,19.09,0.381,0.13332887007517663,0.6854711427058818,0.685,Yes,Sagility Limited
BINNYMILLS.BO,0.0390560111067407,0.29344354365275743,58.37,1.017,0.1330954861728262,0.8868514503448334,0.887,Yes,Binny Mills Limited
TIPSMUSIC.BO,0.014503353358343412,0.10911631292453788,18.86,0.378,0.13291645373294064,1.205812458802226,1.206,Yes,Tips Music Limited
GPPL.NS,0.012217352068516084,0.09231863697505187,15.69,0.32,0.1323389563454852,1.3989013729196507,1.399,Yes,Gujarat Pipavav Port Limited
POLYCON.BO,0.018795045405205893,0.14204187582983288,25.04,0.492,0.13232045335505485,0.1533806995516329,0.153,Yes,Polycon International Limited
ADVLIFE.BO,0.016888163461692186,0.12834932418365297,22.26,0.445,0.13157968356364064,1.312951980021191,1.313,Yes,Advance Lifestyles Limited
NARMADA.BO,0.0198572718438296,0.15100099585463578,26.61,0.523,0.13150424426965773,0.00048217835189846847,0.0,Yes,Narmada Agrobase Limited
BDH.BO,0.02066053190066598,0.15718534131236445,27.81,0.545,0.13144057663499686,1.3176987421053434,1.318,Yes,BDH Industries Limited
NIRAVCOM.BO,0.01587485201262653,0.12127388608219059,20.8,0.42,0.13090082725532284,0.44607344978998037,0.446,Yes,Nirav Commercials Limited
CITIZEN.BO,0.027046419028776584,0.20732180955531923,37.75,0.718,0.13045621725368864,1.8079061455412098,1.808,Yes,Citizen Solar Limited
MAANALU.NS,0.01855547876585149,0.14232901847220156,24.69,0.493,0.13037031355257733,2.0148543067941453,2.015,Yes,Maan Aluminium Limited
UCAL.BO,0.022814392716044584,0.17631431128193048,31.09,0.611,0.1293961479937035,1.8898905628687162,1.89,Yes,UCAL Limited
IISL.BO,0.042916588811004706,0.3322284561911296,65.58,1.151,0.1291779437048432,3.6650892602418335,3.665,Yes,Ishaan Infrastructures and Shelters Limited
ATUL.NS,0.0064672861129028755,0.05022299756620629,8.04,0.174,0.1287714080462322,0.30442089475867323,0.304,Yes,Atul Ltd
UNRYLMA.BO,0.02619160629533623,0.20350904871974518,36.38,0.705,0.12869995933893344,0.135710972627637,0.136,Yes,Uniroyal Marine Exports Limited
FIEMIND.NS,0.010750493933086646,0.08355576198905215,13.69,0.289,0.12866250845148444,1.4244294008903455,1.424,Yes,Fiem Industries Limited
SWAGTAM.BO,0.03216519894923019,0.25018978643676076,46.21,0.867,0.12856319759224236,-0.06052033439515142,0.061,No,Swagtam Trading & Services Limited
SHYAMTEL.NS,0.07264122534690137,0.565892399456727,131.98,1.96,0.1283657907698337,6.34339425845916,6.343,Yes,Shyam Telecom Limited
GBFL.BO,0.011630877655240629,0.09072226434073054,14.89,0.314,0.12820312345333346,-0.7048004504508567,0.705,No,Goenka Business & Finance Limited
KABRADG.BO,0.028877442574614096,0.22559224219771146,40.72,0.781,0.1280072501309934,2.1115076727443274,2.112,Yes,Aanjaay Industries Limited
PITTIENG.NS,0.022644247545068243,0.17726304235521162,30.83,0.614,0.12774376003144625,2.1879417154473817,2.188,Yes,Pitti Engineering Limited
SALONA.BO,0.01080979098297251,0.08468927544174712,13.77,0.293,0.12764061242214716,0.2377851206053569,0.238,Yes,Salona Cotspin Limited
PITTIENG.BO,0.02276092089839915,0.1785872642970993,31.01,0.619,0.12744985476978854,2.223122265402585,2.223,Yes,Pitti Engineering Limited
COSMOFIRST.BO,0.016146724795517566,0.12670787669628875,21.19,0.439,0.12743268387505463,1.4498601148222667,1.45,Yes,Cosmo First Limited
BIRET.BO,0.006599725739877286,0.05180820701748893,8.21,0.179,0.12738764994606766,0.5760909045948833,0.576,Yes,Brookfield India Real Estate Trust
POKARNA.NS,0.019422225605226846,0.15264959938718423,25.96,0.529,0.1272340424291834,1.3779934289591376,1.378,Yes,Pokarna Limited
ALGOQUANT.NS,0.015561263653925184,0.12233797437328815,20.36,0.424,0.12719896445598583,1.6255253628165263,1.626,Yes,Algoquant Fintech Limited
IPRINGLTD.BO,0.019482952225817647,0.15333597644271627,26.05,0.531,0.12706054167983305,1.70328646575759,1.703,Yes,IP Rings Limited
BHAGCHEM.BO,0.024664847813433467,0.1942432529779248,33.96,0.673,0.1269791739754099,2.7206960282232533,2.721,Yes,Bhagiradha Chemicals & Industries Limited
INDORAMA.NS,0.02330432177053102,0.18392927913869528,31.84,0.637,0.12670262113601807,1.9805956936190448,1.981,Yes,Indo Rama Synthetics (India) Limited
POKARNA.BO,0.01907037202258095,0.15055946152671093,25.44,0.522,0.12666339152121406,1.3685311096975565,1.369,Yes,Pokarna Limited
KESARENT.BO,0.041242308056408765,0.32691871525417737,62.41,1.132,0.1261546253916455,-0.007670504016693003,0.008,No,Kesar Enterprises Limited
COSMOFIRST.NS,0.016225824818191077,0.1287793321097861,21.31,0.446,0.12599711888828827,1.5033316955436418,1.503,Yes,Cosmo First Limited
GOODLUCK.BO,0.014980195257916521,0.11923331833927664,19.53,0.413,0.12563766123903888,1.6220927545663923,1.622,Yes,Goodluck India Limited
MAXESTATES.BO,0.020920017580389808,0.16657977045364591,28.2,0.577,0.1255855829517499,1.8120244540681254,1.812,Yes,Max Estates Limited
TRANSPEK.BO,0.022469409796055703,0.17907242494240738,30.56,0.62,0.12547666009036418,2.25627844070738,2.256,Yes,Transpek Industry Limited
MAXESTATES.NS,0.02057155736423791,0.16396175463544893,27.68,0.568,0.12546558439787694,1.7307859047004888,1.731,Yes,Max Estates Limited
IKOMA.BO,0.05212021278368368,0.4156132891575496,83.99,1.44,0.1254055492049632,-1.2133748914038676,1.213,No,Ikoma Technologies Limited
UCAL.NS,0.021618521024707318,0.1724089058182899,29.26,0.597,0.12539097630775595,1.887672794350569,1.888,Yes,UCAL Limited
MAANALU.BO,0.017890173023153495,0.14285411812943338,23.71,0.495,0.12523386275041826,2.003050232634266,2.003,Yes,Maan Aluminium Limited
GRAUWEIL.NS,0.009462731186733145,0.07559685747741388,11.97,0.262,0.12517360512717518,1.6318398714542897,1.632,Yes,Grauer & Weil (India) Limited
CEMAINFRA.BO,0.019199308112112897,0.154409354714317,25.63,0.535,0.12434031699462,0.4327735484526375,0.433,Yes,Cemantic Infra-Tech Limited
BI.BO,0.027648507167192835,0.22237209537186386,38.72,0.77,0.12433442748721396,1.1422029890120475,1.142,Yes,Bilcare Limited
VISACHROME.BO,0.03605610796339643,0.2903049591068043,52.97,1.006,0.12420079930543401,3.3939114920833062,3.394,Yes,VISA Chrome Limited
STEELXIND.NS,0.022024660514520136,0.17784382036340385,29.88,0.616,0.12384270912261792,1.6331099720819742,1.633,Yes,Steel Exchange India Limited
LODHA.BO,0.02190834771650308,0.17702283330748245,29.7,0.613,0.12376001054309785,2.941434236218999,2.941,Yes,Lodha Developers Limited
GOODLUCK.NS,0.014707500821902107,0.11896583810845422,19.15,0.412,0.12362793433602456,1.6323336213003308,1.632,Yes,Goodluck India Limited
MPAGI.BO,0.01856263075103184,0.1504499762870454,24.7,0.521,0.1233807489315649,1.3576890478068946,1.358,Yes,M P Agro Industries Limited
QLL.BO,0.01479964370157247,0.11996558973284627,19.28,0.416,0.12336573958024204,0.5742971193777134,0.574,Yes,Qualitek Labs Limited
GENCON.NS,0.014116478601849204,0.114610142293897,18.32,0.397,0.12316954083915231,0.20890855098388636,0.209,Yes,Generic Engineering Construction and Projects Limited
MOLDTECH.BO,0.02110613812018791,0.17155242880880597,28.48,0.594,0.1230302495087992,2.1051921421700777,2.105,Yes,Mold-Tek Technologies Limited
AFIL.NS,0.023148119721563522,0.18837394150596093,31.6,0.653,0.12288387415215295,-0.023994528914031227,0.024,No,Akme Fintrade (India) Limited
RANASUG.NS,0.016447101439247616,0.1338834634074442,21.62,0.464,0.12284639955268085,0.24615841373100447,0.246,Yes,Rana Sugars Limited
BONLON.BO,0.028209126907209045,0.22969965828783262,39.63,0.796,0.12280874563540135,2.7103768199220015,2.71,Yes,Bonlon Industries Limited
RAYMOND.NS,0.022182454038319713,0.18074689632556387,30.12,0.626,0.12272661101944657,2.1310919676708835,2.131,Yes,Raymond Limited
SANTETX.BO,0.012075437182183303,0.09850217871819275,15.49,0.341,0.12259055930864445,0.48240883603948603,0.482,Yes,Sanrhea Technical Textiles Limited
STEELXIND.BO,0.021926232628391197,0.17893762100735258,29.73,0.62,0.12253562165940635,1.6604012635578274,1.66,Yes,Steel Exchange India Limited
GOKEX.NS,0.021070342268865123,0.17210691943540934,28.43,0.596,0.1224258869892369,2.0871433420274457,2.087,Yes,Gokaldas Exports Limited
RANASUG.BO,0.01680731002211315,0.1375878538579475,22.14,0.477,0.12215693137757529,0.28050542160832886,0.281,Yes,Rana Sugars Limited
DJSSS.BO,0.02819118259064436,0.2310133203946824,39.6,0.8,0.12203271457455438,0.7598289368377074,0.76,Yes,DJS Stock and Shares Limited
STYLEBAAZA.BO,0.02841890958938167,0.23331279123273338,39.97,0.808,0.12180605032080448,0.8988248635266283,0.899,Yes,Baazar Style Retail Limited
SREEL.BO,0.01040854870877631,0.08554015257364524,13.23,0.296,0.12168026822041425,1.095723903754299,1.096,Yes,Sreeleathers Limited
JINDWORLD.NS,0.024176089269116283,0.19946957421687203,33.2,0.691,0.12120188938103905,2.8441363720279362,2.844,Yes,Jindal Worldwide Limited
RICHUNV.BO,0.032103595418592985,0.2650815553209165,46.11,0.918,0.12110837126984302,2.3346909243721705,2.335,Yes,Rich Universe Network Limited
JINDWORLD.BO,0.0238675099456292,0.197328718053591,32.72,0.684,0.12095304819822122,2.821538165851927,2.822,Yes,Jindal Worldwide Limited
MIDHANI.NS,0.020485593480666156,0.16946633981413362,27.55,0.587,0.12088296415166715,1.989435565841454,1.989,Yes,Mishra Dhatu Nigam Limited
MIDHANI.BO,0.020416192119378587,0.16901976223632978,27.45,0.586,0.12079174558790291,1.9749398224517916,1.975,Yes,Mishra Dhatu Nigam Limited
ACHYUT.BO,0.015377229246102136,0.12732730984087326,20.1,0.441,0.12076929344788451,0.02319448156844156,0.023,Yes,Achyut Healthcare Limited
NNTL.BO,0.01580244577284827,0.131225986193686,20.7,0.455,0.12042161946128786,0.6985461896128524,0.699,Yes,N2N Technologies Limited
MODIRUBBER.NS,0.01832634875689311,0.15243923479309027,24.35,0.528,0.12022068191150355,1.3808555976803407,1.381,Yes,Modi Rubber Limited
RATHIST.BO,0.031042256190510875,0.25841310285472086,44.32,0.895,0.12012647906620566,4.519381726232031,4.519,Yes,Rathi Steel And Power Limited
STYLEBAAZA.NS,0.027594969946956246,0.2299702864528006,38.63,0.797,0.119993632101771,0.8591055820061555,0.859,Yes,Baazar Style Retail Limited
CONART.BO,0.02243613282145812,0.18715936426465166,30.51,0.648,0.11987715874976168,1.942346237288823,1.942,Yes,Conart Engineers Limited
SIMRAN.BO,0.010398735742319804,0.08680998880992168,13.22,0.301,0.11978731808258583,0.378986284269342,0.379,Yes,Simran Farms Limited
SRGFFL.BO,0.014118339504603583,0.11798549475616818,18.32,0.409,0.11966165445829509,1.0013592174553747,1.001,Yes,SRG Fingrow Finance Limited
INFONATIVE.BO,0.020265419573492448,0.16956890666182173,27.22,0.587,0.11951141263125917,1.0098495820640652,1.01,Yes,Infonative Solutions Limited
JSWINFRA.BO,0.010658484150964707,0.0892596627748033,13.57,0.309,0.11940986353326714,0.6590289944200233,0.659,Yes,JSW Infrastructure Limited
JSWINFRA.NS,0.010680020493285326,0.08954464998796119,13.6,0.31,0.11927033602477868,0.6411062397774122,0.641,Yes,JSW Infrastructure Limited
TARSONS.NS,0.020961997604630356,0.17579687423070336,28.27,0.609,0.11923987668359401,1.970874251479541,1.971,Yes,Tarsons Products Limited
TARSONS.BO,0.020932206877525946,0.17568782651661194,28.22,0.609,0.11914432145101828,1.9529450853633277,1.953,Yes,Tarsons Products Limited
GENCON.BO,0.012910919735082387,0.10847302397782906,16.64,0.376,0.11902424456905772,0.20810394446553562,0.208,Yes,Generic Engineering Construction and Projects Limited
SILVERTUC.BO,0.04492354919249485,0.37810042232400204,69.44,1.31,0.11881380326520485,6.075923342142553,6.076,Yes,Silver Touch Technologies Limited
MOLDTECH.NS,0.020173890815930903,0.17016934856578306,27.08,0.589,0.11855184841430007,2.2126815380819305,2.213,Yes,Mold-Tek Technologies Limited
SHVFL.BO,0.02502449551451683,0.21140113390945586,34.53,0.732,0.118374462103098,0.4147856131308292,0.415,Yes,Shreevatsaa Finance and Leasing Limited
VISACHROME.NS,0.03390290423502971,0.2865146762469865,49.2,0.993,0.11832868277157335,3.1755845496145656,3.176,Yes,VISA Chrome Limited
AFIL.BO,0.022041549878782405,0.18685368588125095,29.9,0.647,0.11796154715829489,-0.007510473749066743,0.008,No,Akme Fintrade (India) Limited
CARGOTRANS.BO,0.04127318926864702,0.3505878604501916,62.47,1.214,0.11772566573083255,2.662735552766036,2.663,Yes,Cargotrans Maritime Limited
V2RETAIL.BO,0.011636582188478706,0.0997030748867021,14.89,0.345,0.1167123702223023,0.8136341237303985,0.814,Yes,V2 Retail Limited
MAITRI.BO,0.021845711706715214,0.18759320451828246,29.61,0.65,0.11645257493634945,0.6248772054479375,0.625,Yes,Maitri Enterprises Limited
ECSTSTL.BO,0.01874831671961572,0.1616998069116128,24.97,0.56,0.11594520165298522,1.4438273071906216,1.444,Yes,Eastcoast Steel Limited
EMERGENT.BO,0.03273503530037348,0.28271056371483455,47.19,0.979,0.11578992617125113,0.5986450978583344,0.599,Yes,Emergent Industrial Solutions Limited
ORIENTHOT.NS,0.020957074890369923,0.1809938966074613,28.26,0.627,0.11578884859206898,1.9095333247639519,1.91,Yes,Oriental Hotels Limited
GEOJITFSL.NS,0.012803356922437422,0.11082313149346655,16.49,0.384,0.11552964394614881,1.3941499214779396,1.394,Yes,Geojit Financial Services Limited
DEVINE.BO,0.016232875014276157,0.14113200944441687,21.32,0.489,0.11501908800263543,1.7939985538063306,1.794,Yes,Devine Impex Limited
BHAGCHEM.NS,0.021912630212917072,0.19139209761292775,29.71,0.663,0.11449077828298468,2.644643493100491,2.645,Yes,Bhagiradha Chemicals & Industries Limited
IMPAL.BO,0.005215677801578862,0.04556529004929901,6.44,0.158,0.11446602876741922,0.5054005533280356,0.505,Yes,India Motor Parts & Accessories Limited
INDGELA.BO,0.008976791258179132,0.07865612087547284,11.32,0.272,0.11412705277432954,0.9391791202688047,0.939,Yes,India Gelatine & Chemicals Limited
PATELCHEM.BO,0.02162116587623306,0.18955384344032492,29.26,0.657,0.1140634528101236,1.9932692423050005,1.993,Yes,Patel Chem Specialities Limited
TINNARUBR.BO,0.021795870559999875,0.1912468732732516,29.53,0.662,0.11396719949956073,2.778802555681911,2.779,Yes,Tinna Rubber and Infrastructure Limited
POLICYBZR.BO,0.009773154569642952,0.08576466306735321,12.38,0.297,0.11395316229445034,0.8075835739833328,0.808,Yes,PB Fintech Limited
EUROPRATIK.NS,0.020599119268674557,0.18187536271003063,27.72,0.63,0.11325953643054092,2.88714565432494,2.887,Yes,Euro Pratik Sales Limited
GEOJITFSL.BO,0.012530965424172025,0.1107615654365828,16.12,0.384,0.11313460020883061,1.3987209703638048,1.399,Yes,Geojit Financial Services Limited
EUROPRATIK.BO,0.020614899908184523,0.18255440778915105,27.74,0.632,0.11292469000252557,2.8883530993550908,2.888,Yes,Euro Pratik Sales Limited
PRESTIGE.NS,0.014249074320425083,0.1263031389982991,18.5,0.438,0.11281647022737078,2.30526141391048,2.305,Yes,Prestige Estates Projects Limited
RELIABVEN.BO,0.01503539482169693,0.13335070918908729,19.61,0.462,0.11275076760467163,0.9078139412725897,0.908,Yes,Reliable Ventures India Limited
VIVIDIND.BO,0.011662990979992717,0.10361713867073487,14.93,0.359,0.11255851232347103,0.5618582501743893,0.562,Yes,Vivid Global Industries Limited
SWARNSAR.BO,0.011881301628428083,0.10560213349736504,15.23,0.366,0.11251005292165372,0.5895001124357983,0.59,Yes,Swarnsarita Jewels India Limited
ITL.BO,0.01420564729746434,0.1267707922335808,18.44,0.439,0.11205773070574337,0.22784774528106336,0.228,Yes,ITL Industries Limited
POCL.NS,0.01763923582317598,0.15819358352398805,23.35,0.548,0.11150411685630228,2.36351038343923,2.364,Yes,Pondy Oxides And Chemicals Limited
JKIPL.BO,0.03863776825390448,0.34697456432377544,57.6,1.202,0.11135619790806935,5.118610159764552,5.119,Yes,Jinkushal Industries Limited
KIMS.NS,0.01269895203648793,0.11405436674563754,16.35,0.395,0.11134121734075256,0.8989840896769583,0.899,Yes,Krishna Institute of Medical Sciences Limited
TINNARUBR.NS,0.02081222908911244,0.18717206774361655,28.04,0.648,0.11119302863940411,2.7117821829748783,2.712,Yes,Tinna Rubber and Infrastructure Limited
NOIDATOLL.BO,0.024955192743049224,0.22465704042986798,34.42,0.778,0.11108128503473087,1.5858648747064272,1.586,Yes,Noida Toll Bridge Company Limited
ASHNI.BO,0.0305051671692685,0.27467340687182107,43.42,0.951,0.1110597764693836,2.714745060812964,2.715,Yes,Ashnisha Industries Limited
GMRAIRPORT.BO,0.012134306894990975,0.10928306738025634,15.57,0.379,0.11103556283581424,1.6620500310034452,1.662,Yes,GMR Airports Limited
KIMS.BO,0.012743706237111812,0.11540638973933343,16.41,0.4,0.11042461570711828,0.8959668299146958,0.896,Yes,Krishna Institute of Medical Sciences Limited
POCL.BO,0.01748129564222857,0.15836970071759968,23.12,0.549,0.11038282931026508,2.3516761147439955,2.352,Yes,Pondy Oxides And Chemicals Limited
GATECHDVR.NS,0.014607963154378754,0.1325535960062907,19.01,0.459,0.11020420112695767,1.6419669862688921,1.642,Yes,GACM Technologies Limited
SHARDUL.BO,0.024777680877916364,0.22502473349805224,34.14,0.78,0.11011092199840705,2.4224149610297623,2.422,Yes,Shardul Securities Limited
BANKETF.NS,0.007326816094458847,0.06656351172128751,9.16,0.231,0.11007255934959448,1.2701739412356985,1.27,Yes,Mirae Asset Nifty Bank ETF
TATACOMM.NS,0.014327781992323015,0.13063890223809527,18.62,0.453,0.10967469679292,1.3952321854088205,1.395,Yes,Tata Communications Limited
LODHA.NS,0.019425268947655713,0.17725051340123282,25.97,0.614,0.1095921731052126,2.9526206308603724,2.953,Yes,Lodha Developers Limited
KENFIN.BO,0.016886265885269144,0.15424039242814014,22.26,0.534,0.10948017973395895,1.2599504012339058,1.26,Yes,Ken Financial Services Limited
CITYSQUARE.BO,0.022136611481748173,0.20235731497096393,30.05,0.701,0.10939368060366157,-0.7214199389070468,0.721,No,Jay Ambe Supermarkets Limited
GMRAIRPORT.NS,0.011956627833393503,0.10935195558919958,15.33,0.379,0.10934077739140524,1.6613639709433676,1.661,Yes,GMR Airports Limited
GATECHDVR.BO,0.015689030647168412,0.14392597325853487,20.54,0.499,0.10900763977455366,2.021077103505681,2.021,Yes,GACM Technologies Limited
BANKBEES.NS,0.007174656389972094,0.06592818528917845,8.96,0.228,0.10882532802172781,1.2645046108041187,1.265,Yes,Nippon India ETF Nifty Bank BeES
RANDER.BO,0.016777958092123475,0.15417500726352856,22.1,0.534,0.10882411092379722,0.8919667243912865,0.892,Yes,Rander Corporation Limited
QUADFUTURE.BO,0.022099080152532775,0.20320998244975258,29.99,0.704,0.10874997323518386,0.8429743878963263,0.843,Yes,Quadrant Future Tek Limited
BBNPNBETF.NS,0.007628699674001125,0.07028563208686765,9.55,0.243,0.10853853693131246,1.3517237667809452,1.352,Yes,Baroda BNP Paribas NIFTY Bank ETF
BGRENERGY.NS,0.03235249052726205,0.29813278530922627,46.53,1.033,0.10851705052735387,3.0682532405036524,3.068,Yes,BGR Energy Systems Limited
INDIANHUME.NS,0.012297445209937002,0.11339857576856398,15.8,0.393,0.10844444144549886,1.775995578924556,1.776,Yes,The Indian Hume Pipe Company Limited
JKTYRE.NS,0.01222065030375198,0.11279605488771617,15.69,0.391,0.10834288766497316,1.7544801586464847,1.754,Yes,JK Tyre & Industries Limited
SETFNIFBK.NS,0.007222963280017633,0.06676451408803653,9.02,0.231,0.10818566387667171,1.2785275777030458,1.279,Yes,SBI Nifty Bank ETF
SALONA.NS,0.006293086368914003,0.05823596187573343,7.82,0.202,0.10806186016713315,-0.14792438573102343,0.148,No,Salona Cotspin Limited
BAROEXT.BO,0.01412354067104235,0.13075632066575038,18.33,0.453,0.10801420993747644,0.9281077745881232,0.928,Yes,Baroda Extrusion Limited
AVL.NS,0.009694668163417776,0.08985741311600226,12.27,0.311,0.10788946428829811,0.5167688159420735,0.517,Yes,Aditya Vision Limited
KNAGRI.NS,0.012709255310416738,0.1178296106458499,16.36,0.408,0.10786130278080804,0.7639770547460072,0.764,Yes,KN Agri Resources Limited
BANKBETF.NS,0.007024609984503594,0.06521905640271154,8.76,0.226,0.10770793648298689,1.2456682634402823,1.246,Yes,Bajaj Nifty Bank ETF
JKIPL.NS,0.03725313610275331,0.34588025493931335,55.1,1.198,0.10770529849785611,5.133154281937788,5.133,Yes,Jinkushal Industries Limited
V2RETAIL.NS,0.010472815677948992,0.09728488025324943,13.32,0.337,0.107651010626589,0.7797996071037012,0.78,Yes,V2 Retail Limited
SATTRIX.BO,0.02061489313487753,0.19150844888978513,27.74,0.663,0.10764482326699638,-0.16831258812842592,0.168,No,Sattrix Information Security Limited
QUADFUTURE.NS,0.021757546318488512,0.20240262003360784,29.47,0.701,0.10749636696835145,0.807261219459307,0.807,Yes,Quadrant Future Tek Limited
ABSLBANETF.NS,0.007176336238016334,0.06680195553294567,8.96,0.231,0.1074270383368804,1.280530925802779,1.281,Yes,Aditya Birla Sun Life Nifty Bank ETF
BANKBEES.BO,0.0070445678160011484,0.0655877847661952,8.79,0.227,0.10740670448183837,1.2557295783286204,1.256,Yes,Nippon India ETF Bank BeES
HYBRIDFIN.BO,0.02291650683603548,0.21349529160322336,31.24,0.74,0.10733963575470948,2.0578182143877664,2.058,Yes,Hybrid Financial Services Limited
LAMBODHARA.BO,0.015410470729601038,0.14371146761901255,20.14,0.498,0.10723201832754983,2.0539624642470096,2.054,Yes,Lambodhara Textiles Limited
DHINDIA.BO,0.039055742615593074,0.3643254649305596,58.37,1.262,0.10720014485684412,-5.2120668587993455,5.212,No,D & H India Limited
NBL.BO,0.0323966840983006,0.3023739092056786,46.61,1.047,0.10714113589828268,1.9993135309685388,1.999,Yes,Naapbooks Limited
MARIS.BO,0.017486238331817654,0.16339109166462806,23.12,0.566,0.10702075709065836,1.3840594216834896,1.384,Yes,Maris Spinners Limited
UNJHAFOR.BO,0.012888941218009953,0.12053241887469618,16.61,0.418,0.1069333988178659,1.1088362117920718,1.109,Yes,Unjha Formulations Limited
MORARJEE.NS,0.018815893750704936,0.17650052878721056,25.07,0.611,0.10660531093019794,1.2709189924047317,1.271,Yes,Morarjee Textiles Limited
EBANKNIFTY.NS,0.0071016864107847555,0.06672665228323196,8.86,0.231,0.10642953254481448,1.279300104503617,1.279,Yes,Edelweiss Nifty Bank ETF
BANKADD.NS,0.0071316624073869996,0.0670744865850036,8.9,0.232,0.10632451727154157,1.2817041498036068,1.282,Yes,DSPAMC - DSPBANK
OML.BO,0.030157923608823634,0.28369886955921547,42.84,0.983,0.10630258645612571,3.6703028133840263,3.67,Yes,Om Metallogic Limited
BGRENERGY.BO,0.0313539185984689,0.29538013152354725,44.84,1.023,0.10614768988268737,3.117424444230407,3.117,Yes,BGR Energy Systems Limited
AVL.BO,0.009585996727828509,0.09030948994467486,12.13,0.313,0.10614606209935472,0.5200578371124904,0.52,Yes,Aditya Vision Limited
EMPOWER.BO,0.03710508520598255,0.34962547318434845,54.84,1.211,0.10612809435203253,4.28632826728793,4.286,Yes,Empower India Limited
CANFINHOME.NS,0.007521516581919771,0.07096423697794192,9.41,0.246,0.10599024103165813,0.9545555090305218,0.955,Yes,Can Fin Homes Limited
IDBI.NS,0.01967795917918704,0.18571587451402943,26.34,0.643,0.10595733526107655,3.276681383133035,3.277,Yes,IDBI Bank Limited
HDFCPVTBAN.NS,0.006529451965076932,0.06166616337666902,8.12,0.214,0.10588386900598565,1.17726431576196,1.177,Yes,HDFC Nifty Private Bank ETF
LAMBODHARA.NS,0.015327944695935757,0.14498905563084644,20.03,0.502,0.10571794284226467,2.0628877169795166,2.063,Yes,Lambodhara Textiles Limited
SUPRATRE.BO,0.005672146148367113,0.05371128520904069,7.02,0.186,0.10560436463755249,0.63541026103741,0.635,Yes,Supra Trends Limited
BANKIETF.NS,0.0068068229899554,0.06451300126522608,8.48,0.223,0.10551087155240485,1.2309322632992015,1.231,Yes,ICICI Prudential Nifty Bank ETF
GARGFUR.BO,0.01861924866947956,0.17655113258852093,24.78,0.612,0.10546094152153943,1.8050551973235456,1.805,Yes,Garg Furnace Limited
BNKETFAXIS.NS,0.007175103122879182,0.068134445104145,8.96,0.236,0.10530801435179929,1.2952690443057577,1.295,Yes,Axis NIFTY Bank ETF
ZENLABS.BO,0.027460124158315665,0.26107132072906863,38.41,0.904,0.10518246156502534,0.797404397309174,0.797,Yes,Zenlabs Ethica Limited
LEXGLOBAL.BO,0.03287027387847894,0.3125825554319541,47.42,1.083,0.10515709628471077,0.8527080231924423,0.853,Yes,Lexora Global Limited
HELPAGE.BO,0.012998453666420995,0.12383325799454312,16.76,0.429,0.10496738821967996,0.06494274935235247,0.065,Yes,Helpage Finlease Limited
MARKOLINES.BO,0.011979621400727765,0.11437662911341932,15.36,0.396,0.10473836738839724,0.8469650068228313,0.847,Yes,Markolines Pavement Technologies Limited
KAJARIACER.NS,0.012537370457018686,0.11998446680131623,16.13,0.416,0.10449161288335325,1.320447655442576,1.32,Yes,Kajaria Ceramics Limited
MUKANDLTD.NS,0.007604166993365454,0.07277543086085064,9.52,0.252,0.10448810681595148,1.0238686777567627,1.024,Yes,Mukand Limited
FRONTCAP.BO,0.01948643651855049,0.18678959250578595,26.06,0.647,0.10432292429754556,-0.2902232606290339,0.29,No,Frontier Capital Limited
POPEES.BO,0.012929751271919844,0.12404862777252819,16.67,0.43,0.10423131238202432,-0.9257689566174193,0.926,No,Popees Baby Care India Limited
INDIANHUME.BO,0.011717480960066003,0.11247421673978236,15.0,0.39,0.1041792625875785,1.761559862286278,1.762,Yes,The Indian Hume Pipe Company Limited
AMARJOTHI.BO,0.010969480176578124,0.10570736766716445,13.99,0.366,0.10377214397313518,1.4097632378258331,1.41,Yes,Amarjothi Spinning Mills Limited
HDFCNIFBAN.NS,0.006935292327805123,0.06684925371263943,8.65,0.232,0.10374524684475038,1.2809890681301233,1.281,Yes,HDFC Nifty Bank ETF - Growth
KOTAKBANK.NS,0.0069490501788125264,0.06700638122200082,8.67,0.232,0.10370728954589299,1.1480981400879917,1.148,Yes,Kotak Mahindra Bank Limited
WEWORK.BO,0.011188573129243994,0.10826858377426729,14.28,0.375,0.1033409022193494,1.1867184250938887,1.187,Yes,WeWork India Management Limited
RKDAGRRTL.BO,0.029429095659587214,0.2852901531712043,41.63,0.988,0.10315496462973484,1.8003395598449852,1.8,Yes,RKD Agri & Retail Limited
SBIETFPB.NS,0.006700790819834673,0.06496578412023428,8.34,0.225,0.10314338402247716,1.2326990112019038,1.233,Yes,SBI Nifty Private Bank ETF
20MICRONS.NS,0.016019547374472833,0.15543350521084445,21.01,0.538,0.10306366926964962,2.2318954710010535,2.232,Yes,20 Microns Limited
BAJFINANCE.NS,0.011049368481430738,0.1075297424457731,14.1,0.372,0.10275639306960024,1.9001432061478198,1.9,Yes,Bajaj Finance Limited
FRUTION.BO,0.025516043556378886,0.24854463718616202,35.3,0.861,0.10266181497719122,1.5550690087375982,1.555,Yes,Fruition Venture Limited
CANBK.NS,0.009445728971407621,0.09224904909163793,11.94,0.32,0.10239378144726963,1.6630364589094204,1.663,Yes,Canara Bank
KCPSUGIND.BO,0.016527768532781678,0.16141686039923883,21.74,0.559,0.10239183497871834,0.9757877580081327,0.976,Yes,K.C.P. Sugar and Industries Corporation Limited
NPL.BO,0.016327256889995978,0.15947675485312765,21.45,0.552,0.10238016759892558,1.3912087607426273,1.391,Yes,National Peroxide Limited
EUREKAI.BO,0.043315385577109546,0.4244049555625501,66.34,1.47,0.10206145100189716,1.9190133537600642,1.919,Yes,Eureka Industries Limited
MOTOGENFIN.NS,0.014502146403214532,0.14236982682607255,18.86,0.493,0.10186249942504472,1.5920267865965558,1.592,Yes,The Motor & General Finance Limited
NATCOPHARM.NS,0.009102706529625124,0.08968527765838667,11.49,0.311,0.10149610691174472,0.6167296239010984,0.617,Yes,NATCO Pharma Limited
WEWORK.NS,0.011480631120881189,0.11317422805379546,14.68,0.392,0.10144209789020221,1.3960627038320397,1.396,Yes,WeWork India Management Limited
NPBET.NS,0.0066266033195909535,0.06554910309546147,8.25,0.227,0.101093729840062,1.245107732087569,1.245,Yes,Tata Nifty Private Bank ETF
BHATIA.BO,0.015685522216134166,0.1553543140460733,20.53,0.538,0.10096611936687078,0.08152967081597884,0.082,Yes,Bhatia Communications & Retail (India) Limited
PVTBANIETF.NS,0.006345407250135208,0.06314221284959276,7.89,0.219,0.10049390041572058,1.1938508190213142,1.194,Yes,ICICIPRAMC - ICICIBANKP
EQUIPPP.NS,0.01689062875280564,0.1680891427183884,22.26,0.582,0.10048613776978862,1.6479647211345203,1.648,Yes,Equippp Social Impact Technologies Limited
KHAITANLTD.NS,0.012709935500767737,0.1268094984854815,16.36,0.439,0.10022857634929377,0.6944465004081831,0.694,Yes,Khaitan (India) Limited
SVGLOBAL.BO,0.009331710220347057,0.09311906367260993,11.79,0.323,0.10021267238205585,0.29704613216285924,0.297,Yes,S V Global Mill Limited
SATCH.BO,0.02275309679964678,0.22757173688740714,30.99,0.788,0.09998208525737995,2.794654798212951,2.795,Yes,Satchmo Holdings Limited
BHARATWIRE.BO,0.01565225237691095,0.15803526595106993,20.49,0.547,0.09904278189247405,2.023988303058784,2.024,Yes,Bharat Wire Ropes Limited
DHARFIN.BO,0.025602603808575684,0.25922155257218565,35.44,0.898,0.09876726512331996,1.9381729976485587,1.938,Yes,Dharani Finance Limited
KAMADGIRI.BO,0.02292089510722525,0.23382635909989494,31.25,0.81,0.09802528335752352,2.420911589572974,2.421,Yes,Kamadgiri Fashion Limited
IKIO.BO,0.020574575677332688,0.2103594629622903,27.68,0.729,0.09780675129894656,3.0844753406470766,3.084,Yes,IKIO Technologies Limited
TITANSEC.BO,0.010556669032718775,0.10793635227871584,13.43,0.374,0.09780457473177424,-1.1824451092417845,1.182,No,Titan Securities Limited
MOENERGY.NS,0.006342422080801801,0.06501546047525474,7.88,0.225,0.09755252111481644,0.8193137490451762,0.819,Yes,Motilal Oswal Nifty Energy ETF
BHARATWIRE.NS,0.015200520042103842,0.15595992362860506,19.85,0.54,0.0974642695921138,1.9981439647424326,1.998,Yes,Bharat Wire Ropes Limited
PVTBANKADD.NS,0.006403769192384104,0.06571680830420214,7.96,0.228,0.09744492098187651,1.250174195449175,1.25,Yes,DSPAMC - DSPPVBKETF
CANBK.BO,0.008974324801204307,0.09218399585581248,11.32,0.319,0.09735230847707334,1.660697735068816,1.661,Yes,Canara Bank
JUBLINGREA.NS,0.013281122400928875,0.13707211948373726,17.15,0.475,0.09689149369653247,1.9221838873060142,1.922,Yes,Jubilant Ingrevia Limited
KHAITANLTD.BO,0.010543661896451484,0.10901254293770432,13.41,0.378,0.09671971327626679,0.1456822792141245,0.146,Yes,Khaitan (India) Limited
SKRABUL.BO,0.028060314597206107,0.29129213061160236,39.39,1.009,0.09633049316605344,-0.9116004836037912,0.912,No,Shukra Bullions Limited
CAMEXLTD.BO,0.01017865123182861,0.10574668234850772,12.92,0.366,0.0962550408747859,0.2954158453424771,0.295,Yes,Camex Limited
REPONO.BO,0.022359198996686015,0.23234143405521643,30.39,0.805,0.09623422997110496,2.04015219971418,2.04,Yes,Repono Limited
AMITSEC.BO,0.029391032801682714,0.30541993110228866,41.57,1.058,0.09623154813638969,-0.09026167316028814,0.09,No,Amit Securities Limited
STARCOM.BO,0.02661286414183577,0.27694340888308017,37.05,0.959,0.0960949540166568,1.9516905291022812,1.952,Yes,Starcom Information Technology Limited
FMNL.NS,0.015629833627081355,0.16283210173879573,20.46,0.564,0.0959874217686736,1.6932711149382214,1.693,Yes,Future Market Networks Limited
ASIAPAK.BO,0.019796862497201934,0.2063041673312193,26.52,0.715,0.09595958604858557,2.0945445234112143,2.095,Yes,Asia Pack Limited
JUBLINGREA.BO,0.013084232811402445,0.136446836265337,16.88,0.473,0.09589253345499787,1.9193391744559112,1.919,Yes,Jubilant Ingrevia Limited
KAHAN.BO,0.013223574391470207,0.13812636127977587,17.07,0.478,0.09573534167519093,1.2534909718559057,1.253,Yes,Kahan Packaging Limited
SHREEPUSHK.NS,0.01322758697315788,0.1381810497583677,17.08,0.479,0.09572649068948667,1.3025043124734328,1.303,Yes,Shree Pushkar Chemicals & Fertilisers Limited
MPCOSEMB.BO,0.005409328650140376,0.05661584494876206,6.69,0.196,0.09554443027452608,-0.3444331816068066,0.344,No,Mipco Seamless Rings (Gujarat) Limited
ORGCOAT.BO,0.02507149628912605,0.26253396033651927,34.6,0.909,0.09549810720483208,1.2404295348628878,1.24,Yes,Organic Coatings Limited
BEMHY.BO,0.020427840185468536,0.21406216681132118,27.46,0.742,0.09542947495002262,3.4387997089180757,3.439,Yes,Bemco Hydraulics Limited
SHREEPUSHK.BO,0.013280914406979911,0.13918449318195786,17.15,0.482,0.09541949755579153,1.3070226599680588,1.307,Yes,Shree Pushkar Chemicals & Fertilisers Limited
SVJ.BO,0.02699842652965123,0.2830883328696451,37.67,0.981,0.09537103227098842,0.8130861412522677,0.813,Yes,S. V. J. Enterprises Limited
BERLDRG.BO,0.008350109159081133,0.08756270769141594,10.49,0.303,0.09536147726847558,0.7730800595952455,0.773,Yes,Beryl Drugs Limited
RAJKOTINV.BO,0.013970183502487632,0.1466945127442389,18.11,0.508,0.09523317021983346,0.3459046458576085,0.346,Yes,Rajkot Investment Trust Limited
PRESTIGE.BO,0.012080637677560553,0.1269905717779736,15.5,0.44,0.09513019359170984,2.3231702609021703,2.323,Yes,Prestige Estates Projects Limited
COLAB.BO,0.015847985886456084,0.16668346150809044,20.77,0.577,0.09507833436544548,1.2512135360621501,1.251,Yes,Colab Platforms Limited
KCPSUGIND.NS,0.015828807654038157,0.16654753781188897,20.74,0.577,0.09504077851884173,1.0565121367146295,1.057,Yes,K.C.P. Sugar and Industries Corporation Limited
IKIO.NS,0.01962310555809067,0.20749659179297444,26.26,0.719,0.09457073674573523,3.048085511501359,3.048,Yes,IKIO Technologies Limited
KALIND.BO,0.026664825820332926,0.28309117266638834,37.13,0.981,0.09419165412040721,0.7018261818827365,0.702,Yes,Kalind Limited
MUDUNURU.BO,0.020917963153188206,0.2223333989531332,28.2,0.77,0.09408376452517425,2.272083343719441,2.272,Yes,Mudunuru Limited
MODIS.NS,0.013465804763026586,0.143233242482071,17.41,0.496,0.09401312523321635,2.0937105317476097,2.094,Yes,Modi's Navnirman Limited
FMNL.BO,0.01596897078690805,0.1703429745972057,20.94,0.59,0.09374598996329846,1.743477513905072,1.743,Yes,Future Market Networks Limited
RRPDEFENSE.BO,0.015719176438053265,0.16785130867925802,20.58,0.581,0.09364941245760891,1.2607429915525343,1.261,Yes,RRP Defense Limited
HMVL.NS,0.012793148409144478,0.136638595859879,16.48,0.473,0.09362763374898608,1.5516618616340667,1.552,Yes,Hindustan Media Ventures Limited
TECHNVISN.BO,0.016505376343192938,0.17851908258253557,21.71,0.618,0.09245721020083066,1.0525664309080944,1.053,Yes,TechNVision Ventures Limited
AEGISVOPAK.BO,0.014198965147112497,0.1537088170244179,18.43,0.532,0.0923757362914118,2.565580138603937,2.566,Yes,Aegis Vopak Terminals Limited
FABCLEAN.BO,0.016059435250396527,0.17428027156228285,21.07,0.604,0.09214717825739294,1.85180445456591,1.852,Yes,Fabtech Cleanrooms Limited
KOHINOOR.NS,0.017925778726835487,0.19501142833341795,23.76,0.676,0.09192168315483105,1.5957041853737732,1.596,Yes,Kohinoor Foods Limited
KOHINOOR.BO,0.01808080863306275,0.19674120027856218,23.99,0.682,0.09190148584771501,1.6367164052069714,1.637,Yes,Kohinoor Foods Limited
KABSON.BO,0.019284264513803075,0.21022005159805948,25.76,0.728,0.09173370650043683,2.356920285013837,2.357,Yes,Kabsons Industries Limited
ALKYLAMINE.NS,0.010188005356276812,0.11119741233872854,12.93,0.385,0.09162088525263702,1.3313451112525627,1.331,Yes,Alkyl Amines Chemicals Limited
SKIPPER.BO,0.014879949162612004,0.1624539419999961,19.39,0.563,0.09159487901261491,1.68604866986398,1.686,Yes,Skipper Limited
INTERNET.NS,0.006685300654166903,0.07302053494347999,8.32,0.253,0.09155370690370208,1.107871321533791,1.108,Yes,Mirae Asset Nifty India Internet ETF
SKIPPER.NS,0.014726330535473913,0.16117543755025737,19.18,0.558,0.0913683298106883,1.6693024336636315,1.669,Yes,Skipper Limited
SVLL.NS,0.010677516019751119,0.11706602719763101,13.59,0.406,0.09120934805214943,1.4889817156611322,1.489,Yes,Shree Vasu Logistics Limited
AEGISVOPAK.NS,0.013936262923468223,0.1528227837996186,18.07,0.529,0.09119231162377898,2.5515126971600908,2.552,Yes,Aegis Vopak Terminals Limited
BALUFORGE.NS,0.020777471678296838,0.22800585649067973,27.99,0.79,0.09112692102777704,2.368012032230258,2.368,Yes,Balu Forge Industries Limited
CHEMKART.BO,0.024643885170817725,0.2707965996474624,33.93,0.938,0.09100515000151577,3.610770125974219,3.611,Yes,Chemkart India Limited
MOHITE.BO,0.015597828343562796,0.17172055248241636,20.41,0.595,0.0908326238069841,2.342650502372834,2.343,Yes,Mohite Industries Limited
BALUFORGE.BO,0.020638908875711973,0.22758268909268378,27.78,0.788,0.0906875165154003,2.3741439346851148,2.374,Yes,Balu Forge Industries Limited
RAINBOW.NS,0.00643070752221967,0.07119401654446011,8.0,0.247,0.0903265166701719,0.5508472279362977,0.551,Yes,Rainbow Children's Medicare Limited
SOLARA.NS,0.011337524332817562,0.12572982620704196,14.49,0.436,0.09017370559430998,0.6650285060764827,0.665,Yes,Solara Active Pharma Sciences Limited
MARKOLINES.NS,0.01080553301050113,0.11989060839643134,13.77,0.415,0.09012826905316436,0.9181677252175922,0.918,Yes,Markolines Pavement Technologies Limited
RAINBOW.BO,0.00645708707670847,0.07166583410583541,8.03,0.248,0.09009993614492376,0.54622403140428,0.546,Yes,Rainbow Children's Medicare Limited
KILITCH.BO,0.012337130665141721,0.13706739589192443,15.85,0.475,0.09000777015468625,1.866846165719974,1.867,Yes,Kilitch Drugs (India) Limited
GROWWNET.NS,0.006653692737872047,0.07393165325195929,8.28,0.256,0.08999788920175021,1.1279634358472397,1.128,Yes,Groww Nifty India Internet ETF
MEHIF.BO,0.008170258717356826,0.09140540454865725,10.26,0.317,0.08938485374798166,0.20054015010423915,0.201,Yes,Mehta Integrated Finance Limited
ORICONENT.BO,0.006599064116623765,0.07395675551132369,8.21,0.256,0.08922868602062144,0.08696270102200693,0.087,Yes,Oricon Enterprises Limited
SOLARA.BO,0.011327497722643768,0.1271683894562361,14.47,0.441,0.08907479107881625,0.6816280406615985,0.682,Yes,Solara Active Pharma Sciences Limited
ESHAMEDIA.BO,0.02939964374041202,0.3302312208373083,41.58,1.144,0.08902745072337072,3.42585579280124,3.426,Yes,Esha Media Research Limited
AKSHOPTFBR.BO,0.0199089993864681,0.2238216711438203,26.69,0.775,0.08895027583667377,2.0877896502556585,2.088,Yes,Aksh Optifibre Limited
EQUIPPP.BO,0.014319622531236463,0.16196417769815402,18.6,0.561,0.08841228186842251,1.7034988723224698,1.703,Yes,Equippp Social Impact Technologies Limited
DHENUBUILD.BO,0.015273854230308682,0.17283598304398773,19.95,0.599,0.08837195797602748,-0.9418140083576922,0.942,No,Dhenu Buildcon Infra Limited
GALAXYSURF.BO,0.011215987312742858,0.12734160523791746,14.32,0.441,0.08807794822271618,1.8835398017867508,1.884,Yes,Galaxy Surfactants Limited
STYL.BO,0.011549741059309861,0.131200811812446,14.77,0.454,0.08803101825178057,1.1983795269454287,1.198,Yes,Seshaasai Technologies Limited
TIMKEN.NS,0.0068371145484063395,0.07766884533816969,8.52,0.269,0.08802904843811678,0.3821033002096457,0.382,Yes,Timken India Limited
GTV.BO,0.013864459695871523,0.1579451110573882,17.97,0.547,0.08778023962282677,1.7318339422516278,1.732,Yes,GTV Engineering Limited
CYIENT.NS,0.013816913421670286,0.1574639002666039,17.9,0.545,0.08774654634031492,1.0812292497465692,1.081,Yes,Cyient Limited
AXISCADES.NS,0.011860196211018218,0.13540740743114787,15.2,0.469,0.08758897637892452,0.44893776151324877,0.449,Yes,AXISCADES Technologies Limited
IMAGICAA.NS,0.010722462600980009,0.1224361784249743,13.65,0.424,0.08757593334677997,1.0217647979796476,1.022,Yes,Imagicaaworld Entertainment Limited
HINDADH.BO,0.011992765332596895,0.13736053890342237,15.38,0.476,0.08730866541684842,0.4210563450521548,0.421,Yes,Hindustan Adhesives Limited
AMINTAN.BO,0.017373564701641545,0.1994705206488456,22.96,0.691,0.08709840754978794,1.9334018354984996,1.933,Yes,Amin Tannery Limited
PNB.NS,0.007379674664808198,0.08477287077847981,9.22,0.294,0.08705231516922488,1.603584990108671,1.604,Yes,Punjab National Bank
GALXBRG.BO,0.016798897968071505,0.1929918876250147,22.13,0.669,0.08704458086192692,0.7990923565635383,0.799,Yes,Galaxy Bearings Limited
CYIENT.BO,0.013585863713080425,0.15685783900594535,17.58,0.543,0.0866125900954525,1.097904113223235,1.098,Yes,Cyient Limited
INTERNET.BO,0.006239582277382401,0.07204144595625722,7.75,0.25,0.0866110083516509,1.096050238510337,1.096,Yes,Mirae Asset Mutual Fund - Mirae Asset Nifty India Internet Etf
GCMCOMM.BO,0.016730026800906097,0.19327221667092273,22.03,0.67,0.08656198541661929,1.102990165862265,1.103,Yes,GCM Commodity & Derivatives Limited
IMAGICAA.BO,0.010699654510137631,0.12365282059291774,13.62,0.428,0.08652980545718711,1.0240676535437794,1.024,Yes,Imagicaaworld Entertainment Limited
TVSHLTD.BO,0.007442735334139836,0.0860387092621178,9.31,0.298,0.08650449777745349,0.8342500712142304,0.834,Yes,TVS Holdings Limited
KRITINUT.BO,0.025085421339935247,0.2901383254749987,34.62,1.005,0.08646021272393697,2.808855212264664,2.809,Yes,Kriti Nutrients Limited
USGTECH.BO,0.02011322331284764,0.23340145773258492,26.99,0.809,0.08617436886744712,2.6874177168393865,2.687,Yes,USG Tech Solutions Limited
ASSOCIATED.BO,0.015066183448343746,0.17494514704498032,19.66,0.606,0.08611947060452077,1.8051772761636888,1.805,Yes,Associated Coaters Limited
STALLION.BO,0.026309120454222904,0.30580407165796497,36.56,1.059,0.08603260352808209,2.9376467760190037,2.938,Yes,Stallion India Fluorochemicals Limited
AXISCADES.BO,0.011491465955001208,0.13366823189411306,14.7,0.463,0.08597006029154566,0.3858534937999625,0.386,Yes,AXISCADES Technologies Limited
MAHLIFE.NS,0.0086976218280388,0.10123224392706154,10.95,0.351,0.08591750504222243,1.9466205920525086,1.947,Yes,Mahindra Lifespace Developers Limited
STALLION.NS,0.026217614633102224,0.30523638146470766,36.42,1.057,0.0858928234809178,2.9174523154769494,2.917,Yes,Stallion India Fluorochemicals Limited
TIMKEN.BO,0.006639462227240257,0.07742758376604127,8.26,0.268,0.08575060597657755,0.35609088688252777,0.356,Yes,Timken India Limited
DPABHUSHAN.NS,0.01402895064113085,0.16468209593044394,18.2,0.57,0.08518807440400926,1.9433334393507709,1.943,Yes,D. P. Abhushan Limited
AKSHOPTFBR.NS,0.018672384715217982,0.22047824844239292,24.86,0.764,0.08469037125944308,2.1308527341729038,2.131,Yes,Aksh Optifibre Limited
MAHLIFE.BO,0.008492139978757305,0.10028021221349004,10.68,0.347,0.084684104583645,1.9143526209005743,1.914,Yes,Mahindra Lifespace Developers Limited
JINDRILL.NS,0.008345439198003835,0.0990200428540014,10.49,0.343,0.08428030283029307,0.4104321763691954,0.41,Yes,Jindal Drilling & Industries Limited
GALAXYSURF.NS,0.010866434856892154,0.1289517322151621,13.85,0.447,0.08426745938364745,1.873575135047513,1.874,Yes,Galaxy Surfactants Limited
ANG.BO,0.02299247551485464,0.2729087058538829,31.36,0.945,0.08424969603998256,3.551502107382741,3.552,Yes,ANG Lifesciences India Limited
DPABHUSHAN.BO,0.013661897963110476,0.16240458519003917,17.68,0.563,0.08412261234572832,1.9280016588609152,1.928,Yes,D. P. Abhushan Limited
ENCODE.BO,0.008545312850840201,0.1017444824210418,10.75,0.352,0.08398797308219383,0.9912621599097157,0.991,Yes,Encode Packaging India Limited
COCHINM.BO,0.015609331198968058,0.1861401585268158,20.43,0.645,0.08385794512321391,2.3377738124857186,2.338,Yes,Cochin Minerals and Rutile Limited
BANKA.NS,0.02707201834192825,0.32457195024716035,37.79,1.124,0.08340837315520644,4.183757359093504,4.184,Yes,Banka BioLoo Limited
ARSSBL.BO,0.017372883737065657,0.20838684813490918,22.96,0.722,0.0833684270027372,3.099063001229739,3.099,Yes,Anand Rathi Share and Stock Brokers Limited
BIZOTIC.BO,0.015397636916125822,0.18484484651975985,20.13,0.64,0.08330033109405525,0.9857228790308029,0.986,Yes,Bizotic Commercial Limited
ALMONDZ.BO,0.01700736774022159,0.20444154371612136,22.43,0.708,0.08318939209262323,3.2181241491980224,3.218,Yes,Almondz Global Securities Limited
ALFAICA.BO,0.005721599283319668,0.06899523007513558,7.09,0.239,0.0829274614649283,-0.673475115359636,0.673,No,Alfa Ica (India) Limited
SPECIALITY.BO,0.009856229028406854,0.1192826737819281,12.49,0.413,0.08262917585521226,1.692588480088454,1.693,Yes,Speciality Restaurants Limited
TVSHLTD.NS,0.007063712642012679,0.08566233682581363,8.81,0.297,0.08245995735997816,0.8417198979770009,0.842,Yes,TVS Holdings Limited
ARCHIDPLY.NS,0.013327567703695349,0.16215960331288365,17.22,0.562,0.08218796439690394,1.8418009543708782,1.842,Yes,Archidply Industries Limited
JAYSREETEA.BO,0.00974138490376395,0.11884853472976084,12.34,0.412,0.08196470344303379,1.325828949974644,1.326,Yes,Jay Shree Tea & Industries Limited
WATERBASE.BO,0.013752135234776324,0.16825765575206666,17.81,0.583,0.08173259738647827,2.1024434029271117,2.102,Yes,The Waterbase Limited
HARDCAS.BO,0.006970110201678861,0.08529472645237338,8.69,0.295,0.08171795011935247,0.3935793592825773,0.394,Yes,Hardcastle and Waud Manufacturing Company Limited
BRIGHT.BO,0.005454898864475881,0.06687224596405927,6.75,0.232,0.08157194043411725,0.372514108274148,0.373,Yes,Bright Outdoor Media Limited
GODREJPROP.NS,0.011433037348123353,0.1402854871477847,14.62,0.486,0.08149836152387697,2.2268849482137796,2.227,Yes,Godrej Properties Limited
SPECIALITY.NS,0.009803133021133191,0.1203222813943929,12.42,0.417,0.08147396232457095,1.7368376737923286,1.737,Yes,Speciality Restaurants Limited
JAYAGROGN.NS,0.011074890484264965,0.1367023453382625,14.13,0.474,0.08101463407127911,1.6476105118425972,1.648,Yes,Jayant Agro-Organics Limited
AARTIPHARM.NS,0.012328125096716595,0.15217492968804708,15.84,0.527,0.08101285226146508,1.582515293012393,1.583,Yes,Aarti Pharmalabs Limited
BIRLAPREC.BO,0.018133721586590382,0.22387761995816832,24.07,0.776,0.08099836683085464,1.3488389357736623,1.349,Yes,Birla Precision Technologies Limited
NIITLTD.NS,0.018390674127661096,0.22707525133260364,24.44,0.787,0.08098933732203052,3.188004000114999,3.188,Yes,NIIT Limited
TOTAL.NS,0.01538473599746243,0.1901952439212676,20.11,0.659,0.08088917304278664,1.6251215804941739,1.625,Yes,Total Transport Systems Limited
ALMONDZ.NS,0.016734743718417825,0.20723092103085242,22.04,0.718,0.08075408648078328,3.243456947688204,3.243,Yes,Almondz Global Securities Limited
WORTHPERI.NS,0.00670337150275799,0.0832755687005818,8.35,0.288,0.08049625607313514,1.302200250460504,1.302,Yes,Worth Peripherals Limited
SYSTEMATIC.BO,0.024786534514085818,0.3085585338406068,34.15,1.069,0.08033008909385696,4.0235494356855135,4.024,Yes,Systematic Industries Limited
AARTIPHARM.BO,0.01223083635830184,0.15280726015065063,15.71,0.529,0.08004093749370038,1.6465050211763863,1.647,Yes,Aarti Pharmalabs Limited
TVSSCS.BO,0.011779471946989821,0.1475211323191622,15.09,0.511,0.07984938674077498,1.97095133433974,1.971,Yes,TVS Supply Chain Solutions Limited
CREST.BO,0.005690056480260061,0.07136645463911358,7.05,0.247,0.0797301268366711,1.222783262885603,1.223,Yes,Crest Ventures Limited
TVSSCS.NS,0.01171480111838884,0.14702269423084716,15.0,0.509,0.07968022338098965,1.9632425187799012,1.963,Yes,TVS Supply Chain Solutions Limited
SUNDRMBRAK.NS,0.012649263424802054,0.15876859175421845,16.28,0.55,0.07967106897555488,2.1224885408806813,2.122,Yes,Sundaram Brake Linings Limited
ELECTHERM.BO,0.015205883641814244,0.19091707731154542,19.85,0.661,0.07964653479898359,2.4938946907004715,2.494,Yes,Electrotherm (India) Limited
HARDWYN.BO,0.01570882703927107,0.1972778099215281,20.57,0.683,0.07962794723603038,0.6390629246415735,0.639,Yes,Hardwyn India Limited
63MOONS.BO,0.02136646690246068,0.26855629450493823,28.88,0.93,0.07956047703833578,3.845752449116235,3.846,Yes,63 moons technologies limited
SAMBHAAV.NS,0.01741395351758164,0.21901742777932479,23.02,0.759,0.07950944221264165,3.6245090897492993,3.625,Yes,Sambhaav Media Limited
COUNCODOS.NS,0.01290447158853153,0.16255504077484376,16.63,0.563,0.0793852440811455,2.501346385524624,2.501,Yes,Country Condo's Limited
BANDHANBNK.BO,0.013423859135322182,0.16911540599763908,17.35,0.586,0.07937691457577546,1.8642487682681796,1.864,Yes,Bandhan Bank Limited
KIRIINDUS.BO,0.015862223527254183,0.19990613052384976,20.79,0.692,0.07934835958100717,2.226892624209933,2.227,Yes,Kiri Industries Limited
HITTCO.BO,0.009864060525090037,0.12448197490439661,12.5,0.431,0.07924087429256912,1.1676545161748013,1.168,Yes,Hittco Tools Limited
COUNCODOS.BO,0.012889830846265498,0.16311037118008231,16.61,0.565,0.07902520699946453,2.43984091722633,2.44,Yes,Country Condo's Limited
SAMBHAAV.BO,0.017335648661712867,0.22037938589170264,22.91,0.763,0.0786627505633936,3.6845069405632365,3.685,Yes,Sambhaav Media Limited
63MOONS.NS,0.020984579280778418,0.266894300693239,28.3,0.925,0.07862505578527702,3.8122453885517698,3.812,Yes,63 moons technologies limited
CCME.BO,0.038718215139800824,0.49274286506987064,57.75,1.707,0.0785769168556314,1.6934193218766223,1.693,Yes,CCME Global Limited
BANDHANBNK.NS,0.013220757481091455,0.16844485035054993,17.07,0.584,0.07848715739055119,1.8574075468285336,1.857,Yes,Bandhan Bank Limited
KIRIINDUS.NS,0.01558209747268572,0.19914054813252383,20.39,0.69,0.07824673387117606,2.2055905849579096,2.206,Yes,Kiri Industries Limited
TIJARIA.NS,0.01182448520033797,0.1511957255263909,15.15,0.524,0.07820647812079866,1.0198477910335202,1.02,Yes,Tijaria Polypipes Limited
ELECTHERM.NS,0.014931157432391458,0.19116564748966106,19.46,0.662,0.0781058606944482,2.520396173322856,2.52,Yes,Electrotherm (India) Limited
CPL.BO,0.01739475054107329,0.22342855485376847,22.99,0.774,0.07785374860638544,3.5346577470240734,3.535,Yes,Captain Polyplast Limited
MOREALTY.NS,0.008312533638800303,0.10694716299340733,10.44,0.37,0.07772561147145832,1.95267684983947,1.953,Yes,Motilal Oswal Nifty Realty ETF
HARDWYN.NS,0.015359327175175188,0.1986817359074315,20.07,0.688,0.07730618571971459,0.6316147768718813,0.632,Yes,Hardwyn India Limited
ACE.NS,0.008102681367715144,0.10489017812676177,10.17,0.363,0.07724919065275015,1.5661311431950213,1.566,Yes,Action Construction Equipment Limited
ACE.BO,0.008092786082211013,0.1047968998363706,10.16,0.363,0.07722352564672288,1.5662962979435087,1.566,Yes,Action Construction Equipment Limited
SILVOAK.BO,0.013421355127372013,0.17386416652205824,17.35,0.602,0.07719448691383592,1.34383694366896,1.344,Yes,Silver Oak (India) Limited
PFL.BO,0.008033732792964503,0.10421413708182911,10.08,0.361,0.07708870425762296,1.5974098813350304,1.597,Yes,Popular Foundations Limited
NITIRAJ.NS,0.007262303483084063,0.09425581238816808,9.07,0.327,0.07704886626170228,0.5798700057177134,0.58,Yes,Nitiraj Engineers Limited
MKTCREAT.BO,0.007789627856817638,0.10145260210825253,9.76,0.351,0.07678095677137886,1.3591813972659896,1.359,Yes,Market Creators Limited
HMVL.BO,0.010706037467489125,0.13951288494142405,13.63,0.483,0.07673870031419798,1.6090167614795445,1.609,Yes,Hindustan Media Ventures Limited
VXLINSTR.BO,0.00976952757211224,0.12738257607529038,12.37,0.441,0.07669437903609275,0.955234087496559,0.955,Yes,VXL Instruments Limited
SSWRL.BO,0.017845180017260046,0.23398013214919766,23.65,0.811,0.07626792862002937,1.1288674699345425,1.129,Yes,Shree Steel Wire Ropes Limited
CONTAINE.BO,0.048349191587448284,0.6379457802737826,76.23,2.21,0.07578887278899879,7.695743474781912,7.696,Yes,Containe Technologies Limited
SPCAPIT.BO,0.008337131307474755,0.11002319706465831,10.48,0.381,0.07577612294410241,1.6175429107652943,1.618,Yes,S P Capital Financing Limited
ECLERX.BO,0.013828520776344026,0.18266009801200614,17.92,0.633,0.07570630327503211,1.3102152935003932,1.31,Yes,eClerx Services Limited
SAREGAMA.NS,0.008558386303626622,0.11310346711722045,10.77,0.392,0.07566864678654553,0.3493636119342011,0.349,Yes,Saregama India Limited
AMDIND.NS,0.010153744841690293,0.13429265059028112,12.89,0.465,0.07560908804063124,1.6247378993748176,1.625,Yes,AMD Industries Limited
FAZE3Q.NS,0.011790270027039067,0.1564993314283448,15.1,0.542,0.07533751051478065,1.3137091648957988,1.314,Yes,Faze Three Limited
FAZE3Q.BO,0.011860729281060994,0.15804016277140664,15.2,0.547,0.07504882982319284,1.2458645714754786,1.246,Yes,Faze Three Limited
MYSORPETRO.BO,0.008547164885123236,0.1139690257650506,10.75,0.395,0.07499550713667928,1.0187405255216566,1.019,Yes,Mysore Petro Chemicals Limited
JAYAGROGN.BO,0.00987511010310363,0.1317303445481865,12.52,0.456,0.07496458114471377,1.627403585069807,1.627,Yes,Jayant Agro-Organics Limited
GROWWRLTY.NS,0.009112601388318336,0.12168301341500898,11.5,0.422,0.0748880318836215,2.157197167872817,2.157,Yes,Groww Nifty Realty ETF
SUPRAPFSL.BO,0.008848220418237063,0.11830878603295887,11.15,0.41,0.07478920809627863,-0.5613705570735158,0.561,No,Supra Pacific Financial Services Limited
GYANDEV.BO,0.02166851583833775,0.29067999070778744,29.34,1.007,0.07454422915583656,-1.6599701717061097,1.66,No,Gyan Developers and Builders Limited
STLNETWORK.NS,0.019548200225876663,0.2632566662997144,26.15,0.912,0.07425529047618222,2.7058384322005478,2.706,Yes,STL Networks Limited
ECLERX.NS,0.013413641922677723,0.18082793528886018,17.34,0.626,0.07417903600597082,1.310575461970465,1.311,Yes,eClerx Services Limited
SUNDRMBRAK.BO,0.011383954064393492,0.1537780728809302,14.55,0.533,0.07402846095755176,1.9664560830321025,1.966,Yes,Sundaram Brake Linings Limited
ICICIB22.NS,0.003909715519945611,0.05284570524359217,4.79,0.183,0.07398360002811555,0.8323264080517769,0.832,Yes,BHARAT 22 ETF
NIACL.BO,0.01076658286415932,0.14598527737283215,13.71,0.506,0.07375115530768571,2.092517756689843,2.093,Yes,The New India Assurance Company Limited
SHILCTECH.NS,0.01556272595446208,0.21109195341898687,20.36,0.731,0.07372486588142149,2.9501131951222312,2.95,Yes,Shilchar Technologies Limited
DHRUVCA.BO,0.023607236987987723,0.3204591076279568,32.31,1.11,0.07366692481524038,-0.4388437534233691,0.439,No,Dhruva Capital Services Limited
KRITINUT.NS,0.021506647773008012,0.2924392707478889,29.09,1.013,0.07354226988053474,2.9705367970619916,2.971,Yes,Kriti Nutrients Limited
AZTEC.BO,0.010934256436105953,0.1490697270547013,13.94,0.516,0.07334994604299246,1.940874078631859,1.941,Yes,Aztec Fluids & Machinery Limited
KANCHI.BO,0.008121735397522901,0.11077276158858314,10.19,0.384,0.07331888526610474,1.1613840017815813,1.161,Yes,Kanchi Karpooram Limited
REGAAL.NS,0.011816133022211444,0.16122879859359973,15.14,0.559,0.07328798034398122,1.713838677659356,1.714,Yes,Regaal Resources Limited
JAYSREETEA.NS,0.008450556384077242,0.11538209712705957,10.63,0.4,0.07323975377888504,1.393405031617726,1.393,Yes,Jay Shree Tea & Industries Limited
NIACL.NS,0.010744145732719394,0.14701786528792568,13.68,0.509,0.07308054508666433,2.101578341952876,2.102,Yes,The New India Assurance Company Limited
ORICONENT.NS,0.005477689802594584,0.07505090127027345,6.77,0.26,0.0729863294095339,0.0845569526642542,0.085,Yes,Oricon Enterprises Limited
YUKEN.BO,0.013427621508858961,0.184178041469159,17.36,0.638,0.07290565912064736,1.9755042329475316,1.976,Yes,Yuken India Limited
MINOLTAF.BO,0.01268931738004571,0.17480601821755115,16.34,0.606,0.07259084961396173,-1.4347064916565957,1.435,No,Minolta Finance Limited
SBL.BO,0.019533089155617838,0.26929504283313843,26.13,0.933,0.0725341578891261,-3.4760003695621178,3.476,No,Shivamshree Businesses Limited
SEKURITIND.BO,0.00765006588908966,0.10552964960679508,9.58,0.366,0.07249209978043053,1.0199244695644856,1.02,Yes,Saint-Gobain Sekurit India Limited
BEL.NS,0.004887220022919165,0.06753265467275953,6.02,0.234,0.07236824979857501,0.5601325940753371,0.56,Yes,Bharat Electronics Limited
STLNETWORK.BO,0.01879596617347777,0.2611231096574367,25.04,0.905,0.07198124362924409,2.6967072091530113,2.697,Yes,STL Networks Limited
LATIMMETAL.BO,0.010714669994284186,0.14892731283122823,13.64,0.516,0.07194563435403269,1.4966067832860896,1.497,Yes,La Tim Metal & Industries Limited
UMESLTD.BO,0.014861158904415412,0.2066958730070415,19.37,0.716,0.0718986726160185,-3.1985040996026575,3.199,No,Usha Martin Education & Solutions Limited
AMDIND.BO,0.009045224402324508,0.12666791267839772,11.41,0.439,0.07140896388882474,1.631406118120712,1.631,Yes,AMD Industries Limited
YUKEN.NS,0.012715649992219554,0.17812076822638226,16.37,0.617,0.07138780120271333,1.945598299751818,1.946,Yes,Yuken India Limited
MODWOOL.BO,0.007691062451172314,0.10792939489563717,9.63,0.374,0.07126012759183188,1.0033294447716279,1.003,Yes,Modella Woollens Limited
BOSCH-HCIL.BO,0.01150423010985793,0.16200080536888734,14.71,0.561,0.0710134130732374,2.131272327511165,2.131,Yes,Bosch Home Comfort India Limited
HASTIFIN.BO,0.013596080311840876,0.1919605134705674,17.59,0.665,0.07082748460102194,-0.14274477527241625,0.143,No,Hasti Finance Limited
STERPOW.BO,0.019605737319261154,0.2768409705266008,26.24,0.959,0.0708194935235473,3.980062065746555,3.98,Yes,Sterling Powergensys Limited
SHALPAINTS.BO,0.015818997310790228,0.22366860994118276,20.72,0.775,0.07072515591235662,2.8674615756395374,2.867,Yes,Shalimar Paints Limited
SSPDL.BO,0.022139581684542716,0.31327935906980797,30.05,1.085,0.07067041298309525,2.1799769986009236,2.18,Yes,SSPDL Limited
CLN.BO,0.013969624013794686,0.19815241735647013,18.11,0.686,0.07049938729066202,2.676264938230904,2.676,Yes,CLN Energy Limited
URBANCO.NS,0.011629551002541953,0.1650406022229953,14.88,0.572,0.07046478773040732,0.3626953857218083,0.363,Yes,Urban Company Limited
SHALPAINTS.NS,0.015477434828579112,0.2198915336612134,20.24,0.762,0.07038667915439244,2.8355560285511165,2.836,Yes,Shalimar Paints Limited
REGAAL.BO,0.011568386783040537,0.1648099484273833,14.8,0.571,0.07019228446720659,1.7221130167311145,1.722,Yes,Regaal Resources Limited
ORIENTLTD.BO,0.007921491296433061,0.11297435503316426,9.93,0.391,0.07011760584167674,1.5814532386095905,1.581,Yes,Orient Press Limited
FIVESTAR.NS,0.011686148343426751,0.1668677676693612,14.96,0.578,0.07003238855919841,2.7418526798575917,2.742,Yes,Five-Star Business Finance Limited
URBANCO.BO,0.011654695294518392,0.16667074473722648,14.92,0.577,0.06992646077686407,0.378698939318836,0.379,Yes,Urban Company Limited
INDHOTEL.NS,0.005092954658131151,0.07306738248857635,6.29,0.253,0.06970216373807293,1.318718667432629,1.319,Yes,The Indian Hotels Company Limited
HEROMOTOCO.NS,0.005209635310438127,0.07486111588074622,6.43,0.259,0.06959067132711565,0.8919319248768924,0.892,Yes,Hero MotoCorp Limited
FIVESTAR.BO,0.011568217943147842,0.16646260530552517,14.8,0.577,0.06949439438314421,2.734807306680848,2.735,Yes,Five-Star Business Finance Limited
BOSCH-HCIL.NS,0.010909302106757113,0.15826081345553109,13.91,0.548,0.06893242786106658,2.0405026840078033,2.041,Yes,Bosch Home Comfort India Limited
MSRINDIA.BO,0.01646955987065894,0.23931846491136305,21.66,0.829,0.06881859231697315,-1.205066561080575,1.205,No,MSR India Limited
ATLANTAA.NS,0.010648823457534574,0.15635668910684355,13.55,0.542,0.06810596667378836,1.9871848164800188,1.987,Yes,Atlantaa Limited
AUTOAXLES.BO,0.007399387024457918,0.10901445426288746,9.25,0.378,0.06787528382809088,1.855385470603174,1.855,Yes,Automotive Axles Limited
ATLANTAA.BO,0.010786756891232615,0.15965408657044416,13.74,0.553,0.06756329964954061,2.0613615095839646,2.061,Yes,Atlantaa Limited
PRITIKAUTO.NS,0.008551386911957955,0.12707145799215275,10.76,0.44,0.06729589041534444,1.8805989066902953,1.881,Yes,Pritika Auto Industries Limited
CONSUMER.NS,0.00446324155720596,0.06660485262608005,5.49,0.231,0.06701075644236641,1.2310038920378075,1.231,Yes,Mirae Asset Nifty India New Age Consumption ETF
SUBSM.BO,0.01748676842608309,0.2619829352989981,23.12,0.908,0.06674773838275246,2.2640308031548524,2.264,Yes,Subhash Silk Mills Limited
ADARSHPL.BO,0.008897206291966232,0.1334471202930656,11.21,0.462,0.06667214903121865,1.6676320849634467,1.668,Yes,Adarsh Plant Protect Limited
NEWLIGHT.BO,0.013724489102300874,0.20616686532828904,17.77,0.714,0.06656981023816186,2.4805970054578905,2.481,Yes,New Light Industries Limited
LOTUSDEV.BO,0.012871936198990236,0.19431452259033768,16.59,0.673,0.06624279043788925,2.9327260769112096,2.933,Yes,Sri Lotus Developers and Realty Limited
SICALLOG.NS,0.011917674863013828,0.18192974345757804,15.28,0.63,0.06550701736020842,0.7039674843376686,0.704,Yes,Sical Logistics Limited
CRANESSOFT.BO,0.013817872910337486,0.21159398095911036,17.9,0.733,0.06530371444265105,0.8849031998248935,0.885,Yes,Cranes Software International Limited
LOTUSDEV.NS,0.012626681487529835,0.19452581369751096,16.25,0.674,0.06491005613869023,2.93721708396475,2.937,Yes,Sri Lotus Developers and Realty Limited
ONTIC.BO,0.020260742366939536,0.3127229674449453,27.21,1.083,0.06478814950010484,2.8367075484708133,2.837,Yes,Ontic Finserve Limited
TTKHLTCARE.NS,0.007506036830228849,0.11614394959555988,9.39,0.402,0.06462701549556914,1.772046582532745,1.772,Yes,TTK Healthcare Limited
CRIMSON.BO,0.009975177442009743,0.1543773917178369,12.65,0.535,0.06461553295473382,0.1714409187220572,0.171,Yes,Crimson Metal Engineering Company Limited
ASPINWALL.NS,0.005649144380131751,0.08760971362661212,6.99,0.303,0.06448079951736974,0.4667478960321146,0.467,Yes,Aspinwall and Company Limited
JUBLCPL.NS,0.009511428757678424,0.14754174391186534,12.03,0.511,0.06446601826368621,1.3774849759114276,1.377,Yes,Jubilant Agri and Consumer Products Limited
LEENEE.BO,0.009037571453676119,0.14045136711851713,11.4,0.487,0.0643466250211003,0.7851754267521516,0.785,Yes,Lee & Nee Softwares (Exports) Ltd.
PRITIKAUTO.BO,0.008125128528272331,0.12654446169999836,10.2,0.438,0.06420769758802045,1.8739617845113785,1.874,Yes,Pritika Auto Industries Limited
SAKHTISUG.BO,0.010246927474262757,0.15980888322950712,13.01,0.554,0.0641198866244925,1.6378735061045688,1.638,Yes,Sakthi Sugars Limited
TTKHLTCARE.BO,0.007529008671287986,0.11742171647502359,9.42,0.407,0.06411938862169042,1.7788377714582573,1.779,Yes,TTK Healthcare Limited
LINDEINDIA.BO,0.0035503539267307195,0.055461878545773974,4.34,0.192,0.06401431072697132,0.005741127399389125,0.006,Yes,Linde India Limited
BIL.BO,0.006651656149623259,0.1039824774471319,8.28,0.36,0.06396901009600563,0.9746978688603702,0.975,Yes,Bhartiya International Ltd.
LINDEINDIA.NS,0.0035075811312210575,0.05488946429234147,4.29,0.19,0.06390263006648542,-0.03122369053637398,0.031,No,Linde India Limited
ICEMAKE.NS,0.007661303583859625,0.11991227701362471,9.59,0.415,0.06389090237181577,1.5108076431984905,1.511,Yes,Ice Make Refrigeration Limited
SAKHTISUG.NS,0.010152634934005778,0.16003647785545466,12.89,0.554,0.06343950498070611,1.70493676744465,1.705,Yes,Sakthi Sugars Limited
AERONEU.BO,0.006264650396531447,0.09888826343036419,7.78,0.343,0.06335079795331759,-0.19345070640426137,0.193,No,Aeroflex Neu Limited
PREMIERENE.NS,0.007044910680943472,0.11281100648639217,8.79,0.391,0.06244878846811162,-0.45788073528146533,0.458,No,Premier Energies Limited
SHANTIGEAR.NS,0.006448516664801237,0.10334908392585557,8.02,0.358,0.0623954893439357,0.3383423600631315,0.338,Yes,Shanthi Gears Limited
SHUBHAM.BO,0.015313187483841783,0.24640224705229824,20.01,0.854,0.06214710972417228,2.3945007840779127,2.395,Yes,Shubham Polyspin Limited
PATELSAI.BO,0.01723938478558848,0.27947282478153096,22.77,0.968,0.06168537065836302,3.4414293047235205,3.441,Yes,Patels Airtemp (India) Limited
DENORA.NS,0.009201212681671837,0.14958650146429278,11.62,0.518,0.06151098255258161,1.3488173284089318,1.349,Yes,De Nora India Limited
FAALCON.BO,0.00925834845757029,0.15100925032511273,11.69,0.523,0.061309810078771274,0.9306016193086865,0.931,Yes,Faalcon Concepts Limited
LGEINDIA.BO,0.004896552610398691,0.07992911187849151,6.04,0.277,0.06126119126461014,0.8305227672185385,0.831,Yes,LG Electronics India Limited
NAPSGLOBAL.BO,0.007995020109575278,0.1307376630138018,10.03,0.453,0.06115315147350656,1.162528545289991,1.163,Yes,NAPS Global India Limited
HINDBIO.BO,0.009306540289643008,0.15306206987940388,11.76,0.53,0.06080239406781537,-0.6028566574034814,0.603,No,Hindustan Bio Sciences Limited
NAUKRI.BO,0.006508013609808796,0.10725964766477943,8.1,0.372,0.06067532153516309,0.6441518343053418,0.644,Yes,Info Edge (India) Limited
LGEINDIA.NS,0.004893956331647284,0.08067311629717346,6.03,0.279,0.06066402980665262,0.8428823516156355,0.843,Yes,LG Electronics India Limited
SHAH.BO,0.00931000913677208,0.1535294567679954,11.76,0.532,0.06063988847977762,1.05318174283279,1.053,Yes,Shah Metacorp Limited
OPTIEMUS.NS,0.013372403331079863,0.22109479367656876,17.28,0.766,0.06048266948629215,3.3751203626796213,3.375,Yes,Optiemus Infracom Limited
OPTIEMUS.BO,0.013329979754031844,0.22053699819286715,17.22,0.764,0.060443281006184374,3.357979415378237,3.358,Yes,Optiemus Infracom Limited
DACHEPALLI.BO,0.01438397580115586,0.23928045394737696,18.69,0.829,0.06011345918091251,3.439182900415414,3.439,Yes,Dachepalli Publishers Limited
GHVINFRA.BO,0.014867585406196177,0.24748792348276358,19.37,0.857,0.06007398339673587,2.120408830241104,2.12,Yes,GHV Infra Projects Limited
CRSTCHM.BO,0.011125942682460364,0.185457747582324,14.2,0.642,0.059991792348937055,2.4449263103043024,2.445,Yes,Crestchem Limited
SHANTIGEAR.BO,0.00631809482994573,0.10532610297210974,7.85,0.365,0.059986030543812636,0.32662850297909507,0.327,Yes,Shanthi Gears Limited
AMANAYA.BO,0.01024029128443734,0.17158468804393961,13.0,0.594,0.05968068247333931,0.0766463877977284,0.077,Yes,Amanaya Ventures Limited
CHOICEIN.NS,0.005391634373136261,0.09064463199047536,6.67,0.314,0.059481011227480035,1.5820991097178874,1.582,Yes,Choice International Limited
SELECTIPO.NS,0.0038161700613036447,0.06461490505931793,4.68,0.224,0.0590602130855151,1.0687207543100028,1.069,Yes,Mirae Asset BSE Select IPO ETF
CHOICEIN.BO,0.005347928336863607,0.09061770409761079,6.61,0.314,0.059016374229730786,1.58376599315698,1.584,Yes,Choice International Limited
MUNOTHFI.BO,0.01599848355322625,0.27162384442189663,20.98,0.941,0.058899407698452234,2.7482321120563613,2.748,Yes,Munoth Financial Services Limited
SHAH.NS,0.008931166689577578,0.15271690796029724,11.26,0.529,0.058481845978046315,1.1055766052947382,1.106,Yes,Shah Metacorp Limited
RANEHOLDIN.BO,0.007540736813986653,0.12918540724009986,9.43,0.448,0.0583714289027373,1.21767342396494,1.218,Yes,Rane Holdings Limited
PARAGMILK.BO,0.009030488225741403,0.15506296211941423,11.39,0.537,0.05823755784303288,1.907002192970946,1.907,Yes,Parag Milk Foods Limited
CEATLTD.NS,0.004570045855705934,0.07901471238433982,5.62,0.274,0.05783791040681793,1.1027053163169167,1.103,Yes,CEAT Limited
BIL.NS,0.006049904373999566,0.10477104100330223,7.51,0.363,0.057744051372066466,0.9614585840676309,0.961,Yes,Bhartiya International Ltd.
DENORA.BO,0.008134113162155503,0.14191440959286114,10.21,0.492,0.05731703486271405,1.2800222104117314,1.28,Yes,De Nora India Limited
BENGALT.BO,0.004687310293333272,0.08225146950470198,5.77,0.285,0.0569875568370887,1.0907347155006222,1.091,Yes,Bengal Tea & Fabrics Limited
EXPLEOSOL.NS,0.007653089091358245,0.13578382843374406,9.58,0.47,0.05636230160569218,1.7237242981825214,1.724,Yes,Expleo Solutions Limited
EPACKPEB.NS,0.01545497939502041,0.27485324368262326,20.21,0.952,0.05622993270134546,4.678620845899749,4.679,Yes,EPack Prefab Technologies Limited
UMESLTD.NS,0.011159188784057682,0.1995830331112643,14.24,0.691,0.05591251225166328,-3.190221500100787,3.19,No,Usha Martin Education & Solutions Limited
PARAGMILK.NS,0.008511681859243067,0.15289099184185054,10.71,0.53,0.05567157199194245,1.9002427422275194,1.9,Yes,Parag Milk Foods Limited
EPACKPEB.BO,0.015243767779879657,0.27437765462414476,19.91,0.95,0.05555761383251591,4.673667538996973,4.674,Yes,EPack Prefab Technologies Limited
LUXIND.BO,0.012948855069477194,0.2331633119297328,16.69,0.808,0.05553555987135541,2.595902385687321,2.596,Yes,Lux Industries Limited
JMGCORP.BO,0.00618874472821535,0.11144696758865605,7.68,0.386,0.0555308489958886,-0.8915925238133031,0.892,No,Panthaora Limited
LUXIND.NS,0.012849338763339314,0.2314487623747024,16.56,0.802,0.05551699059222863,2.580908993113423,2.581,Yes,Lux Industries Limited
INDAG.BO,0.006365796333738289,0.11500182298850041,7.91,0.398,0.05535387325446863,1.21503602230345,1.215,Yes,Indag Rubber Limited
VINEETLAB.NS,0.008153541846202761,0.14743127587804994,10.24,0.511,0.05530401739822892,1.7778452205642803,1.778,Yes,Vineet Laboratories Limited
SUPERIOR.BO,0.006324431737864631,0.11435965268124929,7.86,0.396,0.05530299882505328,-0.18185339221967356,0.182,No,Superior Finlease Limited
LIBORD.BO,0.009254190160697754,0.1675427213581452,11.69,0.58,0.05523480868450067,0.6776342886960405,0.678,Yes,Libord Securities Limited
MCFL.BO,0.007861239238117719,0.1423636757190631,9.85,0.493,0.055219417442065,1.484221349214845,1.484,Yes,Mayank Cattle Food Limited
EXPLEOSOL.BO,0.0074252407916026684,0.13480291031153233,9.28,0.467,0.055082199445418374,1.6918727567805953,1.692,Yes,Expleo Solutions Limited
ELGIRUBCO.NS,0.013440305139088676,0.24427171669798506,17.38,0.846,0.055021945728191385,3.049413045581406,3.049,Yes,Elgi Rubber Company Limited
PATELRMART.NS,0.010131508485935397,0.18432988136796502,12.86,0.639,0.05496400480891411,2.4580351333444805,2.458,Yes,Patel Retail Limited
OILCOUNTUB.NS,0.013947804704804355,0.2540218326033756,18.08,0.88,0.05490789733251853,3.4194682955542515,3.419,Yes,Oil Country Tubular Limited
JUSTO.BO,0.011480199779898772,0.2093837443098057,14.68,0.725,0.05482851506806845,2.679897908561373,2.68,Yes,Justo Realfintech Limited
GREENPLY.BO,0.010195946106885366,0.1861381206888778,12.95,0.645,0.054776238575694386,2.7516212215119307,2.752,Yes,Greenply Industries Limited
NAUKRI.NS,0.005830834303251014,0.10662228180815343,7.23,0.369,0.054686827221935595,0.707717687769347,0.708,Yes,Info Edge (India) Limited
A2ZINFRA.NS,0.007322537710835736,0.13396256646006488,9.15,0.464,0.05466107364417083,0.9882955898416715,0.988,Yes,A2Z Infra Engineering Limited
MASFIN.NS,0.004845975447726797,0.08897414451866557,5.97,0.308,0.05446498501269857,1.4777060420845622,1.478,Yes,MAS Financial Services Limited
TEJASNET.NS,0.00950572591498655,0.17482728723081742,12.02,0.606,0.05437209525785596,0.45076795899515676,0.451,Yes,Tejas Networks Limited
GREENPLY.NS,0.010102879312776257,0.1859460340473844,12.82,0.644,0.05433231939865817,2.7414901591828413,2.741,Yes,Greenply Industries Limited
TEJASNET.BO,0.0094654989233251,0.17449064850354815,11.97,0.604,0.05424645391889082,0.42086776701286593,0.421,Yes,Tejas Networks Limited
BPCL.NS,0.005382868404809552,0.0997801954537498,6.65,0.346,0.05394726258383231,1.7199432906272898,1.72,Yes,Bharat Petroleum Corporation Limited
DELHIVERY.BO,0.00326289752521723,0.060627665637523635,3.99,0.21,0.05381862374060728,0.602756621156055,0.603,Yes,Delhivery Limited
SUNLOC.BO,0.004368926854393188,0.08128472620872026,5.37,0.282,0.053748435384709296,0.3305930444122902,0.331,Yes,Sunil Healthcare Limited
INDOSTAR.NS,0.004746562758308779,0.08873120077439674,5.85,0.307,0.05349372843918949,0.8497770667968103,0.85,Yes,IndoStar Capital Finance Limited
VINEETLAB.BO,0.007801643609419567,0.14610934191012778,9.77,0.506,0.053395926006007045,1.7637123989153436,1.764,Yes,Vineet Laboratories Limited
SHRYDUS.BO,0.010272211551752779,0.19259280154415914,13.05,0.667,0.05333642519031267,2.1961605755491167,2.196,Yes,Shrydus Industries Limited
ABMKNO.BO,0.010684180156309201,0.20075938491166137,13.6,0.695,0.053218832887989176,2.3221065817181694,2.322,Yes,ABM Knowledgeware Limited
GMMPFAUDLR.NS,0.007462042881644254,0.14052281250474233,9.33,0.487,0.05310200350133489,1.8158148626716961,1.816,Yes,GMM Pfaudler Limited
7SEASL.BO,0.004277030530732708,0.08067598599713874,5.25,0.279,0.05301491488290453,0.10117470889986155,0.101,Yes,7Seas Entertainment Limited
GMMPFAUDLR.BO,0.00732537770613536,0.1391819573474912,9.15,0.482,0.05263166178821815,1.7980088531419771,1.798,Yes,GMM Pfaudler Limited
RANEHOLDIN.NS,0.006888481752554605,0.13109916107746497,8.59,0.454,0.05254405669677994,1.1952070254852325,1.195,Yes,Rane Holdings Limited
ONGC.NS,0.003909176967245138,0.0744961708863013,4.79,0.258,0.052474871134134696,0.05397554456734084,0.054,Yes,Oil and Natural Gas Corporation Limited
EPSOMPRO.BO,0.010513357979681866,0.2009662852851811,13.37,0.696,0.052314038470497135,1.5963453569201809,1.596,Yes,Epsom Properties Limited
SHIVATEX.NS,0.008003643744066013,0.15306193354317033,10.04,0.53,0.05229023022767857,2.3410670025155165,2.341,Yes,Shiva Texyarn Limited
CEETAIN.BO,0.005455993176267228,0.10560982997783787,6.75,0.366,0.051661793011239236,0.2057814735947694,0.206,Yes,Ceeta Industries Ltd.
ARIS.NS,0.009519960873940718,0.18456220916615787,12.04,0.639,0.051581311889099014,2.34280199511076,2.343,Yes,Arisinfra Solutions Limited
A2ZINFRA.BO,0.0067324050151278325,0.13154131879459036,8.38,0.456,0.051180914687657085,0.8700801900144173,0.87,Yes,A2Z Infra Engineering Limited
KIRLOSBROS.NS,0.007145366630024457,0.14103990100988958,8.92,0.489,0.05066202244089374,1.7321577756096458,1.732,Yes,Kirloskar Brothers Limited
ARIS.BO,0.00941920991676571,0.18632335216025217,11.91,0.645,0.050553029491786285,2.383053401852008,2.383,Yes,Arisinfra Solutions Limited
BCPL.NS,0.006632223830600604,0.1314936585112735,8.26,0.456,0.050437594525001336,2.542700751287854,2.543,Yes,BCPL Railway Infrastructure Limited
JUMBO.BO,0.009807326465254349,0.19461537732722936,12.42,0.674,0.05039337898137492,2.0224023882129067,2.022,Yes,Jumbo Bag Limited
BTTL.BO,0.006437488366380985,0.12779645286710456,8.0,0.443,0.05037298158091543,1.2866026525534087,1.287,Yes,Bhilwara Technical Textiles Limited
AGARWALEYE.NS,0.0039221845155053845,0.07828460181832408,4.81,0.271,0.0501016090572657,0.8547742664401254,0.855,Yes,Dr. Agarwal's Health Care Limited
CAPRIHANS.BO,0.012266772015119205,0.24656219964554485,15.76,0.854,0.049751227206578236,2.125870929033396,2.126,Yes,Caprihans India Limited
KAIRA.BO,0.006421815760226882,0.12949264597871948,7.98,0.449,0.04959212711803131,2.0133737268985357,2.013,Yes,Kaira Can Company Limited
PREMIERENE.BO,0.005564112146468044,0.11239649211721066,6.89,0.389,0.04950432208031555,-0.4352795094334396,0.435,No,Premier Energies Limited
BRIGADE.BO,0.006919162476219979,0.14004357318943234,8.63,0.485,0.04940721176016164,1.6318922247593262,1.632,Yes,Brigade Enterprises Limited
TIJARIA.BO,0.0071694529208175236,0.14528489770206138,8.95,0.503,0.04934754426795318,1.0286290769892419,1.029,Yes,Tijaria Polypipes Limited
BRIGADE.NS,0.006893833658955214,0.1399392339076631,8.59,0.485,0.049263051300566726,1.6608635444278732,1.661,Yes,Brigade Enterprises Limited
PANCHMAHQ.BO,0.00422584132334513,0.08592979659114496,5.19,0.298,0.049177834592716844,1.3532267281404236,1.353,Yes,Panchmahal Steel Limited
REPCOHOME.NS,0.00446717991258826,0.09168105347906852,5.49,0.318,0.04872522449371888,1.3840913226517886,1.384,Yes,Repco Home Finance Limited
REALECO.BO,0.005156028305572231,0.10603851385852289,6.37,0.367,0.048624109466975644,1.016947853000399,1.017,Yes,Real Eco-Energy Limited
VIDHIING.NS,0.0041150105584796875,0.08488771552195441,5.05,0.294,0.04847592532296887,0.9720912876238259,0.972,Yes,Vidhi Specialty Food Ingredients Limited
JASH.NS,0.006149838636422428,0.12713219303688755,7.63,0.44,0.048373574698251647,1.844886520342553,1.845,Yes,Jash Engineering Limited
SUPERSHAKT.BO,0.004636166486924632,0.09677275934337479,5.71,0.335,0.04790776369695437,1.309718139571498,1.31,Yes,Supershakti Metaliks Limited
HCC.NS,0.011487309375256076,0.24045577296383386,14.69,0.833,0.047773065431803305,2.495161444740387,2.495,Yes,Hindustan Construction Company Limited
ADROITINFO.BO,0.005966493620591846,0.1255231236916804,7.4,0.435,0.04753302375781541,1.9678480295695269,1.968,Yes,Adroit Infotech Limited
DELHIVERY.NS,0.0028635890469678902,0.060248942859774626,3.49,0.209,0.047529282856177274,0.5948555371306585,0.595,Yes,Delhivery Limited
JASH.BO,0.0059457365257225316,0.125829616866935,7.37,0.436,0.04725228188535419,1.8597429364357667,1.86,Yes,Jash Engineering Limited
REPCOHOME.BO,0.0043666193342941145,0.09249957039467192,5.37,0.32,0.04720691475282394,1.3600808369245916,1.36,Yes,Repco Home Finance Limited
GPIL.NS,0.0048824021672215934,0.10375040221118256,6.02,0.359,0.047059115561629616,0.30991417641940844,0.31,Yes,Godawari Power & Ispat Limited
BAJAJFINSV.NS,0.003703230166301839,0.07897127906553278,4.54,0.274,0.04689337959473577,1.3286147551282192,1.329,Yes,Bajaj Finserv Ltd.
LOWVOLIETF.NS,0.0020728717252097534,0.04435564749221921,2.52,0.154,0.04673298311276761,0.8754736062242183,0.875,Yes,ICICI PR NIF LW VL 30 ETF
AGARWALEYE.BO,0.0035699158219198637,0.0764177843999569,4.37,0.265,0.046715772381407554,0.8605441660637644,0.861,Yes,Dr. Agarwal's Health Care Limited
SIHORA.BO,0.0044696020437262635,0.09573109622097305,5.5,0.332,0.04668913467165594,1.305042217480029,1.305,Yes,Sihora Industries Limited
RCL.BO,0.01049173523558074,0.22572902285132157,13.34,0.782,0.04647933660923706,-2.822105504693877,2.822,No,Radhagobind Commercial Limited
MOPSE.NS,0.0023273346479528024,0.05010925901226601,2.83,0.174,0.0464452018215457,0.7057173715845808,0.706,Yes,Motilal Oswal Nifty PSE ETF
INDOSTAR.BO,0.004068430446524898,0.08819844397189155,4.99,0.306,0.04612814312031954,0.8270784335814375,0.827,Yes,IndoStar Capital Finance Limited
GREAVESCOT.NS,0.008229362445194816,0.1787193846137909,10.33,0.619,0.04604627787286929,2.6832397090017075,2.683,Yes,Greaves Cotton Limited
MOTISONS.NS,0.009718280965325305,0.21121754700549492,12.31,0.732,0.046010765218632524,2.5704407809089664,2.57,Yes,Motisons Jewellers Limited
GPIL.BO,0.004767014391168451,0.10371108554851997,5.87,0.359,0.045964366932966495,0.2852354094081816,0.285,Yes,Godawari Power & Ispat Limited
MANORG.BO,0.006551010698328735,0.143126337448667,8.15,0.496,0.04577082607649544,1.0967331271207845,1.097,Yes,Mangalam Organics Limited
NIKKIGL.BO,0.00563153868066168,0.12417176748932875,6.97,0.43,0.04535281082429346,-0.9646526660603723,0.965,No,Nikki Global Finance Limited
BAJAJFINSV.BO,0.0035782635452705934,0.07919466980142184,4.38,0.274,0.0451831361156373,1.3302960777549322,1.33,Yes,Bajaj Finserv Ltd.
WPIL.BO,0.0050330248505055,0.11164691731651756,6.21,0.387,0.045079837146214614,1.4763649266339056,1.476,Yes,WPIL Limited
HCLTECH.NS,0.005391637561870374,0.12012558462386409,6.67,0.416,0.044883340869912185,0.39031203591322605,0.39,Yes,HCL Technologies Limited
MOTISONS.BO,0.009373745819889784,0.20963019414769107,11.85,0.726,0.04471562819469453,2.559364036781307,2.559,Yes,Motisons Jewellers Limited
TULASEEBIOE.BO,0.019733561098641873,0.4417197437769046,26.43,1.53,0.04467439225131971,3.587596462493207,3.588,Yes,Tulasee Bio-Ethanol Limited
ISFT.NS,0.00712741140349538,0.15998037480162625,8.9,0.554,0.04455178588207013,2.0122058703846726,2.012,Yes,IntraSoft Technologies Limited
LAXMIINDIA.BO,0.010487929579509973,0.2354193261205381,13.34,0.816,0.04454999405673263,3.307687531844172,3.308,Yes,Laxmi India Finance Limited
BIMETAL.BO,0.0029246850756309184,0.06568721928999388,3.57,0.228,0.04452441597077066,0.7697041709289669,0.77,Yes,Bimetal Bearings Limited
NIBE.NS,0.008368142448627554,0.18797351181118055,10.52,0.651,0.044517668303358376,1.1196028126596564,1.12,Yes,Nibe Limited
NIBE.BO,0.00833880633034738,0.18734505392646644,10.48,0.649,0.04451041623773206,1.1126112528958834,1.113,Yes,Nibe Limited
CITYONLINE.BO,0.012372258496106433,0.2790458357988352,15.9,0.967,0.04433772846202093,2.412928635596303,2.413,Yes,City Online Services Limited
NEERAJ.BO,0.0043205655348936495,0.09756880536008995,5.31,0.338,0.04428224286387497,1.058121918426128,1.058,Yes,Neeraj Paper Marketing Limited
KVFORGE.BO,0.004679168808983287,0.10582834819416088,5.76,0.367,0.04421470134257903,1.0296744328936067,1.03,Yes,Krishanveer Forge Limited
ETERNAL.NS,0.0034604268616053088,0.07828274329210616,4.23,0.271,0.04420421048216191,0.6818413215290783,0.682,Yes,Eternal Limited
LONGSPUR.BO,0.008179249059679056,0.18541461836072942,10.27,0.642,0.044113291238806716,2.414124598861613,2.414,Yes,Longspur International Ventures Limited
RAJPALAYAM.NS,0.001423652758502994,0.0329150647202355,1.72,0.114,0.04325231533352453,0.5613047352440299,0.561,Yes,Rajapalayam Mills Limited
PARKERAC.BO,0.007439009054304754,0.17208546388843374,9.3,0.596,0.04322857309509654,-0.28266196468253474,0.283,No,Parker Agrochem Exports Ltd.
SUYOG.NS,0.006489068092039822,0.1502079594726184,8.07,0.52,0.043200560841269685,1.4088218437918671,1.409,Yes,Suyog Telematics Limited
SIGMA.NS,0.007713371806891261,0.17918511750886865,9.66,0.621,0.04304694449029503,2.194288172859643,2.194,Yes,Sigma Solve Limited
LAXMIINDIA.NS,0.01015516136817161,0.2368357623831505,12.89,0.82,0.04287849633005464,3.279907223252569,3.28,Yes,Laxmi India Finance Limited
VIDHIING.BO,0.003905953083668727,0.0912647599963493,4.79,0.316,0.04279804257223675,1.0308717435469597,1.031,Yes,Vidhi Specialty Food Ingredients Limited
ETERNAL.BO,0.00332620705725494,0.07792415233140791,4.07,0.27,0.042685187554029856,0.6746018811056322,0.675,Yes,Eternal Limited
VELHO.BO,0.007931148822358666,0.18622998720527417,9.94,0.645,0.042587925507488036,-0.188243140125051,0.188,No,Velan Hotels Limited
SFL.NS,0.005963622500540169,0.14017268700191451,7.4,0.486,0.04254482544419454,1.2920168651257053,1.292,Yes,Sheela Foam Limited
RSDFIN.BO,0.005966588288809008,0.14042482344347015,7.4,0.486,0.04248955521180296,1.0535323496768292,1.054,Yes,RSD Finance Limited
INTECCAP.BO,0.0056534105827277135,0.13379971842386715,7.0,0.463,0.0422527838572735,0.30988388912609194,0.31,Yes,Intec Capital Limited
ADROITINFO.NS,0.005030935903676021,0.11937976789097808,6.21,0.414,0.04214228250360189,1.9577212286233492,1.958,Yes,Adroit Infotech Limited
BOROSCI.BO,0.006121881857125664,0.1458132595352151,7.6,0.505,0.041984397555060345,0.4512441638790215,0.451,Yes,Borosil Scientific Limited
CINELINE.BO,0.0031019244328059077,0.07452064222521074,3.79,0.258,0.04162503623400752,1.0741619172644892,1.074,Yes,Cineline India Limited
HDFCGROWTH.NS,0.0021950040369764392,0.052860857790072276,2.67,0.183,0.041524184978108315,0.8863706149714167,0.886,Yes,HDFC NIFTY Growth Sectors 15 ETF
DHYAANITR.BO,0.009198388215086107,0.22301128703772005,11.61,0.773,0.04124628998500105,2.0756065039945963,2.076,Yes,Dhyaani Tradeventtures Limited
DLINKINDIA.NS,0.003471215105432948,0.08440844091211774,4.25,0.292,0.04112402821238009,1.0379354691772062,1.038,Yes,D-Link (India) Limited
MADHURIND.BO,0.010544316646737441,0.25769470830660957,13.41,0.893,0.04091786252045049,-0.15118019562124052,0.151,No,Madhur Industries Limited
SAMBANDAM.BO,0.003172087095699813,0.07763709633447864,3.87,0.269,0.040857879099879334,0.618253900240654,0.618,Yes,Sambandam Spinning Mills Limited
BOROSCI.NS,0.0059326764580549755,0.14520935700523313,7.36,0.503,0.04085602044117013,0.4592696189353793,0.459,Yes,Borosil Scientific Limited
MOLDTKPAC.BO,0.00534253493956817,0.13083001739950814,6.6,0.453,0.04083569692767048,1.106635909273792,1.107,Yes,Mold-Tek Packaging Limited
SFL.BO,0.005709891569494133,0.13991662113977324,7.07,0.485,0.04080924426977187,1.2731400452838046,1.273,Yes,Sheela Foam Limited
ASCENSIVE.BO,0.0033306485048508385,0.08211993201973165,4.07,0.284,0.040558344642206416,0.7292862678212342,0.729,Yes,Ascensive Educare Limited
WIPL.NS,0.0029487738557789924,0.07298794108626439,3.6,0.253,0.040400836246275794,0.6724525629199948,0.672,Yes,The Western India Plywoods Limited
SPACEINCUBA.BO,0.008424997929890952,0.2106143109020739,10.59,0.73,0.0400020202511699,2.6133714633097265,2.613,Yes,Space Incubatrics Technologies Limited
MOLDTKPAC.NS,0.005209655634937391,0.13032604875366421,6.43,0.451,0.03997401658961074,1.062727484474998,1.063,Yes,Mold-Tek Packaging Limited
MARCLOIRE.BO,0.014410340779395913,0.3619526431681787,18.73,1.254,0.03981277952071827,2.2539922097461713,2.254,Yes,Marc Loire Fashions Limited
SUYOG.BO,0.006085312478863973,0.1536708280235457,7.55,0.532,0.039599659591419464,1.443696906083436,1.444,Yes,Suyog Telematics Limited
DLINKINDIA.BO,0.0033313806018986205,0.08534132327621968,4.07,0.296,0.039035961407771,1.0386155410427063,1.039,Yes,D-Link (India) Limited
JUBLCPL.BO,0.00535474379700824,0.13785940643520736,6.62,0.478,0.038842063341719954,1.3206045889447262,1.321,Yes,Jubilant Agri and Consumer Products Limited
NOCIL.NS,0.0038148828977757395,0.09827068211045183,4.68,0.34,0.038820152825315514,0.4645450116447412,0.465,Yes,NOCIL Limited
ORIENTLTD.NS,0.00438292816364717,0.11293295035522609,5.39,0.391,0.0388100031909274,1.6454744797355696,1.645,Yes,Orient Press Limited
MFSL.NS,0.0033304523961540863,0.0861703292597913,4.07,0.299,0.038649642223290634,0.9017830050740413,0.902,Yes,Max Financial Services Limited
SBVCL.BO,0.008126721366981348,0.21245857736008214,10.2,0.736,0.03825085090920052,2.763100337881918,2.763,Yes,Shri Balaji Valve Components Limited
SAMPANN.BO,0.0069878392626966344,0.1841006737103499,8.72,0.638,0.037956619722591414,1.9887250035854644,1.989,Yes,Sampann Utpadan India Limited
MANORG.NS,0.005253613120961523,0.1388184648560843,6.49,0.481,0.03784520399651475,0.8700792034439225,0.87,Yes,Mangalam Organics Limited
OCTAL.BO,0.004614754618780374,0.12239051191248239,5.68,0.424,0.037705166410940745,-0.5139093395842216,0.514,No,Octal Credit Capital Limited
KRT.BO,0.001468214798586045,0.039083094140611806,1.78,0.135,0.03756649341282327,0.5551017792972289,0.555,Yes,Knowledge Realty Trust
HCLTECH.BO,0.004467100084443915,0.1196795670405791,5.49,0.415,0.03732550338295659,0.40972248013607526,0.41,Yes,HCL Technologies Limited
SUMICHEM.NS,0.004834959153029049,0.12957518028490025,5.96,0.449,0.03731392958434093,0.7054989185499426,0.705,Yes,Sumitomo Chemical India Limited
RAMCOIND.NS,0.003907624330655776,0.10492650306790735,4.79,0.363,0.03724153780410276,1.446276784103318,1.446,Yes,Ramco Industries Limited
COSMOFE.BO,0.008440054249772096,0.22762887668556367,10.61,0.789,0.037078135132348825,2.349407475323115,2.349,Yes,Cosmo Ferrites Limited
SIGNPOST.BO,0.004559539260037258,0.12356987468310043,5.61,0.428,0.0368984695641261,0.6241667071463798,0.624,Yes,Signpost India Limited
LIKHITHA.NS,0.00743466042378271,0.20227674857188008,9.3,0.701,0.03675489385840491,1.4146626536713622,1.415,Yes,Likhitha Infrastructure Limited
3CIT.BO,0.00521227760068889,0.14289299475280226,6.44,0.495,0.03647678887062217,0.42737785837407966,0.427,Yes,3C IT Solutions & Telecoms (India) Limited
RAMCOIND.BO,0.0037994405114759725,0.10493174053052366,4.66,0.363,0.036208686640156806,1.4303727868186074,1.43,Yes,Ramco Industries Limited
DMCC.NS,0.005433049610927838,0.15016973902664588,6.72,0.52,0.03617939037613834,1.7841027834124428,1.784,Yes,DMCC Speciality Chemicals Limited
ADESHWAR.BO,0.004080780572139085,0.11291114262700701,5.01,0.391,0.03614152223770881,-0.2813101665254145,0.281,No,Adeshwar Meditex Limited
UNTTEMI.BO,0.0043056012085920334,0.11939686275279751,5.29,0.414,0.03606125914301841,-0.486794028605327,0.487,No,United Leasing & Industries Limited
VAARAD.BO,0.0040393235189179035,0.1127627964335365,4.96,0.391,0.03582142024385428,2.068799363605491,2.069,Yes,Vaarad Ventures Limited
GINNIFILA.NS,0.004771868604276527,0.13371224792519001,5.88,0.463,0.03568759540222759,1.646389296156441,1.646,Yes,Ginni Filaments Limited
SHEKHAWATI.NS,0.010722321822368541,0.30209386045339875,13.65,1.046,0.03549334569817441,3.699023172888395,3.699,Yes,Shekhawati Industries Limited
MFSL.BO,0.003067782092886714,0.08656089210713802,3.74,0.3,0.03544074024895288,0.8951396253628863,0.895,Yes,Max Financial Services Limited
COROENGG.BO,0.009605847461687083,0.27136906286636225,12.16,0.94,0.035397725003080235,-0.683644966810707,0.684,No,Coromandel Engineering Company Limited
SUMICHEM.BO,0.004544710814193967,0.1284393955359306,5.59,0.445,0.03538408753194884,0.6987680014966452,0.699,Yes,Sumitomo Chemical India Limited
VENLONENT.BO,0.006662656631986457,0.18890765147959893,8.29,0.654,0.035269384695653744,0.7684887476261455,0.768,Yes,Venlon Enterprises Limited
IOC.NS,0.003732532819148671,0.10636068835433245,4.57,0.368,0.035093161551512576,1.590599573786137,1.591,Yes,Indian Oil Corporation Limited
LIKHITHA.BO,0.007036883145803276,0.2005392222339496,8.78,0.695,0.035089809701136815,1.4031510706922967,1.403,Yes,Likhitha Infrastructure Limited
VADILENT.BO,0.001243865273623223,0.03584918959801135,1.5,0.124,0.034697165753845204,0.10758006832766927,0.108,Yes,Vadilal Enterprises Limited
PNGJL.NS,0.004619258453419103,0.13335898041419988,5.69,0.462,0.03463777571688191,1.6008500978061506,1.601,Yes,P N Gadgil Jewellers Limited
AMBER.NS,0.0057351614516622665,0.1662627421847534,7.1,0.576,0.03449456791281163,1.4242436684885196,1.424,Yes,Amber Enterprises India Limited
AMBER.BO,0.005711991766006746,0.16626238042032507,7.07,0.576,0.034355286815732806,1.4181136599629731,1.418,Yes,Amber Enterprises India Limited
ELFORGE.BO,0.004500271385704518,0.13106083193201878,5.54,0.454,0.0343372716269557,1.11227492542868,1.112,Yes,El Forge Limited
LUDLOWJUT.BO,0.00890468679620437,0.25970227591855866,11.22,0.9,0.03428805837264528,2.4353769762743465,2.435,Yes,Ludlow Jute & Specialities Limited
PNGJL.BO,0.0045947143518176,0.13453784475605635,5.66,0.466,0.034151835568265,1.668932046374848,1.669,Yes,P N Gadgil Jewellers Limited
RAJSREESUG.NS,0.004822083766809913,0.14160614392247323,5.94,0.491,0.03405278636391593,0.48135516016212304,0.481,Yes,Rajshree Sugars & Chemicals Limited
SAMPANN.NS,0.006156161824112963,0.18084769318999763,7.64,0.626,0.034040588052430015,2.1290870657109346,2.129,Yes,Sampann Utpadan India Limited
ALPINEHOU.BO,0.006539353501427674,0.19224878923123953,8.14,0.666,0.03401505688320382,1.6959832946812843,1.696,Yes,Alpine Housing Development Corporation Limited
APTPACK.BO,0.008344102153639416,0.24702369658646955,10.49,0.856,0.033778549462839084,-3.0080524617203865,3.008,No,APT Packaging Limited
MANBA.NS,0.003935536773226924,0.11684330433431539,4.83,0.405,0.03368217627572783,1.5932672595316062,1.593,Yes,Manba Finance Limited
NAM.BO,0.006293382872023485,0.18793911548840134,7.82,0.651,0.033486285468933584,-1.1440394842220725,1.144,No,Nam Securities Limited
PRABHA.NS,0.005315232459283317,0.15911460983775316,6.57,0.551,0.033405056045470505,0.8718634594667997,0.872,Yes,Prabha Energy Limited
KMFBLDR.BO,0.006666481700111756,0.19999496129372102,8.3,0.693,0.03333324828279589,1.650194646921194,1.65,Yes,KMF Builders and Developers Limited
VIMTALABS.BO,0.005478081459361217,0.16614660881830096,6.78,0.576,0.032971370877344135,1.8889263068095672,1.889,Yes,Vimta Labs Limited
DMCC.BO,0.0047163261907344255,0.1440186602272314,5.81,0.499,0.03274802156396294,1.7201860518859684,1.72,Yes,DMCC Speciality Chemicals Limited
PPL.BO,0.0073777216641133765,0.22670017701869527,9.22,0.785,0.03254396075528851,2.142624021310216,2.143,Yes,Prakash Pipes Limited
CHDCHEM.BO,0.0030995651598684946,0.09561033052636443,3.78,0.331,0.032418726541414825,0.3729147991628732,0.373,Yes,Chd Chemicals Limited
HARRMALAYA.NS,0.004173067167355463,0.13091065469452673,5.12,0.453,0.03187721562536754,1.4024397917531715,1.402,Yes,Harrisons Malayalam Limited
VIMTALABS.NS,0.005278421125013718,0.16581209231798608,6.52,0.574,0.03183375260044984,1.8930530771872691,1.893,Yes,Vimta Labs Limited
ACTIVE.BO,0.006099120473538693,0.1955320497558151,7.57,0.677,0.031192433573705255,1.8446823471189604,1.845,Yes,Active Clothing Co Limited
BLUEJET.NS,0.0054197745306180075,0.17472521603204014,6.7,0.605,0.0310188457836799,2.666765095581734,2.667,Yes,Blue Jet Healthcare Limited
CCDL.BO,0.00503909967605717,0.163439180142429,6.22,0.566,0.030831650474909683,2.4429880219390276,2.443,Yes,Consecutive Commodities Limited
BAJEL.NS,0.004347678277881913,0.1416852621110643,5.34,0.491,0.030685465891814864,1.5920556909092636,1.592,Yes,Bajel Projects Limited
IGIL.BO,0.001688345095679585,0.055312029664557984,2.04,0.192,0.030524012695224194,0.2996871614968343,0.3,Yes,International Gemological Institute Limited
VISIONCO.BO,0.004590469518464893,0.15217976379986248,5.65,0.527,0.030164782779542213,0.3495988090698861,0.35,Yes,Vision Corporation Limited
LKPSEC.BO,0.008457071871299793,0.28041924974281135,10.63,0.971,0.03015867091526798,3.568967021527803,3.569,Yes,LKP Securities Limited
PRABHA.BO,0.004692229695834479,0.15614347197692297,5.78,0.541,0.03005075803955455,0.8063696782920045,0.806,Yes,Prabha Energy Limited
ASHNOOR.BO,0.0026030516384608435,0.08767331032113868,3.17,0.304,0.02969035421299963,1.2296586337662296,1.23,Yes,Ashnoor Textile Mills Limited
BAJEL.BO,0.004217653972946093,0.14217936529088981,5.18,0.493,0.02966431847769924,1.599766476249669,1.6,Yes,Bajel Projects Limited
NATRAJPR.BO,0.002270012845980891,0.07654237643415232,2.76,0.265,0.029656942359684007,-0.24246638192452688,0.242,No,Natraj Proteins Limited
HTMEDIA.NS,0.0032281143051042615,0.10950145798843593,3.94,0.379,0.029480103410542458,1.4445116364867159,1.445,Yes,HT Media Limited
KIRLOSIND.NS,0.004257510961274582,0.14452533967357215,5.23,0.501,0.029458577789131524,1.8159014290200552,1.816,Yes,Kirloskar Industries Limited
OASISEC.BO,0.008387070917366467,0.28483354398914423,10.54,0.987,0.029445516844343732,2.7834244966095643,2.783,Yes,Oasis Securities Limited
IGIL.NS,0.0015881078564056906,0.054059731530679375,1.92,0.187,0.029376909789210207,0.31524472884600646,0.315,Yes,International Gemological Institute Limited
INDPRUD.BO,0.0027904623992245515,0.09499590448913943,3.4,0.329,0.029374554768764542,0.49234513190018486,0.492,Yes,Industrial And Prudential Investment Company Limited
JSWENERGY.BO,0.002208463632123636,0.07527195365189768,2.68,0.261,0.02933979423912506,0.5541005126443803,0.554,Yes,JSW Energy Limited
QGO.BO,0.0025667756441043574,0.08809932147236486,3.12,0.305,0.029135021714208183,1.1410375447343377,1.141,Yes,QGO Finance Limited
GINNIFILA.BO,0.0038763524939166767,0.1332360853949991,4.75,0.462,0.02909386359126829,1.543190668534517,1.543,Yes,Ginni Filaments Limited
BLUEJET.BO,0.005043546522040394,0.17361918308810156,6.22,0.601,0.029049477323488438,2.647997433722557,2.648,Yes,Blue Jet Healthcare Limited
UMIYA.BO,0.004859464127749754,0.1726205217874256,5.99,0.598,0.028151137984242486,0.5100887845445055,0.51,Yes,Umiya Tubes Limited
VBIND.BO,0.004419293464971708,0.1572181844622517,5.43,0.545,0.02810930224189675,1.8151040108896423,1.815,Yes,V. B. Industries Limited
DEEPAKFERT.NS,0.0043338112193775985,0.15451233314598367,5.33,0.535,0.028048319063844578,1.8033362793092782,1.803,Yes,Deepak Fertilisers And Petrochemicals Corporation Limited
GUJCONT.BO,0.002602414420926659,0.09289020633683744,3.17,0.322,0.02801602583904069,0.21565240126592783,0.216,Yes,Gujarat Containers Limited
SIGNPOST.NS,0.003344546497445551,0.11941706862219024,4.09,0.414,0.02800727346629963,0.616893789079226,0.617,Yes,Signpost India Limited
ASTALLTD.BO,0.0033130957464340472,0.11962395591088605,4.05,0.414,0.02769592195147049,0.9308573469806839,0.931,Yes,Astal Laboratories Limited
ENRIN.BO,0.0039954324835978945,0.14607468200912554,4.9,0.506,0.027351984811086517,0.8965910613780512,0.897,Yes,Siemens Energy India Limited
ENRIN.NS,0.00399148284617783,0.1472025919375827,4.9,0.51,0.027115574485742148,0.8977245331163548,0.898,Yes,Siemens Energy India Limited
MANBA.BO,0.0031496204257801916,0.11669125350444218,3.85,0.404,0.026991058294358734,1.5831645338102143,1.583,Yes,Manba Finance Limited
URSUGAR.BO,0.006450010186132908,0.2394667740963174,8.02,0.83,0.02693488568705824,2.525632789298022,2.526,Yes,UR Sugar Industries Limited
AMAL.BO,0.005788278974314906,0.2151891758820597,7.17,0.745,0.02689856007203322,2.497266268668068,2.497,Yes,Amal Ltd
CENTUPLE.BO,0.007128148514265387,0.2672724853257083,8.9,0.926,0.026669967563547583,2.2777235305064787,2.278,Yes,Centuple Global Limited
CPSEETF.NS,0.0012853653610675967,0.0486440499043659,1.55,0.169,0.026423896932813412,0.29548407289061723,0.295,Yes,CPSE ETF
PPL.NS,0.005930022666517847,0.22471879264383748,7.35,0.778,0.026388637090608128,2.180222671377074,2.18,Yes,Prakash Pipes Limited
WINSOMTX.BO,0.003717817391166088,0.14232218824809093,4.55,0.493,0.02612254235920911,1.8501032154054555,1.85,Yes,Winsome Textile Industries Limited
WAAREE.BO,0.008837457176215367,0.338963423044734,11.14,1.174,0.02607200829172964,3.6045658508537533,3.605,Yes,Waaree Technologies Limited
KANSHST.BO,0.0032301377850716168,0.12452682389087807,3.95,0.431,0.025939293110873545,1.9434607575476615,1.943,Yes,Kanishk Steel Industries Limited
MAHAVEER.BO,0.004697195441204994,0.18481006818854695,5.78,0.64,0.02541633952763234,0.3208196718963451,0.321,Yes,Mahaveer Infoway Limited
CPSEETF.BO,0.001239198235172785,0.048943400407095355,1.5,0.17,0.025319005726319288,0.298734870591946,0.299,Yes,CPSE ETF
BHAVIK.BO,0.0019482174022194376,0.07814932450653404,2.36,0.271,0.024929420881386475,-1.1789252335647176,1.179,No,Bhavik Enterprises Limited
PICCADIL.NS,0.0031233450056932233,0.12801391715155408,3.81,0.443,0.024398480065222394,1.216239270673039,1.216,Yes,Piccadily Agro Industries Limited
MEDICO.BO,0.004337309659606965,0.1777850393612866,5.33,0.616,0.02439637033121152,2.4283509881161347,2.428,Yes,Medico Remedies Limited
DIANATEA.BO,0.002773987532511896,0.11374855784102562,3.38,0.394,0.024387012768889837,1.0178694454428523,1.018,Yes,Diana Tea Company Limited
RAYMONDREL.NS,0.003648423649743407,0.14973395491596905,4.47,0.519,0.024366040767379107,1.0551529827812463,1.055,Yes,Raymond Realty Limited
BLBLIMITED.NS,0.003107540947677609,0.12770436301974494,3.79,0.442,0.02433386670741342,0.7839022507691531,0.784,Yes,BLB Limited
MCPL.BO,0.005128467166059203,0.213128276962766,6.33,0.738,0.024062819064385146,2.5003356923084605,2.5,Yes,Manoj Ceramic Limited
PICCADIL.BO,0.0030483276948091694,0.1270883177883764,3.72,0.44,0.023985900103620474,1.2364408797247834,1.236,Yes,Piccadily Agro Industries Limited
PROCLB.BO,0.007558806651696009,0.31872786780732076,9.46,1.104,0.023715549894323968,1.2308198435913829,1.231,Yes,Pro Clb Global Limited
SHEKHAWATI.BO,0.00701837176927822,0.3015638033166133,8.75,1.045,0.023273256578176253,3.6379530724335116,3.638,Yes,Shekhawati Industries Limited
RAYMONDREL.BO,0.003464910484174716,0.14920841137203375,4.24,0.517,0.023221951445722228,1.0348493622371622,1.035,Yes,Raymond Realty Limited
KZLFIN.BO,0.005749124270525253,0.2548892587026569,7.12,0.883,0.02255538071626604,-2.673782403884714,2.674,No,K Z Leasing and Finance Limited
GKB.BO,0.003004355205946253,0.13323916149836504,3.67,0.462,0.02254858986022003,1.1083083219951364,1.108,Yes,GKB Ophthalmics Limited
SAATVIKGL.NS,0.0028343866736538913,0.1259473354250005,3.45,0.436,0.022504538615997324,0.7481416499317998,0.748,Yes,Saatvik Green Energy Limited
DLF.NS,0.002019080334690196,0.09011962468877274,2.45,0.312,0.022404446774640603,1.5845844545228536,1.585,Yes,DLF Limited
ARIHANT.BO,0.0030452487917507136,0.1360006689734247,3.72,0.471,0.02239142509178225,1.0129259662468435,1.013,Yes,Arihant Foundations & Housing Limited
RHETAN.BO,0.0035641758802043818,0.16075624127156876,4.36,0.557,0.02217130639539741,1.2484526201073098,1.248,Yes,Rhetan TMT Limited
NWIL.BO,0.0040538425680512365,0.1830065683490349,4.97,0.634,0.0221513501106673,1.1067975682661906,1.107,Yes,Nurture Well Industries Limited
SAILANI.BO,0.002643888454643709,0.12233200223472356,3.22,0.424,0.02161240236688654,0.18070145354307948,0.181,Yes,Sailani Tours N Travels Limited
MEGACOR.BO,0.0063025015041067506,0.29175333731530323,7.83,1.011,0.021602157363826556,2.5106978621421048,2.511,Yes,Mega Corporation Limited
VINTAGES.BO,0.004649420763773676,0.21601762357265739,5.72,0.748,0.02152334002605045,1.6318582994956796,1.632,Yes,Vintage Securities Limited
KOVAI.BO,0.0015067648460629615,0.07004639801816606,1.82,0.243,0.021510954006117376,0.8896930741391327,0.89,Yes,Kovai Medical Center and Hospital Limited
CANTABIL.BO,0.002069299534858171,0.09864151753219852,2.51,0.342,0.020977977494949944,1.3415856013904208,1.342,Yes,Cantabil Retail India Limited
MANKIND.NS,0.0013772402992710123,0.06657527515311935,1.67,0.231,0.02068696368289035,0.793149470840603,0.793,Yes,Mankind Pharma Limited
ORISSAMINE.NS,0.0031941174460817065,0.15528716735335485,3.9,0.538,0.020569101108100677,2.5804032099804326,2.58,Yes,The Orissa Minerals Development Company Limited
DIVOPPBEES.NS,0.000996187023092016,0.048794354210980224,1.2,0.169,0.020416030485507348,0.8823365246705788,0.882,Yes,Nippon India Mutual Fund - Nippon India ETF Nifty Dividend Opportunities 50
SMARTWORKS.BO,0.0022858898913650227,0.11245376891179575,2.78,0.39,0.020327374649025624,1.1647033961425766,1.165,Yes,Smartworks Coworking Spaces Limited
PAUSHAKLTD.BO,0.004083361581017805,0.2017097696516102,5.01,0.699,0.02024374718225359,2.340504418950997,2.341,Yes,Paushak Limited
INTEGSW.BO,0.002332172890683604,0.11524167376225196,2.83,0.399,0.020237235494296683,-0.07999121959707882,0.08,No,Integra Switchgear Limited
MTEDUCARE.NS,0.004204248918803235,0.21566491093493373,5.16,0.747,0.01949435770787794,2.054524880157459,2.055,Yes,MT Educare Limited
RISHILASE.BO,0.0016228137729595556,0.08380284169764421,1.96,0.29,0.019364662821513542,0.9347341592910181,0.935,Yes,Rishi Laser Limited
WWALUM.BO,0.003129636627619024,0.16264423411616444,3.82,0.563,0.019242223031305013,0.8047117548954099,0.805,Yes,Worldwide Aluminium Limited
BRIJLEAS.BO,0.00443562140345717,0.2309820824247912,5.45,0.8,0.01920331376742795,-0.09707363108791398,0.097,No,Brijlaxmi Leasing & Finance Limited
UDS.BO,0.002900017572002739,0.15248811257472453,3.54,0.528,0.019017991127548574,1.6883401872213384,1.688,Yes,Updater Services Limited
SAATVIKGL.BO,0.0024052313078509187,0.1272894015565022,2.92,0.441,0.018895770413244233,0.7793097859845954,0.779,Yes,Saatvik Green Energy Limited
SHGANEL.BO,0.002409192872090383,0.1282689874595827,2.93,0.444,0.018782348873296554,0.4105146790946637,0.411,Yes,Shree Ganesh Elastoplast Limited
ARISE.BO,0.003805254088010768,0.20350144617398544,4.66,0.705,0.018698904403644537,2.6026652319364225,2.603,Yes,Arihant's Securities Limited
DARJEELING.BO,0.008299895545397794,0.4440540724859873,10.43,1.538,0.018691182132238433,-1.2352748095945718,1.235,No,Darjeeling Industriies Limited
LAHL.BO,0.0019529831378477928,0.10552810095740645,2.37,0.366,0.01850675905402734,1.0655624661235468,1.066,Yes,Ladam Affordable Housing Limited
ANJANI.BO,0.0027317753235795235,0.1476498958341205,3.33,0.511,0.018501708437698987,1.444790235178783,1.445,Yes,Anjani Synthetics Limited
LASTMILE.BO,0.010665323271139835,0.5773871801414293,13.58,2.0,0.018471700858559755,6.677092031775205,6.677,Yes,Last Mile Enterprises Limited
MUTHOOTFIN.BO,0.001604123207149976,0.08746456337439469,1.94,0.303,0.01834026427689896,0.8089618419117391,0.809,Yes,Muthoot Finance Limited
STYL.NS,0.0023605199328646156,0.1289476810400924,2.87,0.447,0.018306028567746657,0.8827913722939553,0.883,Yes,Seshaasai Technologies Limited
SADBHAV.NS,0.005170880869676783,0.2888753808842402,6.38,1.001,0.017900039989039038,2.684831766862114,2.685,Yes,Sadbhav Engineering Limited
NIVABUPA.NS,0.0011053579148541986,0.06234134401264701,1.33,0.216,0.017730736036585253,0.43823729702313163,0.438,Yes,Niva Bupa Health Insurance Company Limited
PANHR.BO,0.005693614110353545,0.325561246929782,7.05,1.128,0.017488611325971362,3.9628216607930797,3.963,Yes,PAN HR Solution Limited
CESC.NS,0.0018862356560330371,0.1080827094985661,2.29,0.374,0.017451779889530446,1.3366519464055957,1.337,Yes,CESC Limited
RELICTEC.BO,0.002356736830911386,0.1352495052837415,2.87,0.469,0.017425105001065703,-0.2566289893622651,0.257,No,Relic Technologies Limited
AGI.BO,0.0026877215795497707,0.1546893394118577,3.27,0.536,0.017374963198942613,2.0469507108813145,2.047,Yes,AGI Greenpac Limited
STCORP.BO,0.0037127395400748183,0.21422713555846595,4.55,0.742,0.01733085554449545,2.334404531695407,2.334,Yes,S & T Corporation Limited
KONNDOR.BO,0.004318071496903542,0.24960128158676423,5.31,0.865,0.017299877105809377,1.208481457671298,1.208,Yes,Konndor Industries Limited
RHETAN.NS,0.0027728497654814876,0.16043233225138903,3.38,0.556,0.017283609398238864,1.2424986950984809,1.242,Yes,Rhetan TMT Limited
ABSLPSE.NS,0.0008676282680743541,0.05045711761499838,1.05,0.175,0.017195359328580663,0.723062626266121,0.723,Yes,Aditya Birla Sun Life Nifty PSE ETF
PWL.NS,0.0025664502054907595,0.15042216329212302,3.12,0.521,0.01706164935619666,1.3744970144713284,1.374,Yes,Physicswallah Limited
NIVABUPA.BO,0.0009976029843811905,0.06090075132751686,1.2,0.211,0.01638079929451449,0.4282820671262535,0.428,Yes,Niva Bupa Health Insurance Company Limited
CINELINE.NS,0.001319814803558011,0.08134159701224616,1.6,0.282,0.016225582629749817,1.165747137537535,1.166,Yes,Cineline India Limited
IOC.BO,0.001715472720663311,0.1067547646109122,2.08,0.37,0.01606928484096868,1.5984542912926474,1.598,Yes,Indian Oil Corporation Limited
PWL.BO,0.0023989849989723144,0.1494839830079145,2.92,0.518,0.016048441784196364,1.3622132986600168,1.362,Yes,Physicswallah Limited
CIEINDIA.BO,0.0011387488826079513,0.07215534077961266,1.38,0.25,0.015781907067504312,0.5845130451284004,0.585,Yes,CIE Automotive India Limited
JINDALPHOT.NS,0.002257673861030263,0.1441477234139994,2.74,0.499,0.015662223499334167,2.3614855414743285,2.361,Yes,Jindal Photo Limited
BTML.NS,0.0021931456685025637,0.14099610983582042,2.66,0.488,0.015554653749357484,1.8378911615072315,1.838,Yes,Bodhi Tree Multimedia Limited
BTML.BO,0.0021581793594027602,0.1432332905116084,2.62,0.496,0.01506758206625051,1.8097721296548959,1.81,Yes,Bodhi Tree Multimedia Limited
MANINFRA.NS,0.0032633128479195054,0.21684264563709524,3.99,0.751,0.015049220776345532,2.7043850751404674,2.704,Yes,Man Infraconstruction Limited
REGENTRP.BO,0.0016949718385095305,0.11334520184809223,2.05,0.393,0.014954067846481667,1.3854927005630473,1.385,Yes,Regent Enterprises Limited
ELDEHSG.NS,0.001760343333922984,0.11808313869640993,2.13,0.409,0.01490766042769918,1.0376488943174562,1.038,Yes,Eldeco Housing and Industries Limited
TOTEM.BO,0.002730776154678417,0.18504304296265855,3.33,0.641,0.014757518634350842,1.3823474961737516,1.382,Yes,Forbes Precision Tools and Machine Parts Limited
AGI.NS,0.002266841840733162,0.15408898709957217,2.75,0.534,0.014711251487871295,2.047556860893228,2.048,Yes,AGI Greenpac Limited
MEDICO.NS,0.002540446078586475,0.17803798100534413,3.09,0.617,0.014269124285959068,2.3180564994660093,2.318,Yes,Medico Remedies Limited
SANPA.BO,0.0017134745777007939,0.12190042874044292,2.08,0.422,0.014056345784880034,0.641542506762129,0.642,Yes,Sangal Papers Limited
UNITEDPOLY.NS,0.0027833009742993017,0.19824906643206786,3.39,0.687,0.014039415289014888,0.6921590185775871,0.692,Yes,United Polyfab Gujarat Limited
UDS.NS,0.0021076227360931053,0.15016727937781854,2.56,0.52,0.01403516628139982,1.6289660318375767,1.629,Yes,Updater Services Limited
UNOMINDA.BO,0.0009945786270043713,0.07149380295850097,1.2,0.248,0.013911396314750255,0.9767027048885144,0.977,Yes,Uno Minda Limited
SEVL.BO,0.003539337799266534,0.262950949834116,4.33,0.911,0.01346006850897228,2.6679437780101254,2.668,Yes,Supertech EV Limited
MUTHOOTFIN.NS,0.0011552007224715235,0.08684910776027745,1.4,0.301,0.013301238806737432,0.8156643210291072,0.816,Yes,Muthoot Finance Limited
JSWENERGY.NS,0.0010075152941140216,0.07667016999439709,1.22,0.266,0.01314090335508124,0.5844899247515123,0.584,Yes,JSW Energy Limited
UNOMINDA.NS,0.0009223404263956499,0.0708043463042604,1.11,0.245,0.013026607468871602,0.9669509874443201,0.967,Yes,Uno Minda Limited
CIEINDIA.NS,0.0009351274651514946,0.0721445342849038,1.13,0.25,0.012961861552236388,0.5773698631990939,0.577,Yes,CIE Automotive India Limited
VIVIDM.BO,0.0014401834994164768,0.1112970548963657,1.74,0.386,0.012939996487395864,-0.7300014928695716,0.73,No,Vivid Mercantile Limited
RIBATEX.BO,0.002632712746317174,0.206866892273454,3.21,0.717,0.012726602683415545,3.051916024673922,3.052,Yes,Riba Textiles Limited
SMARTWORKS.NS,0.0013744924239505033,0.10859224708587034,1.66,0.376,0.012657371597289174,0.9599594750082407,0.96,Yes,Smartworks Coworking Spaces Limited
TALBROSENG.BO,0.001000070818920374,0.07908953448418718,1.21,0.274,0.012644793340139382,0.5927350852062309,0.593,Yes,Talbros Engineering Limited
YUVRAAJHPL.BO,0.004990777229648585,0.3995147708720998,6.16,1.384,0.012492096897329302,5.128906960185022,5.129,Yes,Yuvraaj Hygiene Products Limited
SANJIVIN.BO,0.002146871081187536,0.17576577544312919,2.61,0.609,0.012214386309137744,2.275058969796733,2.275,Yes,Sanjivani Paranteral Limited
THRIVE.BO,0.001995040811739218,0.17297890813794603,2.42,0.599,0.011533433949925424,1.2821733169813707,1.282,Yes,Thrive Future Habitats Limited
BAIDFIN.BO,0.0012945106642722618,0.11496926791978236,1.56,0.398,0.011259623442809797,1.6901316795651131,1.69,Yes,Baid Finserv Limited
MADHUDIN.BO,0.0015969576269022406,0.14441515921270037,1.93,0.5,0.011058102456890817,1.631873523809906,1.632,Yes,Madhusudan Industries Limited
ICODEX.BO,0.0023047719975454652,0.2100936887171933,2.8,0.728,0.010970210536157106,3.3144399702356715,3.314,Yes,Icodex Publishing Solutions Limited
CPCAP.BO,0.0013428024104234027,0.12347582026524243,1.62,0.428,0.010875023203238377,1.8557945342148128,1.856,Yes,CP Capital Limited
GRANDOAK.BO,0.002558939027972412,0.2486116996826335,3.11,0.861,0.010292914739085241,1.588945380123926,1.589,Yes,Grand Oak Canyons Distillery Limited
MATRIMONY.NS,0.001125063868098658,0.11099336138233752,1.36,0.384,0.010136316749820413,-0.44866580761398717,0.449,No,Matrimony.com Limited
PADALPO.BO,0.0017810889145086343,0.1761009709966531,2.16,0.61,0.010114020975741723,-0.8290150960216717,0.829,No,Padmanabh Alloy & Polymers Limited
TIRUPATIIN.BO,0.0034024325105766846,0.3458483782609495,4.16,1.198,0.00983793108322596,3.787246398363516,3.787,Yes,Tirupati Innovar Limited
ALKEM.BO,0.0003479804393969307,0.03639588429964174,0.42,0.126,0.009560983229094286,0.42736264223848525,0.427,Yes,Alkem Laboratories Limited
CENTEXT.NS,0.001294661897087581,0.14427819077116713,1.56,0.5,0.008973372137310646,2.0149022552157985,2.015,Yes,Century Extrusions Limited
NETLINK.BO,0.001218923895353456,0.13654135665398767,1.47,0.473,0.008927140649717996,0.10415618307748492,0.104,Yes,Netlink Solutions (India) Limited
KKSHL.BO,0.0011291876042497525,0.1285953858657312,1.36,0.445,0.008780934064218744,0.543320808992549,0.543,Yes,KK Shah Hospitals Limited
MANKIND.BO,0.0005828972168503368,0.06682137869953711,0.7,0.231,0.008723214459123016,0.7932125681718676,0.793,Yes,Mankind Pharma Limited
OLPCL.BO,0.0005775689180021383,0.06804213251766672,0.7,0.236,0.008488401180726898,0.6829449185982845,0.683,Yes,Olympic Cards Limited
GOEL.BO,0.002594070929328082,0.30579595199386317,3.16,1.059,0.008483012650802325,3.697323805457354,3.697,Yes,Goel Food Products Limited
GLOTTIS.BO,0.0018145057617823673,0.21399567055531873,2.2,0.741,0.008479170429353665,2.979125441080032,2.979,Yes,Glottis Limited
SILVERTUC.NS,0.003115472610096885,0.3707269846790669,3.8,1.284,0.008403684487100138,4.532356425089515,4.532,Yes,Silver Touch Technologies Limited
GLOTTIS.NS,0.001738115305993005,0.21314418678529548,2.11,0.738,0.00815464560496714,3.030706802655233,3.031,Yes,Glottis Limited
UCIL.BO,0.0010652043847833921,0.13101336162611676,1.29,0.454,0.008130501893564493,1.2204681547629685,1.22,Yes,Unifinz Capital India Limited
XELPMOC.NS,0.001495715716728265,0.18400172788155392,1.81,0.637,0.00812881342989937,2.648059989831852,2.648,Yes,Xelpmoc Design and Tech Limited
NUTECGLOB.BO,0.0006006817412319413,0.08127494001398845,0.72,0.282,0.007390737429379294,0.7233935883572177,0.723,Yes,Nutech Global Limited
SSPNFIN.BO,0.0010318271610062037,0.1439498005352113,1.25,0.499,0.007167965201548232,0.27561827182473675,0.276,Yes,SSPN Finance Limited
NIFTYBETF.NS,0.00034094167020111784,0.04781619196444931,0.41,0.166,0.0071302555932225495,0.9771842449405852,0.977,Yes,Bajaj Nifty 50 ETF
GANECOS.NS,0.0012641778428405777,0.1778228805996351,1.53,0.616,0.007109196738786672,0.7487652611134499,0.749,Yes,Ganesha Ecosphere Limited
AUTOINT.BO,0.0023431027513078923,0.33028176491306693,2.85,1.144,0.007094254058877933,2.230433368619121,2.23,Yes,Autoriders International Limited
BERGEPAINT.NS,0.0005371141093654966,0.08083861099977116,0.65,0.28,0.006644276821716012,1.2845327540480889,1.285,Yes,Berger Paints India Limited
MATRIMONY.BO,0.0007075879049989691,0.11095109431795157,0.85,0.384,0.006377475673842754,-0.42571109994775613,0.426,No,Matrimony.com Limited
SAMRATFORG.BO,0.0009338400284427798,0.14711219411454873,1.13,0.51,0.006347808446903093,2.086396319036432,2.086,Yes,Samrat Forgings Limited
JLHL.NS,0.000514101776185466,0.08296365771295788,0.62,0.287,0.00619671058819734,0.10194465025492383,0.102,Yes,Jupiter Life Line Hospitals Limited
BSLNIFTY.NS,0.0003031887816025428,0.04919466259350655,0.36,0.17,0.006163042200487868,1.004444227277004,1.004,Yes,Aditya Birla Sun Life Nifty 50 ETF
OBCL.BO,0.00032126115329045963,0.05286789148737794,0.39,0.183,0.006076678003456216,-0.04421288876113869,0.044,No,OBCL Limited
SIGACHI.BO,0.0010659531047005648,0.1799257481805234,1.29,0.623,0.005924405569963621,1.7890087548047915,1.789,Yes,Sigachi Industries Limited
HEERAISP.BO,0.0013708769479399306,0.23204311139846354,1.66,0.804,0.005907854534780246,2.449221491790967,2.449,Yes,Heera Ispat Limited
MILLENNIUM.BO,0.001003523807757121,0.17312030171660414,1.21,0.6,0.005796684720431446,1.0367580501894078,1.037,Yes,Millennium Online Solutions (India) Limited
RISHDIGA.BO,0.000556009843488823,0.10078298221870412,0.67,0.349,0.005516902072636169,1.0180776597418824,1.018,Yes,Rishabh Digha Steel And Allied Products Limited
CPCAP.NS,0.0006748582900401558,0.1225692731981329,0.81,0.425,0.00550593368493953,1.8994766817948139,1.899,Yes,CP Capital Limited
FAIRCHEMOR.NS,0.0008793650257943269,0.1724814635627729,1.06,0.597,0.005098316118324742,2.485819324002855,2.486,Yes,Fairchem Organics Limited
RLF.BO,0.0004408958362122552,0.08938267915629572,0.53,0.31,0.004932676446644646,0.7096273018489786,0.71,Yes,RLF Limited
BHARTIARTL.BO,0.0002837021632654472,0.05772784525938892,0.34,0.2,0.004914476921677681,0.8883205245939246,0.888,Yes,Bharti Airtel Limited
NEXOME.BO,0.0007868113904992979,0.16225493544937314,0.95,0.562,0.00484922932125414,1.1915144696619304,1.192,Yes,Nexome Capital Markets Limited
SIGACHI.NS,0.0008634376388231179,0.18017263906823597,1.04,0.624,0.0047922794675617315,1.8178372961738776,1.818,Yes,Sigachi Industries Limited
SHIVAEXPO.BO,0.0011407339585619847,0.2382911301024962,1.38,0.825,0.004787144020305416,-1.1052657733570503,1.105,No,Shiva Granito Export Limited
GANECOS.BO,0.0008368218824676724,0.1788042729980521,1.01,0.619,0.004680100024660981,0.7364446215583921,0.736,Yes,Ganesha Ecosphere Limited
PANORAMA.BO,0.0008442596525243817,0.1807753771148239,1.02,0.626,0.0046702137536581085,2.2436703745387416,2.244,Yes,Panorama Studios International Limited
CDSL.NS,0.0003642191461215002,0.08233489987545192,0.44,0.285,0.004423630157715074,1.4003344346322952,1.4,Yes,Central Depository Services (India) Limited
YUG.BO,0.001068709199898102,0.24256561716833344,1.29,0.84,0.0044058560828777685,0.8480375249451029,0.848,Yes,Yug Decor Limited
NIFTYADD.NS,0.0002099866588865401,0.048127254674724486,0.25,0.167,0.004363154730220277,0.9840673271454722,0.984,Yes,DSPAMC - DSPNIFTY
NIFTYBEES.NS,0.0001789275936107273,0.04735876816886793,0.21,0.164,0.003778130228656334,0.9665598735635131,0.967,Yes,Nippon India ETF Nifty 50 BeES
AONENIFTY.NS,0.00018181430635078312,0.04819071463354568,0.22,0.167,0.0037728078475977142,0.9801528468575744,0.98,Yes,Angel One Nifty 50 ETF
CANDOUR.BO,0.0009320426170522064,0.2576252942808792,1.12,0.892,0.003617822619684367,2.347845608346906,2.348,Yes,Candour Techtex Limited
RAP.BO,0.0003489251864531117,0.1084011461049213,0.42,0.376,0.003218833001224799,0.8535391925640282,0.854,Yes,RAP Corp Limited
NIFTYBEES.BO,0.00014884029351557973,0.04728123261154745,0.18,0.164,0.0031479782842892424,0.9654255153609461,0.965,Yes,Nippon India ETF Nifty BeES
ROSSELLIND.BO,0.0004212780632312785,0.1390152828763621,0.51,0.482,0.00303044423976,1.7513153456530728,1.751,Yes,Rossell India Limited
KKCL.BO,0.0002948300597773712,0.09745097931237362,0.35,0.338,0.003025419157998506,1.4507416869256353,1.451,Yes,Kewal Kiran Clothing Limited
UNITEDTEA.NS,0.00014762648165269986,0.05062223867925639,0.18,0.175,0.0029162377149707756,-0.05238567667116541,0.052,No,The United Nilgiri Tea Estates Company Limited
XELPMOC.BO,0.0005537651751342978,0.19025193806113472,0.67,0.659,0.0029106940027930402,2.8918595614725393,2.892,Yes,Xelpmoc Design and Tech Limited
VASWANI.BO,0.00037019095793171757,0.1333511744022619,0.45,0.462,0.002776060725307256,1.6064355873899836,1.606,Yes,Vaswani Industries Limited
BAIDFIN.NS,0.0002931301389218362,0.10951210598740331,0.35,0.379,0.00267669164316458,1.5594131978245296,1.559,Yes,Baid Finserv Limited
MANAKCOAT.BO,0.00028273625774325253,0.10635091174649126,0.34,0.368,0.0026585221800186454,1.827054680010202,1.827,Yes,Manaksia Coated Metals & Industries Limited
TNIDETF.NS,0.0001721304526153721,0.0688637022944712,0.21,0.239,0.002499581737260034,0.8970514553246814,0.897,Yes,Tata Nifty India Digital ETF
DLF.BO,0.00021284670207868066,0.08951141956828554,0.26,0.31,0.002377872042530913,1.5970556558422329,1.597,Yes,DLF Limited
HDFCNIFTY.NS,0.00010918875477560877,0.04757762507025447,0.13,0.165,0.002294960175384491,0.9715602827276251,0.972,Yes,HDFCAMC - HDFCNIFTY
VASWANI.NS,0.0002953142099849043,0.1321241038008655,0.35,0.458,0.002235127440712826,1.672818608025575,1.673,Yes,Vaswani Industries Limited
OBCL.NS,0.00011081422124934408,0.050034151967050855,0.13,0.173,0.002214771648819369,-0.10086973515906957,0.101,No,OBCL Limited
MTEDUCARE.BO,0.0004027689649330795,0.18985589266994263,0.48,0.658,0.002121445688458447,1.7666035661717197,1.767,Yes,MT Educare Limited
REMSONSIND.NS,0.00035034142822989745,0.19694910838124546,0.42,0.682,0.0017788424182744805,2.814390714062119,2.814,Yes,Remsons Industries Limited
NIFTYAXIS.NS,8.778327148873732e-05,0.049887557683504044,0.11,0.173,0.0017596225504894574,1.0167427436235754,1.017,Yes,Axis NIFTY 50 ETF
WEWIN.NS,0.0002848289673431504,0.16404274573557961,0.34,0.568,0.001736309436092139,2.053625612633545,2.054,Yes,We Win Limited
ALGOQUANT.BO,0.00016856349839950008,0.0988647074378562,0.2,0.342,0.0017049916271229015,1.1687847257320045,1.169,Yes,Algoquant Fintech Limited
EASTINDIA.BO,0.0002165915233909665,0.12783390437832473,0.26,0.443,0.0016943198632966994,0.776837958697768,0.777,Yes,East India Drums and Barrels Manufacturing Limited
POLYMED.BO,0.00022756192355033583,0.14492907033743715,0.27,0.502,0.0015701606518313082,1.7655209864548767,1.766,Yes,Poly Medicure Limited
GYFTR.BO,0.0005099907312852097,0.37137485086031036,0.61,1.286,0.0013732505852342666,6.098673325379665,6.099,Yes,Gyftr Limited
SETFNIF50.NS,6.560009872652357e-05,0.04785909118691783,0.08,0.166,0.0013706925288304516,0.9770643460488829,0.977,Yes,SBI Nifty 50 ETF
LGBFORGE.BO,0.0003399849178802998,0.2543879870346774,0.41,0.881,0.0013364818120674624,3.348336506017625,3.348,Yes,LGB Forge Limited
ORIRAIL.BO,0.00022559910402879374,0.16955190471097006,0.27,0.587,0.0013305607177540447,1.6656664373451895,1.666,Yes,Oriental Rail Infrastructure Limited
MODULEX.BO,0.00023925542718979248,0.19135328900500773,0.29,0.663,0.001250333497970506,2.2514893959903173,2.251,Yes,Modulex Construction Technologies Limited
XTGLOBAL.BO,0.00028521624580344805,0.22974732615301793,0.34,0.796,0.0012414344514002583,2.530533961046218,2.531,Yes,XTGlobal Infotech Limited
VRL.BO,0.00012323037912202612,0.16265576683615737,0.15,0.563,0.0007576145716748898,1.9388497435366288,1.939,Yes,Vasundhara Rasayans Limited
S&SPOWER.BO,0.00012207397678315216,0.16972169310425,0.15,0.588,0.0007192597160114902,0.10391092350242706,0.104,Yes,S&S Power Switchgear Limited
POONAWALLA.BO,7.848022960449397e-05,0.11840372579263707,0.09,0.41,0.0006628189195831392,1.7257850426548558,1.726,Yes,Poonawalla Fincorp Limited
NPST.BO,7.172903802392635e-05,0.17953753082151944,0.09,0.622,0.0003995211346380446,1.9999396802424654,2.0,Yes,Network People Services Technologies Limited
JLHL.BO,2.469601044481376e-05,0.07823386969099382,0.03,0.271,0.00031566903877256033,0.11330235728831128,0.113,Yes,Jupiter Life Line Hospitals Limited
POONAWALLA.NS,3.626740410323477e-05,0.11702332455290629,0.04,0.405,0.0003099160294906702,1.709676433172682,1.71,Yes,Poonawalla Fincorp Limited
PROZONER.BO,1.9715493127447663e-05,0.19712947094011243,0.02,0.683,0.00010001291553933706,2.457297579836068,2.457,Yes,Prozone Realty Limited
GTNINDS.BO,7.710257407829056e-06,0.13391452519059077,0.01,0.464,5.757596046325527e-05,1.1344471730157881,1.134,Yes,GTN Industries Limited
WORTHPERI.BO,2.036258405057473e-06,0.09074126608099321,0.0,0.314,2.2440268832484257e-05,1.4534512297578481,1.453,Yes,Worth Peripherals Limited
SONALIS.BO,-6.198156457349284e-05,0.24640124588115303,-0.07,0.854,-0.0002515472856147346,2.5277475067638195,2.528,Yes,Sonalis Consumer Products Limited
BANKBARODA.NS,-3.088636954149858e-05,0.09279787743447941,-0.04,0.321,-0.00033283487074697496,1.3635809474783234,1.364,Yes,Bank of Baroda Limited
POLYMED.NS,-5.291009113018996e-05,0.14502930184443472,-0.06,0.502,-0.0003648234560692006,1.7250591487297224,1.725,Yes,Poly Medicure Limited
NPST.NS,-8.709907604994874e-05,0.17958595507394653,-0.1,0.622,-0.00048499937544717634,1.9632129180979834,1.963,Yes,Network People Services Technologies Limited
BCLIND.BO,-8.401043470545469e-05,0.14806331903157538,-0.1,0.513,-0.0005673953228587221,1.7488844368771341,1.749,Yes,BCL Industries Limited
BCLIND.NS,-0.00010412320480635125,0.1477183283446008,-0.12,0.512,-0.0007048766796456711,1.7346214376707731,1.735,Yes,BCL Industries Limited
ROSSELLIND.NS,-0.00016024762005691022,0.12768320559100743,-0.19,0.442,-0.0012550407026137216,1.558266990791496,1.558,Yes,Rossell India Limited
XTGLOBAL.NS,-0.0003389865731124446,0.22013439720946842,-0.41,0.763,-0.001539907335744003,2.45864541536901,2.459,Yes,XTGlobal Infotech Limited
SPAR.BO,-0.0004609821702024395,0.27995516606927356,-0.55,0.97,-0.0016466285536890992,3.584751983553293,3.585,Yes,Sparc Electrex Limited
OILIETF.NS,-0.00010155933390198509,0.056884936977488,-0.12,0.197,-0.0017853466892681416,1.0625567759901333,1.063,Yes,ICICI Prudential Nifty Oil & Gas ETF
INDTERRAIN.NS,-0.00024486589091364275,0.1284450745722913,-0.29,0.445,-0.0019063859920594125,1.7096811372834038,1.71,Yes,Indian Terrain Fashions Limited
ALKEM.NS,-7.206201039944797e-05,0.03733986107987232,-0.09,0.129,-0.00192989497859413,0.431036384717599,0.431,Yes,Alkem Laboratories Limited
VBL.BO,-0.00029325542735437267,0.13075331992723818,-0.35,0.453,-0.0022428143890921006,1.7859834218572337,1.786,Yes,Varun Beverages Limited
MANAKCOAT.NS,-0.0002629469616501774,0.10464048647085288,-0.32,0.362,-0.0025128606576520465,1.8103308425751903,1.81,Yes,Manaksia Coated Metals & Industries Limited
REMSONSIND.BO,-0.0005541711687514848,0.19323420300676838,-0.66,0.669,-0.0028678730790328765,2.7599038047570166,2.76,Yes,Remsons Industries Limited
INDIGO.NS,-0.000326131454262836,0.11187112331829907,-0.39,0.388,-0.002915242509319559,1.4808658572665998,1.481,Yes,InterGlobe Aviation Limited
FILTRA.BO,-0.0003888194048082676,0.12218315648982045,-0.47,0.423,-0.003182266819573135,1.775903425015422,1.776,Yes,Filtra Consultants and Engineers Limited
NIFTYETF.NS,-0.00015403771063944095,0.0482304826099144,-0.18,0.167,-0.003193783315114008,0.9853812319671296,0.985,Yes,Mirae Asset Nifty 50 ETF
S&SPOWER.NS,-0.0005218749947168762,0.16262940476697077,-0.62,0.563,-0.0032089829970457255,-0.26479426967889685,0.265,No,S&S Power Switchgear Limited
NIFTY1.NS,-0.0001547144275895915,0.047619671421368116,-0.19,0.165,-0.003248960418491408,0.9726746248586787,0.973,Yes,Kotak Nifty 50 ETF
OILIETF.BO,-0.0001941712423193618,0.05661919321460435,-0.23,0.196,-0.0034294243929508567,1.055845381448412,1.056,Yes,ICICI Prudential Mutual Fund
MEDICAMEQ.NS,-0.0005323592323664366,0.1514268641291445,-0.64,0.525,-0.0035156194736517404,2.1666032882770496,2.167,Yes,Medicamen Biotech Limited
STELLAR.BO,-0.00043779598322816267,0.12347576688214364,-0.52,0.428,-0.0035456024634051026,1.1788055001924491,1.179,Yes,Stellar Capital Services Limited
ULTRAMAR.BO,-0.00035544474407623266,0.09389930281850789,-0.43,0.325,-0.003785382142434536,1.0223277812299396,1.022,Yes,Ultramarine & Pigments Limited
TRADEWELL.BO,-0.0007017816215178471,0.1826144879044436,-0.84,0.633,-0.0038429679351896073,-0.8678558400492524,0.868,No,Tradewell Holdings Limited
NEOINFRA.BO,-0.00047800262277587644,0.1167531588459182,-0.57,0.404,-0.004094130107492058,0.05207296112137476,0.052,Yes,Neo Infracon Limited
LICNETFN50.NS,-0.00019846581789935614,0.04824107612825836,-0.24,0.167,-0.004114042094991742,0.9807361294249598,0.981,Yes,LIC MF Nifty 50 ETF
TRUALT.NS,-0.00037601376880246203,0.09002544520484827,-0.45,0.312,-0.004176749894953166,0.6363908360374149,0.636,Yes,TruAlt Bioenergy Limited
NACLIND.BO,-0.0008859471531925224,0.18144263596724836,-1.06,0.629,-0.004882794765792765,1.7970634364890707,1.797,Yes,NACL Industries Limited
JAGANLAM.BO,-0.001033658469700751,0.20809113249227013,-1.23,0.721,-0.004967335500176337,2.340108920099792,2.34,Yes,Jagan Lamps Limited
SCHAEFFLER.BO,-0.00042996260177226,0.08385515807711068,-0.51,0.29,-0.005127443697343929,0.6889206925459069,0.689,Yes,Schaeffler India Limited
SIPL.BO,-0.0008488464081056998,0.16090604592297328,-1.01,0.557,-0.00527541649063981,1.943208020187855,1.943,Yes,Shelter Infra Projects Limited
MOM50.NS,-0.00025879801514661153,0.0486468854970956,-0.31,0.169,-0.005319929785886554,0.9900070656481106,0.99,Yes,Motilal Oswal M50 ETF
PCJEWELLER.BO,-0.0007796121033834207,0.14589559765149882,-0.93,0.505,-0.005343630074744833,1.3281185563943172,1.328,Yes,PC Jeweller Limited
POWERGRID.BO,-0.00041667205715852085,0.0742722865217989,-0.5,0.257,-0.005610060988713841,0.36142065594910566,0.361,Yes,Power Grid Corporation of India Limited
PBAINFRA.BO,-0.0014125990686221148,0.24467904311605623,-1.68,0.848,-0.0057732736348494315,3.048136739456054,3.048,Yes,PBA Infrastructure Limited
ARYAN.BO,-0.0007828415628793328,0.13293773129079384,-0.94,0.461,-0.0058887838334393625,1.7373331272264425,1.737,Yes,Aryan Share & Stock Brokers Ltd.
LWSKNIT.BO,-0.0006046374204298678,0.10220627235601405,-0.72,0.354,-0.005915854345257212,-0.7831042801618227,0.783,No,LWS Knitwear Limited
PKTEA.NS,-0.0008404367707582715,0.1391990938389412,-1.0,0.482,-0.006037659783408431,-0.5250889379346518,0.525,No,The Peria Karamalai Tea and Produce Company Limited
VHLTD.NS,-0.00043550422145879897,0.07112931383342262,-0.52,0.246,-0.006122710848563843,0.4897346502242417,0.49,Yes,Viceroy Hotels Limited
SCHAEFFLER.NS,-0.0005238158866926345,0.08376286387631045,-0.63,0.29,-0.006253557512863149,0.6881140510203698,0.688,Yes,Schaeffler India Limited
SVCIND.BO,-0.0016428295321281165,0.2598137323015926,-1.95,0.9,-0.006323105085997205,2.748878841542498,2.749,Yes,SVC Industries Limited
PANCHSHEEL.BO,-0.0010790318714983293,0.1554876174005885,-1.29,0.539,-0.00693966432528437,1.50579757796292,1.506,Yes,Panchsheel Organics Limited
JOINDRE.BO,-0.0005840762862590287,0.08234496291339186,-0.7,0.285,-0.007093042070749901,1.0217651371916219,1.022,Yes,Joindre Capital Services Limited
KINETICENG.BO,-0.00163687390344499,0.22757634150383352,-1.95,0.788,-0.007192636513217773,2.4225899811503484,2.423,Yes,Kinetic Engineering Limited
DML.BO,-0.0012612335947139036,0.17492962771728024,-1.5,0.606,-0.00720994842996121,-0.18298377969150972,0.183,No,Diggi Multitrade Limited
TUTIALKA.BO,-0.0012998179553845724,0.1800198694065989,-1.55,0.624,-0.007220413833590559,2.264769777221449,2.265,Yes,Tuticorin Alkali Chemicals and Fertilizers Limited
SHANMUGA.BO,-0.0009414848808640982,0.12895038411766702,-1.12,0.447,-0.0073011405689570865,1.6836987878740794,1.684,Yes,Shanmuga Hospital Limited
ZEELEARN.NS,-0.00159247644738952,0.19435996041528095,-1.89,0.673,-0.008193438833733763,1.848954357161618,1.849,Yes,Zee Learn Limited
ZEELEARN.BO,-0.00161174725617131,0.1964149308160344,-1.92,0.68,-0.008205828597016894,1.8217276962661144,1.822,Yes,Zee Learn Limited
SIYSIL.BO,-0.0012330228359094587,0.14813307505428544,-1.47,0.513,-0.008323751028982557,2.3999020596641403,2.4,Yes,Siyaram Silk Mills Limited
GANDHITUBE.NS,-0.000803713166554924,0.09647204027619649,-0.96,0.334,-0.008331047671987842,0.6300916824019454,0.63,Yes,Gandhi Special Tubes Limited
NACLIND.NS,-0.0015033714915399685,0.17914130029638112,-1.79,0.621,-0.0083920988016315,1.6990781636601837,1.699,Yes,NACL Industries Limited
PCJEWELLER.NS,-0.0012067036350693894,0.14267394693125726,-1.44,0.494,-0.008457771450388204,1.2900996007155772,1.29,Yes,PC Jeweller Limited
VITAL.NS,-0.0013472312624185723,0.15702082307765014,-1.6,0.544,-0.008579952875118594,1.9051262421699504,1.905,Yes,Vital Chemtech Limited
UNIQUEO.BO,-0.0017331170247649969,0.19740348748190448,-2.06,0.684,-0.008779566394053032,2.342670795131971,2.343,Yes,Unique Organics Limited
MEDICAMEQ.BO,-0.0013032025779357468,0.14834854041670162,-1.55,0.514,-0.00878473474882283,2.12670374883671,2.127,Yes,Medicamen Biotech Limited
POLYLINK.BO,-0.0009831876965368982,0.11128031535063922,-1.17,0.385,-0.008835234636412724,1.4790921417584673,1.479,Yes,Polylink Polymers (India) Limited
BHARTIARTL.NS,-0.0005352731825853195,0.05957869243462343,-0.64,0.206,-0.008984305642032722,0.9045403240799176,0.905,Yes,Bharti Airtel Limited
SIYSIL.NS,-0.0013280368500810545,0.14716159399429785,-1.58,0.51,-0.009024344015548736,2.381177383659979,2.381,Yes,Siyaram Silk Mills Limited
GROWWSLVR.NS,-0.0032443209417279896,0.35572047192437656,-3.82,1.232,-0.009120422347853253,0.44625112919764987,0.446,Yes,Groww Silver ETF
AGARWAL.BO,-0.0011991646330574612,0.12973824249525928,-1.43,0.449,-0.00924295419757424,0.35762288574517576,0.358,Yes,Agarwal Fortune India Limited
DLTNCBL.BO,-0.0018115591673013324,0.194634261312296,-2.15,0.674,-0.00930750400822102,2.236284891986007,2.236,Yes,Delton Cables Limited
POWERGRID.NS,-0.0006887256665709637,0.07399328297909752,-0.82,0.256,-0.009307948489939592,0.35777436218062864,0.358,Yes,Power Grid Corporation of India Limited
SPECFOOD.BO,-0.0016413525230219218,0.17578078136115063,-1.95,0.609,-0.009337497025056903,1.6001434503125544,1.6,Yes,Spectrum Foods Limited
TRUALT.BO,-0.0008626474401707835,0.09198475366685577,-1.03,0.319,-0.009378156768186414,0.6601940746454106,0.66,Yes,TruAlt Bioenergy Limited
PRIMECAPM.BO,-0.0023619568577292927,0.24784152121430433,-2.8,0.859,-0.009530109588404877,2.4042137047345378,2.404,Yes,Prime Capital Market Limited
STARIMAGIN.BO,-0.0029743835004040903,0.30443536905759555,-3.51,1.055,-0.009770164056862173,4.357074593735712,4.357,Yes,Star Imaging and Path Lab Limited
SBILIFE.BO,-0.0006080939287122298,0.061498247040354656,-0.73,0.213,-0.009887987999287256,0.931066349255621,0.931,Yes,SBI Life Insurance Company Limited
NLCINDIA.BO,-0.0008858432928436834,0.08870696716136137,-1.06,0.307,-0.00998617494421042,-0.14002717883521054,0.14,No,NLC India Limited
GLOBE.NS,-0.0013986004148251602,0.1387254786708471,-1.67,0.481,-0.010081784746575707,2.4548526728047793,2.455,Yes,Globe Enterprises (India) Limited
GLOBUSSPR.BO,-0.0016056996180276186,0.15686608600121726,-1.91,0.543,-0.010236117053466602,2.225816114455528,2.226,Yes,Globus Spirits Limited
TPHQ.BO,-0.0018724112215238126,0.18176875269108206,-2.22,0.63,-0.010301062167192156,1.6123808331362728,1.612,Yes,Teamo Productions HQ Limited
TTKPRESTIG.NS,-0.0011672121991845358,0.1099171560091925,-1.39,0.381,-0.0106190174633605,1.745621641109175,1.746,Yes,TTK Prestige Limited
NTPC.BO,-0.000595523328190158,0.0557854368524116,-0.71,0.193,-0.010675247193379532,0.1316313740009109,0.132,Yes,NTPC Limited
SBILIFE.NS,-0.0006650641208191103,0.06183268373266705,-0.8,0.214,-0.0107558669731126,0.9329458640494754,0.933,Yes,SBI Life Insurance Company Limited
INDIGO.BO,-0.0012170959991625189,0.11167837784651094,-1.45,0.387,-0.010898224191931557,1.4820595700329748,1.482,Yes,InterGlobe Aviation Limited
IGARASHI.BO,-0.0019534566751948823,0.17837878789992517,-2.32,0.618,-0.010951171370728334,2.8387824172274936,2.839,Yes,Igarashi Motors India Limited
INDTERRAIN.BO,-0.0013771552602753303,0.12430996454607046,-1.64,0.431,-0.011078397981241024,1.6846129883834071,1.685,Yes,Indian Terrain Fashions Limited
NIMBSPROJ.NS,-0.0015550502394632345,0.1400523712771096,-1.85,0.485,-0.011103348163855007,-4.178204485648316,4.178,No,Nimbus Projects Limited
RESTILE.BO,-0.001697206059126767,0.15243274610471053,-2.02,0.528,-0.011134130313186816,1.6116558911841083,1.612,Yes,Restile Ceramics Limited
GLOBUSSPR.NS,-0.0017483471736195245,0.15501947982796463,-2.08,0.537,-0.011278241776838505,2.19087676767449,2.191,Yes,Globus Spirits Limited
VALIANTORG.NS,-0.001709145815675945,0.14657516622076483,-2.03,0.508,-0.011660541548366437,1.2106247139105233,1.211,Yes,Valiant Organics Limited
THAKRAL.BO,-0.0013729300354478398,0.11702790690855698,-1.64,0.405,-0.011731646508218053,-0.047863080466564706,0.048,No,Thakral Services (India) Limited
CONTILI.BO,-0.0017393911229096545,0.14752529268244244,-2.07,0.511,-0.01179046041043148,0.5029565787485354,0.503,Yes,Contil India Limited
M&M.NS,-0.0008108333300694839,0.06867595676488492,-0.97,0.238,-0.011806655025504873,1.1436469834492808,1.144,Yes,Mahindra & Mahindra Limited
YASHINNO.BO,-0.0021515323269291784,0.17963721260070456,-2.55,0.622,-0.01197709703785918,-0.9216012288262138,0.922,No,Yash Innoventures Limited
MPDL.BO,-0.0016975706799533883,0.14127195527534764,-2.02,0.489,-0.012016331738629368,0.5671387314250576,0.567,Yes,MPDL Limited
UHZAVERI.BO,-0.0030669666012770273,0.25413201796345,-3.62,0.88,-0.012068399038637184,1.025907572477076,1.026,Yes,U.H. Zaveri Limited
DTIL.NS,-0.0017627718577105352,0.14443015368208395,-2.09,0.5,-0.012205012684475186,1.5964916420027964,1.596,Yes,Dhunseri Tea & Industries Limited
NTPC.NS,-0.0006881319884118457,0.05611854310272003,-0.82,0.194,-0.012262114273926908,0.13761734096897382,0.138,Yes,NTPC Limited
STARDELTA.BO,-0.002625683262935696,0.2124198772017865,-3.11,0.736,-0.012360817158563037,2.918090376908648,2.918,Yes,Star Delta Transformers Limited
NLCINDIA.NS,-0.001102913102711739,0.08901130723404031,-1.32,0.308,-0.012390707843575578,-0.13175455024544688,0.132,No,NLC India Limited
IDFNIFTYET.NS,-0.0005860988457674881,0.04723446944610338,-0.7,0.164,-0.012408286843070247,0.9644642127393596,0.964,Yes,Bandhan Nifty 50 ETF
PBMPOLY.BO,-0.0013429971850458912,0.10683281284350069,-1.6,0.37,-0.012571017736032532,0.8152972900831003,0.815,Yes,PBM Polytex Limited
VHLTD.BO,-0.0007979144422109566,0.06296325179421294,-0.95,0.218,-0.012672700654325072,0.4809709479714936,0.481,Yes,Viceroy Hotels Limited
TTKPRESTIG.BO,-0.001383585200940498,0.1090934350789612,-1.65,0.378,-0.012682570678419531,1.7253437878065228,1.725,Yes,TTK Prestige Limited
JAGRAN.NS,-0.0007867338946029898,0.061213441520451536,-0.94,0.212,-0.01285230621023228,0.3575118202662718,0.358,Yes,Jagran Prakashan Limited
VTMLTD.BO,-0.0021018162382210113,0.162085599212769,-2.49,0.561,-0.012967322503845436,1.49623303154633,1.496,Yes,VTM Limited
VVIPIL.BO,-0.0021674424880802875,0.16518340401141252,-2.57,0.572,-0.013121430091914917,1.6690494885108986,1.669,Yes,VVIP Infratech Limited
ESG.NS,-0.0006267743523010776,0.04760870010575849,-0.75,0.165,-0.01316512215012706,0.9615215557833984,0.962,Yes,MIRAEAMC - MAESGETF
SAPPHIRE.BO,-0.0026602092056205702,0.19734101186198583,-3.15,0.684,-0.01348026535650399,2.5435458062181437,2.544,Yes,Sapphire Foods India Limited
JAGRAN.BO,-0.0008383562567337047,0.0611065731257582,-1.0,0.212,-0.013719575715829385,0.3731309287782287,0.373,Yes,Jagran Prakashan Limited
NAGREEKCAP.BO,-0.0028349723594182706,0.2054800686196117,-3.35,0.712,-0.013796824083538831,2.8586690584584833,2.859,Yes,Nagreeka Capital & Infrastructure Ltd.
MPL.BO,-0.0020263807535050127,0.1459305642713419,-2.4,0.506,-0.013885924197052918,2.1099431969210256,2.11,Yes,MPL Plastics Limited
GANDHITUBE.BO,-0.0013417551474243872,0.09585424493986786,-1.6,0.332,-0.013997868829555844,0.6316971276032738,0.632,Yes,Gandhi Special Tubes Limited
IGARASHI.NS,-0.0024897710981995583,0.17762131082162994,-2.95,0.615,-0.014017299425854507,2.80868037641451,2.809,Yes,Igarashi Motors India Limited
MHEL.BO,-0.0019244292789793824,0.13626134698060954,-2.29,0.472,-0.014123075410763665,0.3642914098255887,0.364,Yes,Mewar Hi-Tech Engineering Limited
VALIANTORG.BO,-0.0020282134509459634,0.14335245301700233,-2.41,0.497,-0.014148439097204753,1.2007810822526905,1.201,Yes,Valiant Organics Limited
SKPSEC.BO,-0.0010388165588022676,0.07295072239957347,-1.24,0.253,-0.01423997631047916,0.9845597161758013,0.985,Yes,SKP Securities Limited
TPHQ.NS,-0.0025520559270084424,0.17893458577720506,-3.02,0.62,-0.014262507809340208,1.5664172656267248,1.566,Yes,Teamo Productions HQ Limited
VIRTUALG.BO,-0.0021694056536241883,0.15204488850655784,-2.57,0.527,-0.014268191946029279,1.6135907606997721,1.614,Yes,Virtual Global Education Limited
GLOBALE.BO,-0.002110801013417071,0.1466968889869908,-2.5,0.508,-0.01438886010462198,1.4086161041296577,1.409,Yes,Globale Tessile Limited
VBL.NS,-0.0018969647135493129,0.13157483481987975,-2.25,0.456,-0.014417382443581825,1.7908466804215897,1.791,Yes,Varun Beverages Limited
JSWDULUX.NS,-0.0008908608345903295,0.06171595910010274,-1.06,0.214,-0.014434853603188134,0.22370748932204654,0.224,Yes,JSW Dulux Limited
JAGAJITIND.BO,-0.0024295891461434353,0.166764384399592,-2.88,0.578,-0.014568992983068747,0.5446585607755468,0.545,Yes,Jagatjit Industries Limited
MSCTC.BO,-0.0035452179886159767,0.23562597418830258,-4.17,0.816,-0.015045955781525107,0.023008389451560363,0.023,Yes,Mardia Samyoung Capillary Tubes Company Limited
BANKBETA.NS,-0.0011631908733679072,0.07532701579211512,-1.39,0.261,-0.015441881788839757,1.295382318042948,1.295,Yes,UTIAMC-BANKBETA
PRECISIO.BO,-0.0037589876164635157,0.24319225812831163,-4.42,0.842,-0.015456855598093181,1.8233555515263051,1.823,Yes,Precision Electronics Limited
LTM.NS,-0.002013338875972126,0.12995044864695138,-2.39,0.45,-0.015493127549270362,1.1890465053331587,1.189,Yes,LTM Limited
BHANDERI.BO,-0.0008292884583858986,0.05282165561247155,-0.99,0.183,-0.01569978162877004,0.6774070412418874,0.677,Yes,Bhanderi Infracon Limited
LAKSHMIMIL.BO,-0.0008440264477932425,0.05336032493379756,-1.01,0.185,-0.015817490782531758,0.6418703789021449,0.642,Yes,The Lakshmi Mills Company Limited
LICHSGFIN.NS,-0.0009558791043371283,0.06017310299325569,-1.14,0.208,-0.015885487980306832,0.7513883484722519,0.751,Yes,LIC Housing Finance Limited
LTM.BO,-0.002055474436978834,0.12883143245849712,-2.44,0.446,-0.01595475884847436,1.181912087688943,1.182,Yes,LTM Limited
WENDT.NS,-0.0016447244306452902,0.10291829431184464,-1.96,0.357,-0.01598087533069427,1.433427501500735,1.433,Yes,Wendt (India) Limited
GOWRALE.BO,-0.002436083425402547,0.15129455300928427,-2.88,0.524,-0.0161015937252748,1.0070453790391296,1.007,Yes,Gowra Leasing & Finance Limited
GILLANDERS.NS,-0.0019412706596309837,0.12044925462080311,-2.3,0.417,-0.016116917167669227,1.5546744931088292,1.555,Yes,Gillanders Arbuthnot and Company Limited
CONSUMAXIS.NS,-0.0008960604365284923,0.05489440866089434,-1.07,0.19,-0.01632334619111814,1.0341741454585431,1.034,Yes,Axis NIFTY India Consumption ETF
DHARNI.BO,-0.0008525638153597929,0.05200351646297855,-1.02,0.18,-0.016394349331486757,0.09218907754185543,0.092,Yes,Dharni Capital Services Limited
INDOAMIN.BO,-0.0025049607813307727,0.15277358828783236,-2.96,0.529,-0.016396556560622985,1.892037752870675,1.892,Yes,Indo Amines Limited
SAPPHIRE.NS,-0.0032349775389017136,0.195912134461418,-3.81,0.679,-0.01651238984147148,2.505169604461528,2.505,Yes,Sapphire Foods India Limited
GVBL.BO,-0.001794057197968811,0.10813107680833885,-2.13,0.375,-0.01659150404234629,-0.6094805497589673,0.609,No,Genomic Valley Biotech Limited
TECH.NS,-0.0015270565655024235,0.0899820231458424,-1.82,0.312,-0.01697068494478478,0.603648477470142,0.604,Yes,Aditya Birla Sun Life Nifty IT ETF
GSAUTO.BO,-0.004477125367345084,0.26307805319051125,-5.24,0.911,-0.017018239693688618,1.56835746241937,1.568,Yes,G.S. Auto International Limited
NMSGLOBAL.BO,-0.005078030779114839,0.29261513172802167,-5.93,1.014,-0.01735395824927721,1.0187076950252514,1.019,Yes,NMS Global Limited
DEVYANI.NS,-0.0030968786414552777,0.17691312846406465,-3.65,0.613,-0.017505080987159916,2.1427430932163753,2.143,Yes,Devyani International Limited
BLACKBUCK.NS,-0.0013996320823686187,0.07846582930171023,-1.67,0.272,-0.017837472627567227,0.3815553944186669,0.382,Yes,BlackBuck Limited
ITBETA.NS,-0.0016925787876891946,0.09372008463869166,-2.01,0.325,-0.018059936610326382,0.5822883795620811,0.582,Yes,UTI Nifty IT ETF
MHLXMIRU.BO,-0.003146374324480011,0.17364671657947497,-3.71,0.602,-0.01811940004658811,0.9191219917870257,0.919,Yes,Mahalaxmi Rubtech Limited
POOJAENT.BO,-0.005503334284038767,0.30367926565819553,-6.41,1.052,-0.01812219307139992,2.8440599776781,2.844,Yes,Vashu Bhagnani Industries Limited
SBFC.NS,-0.0017940318441530482,0.09862189648710523,-2.13,0.342,-0.01819100938083884,1.2430530445694448,1.243,Yes,SBFC Finance Limited
ZENITHSTL.BO,-0.003731653945036011,0.20456821164449593,-4.39,0.709,-0.018241612003339885,2.9004868832564887,2.9,Yes,Zenith Steel Pipes & Industries Limited
DEEPAI.BO,-0.008187808841948647,0.4484842839145081,-9.39,1.554,-0.018256623778391844,5.207978739335608,5.208,Yes,Deep Health AI India Limited
ANUROOP.BO,-0.004098377015082332,0.22416262104275422,-4.81,0.777,-0.018283052705297616,0.860875913621862,0.861,Yes,Anuroop Packaging Limited
ITAXIS.NS,-0.0016732919105787545,0.09140371062844382,-1.99,0.317,-0.018306608113325813,0.6121124403453231,0.612,Yes,Axis NIFTY IT ETF
TECHKGREEN.BO,-0.0029709944970554764,0.16212593290902935,-3.51,0.562,-0.0183252268390803,1.4821267102879359,1.482,Yes,Techknowgreen Solutions Limited
MOLOWVOL.NS,-0.0007965147298274504,0.04335808348899801,-0.95,0.15,-0.01837061663552458,0.8657750127271086,0.866,Yes,Motilal Oswal BSE Low Volatility ETF
DTIL.BO,-0.00257742261405559,0.13955465106587517,-3.05,0.483,-0.018468912317647853,1.4835099818521125,1.484,Yes,Dhunseri Tea & Industries Limited
RUDRA.NS,-0.004180407574278237,0.2263353955700695,-4.9,0.784,-0.018469968268768,3.15414347347045,3.154,Yes,Rudra Global Infra Products Limited
DEVYANI.BO,-0.0032668995595285548,0.17634918927423207,-3.85,0.611,-0.018525174813524985,2.1432675500107643,2.143,Yes,Devyani International Limited
BLACKBUCK.BO,-0.0014661323800664683,0.07834653282945912,-1.75,0.271,-0.018713430283607738,0.3939815054409577,0.394,Yes,BlackBuck Limited
WENDT.BO,-0.0019109511062149968,0.10140354799436141,-2.27,0.351,-0.018845012270391724,1.4303443051874394,1.43,Yes,Wendt (India) Limited
JAYSYNTH.BO,-0.003379428476380783,0.1786259340710133,-3.98,0.619,-0.018919024798701854,2.3327402055851376,2.333,Yes,Jaysynth Orgochem Limited
NAGREEKCAP.NS,-0.0036275280504453,0.18869077171455867,-4.27,0.654,-0.0192247242272814,2.6067270705244754,2.607,Yes,Nagreeka Capital & Infrastructure Ltd.
BMWVENTLTD.BO,-0.00294941109346165,0.15204631533866433,-3.48,0.527,-0.019398109627926218,2.2264924116122584,2.226,Yes,BMW Ventures Limited
AMWILL.BO,-0.00341771384154258,0.17506707880824984,-4.03,0.606,-0.019522310332749575,1.8677478315980451,1.868,Yes,Amwill Health Care Limited
SBFC.BO,-0.0019341454149523194,0.09830108171520369,-2.3,0.341,-0.019675728702110262,1.227695241233174,1.228,Yes,SBFC Finance Limited
SBIETFIT.NS,-0.00182533340334842,0.0923350994870047,-2.17,0.32,-0.019768575693204494,0.5972792132143453,0.597,Yes,SBI Nifty IT ETF
CUBEXTUB.NS,-0.0035812413402404567,0.1801469268487208,-4.21,0.624,-0.019879558329894912,2.227359810183885,2.227,Yes,Cubex Tubings Limited
IT.NS,-0.0018744498377903903,0.0926750731749147,-2.23,0.321,-0.020226041087149274,0.683504356461121,0.684,Yes,Kotak Nifty IT ETF
CUBEXTUB.BO,-0.003694826059530398,0.18195348928076957,-4.34,0.63,-0.020306431462982114,2.234213168108346,2.234,Yes,Cubex Tubings Limited
GULFOILLUB.NS,-0.00172606893068136,0.08486724677984347,-2.05,0.294,-0.020338457958451323,1.438877562528026,1.439,Yes,Gulf Oil Lubricants India Limited
TTIENT.BO,-0.004495183175687528,0.22031729915622883,-5.26,0.763,-0.020403223863505862,1.4897703274362817,1.49,Yes,TTI Enterprise Limited
GULFOILLUB.BO,-0.0017464500633589295,0.08534559911844324,-2.08,0.296,-0.020463270296283156,1.4464965442492197,1.446,Yes,Gulf Oil Lubricants India Limited
INDOAMIN.NS,-0.0031108975595924957,0.15117097462538415,-3.67,0.524,-0.02057866973009595,1.886730558578432,1.887,Yes,Indo Amines Limited
GFLLIMITED.NS,-0.0028147965540515404,0.13659362454108465,-3.33,0.473,-0.02060708589810431,2.0060396584297986,2.006,Yes,GFL Limited
FSL.NS,-0.0036236660313102085,0.1741400774057948,-4.26,0.603,-0.020808914784538998,0.6642007951470033,0.664,Yes,Firstsource Solutions Limited
FSL.BO,-0.0036360373590558657,0.17382781588403362,-4.28,0.602,-0.02091746559987608,0.6762878666403934,0.676,Yes,Firstsource Solutions Limited
SHESHAINDS.BO,-0.0023988737995839717,0.11393824949431641,-2.84,0.395,-0.02105415705639426,0.34072375687663503,0.341,Yes,Sheshadri Industries Limited
DISHTV.NS,-0.007834083840945612,0.37175429583163466,-9.01,1.288,-0.021073283964131037,5.085687015760289,5.086,Yes,Dish TV India Limited
SETUINFRA.BO,-0.004293139231087519,0.2035469513557608,-5.03,0.705,-0.021091641031674997,1.3079845437615056,1.308,Yes,Setubandhan Infrastructure Limited
ANNAINFRA.BO,-0.0030932751904177965,0.14615914810740674,-3.65,0.506,-0.0211637467135801,-0.19509693471287637,0.195,No,Anna Infrastructures Limited
SAKSOFT.NS,-0.004367040927749222,0.20361576250512972,-5.12,0.705,-0.021447460029717504,2.4768211403029823,2.477,Yes,Saksoft Limited
ENTRINT.BO,-0.0032734557126859252,0.14753951835655865,-3.86,0.511,-0.02218697572791967,-0.8358103233668202,0.836,No,Enterprise International Limited
BMWVENTLTD.NS,-0.0033440059740854726,0.15048427245028675,-3.94,0.521,-0.02222163100260316,2.206306808663027,2.206,Yes,BMW Ventures Limited
INTERARCH.NS,-0.00293677799899139,0.1319318531097225,-3.47,0.457,-0.02225981011991841,2.1068727696886413,2.107,Yes,Interarch Building Solutions Limited
KISAN.BO,-0.005077809116616932,0.22771899761590597,-5.93,0.789,-0.02229857486542112,1.9844776765829473,1.984,Yes,Kisan Mouldings Limited
VIRAT.BO,-0.0054932875125804715,0.24564136624109453,-6.4,0.851,-0.022363039241480465,2.366949963625005,2.367,Yes,Brahm Virat Industries Corporation Limited
PGHL.NS,-0.0018171227735637263,0.08066064958445729,-2.16,0.279,-0.022527995781401102,0.33893185018158356,0.339,Yes,Procter & Gamble Health Limited
CERA.BO,-0.0020126021196550494,0.08917913950910072,-2.39,0.309,-0.022568081848890944,0.8592653909339578,0.859,Yes,Cera Sanitaryware Limited
MAXHEALTH.NS,-0.0021252612922322924,0.09298686935890549,-2.52,0.322,-0.022855498920275812,1.0147940061696825,1.015,Yes,Max Healthcare Institute Limited
ITIETF.NS,-0.0021273229799859596,0.09284381042897377,-2.52,0.322,-0.02291292192938783,0.6063931240907147,0.606,Yes,ICICIPRAMC - ICICITECH
HDFCNIFIT.NS,-0.002140583629797362,0.09273666123726627,-2.54,0.321,-0.023082388359018984,0.5989303000021834,0.599,Yes,HDFC Nifty IT ETF
ITETF.NS,-0.00210580498938606,0.09076718541307452,-2.5,0.314,-0.02320006927396396,0.6177710854665714,0.618,Yes,Mirae Asset Nifty IT ETF
CERA.NS,-0.00207388565819958,0.08929824900621695,-2.46,0.309,-0.023224258944374104,0.8571539343851063,0.857,Yes,Cera Sanitaryware Limited
EIEL.NS,-0.004554684948282334,0.1951673944501234,-5.33,0.676,-0.023337325177266333,2.5663524582306487,2.566,Yes,Enviro Infra Engineers Limited
KSOLVES.NS,-0.002835089407814304,0.12093547913659207,-3.35,0.419,-0.023442991486494855,1.8065215526185756,1.807,Yes,Ksolves India Limited
LICNETFN50.BO,-0.0010820377175722506,0.046140690003593825,-1.29,0.16,-0.023450835206148248,0.9155273538417537,0.916,Yes,LIC MF ETF Nifty 50
SAMMAANCAP.NS,-0.002712797310170469,0.1155108889729269,-3.21,0.4,-0.023485208488061127,-0.23065765609436528,0.231,No,Sammaan Capital Limited
PGHL.BO,-0.0019265056713531007,0.0814844602008147,-2.29,0.282,-0.023642614390588294,0.34034273543158566,0.34,Yes,Procter & Gamble Health Limited
GVPTECH.NS,-0.002957261034008969,0.12457111131443635,-3.49,0.432,-0.023739541237168496,1.5376991194573173,1.538,Yes,GVP Infotech Limited
ITBEES.NS,-0.002200982314662441,0.09221973836757383,-2.61,0.319,-0.023866716102464536,0.6169734486318094,0.617,Yes,Nippon India ETF Nifty IT
SUZLON.NS,-0.0037069390827176737,0.15483907651022116,-4.36,0.536,-0.023940591524213677,1.636111873584043,1.636,Yes,Suzlon Energy Limited
LYKALABS.NS,-0.004741223329672561,0.19789045989757373,-5.54,0.686,-0.023958827182101523,2.2680439863987742,2.268,Yes,Lyka Labs Limited
SINDHUTRAD.NS,-0.003190984239588161,0.13201712880717686,-3.76,0.457,-0.024170986510764724,0.4874862641185374,0.487,Yes,Sindhu Trade Links Limited
EIEL.BO,-0.0047196246065258,0.19455292773537708,-5.52,0.674,-0.024258820781896635,2.5496402969393794,2.55,Yes,Enviro Infra Engineers Limited
IONEXCHANG.NS,-0.002901653849926068,0.11889830147055615,-3.43,0.412,-0.02440450211683327,1.5398320469935298,1.54,Yes,Ion Exchange (India) Limited
INTERARCH.BO,-0.003236431341320259,0.13139893477088524,-3.82,0.455,-0.0246305751790415,2.0830244485335334,2.083,Yes,Interarch Building Solutions Limited
ZUARI.NS,-0.003877816664970006,0.1561326340120313,-4.56,0.541,-0.024836682539226156,2.13922257655246,2.139,Yes,Zuari Agro Chemicals Limited
ULTRACEMCO.BO,-0.0016445035485373363,0.06602168727028555,-1.96,0.229,-0.024908535612016683,0.8592914323952469,0.859,Yes,UltraTech Cement Limited
SUZLON.BO,-0.003874492826312077,0.15526437958220385,-4.55,0.538,-0.024954164224517118,1.6393373064311474,1.639,Yes,Suzlon Energy Limited
SANDESH.NS,-0.0032015544676781767,0.1276987753776472,-3.77,0.442,-0.025071144638702518,1.8404276358576974,1.84,Yes,The Sandesh Limited
IONEXCHANG.BO,-0.0029634489203753766,0.1179678833674213,-3.5,0.409,-0.025120811154553443,1.5195732672666926,1.52,Yes,Ion Exchange (India) Limited
GETALONG.BO,-0.005215475079105872,0.20647371476689333,-6.08,0.715,-0.02525975320875148,2.070309796957966,2.07,Yes,Getalong Enterprise Limited
SEL.BO,-0.004109577869548456,0.16173790373889826,-4.82,0.56,-0.025408873087552547,1.136224492736513,1.136,Yes,Sanathnagar Enterprises Limited
SETUINFRA.NS,-0.0067939444148245745,0.2605531076782477,-7.85,0.903,-0.026075084942814398,1.7243476284945687,1.724,Yes,Setubandhan Infrastructure Limited
NEXTMEDIA.NS,-0.004756337255660073,0.18135564276128266,-5.56,0.628,-0.02622657438853894,2.731214314227946,2.731,Yes,Next Mediaworks Limited
ZUARI.BO,-0.004036746714796883,0.15356134806693217,-4.74,0.532,-0.02628751808715174,2.0769507435111016,2.077,Yes,Zuari Agro Chemicals Limited
DHANCOT.BO,-0.005468747083101893,0.20719130019863244,-6.37,0.718,-0.026394675248714854,-1.7575591482366004,1.758,No,Dhanlaxmi Cotex Limited
KIOCL.NS,-0.0032547531763068576,0.12309110129209176,-3.84,0.426,-0.02644182351235463,1.058999192269429,1.059,Yes,KIOCL Limited
CONSUMIETF.NS,-0.0014962338566654758,0.05651197410199195,-1.78,0.196,-0.026476403991216015,1.0498020329059903,1.05,Yes,ICICI Prudential Nifty India Consumption ETF
BALAJITELE.NS,-0.005500413717332179,0.20743866980750114,-6.4,0.719,-0.026515855131718936,2.7751031983049037,2.775,Yes,Balaji Telefilms Limited
JBMA.NS,-0.0025632314950861062,0.09602434628295017,-3.03,0.333,-0.02669355839750431,1.1476187070323172,1.148,Yes,JBM Auto Limited
ITADD.NS,-0.002446414602824798,0.09149679261322097,-2.9,0.317,-0.026737708863373857,0.6083109602487539,0.608,Yes,DSPAMC - DSPIT
OCTAVIUSPL.BO,-0.002609792355221512,0.09715275434687949,-3.09,0.337,-0.026862772679643925,0.006988180213445105,0.007,Yes,Octavius Plantations Limited
LELAVOIR.BO,-0.012432308848038275,0.46001450164144075,-13.94,1.594,-0.027025906365292507,-2.1330570732941445,2.133,No,Le Lavoir Limited
DISHTV.BO,-0.009765977535435556,0.35995736981867926,-11.11,1.247,-0.027130928143949257,4.966081788850722,4.966,Yes,Dish TV India Limited
LACTOSE.BO,-0.004384241941419371,0.1610720633027363,-5.14,0.558,-0.027219133172579724,1.942259150012526,1.942,Yes,Lactose (India) Limited
VIRGOGLOB.BO,-0.007906273568161202,0.29019636280106714,-9.09,1.005,-0.027244564652180156,2.1456616584587747,2.146,Yes,Virgo Global Limited
GILLANDERS.BO,-0.002785824391673812,0.10192631534723927,-3.29,0.353,-0.027331748255425066,1.2450770080564861,1.245,Yes,Gillanders Arbuthnot and Company Limited
ASIIL.BO,-0.004646272605332895,0.16954718863584572,-5.44,0.587,-0.027404008540136762,2.9842081839952868,2.984,Yes,ASI Industries Limited
DIXON.NS,-0.00302877452874335,0.1103018684460366,-3.57,0.382,-0.027458959412143855,1.045120515832161,1.045,Yes,Dixon Technologies (India) Limited
ONESOURCE.BO,-0.004376524230682737,0.1592101798750031,-5.13,0.552,-0.027488972339072625,0.21496786302194687,0.215,Yes,OneSource Specialty Pharma Limited
INTEGRAEN.BO,-0.006613473990704255,0.24044501157120418,-7.65,0.833,-0.027505141185870573,2.027303489620789,2.027,Yes,Integra Engineering India Limited
TWCGOLDETF.NS,-0.0019411121896749442,0.07029753669718296,-2.3,0.244,-0.02761280524005517,0.3323725362996716,0.332,Yes,The Wealth Company Gold ETF
CHALET.BO,-0.0019983455052467293,0.07200369756413716,-2.37,0.249,-0.027753373407896267,0.7862687664218578,0.786,Yes,Chalet Hotels Limited
GLOSTERLTD.BO,-0.002771640013237793,0.0989135155658427,-3.28,0.343,-0.02802084222143358,1.1274847009927347,1.127,Yes,Gloster Limited
BALAJITELE.BO,-0.005876512053607008,0.20818044283791937,-6.83,0.721,-0.0282279736439134,2.762386312995425,2.762,Yes,Balaji Telefilms Limited
AVANTEL.BO,-0.002934703508763793,0.1032305253738773,-3.47,0.358,-0.02842864063836709,0.7288508602751604,0.729,Yes,Avantel Limited
ONESOURCE.NS,-0.004534542337007282,0.1587984474531497,-5.31,0.55,-0.028555331678196086,0.1830177928618807,0.183,Yes,OneSource Specialty Pharma Limited
EXXARO.NS,-0.0037461395245429034,0.13105293297264067,-4.4,0.454,-0.02858493464869625,1.4173086754973954,1.417,Yes,Exxaro Tiles Limited
SUNGOLD.BO,-0.005786508244937705,0.2021437055149609,-6.73,0.7,-0.028625715701592492,-0.6067959633662215,0.607,No,Sungold Capital Limited
NECCLTD.BO,-0.005382621011062055,0.18721284281027176,-6.27,0.649,-0.028751344887791682,2.809668390976323,2.81,Yes,North Eastern Carrying Corporation Limited
GODAVARIB.NS,-0.0029569245127555777,0.1027731496534822,-3.49,0.356,-0.028771371926669276,0.42659881309367276,0.427,Yes,Godavari Biorefineries Limited
AVANTEL.NS,-0.00297969959172116,0.10310783094489544,-3.52,0.357,-0.02889886795614602,0.7225619017223683,0.723,Yes,Avantel Limited
JSL.BO,-0.00189812111354916,0.06544750447318635,-2.25,0.227,-0.029002192349852157,0.9505805141765273,0.951,Yes,Jindal Stainless Limited
ULTRACEMCO.NS,-0.0019597648813913003,0.06715690464720461,-2.33,0.233,-0.029181882215783078,0.8630528291488763,0.863,Yes,UltraTech Cement Limited
KSOLVES.BO,-0.0035688724563864736,0.12222718557704,-4.2,0.423,-0.029198679815277323,1.8242967964712171,1.824,Yes,Ksolves India Limited
MPHASIS.NS,-0.0024388598301602906,0.0834747190772249,-2.89,0.289,-0.0292167479821529,1.0585687871582856,1.059,Yes,Mphasis Limited
PCCOSMA.BO,-0.004112776982571648,0.1401810895848593,-4.83,0.486,-0.029339028500573596,1.1154696410703098,1.115,Yes,Pee Cee Cosma Sope Limited
KIOCL.BO,-0.0036413124967513426,0.12374749588941739,-4.28,0.429,-0.029425342877283545,1.0606402103758603,1.061,Yes,KIOCL Limited
OCTAVE.BO,-0.003994748261555574,0.13461686943433174,-4.69,0.466,-0.029674945482997407,1.3717414297213826,1.372,Yes,Perfect Octave Media Projects Limited
SWSOLAR.NS,-0.005917452295996503,0.19754388187950206,-6.87,0.684,-0.029955128145178568,2.6811794882320403,2.681,Yes,Sterling and Wilson Renewable Energy Limited
HARSHDEEP.BO,-0.0038530289554056106,0.12851603689494825,-4.53,0.445,-0.02998091949065593,1.898903832532961,1.899,Yes,Harshdeep Hortico Limited
COSYN.BO,-0.002538724246043661,0.0844252830012941,-3.0,0.292,-0.030070663144886906,1.0284959610971138,1.028,Yes,Cosyn Limited
SONATSOFTW.NS,-0.004220734952864994,0.1399358945116554,-4.95,0.485,-0.030161917838124407,2.249675676141472,2.25,Yes,Sonata Software Limited
ACCEDERE.BO,-0.0073839051693405,0.24411840759299142,-8.51,0.846,-0.030247228146971124,-0.3576316982755544,0.358,No,Accedere Limited
SONATSOFTW.BO,-0.00425667327860999,0.13992288640308068,-4.99,0.485,-0.03042156567830973,2.265215981885644,2.265,Yes,Sonata Software Limited
ACGL.BO,-0.004174877672520788,0.1369508294237526,-4.9,0.474,-0.030484500824766097,1.545239164487949,1.545,Yes,Automobile Corporation of Goa Limited
MPILCORPL.BO,-0.005406505745300446,0.1765750057251932,-6.3,0.612,-0.030618748803636946,-0.4618404647224062,0.462,No,MPIL Corporation Limited
ASIANTNE.BO,-0.0026665474033219405,0.0870733804735245,-3.15,0.302,-0.030624140108270286,0.6812917459638491,0.681,Yes,Asian Tea & Exports Limited
PRIMO.BO,-0.003718018711013109,0.12139562624129775,-4.37,0.421,-0.030627287210684292,1.5036935938305216,1.504,Yes,Primo Chemicals Limited
PRIMO.NS,-0.003817130143730049,0.12379559141516151,-4.49,0.429,-0.030834136337932277,1.5055990466014058,1.506,Yes,Primo Chemicals Limited
SWSOLAR.BO,-0.006071585742450802,0.19682103006248666,-7.05,0.682,-0.030848257122336967,2.670562753096829,2.671,Yes,Sterling and Wilson Renewable Energy Limited
REFEX.NS,-0.005797689437458967,0.18755281034674798,-6.74,0.65,-0.030912303722563195,1.7980653950012622,1.798,Yes,Refex Industries Limited
DAMODARIND.BO,-0.0064516070041042315,0.20865484272276943,-7.47,0.723,-0.030919996487578292,2.941530387957888,2.942,Yes,Damodar Industries Limited
REFEX.BO,-0.005816796633495103,0.1872275284693353,-6.76,0.649,-0.031068062912809297,1.810425732706478,1.81,Yes,Refex Industries Limited
GFLLIMITED.BO,-0.004079793645538737,0.1311257840120494,-4.79,0.454,-0.03111358819531509,1.8604659732130986,1.86,Yes,GFL Limited
JSL.NS,-0.0020363708625077987,0.06529966086633075,-2.42,0.226,-0.03118501437053825,0.9474102779707381,0.947,Yes,Jindal Stainless Limited
MHLXMIRU.NS,-0.00527221070118088,0.1670630304505901,-6.15,0.579,-0.03155821301074847,0.6913558040184942,0.691,Yes,Mahalaxmi Rubtech Limited
UDAYJEW.BO,-0.004087845543823646,0.129285205910082,-4.8,0.448,-0.03161881914522183,1.52315212120262,1.523,Yes,Uday Jewellery Industries Limited
VANDU.BO,-0.004181990801740739,0.13216656386161835,-4.9,0.458,-0.031641821346883064,2.0218808783475835,2.022,Yes,Leo Dryfruits & Spices Trading Limited
MARBLE.BO,-0.005526603729791543,0.17409990642722972,-6.43,0.603,-0.03174386387221611,1.064606213285595,1.065,Yes,Marble City India Limited
BHARTIHEXA.BO,-0.0024306972371902578,0.07643118104325632,-2.88,0.265,-0.03180242937518657,0.8191417739137086,0.819,Yes,Bharti Hexacom Limited
NECCLTD.NS,-0.005921254933041139,0.186178006351204,-6.88,0.645,-0.03180426651401215,2.748241344248058,2.748,Yes,North Eastern Carrying Corporation Limited
STRATMONT.BO,-0.005600708481084629,0.17592982532119933,-6.52,0.609,-0.03183490048295836,-0.014029950423657789,0.014,No,Stratmont Industries Limited
ORIENTELEC.BO,-0.0029110083999569405,0.0912401045074496,-3.44,0.316,-0.031904921806827406,1.2078514377753315,1.208,Yes,Orient Electric Limited
EASTRED.BO,-0.0013260641293970006,0.04110345714238393,-1.58,0.142,-0.032261620349924934,0.5695266904146302,0.57,Yes,Eastern Treads Limited
LPDC.BO,-0.00522719459379283,0.16198715273102826,-6.1,0.561,-0.03226919237522701,1.9533817509365496,1.953,Yes,Landmark Property Development Company Limited
CHALET.NS,-0.0022644338226108455,0.06997759506502797,-2.68,0.242,-0.03235941190186057,0.7601471626917042,0.76,Yes,Chalet Hotels Limited
SVAMSOF.BO,-0.00936754489732502,0.2889102521030884,-10.68,1.001,-0.03242371923161284,0.829118528558304,0.829,Yes,Svam Agritech Limited
ESTER.NS,-0.004709599599850795,0.14511171958738486,-5.51,0.503,-0.03245499132146057,2.397672317662791,2.398,Yes,Ester Industries Limited
LANDMARK.BO,-0.004474548804618957,0.13732540426570414,-5.24,0.476,-0.032583547294434856,1.6224338344620641,1.622,Yes,Landmark Cars Limited
MPHASIS.BO,-0.002707895651184075,0.08304176129915984,-3.2,0.288,-0.03260884172999196,1.057481182150168,1.057,Yes,Mphasis Limited
ZENITHSTL.NS,-0.006380551411188947,0.19548870214539826,-7.39,0.677,-0.03263897780877023,2.664002697031389,2.664,Yes,Zenith Steel Pipes & Industries Limited
HMEML.BO,-0.006392237980506536,0.1957638812469165,-7.41,0.678,-0.032652795499308794,2.7133845777249634,2.713,Yes,H.M. Electro Mech Limited
ELECTCAST.NS,-0.003674227686443543,0.11057237172777978,-4.32,0.383,-0.03322916592120492,-0.19291622887272297,0.193,No,Electrosteel Castings Limited
MOKSH.NS,-0.007433608126166846,0.22251151052478596,-8.56,0.771,-0.033407746451565266,3.2642827008817448,3.264,Yes,Moksh Ornaments Limited
SHRAJSYNQ.BO,-0.00929500835297526,0.2781898280991684,-10.6,0.964,-0.03341246664727726,0.23036249893797794,0.23,Yes,Shree Rajasthan Syntex Limited
DIXON.BO,-0.00375926145430622,0.11063062226407043,-4.42,0.383,-0.03398029747435596,1.0685297558851354,1.069,Yes,Dixon Technologies (India) Limited
GODREJAGRO.BO,-0.003640980574897114,0.10697434815905056,-4.28,0.371,-0.03403601552667249,0.9241218154142183,0.924,Yes,Godrej Agrovet Limited
QUESTFLOW.BO,-0.010711183041993573,0.3140186071031012,-12.12,1.088,-0.03411002660258533,3.561366319485776,3.561,Yes,Quest Flow Controls Limited
APLLTD.BO,-0.002679313030311275,0.0782754063536148,-3.17,0.271,-0.034229308477905375,1.0145703270681845,1.015,Yes,Alembic Pharmaceuticals Limited
GLOSTERLTD.NS,-0.003163246759749551,0.09180030292711086,-3.73,0.318,-0.03445791199906125,0.8943349279016216,0.894,Yes,Gloster Limited
AIIL.BO,-0.0035341066506748525,0.10236713961897918,-4.16,0.355,-0.034523839034959404,0.9762440005996332,0.976,Yes,Authum Investment & Infrastructure Limited
EASEMYTRIP.BO,-0.006958673015823805,0.20147035707423888,-8.04,0.698,-0.034539438540130425,2.511645934867608,2.512,Yes,Easy Trip Planners Limited
SIKA.BO,-0.005011170407981783,0.1450343583248404,-5.85,0.502,-0.034551608776439195,1.8683065936479255,1.868,Yes,Sika Interplant Systems Limited
NEELKANTH.BO,-0.006231827149912694,0.18015243858290428,-7.23,0.624,-0.03459196666408083,2.939909273789406,2.94,Yes,Neelkanth Limited
VJLAXMIE.BO,-0.006630414914629096,0.1916494453269843,-7.67,0.664,-0.03459657763849281,3.2236251536461573,3.224,Yes,Veejay Lakshmi Engineering Works Limited
GODREJAGRO.NS,-0.003667105256004233,0.10591426757592891,-4.31,0.367,-0.034623335835045274,0.9258671135862334,0.926,Yes,Godrej Agrovet Limited
GODAVARIB.BO,-0.003496378594474908,0.10058433028111337,-4.12,0.348,-0.034760668830852874,0.3413925869313343,0.341,Yes,Godavari Biorefineries Limited
ZSARACOM.BO,-0.005254007842000887,0.15005326216049486,-6.13,0.52,-0.035014286036522645,1.1952483049310865,1.195,Yes,Saraswati Commercial (India) Limited
EASEMYTRIP.NS,-0.007043440601345021,0.2008734161302699,-8.13,0.696,-0.03506407536165576,2.527534105282914,2.528,Yes,Easy Trip Planners Limited
AIIL.NS,-0.003629729885558763,0.10262560630322161,-4.27,0.356,-0.035368657163731845,0.9742485407483832,0.974,Yes,Authum Investment & Infrastructure Limited
DAMODARIND.NS,-0.0074702575498757666,0.21119255827926486,-8.61,0.732,-0.03537178398112717,2.8395604050902503,2.84,Yes,Damodar Industries Limited
DJML.BO,-0.006218047972285049,0.17537842896360772,-7.21,0.608,-0.03545503291955785,0.5215484121305507,0.522,Yes,DJ Mediaprint & Logistics Limited
DJML.NS,-0.006295981753025103,0.1771231937416045,-7.3,0.614,-0.03554577816731315,0.6103026338370277,0.61,Yes,DJ Mediaprint & Logistics Limited
BALTE.BO,-0.008750225533843088,0.24604831316751394,-10.01,0.852,-0.035563038092790274,3.5643483445052557,3.564,Yes,Balurghat Technologies Limited
ARCL.BO,-0.007402436966918474,0.20612802752325382,-8.53,0.714,-0.035911841081792656,2.3830027791920867,2.383,Yes,ARCL Organics Ltd.
CONCORDBIO.BO,-0.004430159048118652,0.1215778002961078,-5.19,0.421,-0.036438881418555155,1.483970251556629,1.484,Yes,Concord Biotech Limited
YUNIKM.BO,-0.00851081151029749,0.2333541881791967,-9.75,0.808,-0.036471646713115306,3.065969623808778,3.066,Yes,Yunik Managing Advisors Limited
EXXARO.BO,-0.004422266328000357,0.12124408810034418,-5.18,0.42,-0.03647407801311018,1.3474154946280577,1.347,Yes,Exxaro Tiles Limited
SENSEXIETF.NS,-0.0017934427696686872,0.04906151181141898,-2.13,0.17,-0.03655498380405119,1.0062827834069206,1.006,Yes,ICICI PRUD SENSEX ETF
KAYPOWR.BO,-0.007723005449858113,0.21102730891649188,-8.88,0.731,-0.03659718493076304,2.8768606877614915,2.877,Yes,Kay Power and Paper Limited
LANDMARK.NS,-0.004955986170794802,0.13488809578126784,-5.79,0.467,-0.036741464412332885,1.571006018222132,1.571,Yes,Landmark Cars Limited
SENSEXBEES.BO,-0.0017890237061118578,0.048633258494019095,-2.13,0.168,-0.03678601355350005,0.9961284748557453,0.996,Yes,Nippon Mutual Funds - Nippon India ETF S&P BSE Sensex
ORIENTELEC.NS,-0.003340073705315633,0.09023898449958262,-3.94,0.313,-0.03701364464414027,1.1935552422242206,1.194,Yes,Orient Electric Limited
APTECHT.BO,-0.007005152266111237,0.188221881809184,-8.09,0.652,-0.03721752326975955,2.2388698357363173,2.239,Yes,Aptech Limited
BHARTIHEXA.NS,-0.002821950984480082,0.07576721995001177,-3.33,0.262,-0.03724501158075872,0.8102048953149514,0.81,Yes,Bharti Hexacom Limited
SBISENSEX.BO,-0.001827890875102199,0.04878928652449673,-2.17,0.169,-0.037465005236025105,1.0006377311932395,1.001,Yes,SBI Mutual Fund - SBI-ETF Sensex
DISAQ.NS,-0.001983955413537185,0.052745357513711295,-2.35,0.183,-0.03761383953121278,1.8300637856560293,1.83,Yes,DISA India Limited
CSBBANK.NS,-0.003398132650320114,0.09015614617283595,-4.0,0.312,-0.03769163606223412,1.345778656487201,1.346,Yes,CSB Bank Limited
ARENTERP.NS,-0.0062168386008230655,0.1648546806933554,-7.21,0.571,-0.037711022669638036,2.378168904872221,2.378,Yes,Rajdarshan Industries Limited
NORRIS.BO,-0.0030965398939704655,0.0820720831467225,-3.65,0.284,-0.037729515021992274,0.9523534601512239,0.952,Yes,Norris Medicines Limited
GAYATRIBI.BO,-0.009878996499010367,0.26147459067303064,-11.23,0.906,-0.037781860461400925,1.210815226463384,1.211,Yes,Gayatri BioOrganics Limited
RITES.NS,-0.003951555000333947,0.10455187298288006,-4.64,0.362,-0.037795162225175996,1.783467825587265,1.783,Yes,RITES Limited
PARLEIND.BO,-0.010322270850262915,0.2717138992970584,-11.71,0.941,-0.03798948407485706,2.0203471921446177,2.02,Yes,Parle Industries Limited
APTECHT.NS,-0.0070997462879286094,0.18669114093230932,-8.19,0.647,-0.03802936900205052,2.223295396921086,2.223,Yes,Aptech Limited
MGEL.BO,-0.004361510875344011,0.11436762784866679,-5.11,0.396,-0.038135886503786166,0.8384880069352679,0.838,Yes,Mangalam Global Enterprise Limited
RISHIROOP.BO,-0.005276406975621204,0.13782175586534037,-6.15,0.477,-0.03828428206049378,1.742727094510377,1.743,Yes,Rishiroop Limited
CSBBANK.BO,-0.0034782353115163866,0.090205628691162,-4.09,0.312,-0.03855896092055252,1.3601970302169633,1.36,Yes,CSB Bank Limited
APLLTD.NS,-0.0029845083036165623,0.07697969796385028,-3.52,0.267,-0.03877007032449113,0.9948085429987952,0.995,Yes,Alembic Pharmaceuticals Limited
RITES.BO,-0.004043269090804849,0.10422416802717573,-4.75,0.361,-0.038793968494433985,1.7819229816949278,1.782,Yes,RITES Limited
ADVIKLA.BO,-0.002330903976238832,0.05979468142099666,-2.76,0.207,-0.038981794381136116,0.14247199553790935,0.142,Yes,MPS Pharmaa Limited
STURDY.BO,-0.003550440698690594,0.09074925552766748,-4.18,0.314,-0.03912363443695845,0.24499611120993564,0.245,Yes,Sturdy Industries Limited
SEYAIND.NS,-0.00770386958283106,0.19636764083084818,-8.86,0.68,-0.039231869111607864,2.2061245509939043,2.206,Yes,Seya Industries Limited
HBESD.BO,-0.005572800959543123,0.14197921222672324,-6.49,0.492,-0.039250823216599125,1.6647179313489702,1.665,Yes,HB Estate Developers Limited
TREJHARA.BO,-0.005863469772479748,0.1493352148136662,-6.81,0.517,-0.039263811819576,2.2340733459351227,2.234,Yes,Trejhara Solutions Limited
CONCORDBIO.NS,-0.004760199591832491,0.12055522423816306,-5.57,0.418,-0.039485635084784636,1.466119748045664,1.466,Yes,Concord Biotech Limited
INFLAME.BO,-0.004978688752768661,0.12487889323028906,-5.81,0.433,-0.03986813643189058,1.390289802466119,1.39,Yes,Inflame Appliances Limited
ASHIMASYN.NS,-0.00648041677929832,0.16134402099589049,-7.51,0.559,-0.040165211820668456,2.0806798805188675,2.081,Yes,Ashima Limited
TGVSL.BO,-0.005005323901475653,0.12457335718825148,-5.84,0.432,-0.040179730356883284,1.275911081470629,1.276,Yes,TGV SRAAC Limited
TRABI.BO,-0.008758840551353342,0.2170602973040666,-10.02,0.752,-0.040352107963270746,2.4527033701948753,2.453,Yes,Transgene Biotek Limited
PCBL.BO,-0.005023269802095761,0.12426171901449068,-5.86,0.43,-0.040424918003186296,1.6858721756389499,1.686,Yes,PCBL Chemical Limited
21STCENMGM.BO,-0.006959113444847364,0.17212217574807018,-8.04,0.596,-0.04043124260195967,1.3532171934087285,1.353,Yes,Twentyfirst Century Management Services Limited
GOLECHA.BO,-0.00720792774317697,0.1775917293938537,-8.31,0.615,-0.04058706882228509,-1.649325540781493,1.649,No,Golechha Global Finance Limited
SUNTV.NS,-0.0039748133330710905,0.0977984020132504,-4.67,0.339,-0.04064292719765049,1.1630243689542907,1.163,Yes,Sun TV Network Limited
RAMAPETRO.BO,-0.0033234404663673974,0.08176578788467836,-3.92,0.283,-0.04064585632140846,-0.2078040543407564,0.208,No,Rama Petrochemicals Limited
ANANTRAJ.NS,-0.00529625419407246,0.1293765792384613,-6.17,0.448,-0.04093673078425295,1.7140530218110392,1.714,Yes,Anant Raj Limited
JUSTDIAL.BO,-0.005777181341161081,0.1405213750873013,-6.72,0.487,-0.04111247372559448,1.1442016506923243,1.144,Yes,Just Dial Limited
BONDADA.BO,-0.00905473060396693,0.2198835121131339,-10.34,0.762,-0.04117967062172499,3.469591187116705,3.47,Yes,Bondada Engineering Limited
SENSEXETF.NS,-0.0020334114176441052,0.04863999083650091,-2.41,0.168,-0.0418053412978477,0.996869899990488,0.997,Yes,Mirae Asset BSE Sensex ETF
HINDTIN.BO,-0.006787591295831185,0.16225234343296366,-7.85,0.562,-0.041833548608409175,1.6377913348571722,1.638,Yes,Hindustan Tin Works Limited
MOL.BO,-0.0072342004779942645,0.1728486360081051,-8.34,0.599,-0.04185280627644087,2.467239910037974,2.467,Yes,Meghmani Organics Limited
MUTHOOTCAP.BO,-0.004922521400035374,0.11660445533167349,-5.75,0.404,-0.04221555159306387,1.9653810749934149,1.965,Yes,Muthoot Capital Services Limited
CMICABLES.BO,-0.006662988845709441,0.15771725674348122,-7.71,0.546,-0.042246416044037845,1.2470161997568254,1.247,Yes,CMI Limited
SENSEXAXIS.NS,-0.0022314346072122952,0.052765659099515784,-2.65,0.183,-0.0422895240065858,0.9952784686169373,0.995,Yes,AXISAMC-SENSEXAXIS
RESPONIND.NS,-0.006849012038904708,0.16175856052182208,-7.92,0.56,-0.042340955661389804,2.1082445902472466,2.108,Yes,Responsive Industries Limited
ASHIMASYN.BO,-0.006692036355697721,0.1569175424779294,-7.74,0.544,-0.04264683380852056,2.029274633689826,2.029,Yes,Ashima Limited
SPLPETRO.NS,-0.004917761210400991,0.11489348659076973,-5.74,0.398,-0.04280278505183838,-0.14256714914720897,0.143,No,Supreme Petrochem Limited
BSLSENETFG.NS,-0.002059212407424342,0.047931157867247755,-2.44,0.166,-0.042961874885802415,0.9831696713267777,0.983,Yes,Aditya Birla Sun Life S&P BSE Sensex ETF
MOL.NS,-0.0074170560456045835,0.17195323096913223,-8.55,0.596,-0.04313414760398447,2.4431461909383128,2.443,Yes,Meghmani Organics Limited
MAXHEALTH.BO,-0.004113573016302383,0.0945124245926475,-4.83,0.327,-0.04352415075617893,1.0298593737681219,1.03,Yes,Max Healthcare Institute Limited
BECTORFOOD.NS,-0.004401987888913527,0.10108065236324151,-5.16,0.35,-0.04354926275203119,1.4270526384630882,1.427,Yes,Mrs. Bectors Food Specialities Limited
VEDL.BO,-0.010142034430468749,0.2310087198275574,-11.51,0.8,-0.04390325368687182,-2.070581775803989,2.071,No,Vedanta Limited
BECTORFOOD.BO,-0.004422452319756943,0.10070914216797605,-5.18,0.349,-0.04391311676928586,1.420412670815584,1.42,Yes,Mrs. Bectors Food Specialities Limited
JUSTDIAL.NS,-0.006140148533065582,0.13940600928312624,-7.12,0.483,-0.044045077860275485,1.095846165919867,1.096,Yes,Just Dial Limited
AHLEAST.NS,-0.0036638238612674377,0.08314164472505786,-4.31,0.288,-0.04406725261911022,0.4323171024593878,0.432,Yes,Asian Hotels (East) Limited
RESPONIND.BO,-0.007099901596213399,0.16088761073422497,-8.19,0.557,-0.044129573208355595,2.059872773745833,2.06,Yes,Responsive Industries Limited
SARVOTTAM.BO,-0.005506639749817336,0.12467527539611169,-6.41,0.432,-0.04416785711779606,1.03331939209185,1.033,Yes,Sarvottam Finvest Limited
JYOTI.BO,-0.010964489645857533,0.2479079907065282,-12.39,0.859,-0.04422806063898611,3.106196815305879,3.106,Yes,Jyoti Limited
TIMETECHNO.NS,-0.00494433590042838,0.11118679898972743,-5.77,0.385,-0.04446873140834991,1.6961203940977072,1.696,Yes,Time Technoplast Limited
SENSEXADD.NS,-0.0021444414993860867,0.04802541755221355,-2.54,0.166,-0.0446522197762182,0.9844709088751824,0.984,Yes,DSPAMC - DSPSENXETF
RAMAPHO.NS,-0.007012662947299086,0.15698035862916884,-8.1,0.544,-0.04467223166348436,2.583641028008449,2.584,Yes,Rama Phosphates Limited
SESHAPAPER.NS,-0.004122115882645499,0.09218524483141108,-4.84,0.319,-0.044715571241189946,0.8715122690515555,0.872,Yes,Seshasayee Paper and Boards Limited
VEDL.NS,-0.010344877543732072,0.23085044739108826,-11.73,0.8,-0.04481203160159622,-2.0650513803811754,2.065,No,Vedanta Limited
GSLSEC.BO,-0.009493823668197341,0.21153095291774673,-10.82,0.733,-0.04488148678595038,2.4006337125763166,2.401,Yes,GSL Securities Limited
BOSTON.BO,-0.012519517816560145,0.27849545221040695,-14.03,0.965,-0.0449541194198801,-4.3830294490116675,4.383,No,Boston Commerce Limited
ORIENTTECH.BO,-0.008948895159595332,0.19877970782962867,-10.23,0.689,-0.045019158430725265,2.568991716309804,2.569,Yes,Orient Technologies Limited
HDFCSENSEX.NS,-0.0021530373810242846,0.04756710713662414,-2.55,0.165,-0.045263155794617586,0.9747075250939514,0.975,Yes,HDFC Mutual Fund - HDFC Sensex ETF
BESTAGRO.NS,-0.010073458275010506,0.2225477461890054,-11.44,0.771,-0.04526425653601235,3.2787433029358324,3.279,Yes,Best Agrolife Limited
HEXT.BO,-0.005888781976576846,0.12991699445135937,-6.84,0.45,-0.045327264546453104,1.0033926318109012,1.003,Yes,Hexaware Technologies Limited
HEXT.NS,-0.005891375907805701,0.12978963954264486,-6.85,0.45,-0.0453917271714895,1.0039412191218775,1.004,Yes,Hexaware Technologies Limited
BESTAGRO.BO,-0.010069282157175037,0.2204545272160335,-11.44,0.764,-0.04567509809997091,3.239882273652452,3.24,Yes,Best Agrolife Limited
SPLPETRO.BO,-0.005156547997898384,0.11254480950158155,-6.02,0.39,-0.045817732694513294,-0.16941631021885772,0.169,No,Supreme Petrochem Limited
SIDDHEGA.BO,-0.007953637712276935,0.1732508141468786,-9.14,0.6,-0.04590822704898806,0.49079275678392287,0.491,Yes,Siddheswari Garments Limited
SAMYAKINT.BO,-0.008969207789615597,0.19421559242879308,-10.25,0.673,-0.046181708056751695,3.226529666672334,3.227,Yes,Samyak International Limited
AMCOIND.BO,-0.005475778964504036,0.11825630686183904,-6.38,0.41,-0.04630432921350645,1.548140412080957,1.548,Yes,Amco India Limited
AMBARPIL.BO,-0.007181735802630803,0.15494993722288053,-8.29,0.537,-0.04634874935315765,0.9349677716072241,0.935,Yes,Ambar Protein Industries Limited
LICNETFSEN.NS,-0.0022088029022328047,0.04758709867384689,-2.62,0.165,-0.046416002735773586,0.9722747652035897,0.972,Yes,LIC MF BSE Sensex ETF
SHIVAMILLS.BO,-0.00461243299113798,0.09930356596324806,-5.4,0.344,-0.046447808257409684,0.9366532294606186,0.937,Yes,Shiva Mills Limited
GGDPROP.BO,-0.007162839949319196,0.15419603571501048,-8.26,0.534,-0.04645281518493615,2.5784131497864027,2.578,Yes,G. G. Dandekar Properties Limited
PRAENG.BO,-0.007543051160147017,0.16164224703229818,-8.69,0.56,-0.04666509714282689,2.4039563407394846,2.404,Yes,Prajay Engineers Syndicate Limited
SHYMINV.BO,-0.003921086946759213,0.0834504017650667,-4.61,0.289,-0.04698703497914884,0.5025393795014149,0.503,Yes,Shyamkamal Investments Limited
NIDHGRN.BO,-0.009829678308645208,0.20909679113870447,-11.18,0.724,-0.04701018248589327,3.2414925061687967,3.241,Yes,Nidhi Granites Limited
GLOBALE.NS,-0.0066051076201953185,0.14045877006834795,-7.64,0.487,-0.04702524176298312,1.450217090256856,1.45,Yes,Globale Tessile Limited
SEASONST.BO,-0.003617415523665282,0.07689249379280481,-4.26,0.266,-0.04704510603353302,-0.04481903306047679,0.045,No,Seasons Textiles Limited
ORIENTTECH.NS,-0.009353323554647122,0.19746625110361915,-10.66,0.684,-0.04736669432053493,2.545920536081834,2.546,Yes,Orient Technologies Limited
NAVA.NS,-0.0053677540047632685,0.11320257347333587,-6.25,0.392,-0.04741724361970983,1.0029471687878513,1.003,Yes,Nava Limited
NAVA.BO,-0.005402201614716119,0.11366920593852073,-6.29,0.394,-0.04752563871729658,0.9937180966093537,0.994,Yes,Nava Limited
MGEL.NS,-0.005320758210848271,0.11166309683256484,-6.2,0.387,-0.04765010430282597,0.7381486907055183,0.738,Yes,Mangalam Global Enterprise Limited
TIMETECHNO.BO,-0.005274271980627585,0.11030353251047395,-6.15,0.382,-0.04781598431697337,1.6936241963218739,1.694,Yes,Time Technoplast Limited
NIKHILAD.BO,-0.008939254846582818,0.18664899790149742,-10.22,0.647,-0.04789339855604498,1.7054623487153793,1.705,Yes,Nikhil Adhesives Limited
KRISHIVAL.BO,-0.005442262705706418,0.1132476817266027,-6.34,0.392,-0.048056283561237714,0.15204021327559888,0.152,Yes,Krishival Foods Limited
GEEKAYWIRE.NS,-0.008061491559705663,0.16719591197428074,-9.26,0.579,-0.048215841311632895,2.351334653673436,2.351,Yes,Geekay Wires Limited
FLOMIC.BO,-0.009040924116013187,0.18732897606822466,-10.33,0.649,-0.048262283314464444,2.0627058631374062,2.063,Yes,Flomic Global Logistics Limited
SONALAD.BO,-0.006723803031415897,0.13927694587512984,-7.78,0.482,-0.04827649679685101,1.918829368933458,1.919,Yes,Sonal Adhesives Limited
RADAAN.BO,-0.00534216392782948,0.11049093527082128,-6.23,0.383,-0.04834934119016596,1.7836389077795027,1.784,Yes,Radaan Mediaworks India Limited
MODINATUR.BO,-0.007728639879705776,0.15916741348281446,-8.89,0.551,-0.04855667193800475,0.718679128105947,0.719,Yes,Modi Naturals Limited
NEXTMEDIA.BO,-0.008263917760999363,0.16919376525727922,-9.48,0.586,-0.04884292130051657,2.425544577756573,2.426,Yes,Next Mediaworks Limited
ESCORTS.NS,-0.005437430005335171,0.11061545147893762,-6.33,0.383,-0.04915615253236585,2.145988274679379,2.146,Yes,Escorts Kubota Limited
SENSEX1.BO,-0.0021347437031359108,0.043379174820157546,-2.53,0.15,-0.04921125659919037,0.886347461504676,0.886,Yes,Kotak Mahindra Mutual Fund - Kotak BSE Sensex ETF
VISHWARAJ.BO,-0.009056135540631123,0.18273159784798634,-10.34,0.633,-0.04955976769909758,2.535065271617288,2.535,Yes,Vishwaraj Sugar Industries Limited
FLUIDOM.BO,-0.007557657881367719,0.15235120616277606,-8.7,0.528,-0.049606813570566136,1.3700074770359025,1.37,Yes,Fluidomat Limited
IITLPROJ.BO,-0.005981401020038088,0.12055859236377174,-6.95,0.418,-0.04961405821652177,0.7799963841266292,0.78,Yes,IITL Projects Limited
TIINDIA.BO,-0.005097720794661457,0.10265516803443608,-5.95,0.356,-0.049658686379544056,0.6709197915038887,0.671,Yes,Tube Investments of India Limited
TIINDIA.NS,-0.00509751297509807,0.10232888686567759,-5.95,0.354,-0.04981499487812606,0.671002175768737,0.671,Yes,Tube Investments of India Limited
KRISHIVAL.NS,-0.005609682065533876,0.11219300984941726,-6.53,0.389,-0.05000028141738113,0.1597264445254351,0.16,Yes,Krishival Foods Limited
INDIQUBE.NS,-0.006990631330549474,0.1394905840721583,-8.07,0.483,-0.05011543522488392,2.199358376150952,2.199,Yes,IndiQube Spaces Limited
SBGLP.NS,-0.010604117732134977,0.21056243338727093,-12.01,0.729,-0.050360919379344636,2.9663587894656716,2.966,Yes,Suratwwala Business Group Limited
DRREDDY.NS,-0.0030064638124842297,0.059599821596201204,-3.55,0.206,-0.05044417469658763,0.2276731207217178,0.228,Yes,Dr. Reddy's Laboratories Limited
CIPLA.NS,-0.0031660129462289157,0.06275239020100595,-3.73,0.217,-0.05045246780381862,0.8368999252094335,0.837,Yes,Cipla Limited
MUTHOOTCAP.NS,-0.005690326082747738,0.11250629242696097,-6.62,0.39,-0.05057784733633361,1.8890654926905015,1.889,Yes,Muthoot Capital Services Limited
HUDCO.NS,-0.0073655148610162315,0.14484692604020963,-8.49,0.502,-0.050850336022813206,2.261483257430113,2.261,Yes,Housing and Urban Development Corporation Limited
BUTTERFLY.BO,-0.004321015789350163,0.08473182078506324,-5.06,0.294,-0.05099637596967447,0.39507923799681877,0.395,Yes,Butterfly Gandhimathi Appliances Limited
SUNCITYSY.BO,-0.012774172904176121,0.2490617798940352,-14.3,0.863,-0.051289173752837425,0.12747742050771382,0.127,Yes,Suncity Synthetics Limited
SHYAMCENT.NS,-0.011703628645559537,0.22768250613365526,-13.17,0.789,-0.05140328453117614,3.2920355414334983,3.292,Yes,Shyam Century Ferrous Limited
ELCIDIN.BO,-0.007716633434842964,0.14956929267039817,-8.88,0.518,-0.05159236429530961,2.2810971315097723,2.281,Yes,Elcid Investments Limited
JSWCEMENT.BO,-0.004402360059179125,0.08512611907328836,-5.16,0.295,-0.051715737861712734,0.7341777619009843,0.734,Yes,JSW Cement Limited
LICNETFSEN.BO,-0.002361304173592881,0.045540139957679235,-2.8,0.158,-0.05185105218796554,0.9172083727806648,0.917,Yes,LIC MF ETF Sensex
ONMOBILE.BO,-0.009799517451792502,0.18816825265192316,-11.15,0.652,-0.0520784846204626,2.6898612511753193,2.69,Yes,OnMobile Global Limited
PFIZER.NS,-0.003314721341980316,0.0634640216223914,-3.91,0.22,-0.05222992897775667,0.5163126964318486,0.516,Yes,Pfizer Limited
HUDCO.BO,-0.007613397782659367,0.14575110288163293,-8.76,0.505,-0.052235610106102205,2.27532145226986,2.275,Yes,Housing and Urban Development Corporation Limited
TIPSFILMS.NS,-0.008852812734216488,0.1694422429418126,-10.12,0.587,-0.05224678675468545,2.3474934714916693,2.347,Yes,Tips Films Limited
POLYSPIN.BO,-0.005354086559634244,0.10238475341182836,-6.24,0.355,-0.05229378770975967,1.4010032628885198,1.401,Yes,Polyspin Exports Limited
INDIQUBE.BO,-0.0071809008769326286,0.1368561604332076,-8.28,0.474,-0.05247042481830588,2.13249487747601,2.132,Yes,IndiQube Spaces Limited
JSWCEMENT.NS,-0.004448883570266665,0.08467089276822372,-5.21,0.293,-0.052543246265808766,0.7283640752676146,0.728,Yes,JSW Cement Limited
KUWERIN.BO,-0.006558162748121082,0.12479177193938047,-7.59,0.432,-0.05255284580226019,0.5810913322040131,0.581,Yes,Kuwer Industries Limited
STANPACK.BO,-0.0068928162271632565,0.13029487101936224,-7.96,0.451,-0.05290166967615296,0.6741133628962002,0.674,Yes,Stanpacks (India) Limited
LIMECHM.BO,-0.005976524867235125,0.1128296601384172,-6.94,0.391,-0.05296944845799626,1.1672667385260853,1.167,Yes,Lime Chemicals Limited
JAYBHCR.BO,-0.012379116454645,0.23245771980117474,-13.88,0.805,-0.053253195743437044,1.5489786235576852,1.549,Yes,Jayabharat Credit Limited
OLECTRA.NS,-0.008092948717252966,0.15142282638591573,-9.29,0.525,-0.0534460286497843,1.2326600635625304,1.233,Yes,Olectra Greentech Limited
BUTTERFLY.NS,-0.00452081940958414,0.08391591138860476,-5.29,0.291,-0.053873208724967,0.39775699747198107,0.398,Yes,Butterfly Gandhimathi Appliances Limited
NTPCGREEN.NS,-0.004478065947242214,0.08311370439398666,-5.24,0.288,-0.05387879146878942,0.5292008945725284,0.529,Yes,NTPC Green Energy Limited
OLECTRA.BO,-0.0081451153604213,0.1511007903637759,-9.35,0.523,-0.053905180381994655,1.22852693829678,1.229,Yes,Olectra Greentech Limited
LTTS.BO,-0.005443247884475821,0.10076536738745402,-6.34,0.349,-0.05401903476961413,1.4348932935715222,1.435,Yes,L&T Technology Services Limited
RAMAPHO.BO,-0.008340024247505563,0.1541809121472681,-9.56,0.534,-0.054092456266826794,2.5496759687306634,2.55,Yes,Rama Phosphates Limited
WAA.BO,-0.012738816140363561,0.23531192897364223,-14.26,0.815,-0.054135870611941916,1.9868279723993991,1.987,Yes,Waa Solar Limited
SHARVAYA.BO,-0.008916586166184792,0.16431627385888414,-10.19,0.569,-0.05426477826440011,2.1166454453032015,2.117,Yes,Sharvaya Metals Limited
ARUNAHTEL.BO,-0.005356033656248213,0.09839468606260288,-6.24,0.341,-0.05443417597613429,1.128456928341517,1.128,Yes,Aruna Hotels Limited
AHLEAST.BO,-0.004328331236632664,0.0793075770393771,-5.07,0.275,-0.05457651586661889,0.5243541195581622,0.524,Yes,Asian Hotels (East) Limited
STYRENIX.BO,-0.006294488827577357,0.11503517322090541,-7.3,0.398,-0.05471794974820324,1.217260391618766,1.217,Yes,Styrenix Performance Materials Limited
CRSL.BO,-0.013530343045732175,0.246842555931442,-15.08,0.855,-0.05481365640003375,3.2199633692170324,3.22,Yes,Cressanda Railway Solutions Limited
LAL.BO,-0.007665025440874534,0.1390655776257665,-8.82,0.482,-0.05511806423802129,1.9584315268799328,1.958,Yes,Lorenzini Apparels Limited
ITI.BO,-0.0054981471916184105,0.09949063837872096,-6.4,0.345,-0.05526296022635988,1.4371148962420082,1.437,Yes,ITI Limited
TOP15IETF.NS,-0.0030121868421765646,0.05440718171884693,-3.56,0.188,-0.05536377270453484,1.11451733334643,1.115,Yes,ICICI Prudential Nifty Top 15 Equal Weight ETF
AARNAV.BO,-0.007528820889353735,0.13581247011691355,-8.67,0.47,-0.05543541681314377,1.570783605096244,1.571,Yes,Aarnav Fashions Limited
^BSESN,-0.0027065556862963924,0.048727398097534035,-3.2,0.169,-0.05554484318819732,1.0,1.0,Yes,S&P BSE SENSEX
MEFCOMCAP.BO,-0.008860376562589286,0.15895319245827574,-10.13,0.551,-0.055742048495912286,1.6163834680206226,1.616,Yes,Mefcom Capital Markets Limited
ONMOBILE.NS,-0.010382868276873413,0.18530387860379627,-11.77,0.642,-0.05603157556714359,2.6427933614435095,2.643,Yes,OnMobile Global Limited
SRIKPRIND.BO,-0.009567155792221694,0.1705529797760236,-10.9,0.591,-0.056094920210632684,1.9545041919046242,1.955,Yes,Sri KPR Industries Limited
ABREL.BO,-0.008736219085171986,0.15553231481845176,-9.99,0.539,-0.056169800439024614,2.447321603228597,2.447,Yes,Aditya Birla Real Estate Limited
ITI.NS,-0.005602200359946801,0.09898542266547686,-6.52,0.343,-0.0565962159789886,1.4516102592917857,1.452,Yes,ITI Limited
SRGHFL.BO,-0.00561171732631878,0.09875223951388121,-6.53,0.342,-0.0568262284880128,0.9209187104316545,0.921,Yes,SRG Housing Finance Limited
ROTO.BO,-0.008715637948461539,0.15321190433305082,-9.97,0.531,-0.05688616681844483,1.6088254680858636,1.609,Yes,Roto Pumps Limited
CPEDU.NS,-0.012527629556286524,0.2199603955430889,-14.04,0.762,-0.05695402358845294,3.8491486631953618,3.849,Yes,Career Point Edutech Ltd.
ASHSI.BO,-0.010314565136733402,0.18023616641496062,-11.7,0.624,-0.05722805440161223,2.614646791733107,2.615,Yes,Ashirwad Steels & Industries Limited
ROTO.NS,-0.008656416615325872,0.15107051256977835,-9.91,0.523,-0.05730050469860912,1.6138433667393466,1.614,Yes,Roto Pumps Limited
JAIHIND.BO,-0.008186028891009998,0.14284850315857853,-9.39,0.495,-0.05730566796295058,0.4646564865791894,0.465,Yes,Jaihind Industries Limited
WEBELSOLAR.BO,-0.015502148420082988,0.2704607309501852,-17.1,0.937,-0.05731755721291107,1.3878763720977283,1.388,Yes,Websol Energy System Limited
HNGSNGBEES.NS,-0.005415244744417938,0.09442320816487489,-6.31,0.327,-0.05735078112324075,0.9771530806218777,0.977,Yes,Nippon India ETF Hang Seng BeES
NTPCGREEN.BO,-0.004689882335149468,0.08175554102499998,-5.48,0.283,-0.05736470306905989,0.4981904031989667,0.498,Yes,NTPC Green Energy Limited
NITCO.BO,-0.008746809093558265,0.15193882323008698,-10.01,0.526,-0.05756796655133116,-1.7238116205935612,1.724,No,NITCO Limited
DSINVEST.BO,-0.005905658603330071,0.10257490859086624,-6.86,0.355,-0.05757410544605583,0.7076616293084869,0.708,Yes,Dalal Street Investments Limited
LTTS.NS,-0.00582399224879172,0.10088241573763329,-6.77,0.349,-0.05773049947513431,1.4266597406708048,1.427,Yes,L&T Technology Services Limited
WEBELSOLAR.NS,-0.015597659108979369,0.27005418575994955,-17.19,0.935,-0.057757516570559976,1.385293447186299,1.385,Yes,Websol Energy System Limited
NEWTRAC.BO,-0.018452554247307962,0.31924849300907926,-20.03,1.106,-0.05779997290945139,2.2571360533398463,2.257,Yes,Newtrac Foods & Beverages Limited
EVERESTO.BO,-0.01229711818316556,0.21210371328634336,-13.8,0.735,-0.057976911354513896,3.56781453553584,3.568,Yes,Everest Organics Limited
BDL.BO,-0.007172329475279521,0.12308940154655933,-8.28,0.426,-0.05826926920728056,1.590719207220359,1.591,Yes,Bharat Dynamics Limited
GOLCA.BO,-0.009074151968260296,0.15526877979070888,-10.36,0.538,-0.05844157454249076,0.914309187006009,0.914,Yes,Golden Carpets Limited
MARGOFIN.BO,-0.00582088078277023,0.09954957614484404,-6.77,0.345,-0.058472180477201464,1.0899950967228529,1.09,Yes,Margo Finance Limited
SUNILTX.BO,-0.01219813441111594,0.20846575391211464,-13.69,0.722,-0.05851385266981766,2.738483559139514,2.738,Yes,Sunil Industries Limited
HAWKINCOOK.BO,-0.0030380447051786648,0.05181803139480205,-3.59,0.18,-0.058629103101809764,0.16262973695310837,0.163,Yes,Hawkins Cookers Limited
VISHWARAJ.NS,-0.010520156798715246,0.17867224852791994,-11.92,0.619,-0.05887963511620178,2.499503966375986,2.5,Yes,Vishwaraj Sugar Industries Limited
NICCOPAR.BO,-0.008237231413930225,0.13985778483312902,-9.45,0.484,-0.05889719634669216,1.218862833499035,1.219,Yes,Nicco Parks & Resorts Limited
BSLSENETFG.BO,-0.002553804920770531,0.043342776901152645,-3.02,0.15,-0.058921119119680024,0.8800582652019442,0.88,Yes,Aditya Birla Sun Life Sensex ETF
SHYAMCENT.BO,-0.013305796024644606,0.22581711769821286,-14.85,0.782,-0.058922884855995616,3.228713088072447,3.229,Yes,Shyam Century Ferrous Limited
FACT.NS,-0.00477422304489862,0.08076775821122252,-5.58,0.28,-0.05911050585820582,0.707997727454717,0.708,Yes,The Fertilisers and Chemicals Travancore Limited
BDL.NS,-0.0072643584014920465,0.12279827239299662,-8.38,0.425,-0.05915684528723341,1.5882824452911057,1.588,Yes,Bharat Dynamics Limited
GCMSECU.BO,-0.008024781741274417,0.13561128437763578,-9.22,0.47,-0.05917488192890987,2.4375423451339002,2.438,Yes,GCM Securities Limited
JAYKAY.NS,-0.013727731376476735,0.231829360627329,-15.28,0.803,-0.059214809286147224,3.1709796919504027,3.171,Yes,Jaykay Enterprises Limited
JHS.NS,-0.010992502060217117,0.18541468115468074,-12.42,0.642,-0.059286039227102565,2.4876806387056867,2.488,Yes,JHS Svendgaard Laboratories Limited
LPDC.NS,-0.008347811149478851,0.14073718224478599,-9.57,0.488,-0.05931489473023125,1.4907240031525144,1.491,Yes,Landmark Property Development Company Limited
ENERGYDEV.NS,-0.008049191425478948,0.13529372129769798,-9.24,0.469,-0.059494197870185304,2.328022613983613,2.328,Yes,Energy Development Company Limited
LORDSHOTL.BO,-0.005922110558602401,0.09949800273713853,-6.88,0.345,-0.05951989382387793,-1.764841396154695,1.765,No,Lords Ishwar Hotels Limited
ABREL.NS,-0.009166046453026922,0.15386136084771546,-10.46,0.533,-0.05957341338023802,2.424806668388408,2.425,Yes,Aditya Birla Real Estate Limited
HNGSNGBEES.BO,-0.00552343299818717,0.09267060840088655,-6.43,0.321,-0.05960285675791818,0.9528061771130961,0.953,Yes,Nippon India ETF Hang Seng BeES
SUPERSPIN.NS,-0.012151929918915384,0.2037185754914238,-13.65,0.706,-0.059650573785928314,3.4545795903479557,3.455,Yes,Super Spinning Mills Limited
CPEDU.BO,-0.012810703223040782,0.2142153723878927,-14.33,0.742,-0.059802912742618994,3.7649077193948397,3.765,Yes,Career Point Edutech Ltd.
MGL.BO,-0.007575251071870747,0.1264706441597474,-8.72,0.438,-0.05989730757046124,1.8516435757287726,1.852,Yes,Mahanagar Gas Limited
TRINITYLEA.BO,-0.006978526645438996,0.11565358206233346,-8.06,0.401,-0.06033990924446941,0.8926641269860796,0.893,Yes,Trinity League India Limited
LORDSCHLO.BO,-0.009695184409738504,0.16016030764139477,-11.03,0.555,-0.06053425191618889,2.3909156240263645,2.391,Yes,Lords Chloro Alkali Limited
ISFL.BO,-0.008920299877931425,0.14713285593939468,-10.19,0.51,-0.06062751804128491,1.656288225797001,1.656,Yes,ISF Limited
CLARA.BO,-0.0072332100700293585,0.11918175397898323,-8.34,0.413,-0.06069058248047666,1.8512142788460313,1.851,Yes,Clara Industries Limited
AIHL.BO,-0.01165218960768184,0.19192295372228846,-13.12,0.665,-0.060712850556387844,-0.9645504148496129,0.965,No,Ambassador Intra Holdings Limited
ROSEMER.BO,-0.0065985392619927466,0.10860341613567225,-7.64,0.376,-0.060758118821507015,-0.0819993516072757,0.082,No,Rose Merc Limited
FACT.BO,-0.004808589194378024,0.0790473792728935,-5.62,0.274,-0.06083173456993988,0.6273285572125752,0.627,Yes,The Fertilisers and Chemicals Travancore Limited
BNALTD.BO,-0.006670847472808181,0.1095674498119435,-7.72,0.38,-0.060883478480677565,1.3899833196723468,1.39,Yes,B & A Limited
SANDUPHQ.BO,-0.0096175316778438,0.15787007208158396,-10.95,0.547,-0.060920550367986534,1.7955733020382185,1.796,Yes,Sandu Pharmaceuticals Limited
ZEEL.BO,-0.008255710813097027,0.13543394479370668,-9.47,0.469,-0.06095747137596963,1.7461423933030158,1.746,Yes,Zee Entertainment Enterprises Limited
CENTURYPLY.BO,-0.004197178113018214,0.06878527990107229,-4.92,0.238,-0.061018551048344055,0.6821337162555318,0.682,Yes,Century Plyboards (India) Limited
HBLENGINE.NS,-0.009279477789616396,0.15182024523892182,-10.58,0.526,-0.06112147806778431,1.8766769599310298,1.877,Yes,HBL Engineering Limited
HBLENGINE.BO,-0.009308759897821954,0.15156548691316943,-10.62,0.525,-0.06141741162455317,1.8820176403015676,1.882,Yes,HBL Engineering Limited
ORIBEVER.BO,-0.01002151092067207,0.16305944386819232,-11.38,0.565,-0.06145924874350039,1.111624980261708,1.112,Yes,Orient Beverages Limited
STYRENIX.NS,-0.006939715810793823,0.11271649291041594,-8.02,0.39,-0.061567882672763106,1.1674074415241877,1.167,Yes,Styrenix Performance Materials Limited
ANDHRAPET.BO,-0.009408674027194917,0.1525804441453697,-10.72,0.529,-0.06166369536997077,2.63115374832314,2.631,Yes,The Andhra Petrochemicals Limited
INDSUCR.BO,-0.005596564924276918,0.09065355671087227,-6.51,0.314,-0.061735745704125364,0.5129175752808027,0.513,Yes,Indian Sucrose Limited
CENTURYPLY.NS,-0.0043065875740656906,0.06954326242982223,-5.05,0.241,-0.061926740615765204,0.7060052785745513,0.706,Yes,Century Plyboards (India) Limited
ANSALAPI.NS,-0.01253402392206504,0.20221329797467663,-14.05,0.7,-0.06198417239421459,1.543426739816348,1.543,Yes,Ansal Properties & Infrastructure Limited
GUJARATPOLY.BO,-0.012527940097555685,0.20115484026073588,-14.04,0.697,-0.062280082752754214,2.2219716872703708,2.222,Yes,Gujarat Poly Electronics Limited
TRIGYN.BO,-0.013490670796206007,0.21527709751730117,-15.04,0.746,-0.06266653978425087,2.8116911407415266,2.812,Yes,Trigyn Technologies Limited
AMNPLST.BO,-0.007327261729850027,0.11673795236480786,-8.45,0.404,-0.06276674878579525,1.3990348184785593,1.399,Yes,Amines & Plasticizers Limited
RIIL.NS,-0.006774341483008383,0.10762204413460497,-7.83,0.373,-0.06294566821770811,1.5636172597079876,1.564,Yes,Reliance Industrial Infrastructure Limited
IFBIND.NS,-0.009590458753136856,0.1520448668636313,-10.92,0.527,-0.06307650465923666,2.1934536503857816,2.193,Yes,IFB Industries Limited
CORNE.BO,-0.010004834523839561,0.15836721851474372,-11.37,0.549,-0.06317490840383819,2.2142394769104747,2.214,Yes,Coral Newsprints Limited
JAIPURKURT.NS,-0.013489347576986156,0.2133133478903256,-15.04,0.739,-0.06323724094341092,1.1374161418248327,1.137,Yes,Nandani Creation Limited
HINDPETRO.NS,-0.006571734240022445,0.10377777977311338,-7.61,0.359,-0.06332506105247244,1.7006399926959286,1.701,Yes,Hindustan Petroleum Corporation Limited
NARPROP.BO,-0.004473954698293547,0.07062685087267653,-5.24,0.245,-0.0633463710049741,-0.5516047219306139,0.552,No,Narendra Properties Limited
AMNPLST.NS,-0.008073167497566475,0.12734893825446836,-9.27,0.441,-0.06339406993275978,1.5995418856387706,1.6,Yes,Amines & Plasticizers Limited
ASIANTILES.NS,-0.007343443687093862,0.11566739269192745,-8.46,0.401,-0.06348758726370399,1.7394936792601379,1.739,Yes,Asian Granito India Limited
ISHITADR.BO,-0.006114207415802009,0.09616691543539554,-7.1,0.333,-0.06357911541739636,0.6567194360480699,0.657,Yes,Ishita Drugs and Industries Limited
WONDERLA.BO,-0.004401648460524316,0.06922378962720817,-5.16,0.24,-0.06358577714725781,0.2786982150849799,0.279,Yes,Wonderla Holidays Limited
ZEEL.NS,-0.008491822620138192,0.13314550270249312,-9.73,0.461,-0.06377851634322745,1.7211201579566817,1.721,Yes,Zee Entertainment Enterprises Limited
LERTHAI.BO,-0.011581286102919324,0.18118234012976797,-13.05,0.628,-0.06392061221101612,1.693722746594194,1.694,Yes,Lerthai Finance Limited
PARMCOS-B.BO,-0.004291152002744102,0.06712431729551067,-5.03,0.233,-0.0639284267704738,0.3807028790106348,0.381,Yes,Paramount Cosmetics (India) Limited
NILE.BO,-0.008565853370248955,0.13356973241222106,-9.81,0.463,-0.06413019787906094,1.49075887291634,1.491,Yes,Nile Limited
ENERGYDEV.BO,-0.008519020416310861,0.13281760730881365,-9.76,0.46,-0.06414074601196003,2.3280440411483716,2.328,Yes,Energy Development Company Limited
RIIL.BO,-0.00690631495769104,0.10746630648707382,-7.98,0.372,-0.06426493273518934,1.5560825836457168,1.556,Yes,Reliance Industrial Infrastructure Limited
GOLDBND.NS,-0.004541313338169449,0.07062380479354195,-5.32,0.245,-0.06430286999468939,0.3410069432990118,0.341,Yes,Bandhan Gold ETF
SBGLP.BO,-0.014087995520201931,0.21863729689126915,-15.66,0.757,-0.06443546330161616,3.048482512365864,3.048,Yes,Suratwwala Business Group Limited
GOLDTECH.NS,-0.010326185660670516,0.16001044018808772,-11.71,0.554,-0.06453444943050203,2.182234466085532,2.182,Yes,AION-TECH Solutions Limited
SHRADDHA.BO,-0.0062462592748076745,0.09677484254129212,-7.24,0.335,-0.0645442463225141,1.271425201305289,1.271,Yes,Shraddha Prime Projects Limited
SULABEN.BO,-0.011202189568905617,0.17350706676083852,-12.64,0.601,-0.06456330441195615,1.307427855736424,1.307,Yes,Sulabh Engineers & Services Limited
BNRUDY.BO,-0.008994816809501838,0.13922107881767104,-10.28,0.482,-0.06460815334782584,0.4066371469877498,0.407,Yes,BNR Udyog Limited
GUJTERC.BO,-0.007325252542837108,0.11331858203441243,-8.44,0.393,-0.0646429950968905,1.723129192704115,1.723,Yes,Gujarat Terce Laboratories Limited
SPECTRA.BO,-0.011922788534895227,0.18391374146254943,-13.41,0.637,-0.06482815498222616,0.09613092151412025,0.096,Yes,Spectra Industries Limited
SWADHATURE.BO,-0.013885369616718863,0.21410380707825172,-15.45,0.742,-0.06485344565425673,1.031769156455593,1.032,Yes,Swadha Nature Limited
MAINFRA.BO,-0.00826258454075286,0.1272825785640569,-9.48,0.441,-0.06491528246809197,-1.043785604955581,1.044,No,Maruti Infrastructure Limited
BCPL.BO,-0.006025654496754681,0.09255147586383372,-7.0,0.321,-0.06510597956989816,0.41513557620105135,0.415,Yes,BCPL Railway Infrastructure Limited
CRESCENTIS.BO,-0.004741152487156792,0.07268121182031141,-5.54,0.252,-0.06523216067005413,0.7119808380810153,0.712,Yes,Crescentis Capital Limited
STARPAPER.NS,-0.005646484664119685,0.0864976551552996,-6.57,0.3,-0.0652790489404814,1.4041469733786789,1.404,Yes,Star Paper Mills Limited
LAL.NS,-0.008197924333693896,0.12553592905969313,-9.41,0.435,-0.06530341070559753,1.67336201755804,1.673,Yes,Lorenzini Apparels Limited
SAGARSOFT.BO,-0.010168539449657404,0.1554100576174498,-11.54,0.538,-0.06543038208432951,1.727199498652648,1.727,Yes,Sagarsoft (India) Limited
RELIANCE.NS,-0.003919616517894522,0.05962316073600797,-4.6,0.207,-0.06573983112450736,0.8386979760631184,0.839,Yes,Reliance Industries Limited
TOP20.NS,-0.00432215132093633,0.06568932607561455,-5.07,0.228,-0.06579685892897014,1.0309376964240822,1.031,Yes,Mirae Asset Nifty Top 20 Equal Weight ETF
DIVIDEND.NS,-0.004303413201949186,0.06538732149174709,-5.04,0.227,-0.06581418390860903,0.8913463079263426,0.891,Yes,Mirae Asset BSE 500 Dividend Leaders 50 ETF
FINKURVE.BO,-0.013264913007276035,0.20149457902014992,-14.81,0.698,-0.06583260488585906,3.3818927420230693,3.382,Yes,Finkurve Financial Services Limited
BAPACK.BO,-0.005420846061284881,0.0821247092318219,-6.31,0.284,-0.06600749167930565,0.6478320884323228,0.648,Yes,B & A Packaging India Limited
GOLDTECH.BO,-0.01020029960611044,0.15413148094283752,-11.58,0.534,-0.06617920974815916,2.0460733611789124,2.046,Yes,AION-TECH Solutions Limited
INDOCO.NS,-0.008828365773402862,0.13280840873649044,-10.09,0.46,-0.06647444884999348,1.7092609405046506,1.709,Yes,Indoco Remedies Limited
SHBAJRG.BO,-0.009060747083762984,0.13604760296551105,-10.35,0.471,-0.06659982892943686,2.148062772875644,2.148,Yes,Shri Bajrang Alliance Limited
CONTCHM.BO,-0.006854855405829807,0.10287200034968785,-7.92,0.356,-0.06663480230313813,0.47639275441330964,0.476,Yes,Continental Chemicals Limited
CMMHOSP.BO,-0.0077438251292031865,0.11569795734193071,-8.91,0.401,-0.06693139020870774,1.571935303795145,1.572,Yes,Chennai Meenakshi Multispeciality Hospital Limited
CITYMAN.BO,-0.006862320481551595,0.10225549255463076,-7.93,0.354,-0.06710955382553509,-0.06950130671452444,0.07,No,Cityman Limited
HISARMETAL.NS,-0.007932770656054983,0.11817182356850454,-9.11,0.409,-0.0671291211094524,1.8349999776188943,1.835,Yes,Hisar Metal Industries Limited
ASIANTILES.BO,-0.007683971836604494,0.11435428056614498,-8.84,0.396,-0.0671944399331857,1.6731107814052066,1.673,Yes,Asian Granito India Limited
TREJHARA.NS,-0.009666836691037559,0.14311622855289882,-11.0,0.496,-0.06754535658731733,2.12345017238528,2.123,Yes,Trejhara Solutions Limited
BBL.NS,-0.012184127286780793,0.1801984061836548,-13.68,0.624,-0.06761506688556924,2.170518111373449,2.171,Yes,Bharat Bijlee Limited
SRM.BO,-0.008418046388504248,0.12446763384771188,-9.65,0.431,-0.06763241276687128,1.7146699787882225,1.715,Yes,SRM Contractors Limited
KJMCFIN.BO,-0.010616523242204134,0.15579897760986036,-12.02,0.54,-0.0681424448675729,1.3339358870604827,1.334,Yes,KJMC Financial Services Limited
IVALUE.BO,-0.00661661089920167,0.09699700137407923,-7.66,0.336,-0.06821459226027007,1.3823211758975011,1.382,Yes,iValue Infosolutions Limited
TRIGYN.NS,-0.014214275954085672,0.2078352171216942,-15.78,0.72,-0.06839204707911824,2.6556741536765127,2.656,Yes,Trigyn Technologies Limited
HERCULES.BO,-0.012668389007742304,0.18515817521151604,-14.19,0.641,-0.0684192798577245,3.1322841962690444,3.132,Yes,Hercules Investments Limited
SENINFO.BO,-0.00868121782513267,0.1263996024347104,-9.93,0.438,-0.06868073678963356,2.011511428693157,2.012,Yes,Senthil Infotek Limited
BHARATAGRI.BO,-0.013058759909874651,0.18943019674000897,-14.59,0.656,-0.06893705509791381,2.2197106633559915,2.22,Yes,Bharat Agri Fert and Realty Limited
DESCO.BO,-0.015984070352356047,0.23142466386322372,-17.58,0.802,-0.06906813684216014,2.0966621609508875,2.097,Yes,Desco Infratech Limited
WONDERLA.NS,-0.004705937622297366,0.06802229337750554,-5.5,0.236,-0.06918228405179859,0.2648771876267902,0.265,Yes,Wonderla Holidays Limited
NIYOGIN.BO,-0.011444111223507596,0.16540647383043433,-12.9,0.573,-0.06918780721508805,-0.03622079135185571,0.036,No,Niyogin Fintech Limited
LXCHEM.BO,-0.010232106134138524,0.14782616170076018,-11.61,0.512,-0.06921715355669623,2.0047872910495648,2.005,Yes,Laxmi Organic Industries Limited
NV20BEES.NS,-0.0031407454365980606,0.04532967829797875,-3.7,0.157,-0.06928673563381778,0.8660044740618184,0.866,Yes,Nippon India ETF Nifty 50 Value 20
HLEGLAS.NS,-0.013873512340943119,0.19991280967643582,-15.43,0.693,-0.06939781579478456,3.0375487380795496,3.038,Yes,HLE Glascoat Limited
SRM.NS,-0.008660779013701669,0.1247381466878513,-9.91,0.432,-0.06943167943143068,1.706540566012664,1.707,Yes,SRM Contractors Limited
GICRE.BO,-0.0027431802237391782,0.03943157412649685,-3.24,0.137,-0.06956811348537674,0.5432733718065199,0.543,Yes,General Insurance Corporation of India
AFFORDABLE.BO,-0.01415650170729791,0.2034840471635692,-15.73,0.705,-0.06957057275314711,3.4309033805391493,3.431,Yes,Affordable Robotic & Automation Limited
BLUEDART.BO,-0.007600851583835957,0.10845410908571197,-8.75,0.376,-0.07008357403801967,1.6843974716995966,1.684,Yes,Blue Dart Express Limited
IVALUE.NS,-0.0067057889636563065,0.09561922588640268,-7.76,0.331,-0.07013013231902653,1.3245798173986456,1.325,Yes,iValue Infosolutions Limited
NETF.NS,-0.003036876708188122,0.043207707782251574,-3.58,0.15,-0.07028553154202685,0.8629054024915928,0.863,Yes,Tata Nifty 50 ETF
VSTTILLERS.BO,-0.007736669720108818,0.10967449013233228,-8.9,0.38,-0.0705421079302381,1.6150768924745107,1.615,Yes,V.S.T. Tillers Tractors Limited
PFC.BO,-0.006831500800582591,0.09677051936634253,-7.9,0.335,-0.07059485518229672,0.7708500357351086,0.771,Yes,Power Finance Corporation Limited
AFFORDABLE.NS,-0.01432254022216936,0.20245454973130958,-15.9,0.701,-0.07074447198730639,3.406874305282167,3.407,Yes,Affordable Robotic & Automation Limited
HLEGLAS.BO,-0.014136044531846394,0.1995494755393124,-15.7,0.691,-0.07083979796810597,3.038207681657824,3.038,Yes,HLE Glascoat Limited
LXCHEM.NS,-0.010361903112920772,0.14610921772944727,-11.75,0.506,-0.0709188870760233,1.9825590901394585,1.983,Yes,Laxmi Organic Industries Limited
VERTEX.BO,-0.012688345643836934,0.1788494837897683,-14.21,0.62,-0.07094426763205908,2.5067024380235488,2.507,Yes,Vertex Securities Limited
VISHALBL.BO,-0.01570534390458287,0.22119477860835918,-17.3,0.766,-0.07100232656210335,3.128153992474843,3.128,Yes,Vishal Bearings Limited
KASTURI.BO,-0.014986059211611143,0.21087166300262591,-16.57,0.73,-0.0710672026683098,2.640614009734718,2.641,Yes,Kasturi Metal Composite Limited
SHARIABEES.BO,-0.0032024554300884296,0.04505554991900227,-3.78,0.156,-0.07107793459064601,0.6471537613126159,0.647,Yes,Nippon India ETF Shariah BeES
SERVOTECH.NS,-0.016725449129935968,0.2352818786981723,-18.32,0.815,-0.07108685642293748,2.264490829745609,2.264,Yes,Servotech Renewable Power System Limited
OLYOI.BO,-0.012527918208076335,0.17621236536997836,-14.04,0.61,-0.07109556801971595,0.8193510969112205,0.819,Yes,Olympic Oil Industries Limited
MTL.BO,-0.011197729747576692,0.15722425748667465,-12.64,0.545,-0.07122138737736282,0.18037624869154767,0.18,Yes,Mehul Telecom Limited
EMUDHRA.BO,-0.01045983990279762,0.14614766917039823,-11.85,0.506,-0.07157035046930621,1.5965633792911382,1.597,Yes,eMudhra Limited
VIKALPS.BO,-0.011314325413916384,0.15803965947990897,-12.76,0.547,-0.07159168433512561,0.5583435714821395,0.558,Yes,Vikalp Securities Limited
STARPAPER.BO,-0.005803989180405773,0.08098926153667817,-6.75,0.281,-0.0716636881270646,1.374148332439217,1.374,Yes,Star Paper Mills Limited
SHREDIGCEM.NS,-0.008924731784201473,0.12423516326652617,-10.2,0.43,-0.07183740536529842,2.0250356589408343,2.025,Yes,Shree Digvijay Cement Company Limited
GICRE.NS,-0.0028107911000828083,0.038919926342271476,-3.32,0.135,-0.0722198463420515,0.5397123980049776,0.54,Yes,General Insurance Corporation of India
VSTTILLERS.NS,-0.007911853942691208,0.10903957898428122,-9.09,0.378,-0.07255946892303898,1.6002283547191352,1.6,Yes,V.S.T. Tillers Tractors Limited
KPT.BO,-0.015477964710543501,0.21322149228769394,-17.07,0.739,-0.07259101577649361,3.4849137154507854,3.485,Yes,KPT Industries Limited
THINKINK.BO,-0.01566100365442968,0.21424694100656694,-17.26,0.742,-0.0730979102004992,3.2818963087698725,3.282,Yes,Thinkink Picturez Limited
TATACONSUM.BO,-0.004835293450223336,0.06604355049373968,-5.65,0.229,-0.07321371146879327,0.9390098806285154,0.939,Yes,Tata Consumer Products Limited
MODRNSH.BO,-0.00887086886407827,0.12069349149767679,-10.14,0.418,-0.07349914857877007,1.3869858409966913,1.387,Yes,Modern Shares and Stockbrokers Limited
VGUARD.NS,-0.004881443271053373,0.06641378571037108,-5.7,0.23,-0.0735004520347813,0.0007290696779943366,0.001,Yes,V-Guard Industries Limited
GREENPOWER.BO,-0.01497170122100591,0.20321012056323842,-16.56,0.704,-0.07367596249393868,2.827362957241508,2.827,Yes,Orient Green Power Company Limited
KANCOTEA.BO,-0.009388565737131843,0.12740636895407126,-10.7,0.441,-0.07368992472045356,1.175617025698298,1.176,Yes,Kanco Tea & Industries Limited
KAMATHOTEL.NS,-0.01227909659324083,0.16661860743959817,-13.78,0.577,-0.07369583014725527,1.3359446034121862,1.336,Yes,Kamat Hotels (India) Limited
BLUEDART.NS,-0.007943255300566615,0.10763062009011821,-9.13,0.373,-0.07380107346697244,1.6658497558087153,1.666,Yes,Blue Dart Express Limited
ALKALI.BO,-0.014208197550595193,0.19247263687539165,-15.78,0.667,-0.07381931157203242,2.081364674434582,2.081,Yes,Alkali Metals Limited
WEL.NS,-0.013461452427899024,0.18229100026209633,-15.01,0.631,-0.07384595184920963,3.0730650811079827,3.073,Yes,Wonder Electricals Limited
MEGRISOFT.BO,-0.010184064832540361,0.13768184385570034,-11.56,0.477,-0.07396810318151995,2.3431925476087865,2.343,Yes,Megri Soft Limited
TEXRAIL.NS,-0.01109400189148232,0.1495367176004889,-12.53,0.518,-0.07418914945773859,2.3612337105955095,2.361,Yes,Texmaco Rail & Engineering Limited
TFL.BO,-0.008173694734687369,0.10984377211509014,-9.38,0.381,-0.07441199967280149,1.1887899245271483,1.189,Yes,Transwarranty Finance Limited
MANYAVAR.NS,-0.011348785877485739,0.15242983187081452,-12.8,0.528,-0.07445252506152421,1.1455740107236991,1.146,Yes,Vedant Fashions Limited
LORDSCHLO.NS,-0.011360926904756513,0.15204805856748033,-12.81,0.527,-0.07471931579918482,2.1920034163951385,2.192,Yes,Lords Chloro Alkali Limited
GREENPOWER.NS,-0.015099857103566688,0.20191054426162044,-16.69,0.699,-0.07478488634056393,2.8111324488965117,2.811,Yes,Orient Green Power Company Limited
PUROHITCON.BO,-0.009489049962300457,0.12662089608140678,-10.81,0.439,-0.07494063188590754,-0.900382604658867,0.9,No,Purohit Construction Limited
GRPLTD.BO,-0.004872216748222085,0.0649326468279194,-5.69,0.225,-0.07503493213720583,0.01604466060358342,0.016,Yes,GRP Limited
RACONTEUR.BO,-0.014322348571767986,0.19083722662651584,-15.9,0.661,-0.07505007709946446,2.0405687267393255,2.041,Yes,Raconteur Global Resources Limited
SOLVEX.BO,-0.022976689610309724,0.30563449854013774,-24.34,1.059,-0.07517701607658106,2.565579216352225,2.566,Yes,Solvex Edibles Limited
AVONMORE.NS,-0.01224243037083163,0.16274149751838468,-13.74,0.564,-0.07522623643947125,2.3378129386931628,2.338,Yes,Avonmore Capital & Management Services Limited
STDBAT.BO,-0.012987977892219726,0.17253261711616935,-14.52,0.598,-0.0752783914677112,2.177593881379387,2.178,Yes,The Standard Batteries Limited
TEXRAIL.BO,-0.011222900031245674,0.1490560897691987,-12.67,0.516,-0.07529313326696968,2.3505100429267833,2.351,Yes,Texmaco Rail & Engineering Limited
VGUARD.BO,-0.005002492597229547,0.06636768798421372,-5.84,0.23,-0.07537542363114177,0.007546520417322667,0.008,Yes,V-Guard Industries Limited
DCMSHRIRAM.NS,-0.006562181872865668,0.08700646153576917,-7.6,0.301,-0.07542177623403169,0.41860894129372134,0.419,Yes,DCM Shriram Limited
PROMACT.BO,-0.008239861186145716,0.10900945010336377,-9.45,0.378,-0.07558850336675035,-0.28677497235943217,0.287,No,Promact Plastics Limited
TATACONSUM.NS,-0.004965409844652963,0.06553651883004655,-5.8,0.227,-0.07576554161397522,0.9348741686016577,0.935,Yes,Tata Consumer Products Limited
MERCURYLAB.BO,-0.004672222321140487,0.06130310040407624,-5.46,0.212,-0.0762151064194759,1.0790836117933649,1.079,Yes,Mercury Laboratories Limited
MANYAVAR.BO,-0.01162776594291101,0.15203198233648277,-13.09,0.527,-0.0764823674874936,1.1526602835338196,1.153,Yes,Vedant Fashions Limited
PATELENG.NS,-0.012714293700427898,0.16597579697372797,-14.23,0.575,-0.0766032995909664,1.8664375891402611,1.866,Yes,Patel Engineering Limited
AXELPOLY.BO,-0.004878500512317346,0.06355874144567758,-5.7,0.22,-0.0767557758595158,0.13004208137502135,0.13,Yes,Axel Polymers Limited
APOORVA.BO,-0.008955903851265084,0.11595534965022447,-10.23,0.402,-0.07723579703981123,0.39440582171757393,0.394,Yes,Apoorva Leasing Finance and Investment Company Limited
SHRISTI.BO,-0.007860673116034595,0.10173673286752383,-9.04,0.352,-0.07726484716459636,1.0139943094953336,1.014,Yes,Shristi Infrastructure Development Corporation Limited
JYOTISTRUC.NS,-0.016806366171420863,0.21727907081665515,-18.4,0.753,-0.07734921779743086,2.194180926610407,2.194,Yes,Jyoti Structures Limited
NAGREEKEXP.BO,-0.017149445235508452,0.22093414806603487,-18.75,0.765,-0.07762242906145349,2.4163580956015887,2.416,Yes,Nagreeka Exports Limited
PATELENG.BO,-0.012852783127556316,0.16541673953509498,-14.38,0.573,-0.07769941037212535,1.8685855749560771,1.869,Yes,Patel Engineering Limited
SHREESHAY.BO,-0.009197472857929417,0.1183524696158576,-10.5,0.41,-0.07771255545221915,1.1985592262689666,1.199,Yes,Shreeshay Engineers Limited
MSL.BO,-0.008490865619474323,0.10918623115479638,-9.73,0.378,-0.07776498492228918,1.6113776984837862,1.611,Yes,Mangalam Seeds Limited
MIVENMACH.BO,-0.012321347232648045,0.15841845939802543,-13.82,0.549,-0.07777721914143057,0.933193913386846,0.933,Yes,Miven Machine Tools Limited
EMUDHRA.NS,-0.011093605989024495,0.14223961917204728,-12.53,0.493,-0.07799237690313357,1.4772416955675556,1.477,Yes,eMudhra Limited
TRILIANCE.BO,-0.021789489384375003,0.27841289111005846,-23.23,0.964,-0.07826322013143232,1.4846546786977322,1.485,Yes,Triliance Polymers Limited
CHORDIA.BO,-0.004410125105636512,0.0563197738212632,-5.17,0.195,-0.07830509262399585,0.5507105076607263,0.551,Yes,Chordia Food Products Limited
SPRAYKING.BO,-0.016799037642902245,0.21443139497005467,-18.4,0.743,-0.07834224855575943,3.154786611631913,3.155,Yes,Sprayking Limited
CLEDUCATE.BO,-0.013453780916484607,0.1713856455450084,-15.0,0.594,-0.07850004516831864,-0.061390437825871974,0.061,No,CL Educate Limited
EVERFIN.BO,-0.010317324229467883,0.13142853004026303,-11.7,0.455,-0.07850140472778003,1.344281870446822,1.344,Yes,Everlon Financials Limited
OCEANIC.BO,-0.010668691490117418,0.1354363445989225,-12.08,0.469,-0.07877273653325029,1.4097212622541564,1.41,Yes,Oceanic Foods Limited
GLOBUSCON.BO,-0.009309729752639901,0.1174647012502615,-10.62,0.407,-0.07925555212374216,1.5337662040488416,1.534,Yes,Globus Power Generation Limited
HDFCVALUE.NS,-0.0032286495706219704,0.04073095822207748,-3.81,0.141,-0.07926770475220343,0.7812633948153485,0.781,Yes,HDFC NIFTY50 Value 20 ETF
MASTEK.BO,-0.010787021730507442,0.13601617880397454,-12.2,0.471,-0.07930690176242647,1.7989607369381773,1.799,Yes,Mastek Limited
XCHANGING.BO,-0.013740782299723158,0.1729683746178162,-15.3,0.599,-0.07944100954919779,2.95073621929705,2.951,Yes,Xchanging Solutions Limited
INSECTICID.NS,-0.010617371816110398,0.13332092317263713,-12.02,0.462,-0.07963770099582924,1.671157788237811,1.671,Yes,Insecticides (India) Limited
ANUP.NS,-0.01269611165325939,0.15941992941543098,-14.22,0.552,-0.07963942588491998,1.454579942817877,1.455,Yes,The Anup Engineering Limited
ANJANIFOODS.BO,-0.016722758133993737,0.209856380526853,-18.32,0.727,-0.07968667949009019,3.204439517402851,3.204,Yes,Anjani Foods Limited
DCMSHRIRAM.BO,-0.0068649240176883,0.08597618784463183,-7.93,0.298,-0.07984680630518246,0.3957733743815557,0.396,Yes,DCM Shriram Limited
SHIVALIK.BO,-0.013465681716960786,0.16861893120064889,-15.01,0.584,-0.07985865893632807,1.3158686957714993,1.316,Yes,Shivalik Rasayan Limited
INDTONER.BO,-0.007754082412953379,0.0970220075448149,-8.92,0.336,-0.07992086135067586,0.7413174533807859,0.741,Yes,Indian Toners & Developers Limited
GPAPL.BO,-0.007525999164243289,0.0941357615821219,-8.67,0.326,-0.07994835371547697,1.0253491909771877,1.025,Yes,Gujarat Peanut and Agri Products Limited
INDRANIB.BO,-0.01922068277331628,0.24035811131547596,-20.78,0.833,-0.0799668572369861,2.734315413012225,2.734,Yes,Indrayani Biotech Limited
BHARAT.BO,-0.008930538513935347,0.11166077732356762,-10.21,0.387,-0.07997918989992941,1.982834268529158,1.983,Yes,Bharat Bhushan Finance & Commodity Brokers Limited
MIL.BO,-0.014881326483696023,0.1854426922841147,-16.47,0.642,-0.08024757568174488,1.1859964110080807,1.186,Yes,Medico Intercontinental Limited
APOLLOTYRE.NS,-0.004312212349518058,0.05349544089360885,-5.05,0.185,-0.08060896924083939,0.7275403127875391,0.728,Yes,Apollo Tyres Limited
MASTEK.NS,-0.011000797008355871,0.13628438905656637,-12.43,0.472,-0.08071942123752608,1.8186213644416211,1.819,Yes,Mastek Limited
BARODARY.BO,-0.007171136190871437,0.08882665820037618,-8.27,0.308,-0.08073180209813485,0.9893163079517211,0.989,Yes,The Baroda Rayon Corporation Limited
ADINATH.BO,-0.012558290677873403,0.15496070368698475,-14.07,0.537,-0.08104177626374694,1.9047306051224604,1.905,Yes,Adinath Textiles Limited
ANUP.BO,-0.012883564221324372,0.15842246909464516,-14.41,0.549,-0.0813240968591863,1.4513117679010077,1.451,Yes,The Anup Engineering Limited
SHARIABEES.NS,-0.003729613712846594,0.04583689732465434,-4.38,0.159,-0.08136706301105906,0.6615610621448871,0.662,Yes,Nippon India ETF Nifty 50 Shariah BeES
CSURGSU.BO,-0.00970761924703107,0.1188547476674805,-11.05,0.412,-0.08167632709288182,1.1612544571219052,1.161,Yes,Centenial Surgical Suture Ltd.
FINELINE.BO,-0.009741795256674988,0.11878481629415157,-11.08,0.411,-0.0820121254601345,0.6041585787949417,0.604,Yes,Fine-Line Circuits Limited
VSTIND.NS,-0.009318386336926691,0.11346712497943613,-10.63,0.393,-0.08212410721268808,1.6277461198852925,1.628,Yes,VST Industries Limited
INDIANCARD.NS,-0.01155077015325933,0.1401541960682633,-13.01,0.486,-0.08241472947148461,2.1480904289179312,2.148,Yes,The Indian Card Clothing Company Limited
SLSTLQ.BO,-0.011979420551228963,0.14523163629280061,-13.46,0.503,-0.08248492447662936,0.7843358787060375,0.784,Yes,Sri Lakshmi Saraswathi Textiles (Arni) Limited
NV20IETF.NS,-0.003349666851125159,0.040575777894997715,-3.95,0.141,-0.08255336126379266,0.7814862362029836,0.781,Yes,ICICI PRUDENTIAL NV20 ETF
METAINFO.BO,-0.01893871346987247,0.22908300126471212,-20.5,0.794,-0.08267184105898906,3.5845499585642315,3.585,Yes,Meta Infotech Limited
KAMATHOTEL.BO,-0.013537582807545382,0.16367696275207785,-15.09,0.567,-0.08270915210010839,1.2392978517132702,1.239,Yes,Kamat Hotels (India) Limited
ALKALI.NS,-0.01617107741445878,0.19527151225045944,-17.77,0.676,-0.08281329533474092,2.0652347990402684,2.065,Yes,Alkali Metals Limited
PORWAL.BO,-0.006344668651306012,0.07654718437364653,-7.35,0.265,-0.08288572209705387,0.6831806885434311,0.683,Yes,Porwal Auto Components Limited
VSTIND.BO,-0.009439875392383466,0.11367499337206781,-10.76,0.394,-0.08304267378741743,1.6239648258833794,1.624,Yes,VST Industries Limited
KANDAGIRI.BO,-0.005740324917726658,0.06907406867076332,-6.68,0.239,-0.08310390611399356,0.33767658840742937,0.338,Yes,Kandagiri Spinning Mills Limited
POLYCHMP.BO,-0.006551095472383963,0.07853595207907163,-7.58,0.272,-0.08341524230569185,0.8464184393180936,0.846,Yes,Polymechplast Machines Limited
SECURKLOUD.NS,-0.012894497226984597,0.1542777334709528,-14.42,0.534,-0.08357976836244069,2.031850506689138,2.032,Yes,SecureKloud Technologies Limited
XCHANGING.NS,-0.014248149390496855,0.17035130893834247,-15.82,0.59,-0.08363979988937965,2.9044236941447497,2.904,Yes,Xchanging Solutions Limited
ANSALBU.BO,-0.01113957902178439,0.13300444683473286,-12.58,0.461,-0.08375343296323078,1.1247333881555743,1.125,Yes,Ansal Buildwell Limited
EMKAY.NS,-0.010752569820512262,0.12815163206122449,-12.17,0.444,-0.08390505565606234,1.7254655685971185,1.725,Yes,Emkay Global Financial Services Limited
RAVEL.BO,-0.017856432194872394,0.21204114946244332,-19.44,0.735,-0.08421210807497119,2.008999421728756,2.009,Yes,Ravelcare Limited
CREATIVEYE.BO,-0.009553267068031293,0.11336055021261633,-10.88,0.393,-0.08427329481123208,1.2964931156238124,1.296,Yes,Creative Eye Limited
RUDRA.BO,-0.01610764291412003,0.1908241628127589,-17.71,0.661,-0.08441091880971711,2.422695812509356,2.423,Yes,Rudra Global Infra Products Limited
MBEL.BO,-0.01651137720448672,0.19496646587829353,-18.11,0.675,-0.08468829308725241,3.151854234173086,3.152,Yes,M & B Engineering Limited
INSECTICID.BO,-0.010931474730037395,0.12899377690109318,-12.36,0.447,-0.08474420233790948,1.586200823129572,1.586,Yes,Insecticides (India) Limited
VBDESAI.BO,-0.013778968970942062,0.16194128207192104,-15.34,0.561,-0.08508620405279102,2.688707574549981,2.689,Yes,V. B. Desai Financial Services Limited
BHARATGEAR.NS,-0.01114587961277797,0.13095543163362683,-12.58,0.454,-0.08511200699151392,1.4365895949453087,1.437,Yes,Bharat Gears Limited
LAKSHMIEW.BO,-0.007112594984594381,0.08343148957326096,-8.21,0.289,-0.08525072512757705,-0.24171713761454863,0.242,No,Lakshmi Engineering and Warehousing Limited
VERTOZ.NS,-0.025011194515023025,0.29319668673112603,-26.21,1.016,-0.08530517446794808,4.188470999417411,4.188,Yes,Vertoz Limited
GLOBECIVIL.BO,-0.01703021878563563,0.19943352705976422,-18.63,0.691,-0.0853929579279425,3.137962061590663,3.138,Yes,Globe Civil Projects Limited
MRF.NS,-0.0056333865332759405,0.06570537037722199,-6.55,0.228,-0.08573707903834997,0.8605956238129574,0.861,Yes,MRF Limited
MBEL.NS,-0.01685160524758232,0.1956401109425217,-18.45,0.678,-0.08613573753560821,3.1718280260999587,3.172,Yes,M & B Engineering Limited
MULLER.BO,-0.010307734199080569,0.11958553848714762,-11.69,0.414,-0.08619549093880098,1.7436286919246653,1.744,Yes,Muller & Phipps (India) Limited
PRIMEPRO.BO,-0.013868797635864523,0.16074522790309115,-15.43,0.557,-0.08627812978824875,1.725637954238298,1.726,Yes,Prime Property Development Corporation Limited
GLOBECIVIL.NS,-0.01708643255591075,0.19794387619415033,-18.68,0.686,-0.08631958151184115,3.094818757006644,3.095,Yes,Globe Civil Projects Limited
ACLD.BO,-0.012336284931504588,0.1426086676702503,-13.84,0.494,-0.08650445399314302,1.6788139872378818,1.679,Yes,Aelea Commodities Limited
ASHOKAMET.BO,-0.01180025373611029,0.13622002601160377,-13.28,0.472,-0.08662642404065535,1.977152173949418,1.977,Yes,Ashoka Metcast Limited
PURSHOTTAM.BO,-0.006534028150263715,0.07515001592249951,-7.57,0.26,-0.08694646395021538,0.8556317838283571,0.856,Yes,Purshottam Investofin Limited
PFC.NS,-0.008845365453440543,0.10170073052362602,-10.11,0.352,-0.08697445345671025,0.796598302071747,0.797,Yes,Power Finance Corporation Limited
POLYTEX.BO,-0.008258001384660534,0.09478676228342138,-9.47,0.328,-0.08712188480463473,-0.19387322523386,0.194,No,Polytex India Limited
ASHOKAMET.NS,-0.01193932903351469,0.13696394101679152,-13.42,0.474,-0.08717133097134633,1.91877004285484,1.919,Yes,Ashoka Metcast Limited
RTSPOWR.BO,-0.02170657552543044,0.24878523584177012,-23.15,0.862,-0.08725025603704248,3.6505396649998176,3.651,Yes,RTS Power Corporation Limited
VAKRANGEE.NS,-0.016083559690541246,0.18429538767291526,-17.68,0.638,-0.08727054916364001,2.9885341172657838,2.989,Yes,Vakrangee Limited
RADHIKAJWE.NS,-0.013914131667433372,0.15934358778787444,-15.48,0.552,-0.0873215663121412,2.3139543655012735,2.314,Yes,Radhika Jeweltech Limited
GRPLTD.NS,-0.005273526613558951,0.06033037964729643,-6.15,0.209,-0.08741079775047085,0.02946925590297156,0.029,Yes,GRP Limited
SHIVALIK.NS,-0.014817556621699873,0.16823494579827036,-16.4,0.583,-0.08807656786995685,1.3634058429142113,1.363,Yes,Shivalik Rasayan Limited
INDOEURO.BO,-0.015110442735350815,0.17106985564971425,-16.7,0.593,-0.08832907865598036,2.517836936039439,2.518,Yes,Indo Euro Indchem Limited
METALCO.BO,-0.01212641658438905,0.13720726992817994,-13.62,0.475,-0.08838027744985034,2.1714902077292817,2.171,Yes,Metal Coatings (India) Limited
MOTOUR.NS,-0.0073522494014646965,0.08314709161167871,-8.47,0.288,-0.088424613043615,1.4739044002925399,1.474,Yes,Motilal Oswal Nifty India Tourism ETF
DOLLEX.NS,-0.009412586256877697,0.10616240349404717,-10.73,0.368,-0.08866214353752351,1.0930226007025339,1.093,Yes,Dollex Agrotech Limited
RAL.BO,-0.02031696038771319,0.2287662304725837,-21.83,0.792,-0.0888110117727715,1.9368356177737853,1.937,Yes,Resourceful Automobile Limited
VAKRANGEE.BO,-0.016436919518601614,0.18482123227405375,-18.04,0.64,-0.08893415175497194,3.0202497887868325,3.02,Yes,Vakrangee Limited
OSWALSEEDS.NS,-0.012568024385421428,0.1412291907094165,-14.08,0.489,-0.08899027405234186,1.7317603693989956,1.732,Yes,ShreeOswal Seeds and Chemicals Limited
SRESTHA.BO,-0.019301699943728157,0.21651534681636952,-20.85,0.75,-0.08914702919464766,3.134155724493216,3.134,Yes,Srestha Finvest Limited
CHROME.BO,-0.006265365183251655,0.07012966994506704,-7.26,0.243,-0.08933972152099603,-0.3427344341287246,0.343,No,Chrome Silicon Limited
SAGARDEEP.NS,-0.007151834729414077,0.0799258050117291,-8.25,0.277,-0.08948092206721654,0.7242026035826106,0.724,Yes,Sagardeep Alloys Limited
COMRADE.BO,-0.03691518560592924,0.41245074610943516,-36.32,1.429,-0.08950204589067362,2.3138268816685175,2.314,Yes,Comrade Appliances Limited
GOURMET.BO,-0.0197796346340354,0.22046239953174962,-21.32,0.764,-0.0897188576194684,2.345157663380158,2.345,Yes,Gourmet Gateway India Limited
IRB.BO,-0.004015149312947164,0.04459263946807536,-4.71,0.154,-0.09004062914512334,-0.22749662472312077,0.227,No,IRB Infrastructure Developers Limited
KFINTECH.NS,-0.004806120118515103,0.0533623570958332,-5.62,0.185,-0.09006573884815122,0.7532414920101644,0.753,Yes,KFin Technologies Limited
RADHIKAJWE.BO,-0.01418944981066767,0.1574497001741738,-15.76,0.545,-0.09012052607893845,2.3018630505849225,2.302,Yes,Radhika Jeweltech Limited
SRGHFL.NS,-0.007732204727225777,0.08556064764644784,-8.89,0.296,-0.0903710401910076,0.9925777242370494,0.993,Yes,SRG Housing Finance Limited
SALZERELEC.BO,-0.015342383800227054,0.16953553756932407,-16.93,0.587,-0.09049656502816386,2.5079446549615505,2.508,Yes,Salzer Electronics Limited
SECURKLOUD.BO,-0.01271215374255139,0.14045386205207508,-14.23,0.487,-0.09050768385306625,1.88058108355894,1.881,Yes,SecureKloud Technologies Limited
AMITINT.BO,-0.010583301293165214,0.1168147305501674,-11.99,0.405,-0.09059903013361911,0.016615921535071854,0.017,Yes,Amit International Limited
SILINV.BO,-0.011800151229454216,0.1302165624499464,-13.28,0.451,-0.09061943432879398,1.6203532645181704,1.62,Yes,SIL Investments Limited
UNIAUTO.BO,-0.012579655123691875,0.13880574521085726,-14.09,0.481,-0.09062776979859409,2.294441952050075,2.294,Yes,Universal Autofoundry Limited
BANG.BO,-0.01870634322529645,0.20631052955729,-20.28,0.715,-0.09067081193304735,2.9083939282273117,2.908,Yes,Bang Overseas Limited
NHL.BO,-0.008767223910954757,0.09646292202023118,-10.03,0.334,-0.09088698255601262,1.171961152105038,1.172,Yes,Naturewings Holidays Limited
HPAL.BO,-0.01524627759427712,0.16743941902523407,-16.84,0.58,-0.09105548551849323,2.5043042962705946,2.504,Yes,HP Adhesives Limited
BHANDARI.NS,-0.019904495939551244,0.21835093552798382,-21.44,0.756,-0.09115828100951867,2.865429064591417,2.865,Yes,Bhandari Hosiery Exports Limited
PRITHVIEXCH.BO,-0.013448207932660862,0.147490333237464,-15.0,0.511,-0.09118026678405311,1.8434220578478713,1.843,Yes,Prithvi Exchange (India) Limited
DGCONTENT.NS,-0.017010225709210916,0.18629321865078044,-18.61,0.645,-0.09130888302004038,2.5505600217419797,2.551,Yes,Digicontent Limited
BANG.NS,-0.018000387619984817,0.19688686954077322,-19.59,0.682,-0.09142502830163148,2.7263983391281665,2.726,Yes,Bang Overseas Limited
GRMOVER.BO,-0.014494406895781202,0.15808261762607584,-16.07,0.548,-0.09168880875989707,0.6121555960117622,0.612,Yes,GRM Overseas Limited
IITL.NS,-0.01382908986505988,0.15037483302344945,-15.39,0.521,-0.09196412449484398,1.0037944200819204,1.004,Yes,Industrial Investment Trust Limited
ALSL.BO,-0.015008523781149247,0.16314819867340988,-16.6,0.565,-0.09199319332475939,0.900268445571651,0.9,Yes,Alacrity Securities Limited
BALGOPAL.BO,-0.011791818047614127,0.12790964631492152,-13.27,0.443,-0.0921886533763211,0.395223488845164,0.395,Yes,Balgopal Commercial Limited
HINDCON.NS,-0.014933162220741052,0.16193340951152574,-16.52,0.561,-0.09221792010547504,2.40740983318912,2.407,Yes,Hindcon Chemicals Limited
BRISK.BO,-0.015405255075976888,0.16625760224235336,-17.0,0.576,-0.09265895133938404,1.38238607939868,1.382,Yes,Brisk Technovision Limited
COFFEEDAY.NS,-0.01624419682412881,0.17516634942800927,-17.84,0.607,-0.09273583012475195,1.8393545325526526,1.839,Yes,Coffee Day Enterprises Limited
GMPL.BO,-0.009425657881568033,0.10161825381624272,-10.74,0.352,-0.09275555845126547,1.454920467335084,1.455,Yes,G M Polyplast Limited
GRMOVER.NS,-0.014645038679419471,0.15759546826386575,-16.23,0.546,-0.0929280444466775,0.5601172285300031,0.56,Yes,GRM Overseas Limited
CLEDUCATE.NS,-0.015893383819427252,0.17102725859524578,-17.49,0.592,-0.0929289515014717,-0.028617865865592645,0.029,No,CL Educate Limited
GMRP&UI.BO,-0.012097678274597996,0.12987671165957124,-13.59,0.45,-0.09314740202468362,1.829915283944918,1.83,Yes,GMR Power And Urban Infra Limited
ACCEL.BO,-0.01633802170717733,0.17522911695683005,-17.94,0.607,-0.09323805307540534,2.627377817309694,2.627,Yes,Accel Limited
BRIGHTBR.BO,-0.014626709911064233,0.1567988895539084,-16.21,0.543,-0.09328324934364719,1.2996426527741898,1.3,Yes,Bright Brothers Limited
SALZERELEC.NS,-0.01578426069286063,0.1686945346827292,-17.38,0.584,-0.0935671136148349,2.494589041652197,2.495,Yes,Salzer Electronics Limited
MVGJL.NS,-0.012737491765082916,0.13596639122941598,-14.26,0.471,-0.09368117848763785,2.1059095895858198,2.106,Yes,Manoj Vaibhav Gems 'N' Jewellers Limited
GEMAROMA.BO,-0.01591332745429958,0.1698219314138624,-17.51,0.588,-0.09370596201451864,2.0022979363786724,2.002,Yes,Gem Aromatics Limited
TLL.BO,-0.005059030596397825,0.05381577283431919,-5.9,0.186,-0.09400646557604761,0.05533610498621408,0.055,Yes,Trident Lifeline Limited
STARSOURCE.BO,-0.014825240329579725,0.1576510665287967,-16.41,0.546,-0.09403831294012674,-0.7185547186676715,0.719,No,Starsource Multitrade Limited
BBTC.NS,-0.009201192151687167,0.09783078806403284,-10.5,0.339,-0.09405211113769975,1.7351036294444744,1.735,Yes,The Bombay Burmah Trading Corporation Limited
EMAMIREAL.NS,-0.021760015482181393,0.23119263517574568,-23.2,0.801,-0.09412071221749813,2.711989205420801,2.712,Yes,Emami Realty Limited
AHASOLAR.BO,-0.015601178992958119,0.16571162364359254,-17.2,0.574,-0.0941465580381534,2.1282333454163602,2.128,Yes,Ahasolar Technologies Limited
MVGJL.BO,-0.0125355190491708,0.13311092828756235,-14.05,0.461,-0.09417347779357418,2.068490630766474,2.068,Yes,Manoj Vaibhav Gems 'N' Jewellers Limited
PAGEIND.NS,-0.007385761795801613,0.0782801205305032,-8.51,0.271,-0.0943504142015676,0.6890536259125304,0.689,Yes,Page Industries Limited
MOBIKWIK.NS,-0.014787887490761294,0.156053588818064,-16.37,0.541,-0.09476159826097841,2.5307022522179228,2.531,Yes,One MobiKwik Systems Limited
KFINTECH.BO,-0.0050429553835088245,0.05310540654408713,-5.89,0.184,-0.09496124239859186,0.7568124877570809,0.757,Yes,KFin Technologies Limited
PAGEIND.BO,-0.00741111258255227,0.07762372681212448,-8.54,0.269,-0.09547483594145968,0.6644283120018292,0.664,Yes,Page Industries Limited
SIMBHALS.NS,-0.021864961624749178,0.22809378091329655,-23.3,0.79,-0.09585952557409064,2.1068632049718725,2.107,Yes,Simbhaoli Sugars Limited
UPL.BO,-0.008972299145032898,0.09355942559730636,-10.25,0.324,-0.09589946804131745,1.3157541455101573,1.316,Yes,UPL Limited
TRANSVOY.BO,-0.011527920739256065,0.11984731089411968,-12.99,0.415,-0.09618839716345845,1.399347752225992,1.399,Yes,Transvoy Logistics India Limited
BASANTGL.BO,-0.011071138928335184,0.11497283183385264,-12.51,0.398,-0.09629352214559783,1.0248382056732415,1.025,Yes,Basant Agro Tech (India) Limited
UPL.NS,-0.009029438264118662,0.09345254095706325,-10.31,0.324,-0.0966205752315203,1.322360911869124,1.322,Yes,UPL Limited
STARHFL.BO,-0.04766477095831942,0.4923208454965402,-44.35,1.705,-0.09681647932304419,5.993647106246614,5.994,Yes,Star Housing Finance Limited
FFPL.BO,-0.012071244070470473,0.12445614458101874,-13.56,0.431,-0.09699194934174028,-0.28391568549494295,0.284,No,Foundry Fuel Products Limited
MOBIKWIK.BO,-0.015026420189927024,0.15486353406825631,-16.61,0.536,-0.09703007412515918,2.50932896453979,2.509,Yes,One MobiKwik Systems Limited
GMRP&UI.NS,-0.012646098189163811,0.12991027480099254,-14.16,0.45,-0.09734486520435866,1.827123276387541,1.827,Yes,GMR Power And Urban Infra Limited
NATPLASTI.BO,-0.009372839131119722,0.0962764783520685,-10.69,0.334,-0.0973533649293306,1.5004320401443498,1.5,Yes,National Plastic Technologies Limited
DUNCANENG.BO,-0.008379048648462947,0.08598971178427858,-9.6,0.298,-0.09744245531934531,1.2421573580179237,1.242,Yes,Duncan Engineering Limited
TCS.NS,-0.009098280797636839,0.09332466731911292,-10.39,0.323,-0.09749063199471496,1.0037650758651429,1.004,Yes,Tata Consultancy Services Limited
KARMAENG.NS,-0.02055100623106602,0.21032720938156718,-22.06,0.729,-0.09770968906730089,2.7230252094206326,2.723,Yes,Karma Energy Limited
FRONTSP.BO,-0.009114792697517004,0.09320864769408252,-10.41,0.323,-0.09778913140583703,0.8773174016253855,0.877,Yes,Frontier Springs Limited
HPAL.NS,-0.016234017202327936,0.16565170231877405,-17.83,0.574,-0.09800090777870661,2.523792399904079,2.524,Yes,HP Adhesives Limited
RHIM.NS,-0.010281844373116954,0.1048105774711841,-11.66,0.363,-0.09809930086439772,1.8031542797724804,1.803,Yes,RHI Magnesita India Limited
BHARATCOAL.NS,-0.014386524385975513,0.14644890591963952,-15.96,0.507,-0.09823579285645048,0.42746322066708914,0.427,Yes,Bharat Coking Coal Limited
SGFRL.BO,-0.013426595695281436,0.13665080496248438,-14.97,0.473,-0.09825478670958085,1.6712446657972857,1.671,Yes,Suyog Gurbaxani Funicular Ropeways Limited
BHARATCOAL.BO,-0.014419675198387787,0.1466796409864197,-16.0,0.508,-0.09830727087560046,0.434706407538447,0.435,Yes,Bharat Coking Coal Limited
AREXMIS.BO,-0.009657439616380277,0.09796718560120404,-10.99,0.339,-0.09857831024862661,0.7747487021002865,0.775,Yes,Arex Industries Limited
HBSL.NS,-0.019725312084558924,0.20001512137956293,-21.26,0.693,-0.09861910413826547,2.8675573400297694,2.868,Yes,HB Stockholdings Limited
ELECON.BO,-0.016763089236070925,0.169756199611058,-18.36,0.588,-0.09874802378044618,1.911951902932549,1.912,Yes,Elecon Engineering Company Limited
NEAGI.BO,-0.004791029200457491,0.04846733256303626,-5.6,0.168,-0.09885068864118556,0.25731990151112955,0.257,Yes,Neelamalai Agro Industries Limited
RHIM.BO,-0.01039671287710648,0.10505928748851606,-11.79,0.364,-0.09896043582289606,1.8062549755862218,1.806,Yes,RHI Magnesita India Limited
RVHL.NS,-0.017834752693393085,0.18018151953393532,-19.42,0.624,-0.09898214167315918,3.149100229007687,3.149,Yes,Ravinder Heights Limited
PCS.BO,-0.013211245600341015,0.1329094212345127,-14.75,0.46,-0.09940036964746364,1.7159982089926404,1.716,Yes,PCS Technology Limited
RAUNAQ.BO,-0.021216068204735258,0.21339518887886802,-22.69,0.739,-0.09942149265969806,-1.2223529698619962,1.222,No,Raunaq lnternational Limited
SALAUTO.BO,-0.012191995491968815,0.12246908699794352,-13.69,0.424,-0.09955161576548326,1.734767691377067,1.735,Yes,Sal Automotive Limited
ELECON.NS,-0.016868453673838255,0.16937691027750915,-18.47,0.587,-0.09959122318503023,1.9070274486516157,1.907,Yes,Elecon Engineering Company Limited
PARADEEP.NS,-0.011840886111084319,0.11885838662454694,-13.32,0.412,-0.09962179739564889,1.2158834929025522,1.216,Yes,Paradeep Phosphates Limited
SIRCA.NS,-0.006098842587514491,0.06105736612477894,-7.08,0.212,-0.09988708938165931,1.01459077387975,1.015,Yes,Sirca Paints India Limited
BGLOBAL.NS,-0.008905850987792351,0.08900671326180144,-10.18,0.308,-0.10005819405550873,1.1427877110984184,1.143,Yes,Bharatiya Global Infomedia Limited
FEDDERSHOL.BO,-0.011946803550575553,0.11907106853040261,-13.43,0.412,-0.10033338659025434,1.7202399582377343,1.72,Yes,Fedders Holding Limited
PARADEEP.BO,-0.011961686642249014,0.11911942361890729,-13.45,0.413,-0.1004176000760164,1.2232785833474578,1.223,Yes,Paradeep Phosphates Limited
GGL.BO,-0.015972081875297826,0.15901034558469349,-17.57,0.551,-0.10044680939826418,2.4882672355648032,2.488,Yes,Gautam Gems Limited
PECOS.BO,-0.010077617615597516,0.10026932706891493,-11.44,0.347,-0.1005054876719297,0.7012977959022499,0.701,Yes,Pecos Hotels and Pubs Limited
BSL.BO,-0.014214257365031025,0.14127186618518212,-15.78,0.489,-0.10061633465221362,2.0802219185838258,2.08,Yes,BSL Limited
SHREYASI.BO,-0.01360383057573012,0.13518413423828868,-15.16,0.468,-0.10063185781661839,1.7397443009509426,1.74,Yes,Shreyas Intermediates Limited
ECOPLAST.BO,-0.009071927134102016,0.09007536227332694,-10.36,0.312,-0.10071485592890465,1.1721870274358153,1.172,Yes,Ecoplast Limited
DFPL.BO,-0.021828921061758114,0.2165889896345946,-23.27,0.75,-0.10078499880619737,1.103598834103466,1.104,Yes,Dindigul Farm Product Limited
AVONMORE.BO,-0.015745932204699917,0.15600384136367024,-17.34,0.54,-0.10093297746427665,2.201836594936016,2.202,Yes,Avonmore Capital & Management Services Limited
SGL.NS,-0.019007880708831824,0.18827527057514756,-20.57,0.652,-0.10095792533329587,2.5151061204487033,2.515,Yes,STL Global Limited
SIRCA.BO,-0.006197353415077783,0.06133748170662925,-7.19,0.212,-0.10103697189133189,1.0169287873584383,1.017,Yes,Sirca Paints India Limited
COFFEEDAY.BO,-0.01763869158359145,0.17449989928342122,-19.23,0.604,-0.10108138546798151,1.8219626771811002,1.822,Yes,Coffee Day Enterprises Limited
UCOBANK.NS,-0.011088507844567141,0.10965688835094729,-12.52,0.38,-0.10112003004388871,1.9631685750783223,1.963,Yes,UCO Bank
WOMENNET.BO,-0.01615951145943034,0.15979794864707902,-17.76,0.554,-0.10112464894727372,2.0477841268044976,2.048,Yes,Pagaria Energy Limited
NIITMTS.NS,-0.017274796822241627,0.17057186383318873,-18.87,0.591,-0.10127576983702052,2.4432208869732133,2.443,Yes,NIIT Learning Systems Limited
TFL.NS,-0.009839656144910607,0.09712224955203107,-11.19,0.336,-0.10131206999729997,1.1104917188411236,1.11,Yes,Transwarranty Finance Limited
AXTEL.BO,-0.009651782748906733,0.09519206267105979,-10.99,0.33,-0.10139272622192123,0.6602251052527416,0.66,Yes,Axtel Industries Limited
NSL.BO,-0.014384412923352448,0.14140208869382337,-15.96,0.49,-0.10172701871822334,2.2227132522478503,2.223,Yes,Northern Spirits Limited
DEN.NS,-0.009826740378304331,0.09656230352441979,-11.18,0.335,-0.10176580321345825,1.5701052070908381,1.57,Yes,DEN Networks Limited
INCAP.BO,-0.01900501046312986,0.18665442007877162,-20.57,0.647,-0.10181923607868164,1.101913272963646,1.102,Yes,Incap Limited
TIL.BO,-0.01454965534821097,0.1428337841064764,-16.13,0.495,-0.10186424338771864,2.1873160117021455,2.187,Yes,TIL Limited
NIITMTS.BO,-0.017353557635562625,0.17033083129022966,-18.95,0.59,-0.10188148266589268,2.432332879812463,2.432,Yes,NIIT Learning Systems Limited
RAMCOCEM.BO,-0.007222659707083156,0.07074880863567762,-8.33,0.245,-0.10208878207796239,1.0562606945192905,1.056,Yes,The Ramco Cements Limited
BSL.NS,-0.014386763516510852,0.14081589467061745,-15.96,0.488,-0.10216718467871073,2.0889842051297167,2.089,Yes,BSL Limited
ASTEC.BO,-0.01831572563707318,0.1788861303696176,-19.89,0.62,-0.10238762278120117,1.4730597551792652,1.473,Yes,Astec LifeSciences Limited
RAMCOCEM.NS,-0.007439699123211309,0.0726610537042826,-8.57,0.252,-0.10238908939429292,1.1062541486198134,1.106,Yes,The Ramco Cements Limited
ZODJRDMKJ.BO,-0.012655266307753293,0.12354600658865297,-14.17,0.428,-0.10243363308284875,2.0016489930095562,2.002,Yes,Zodiac-JRD-MKJ Limited
AJANTSOY.BO,-0.020681281843191592,0.20184394591016505,-22.18,0.699,-0.10246173968673916,2.787487318723142,2.787,Yes,Ajanta Soya Limited
NITCO.NS,-0.013182598839183202,0.12863475417780806,-14.72,0.446,-0.10248084915652951,-0.8785901482012877,0.879,No,NITCO Limited
SRECR.BO,-0.017304388300320075,0.16880564291224087,-18.9,0.585,-0.10251072180872725,1.6279114512029094,1.628,Yes,Sreechem Resins Limited
JHACC.BO,-0.01235876609840043,0.12032016392142257,-13.86,0.417,-0.10271566872591334,-0.5189666454290259,0.519,No,Jhaveri Credits and Capital Limited
BSELALGO.BO,-0.02150095723022731,0.2088769954527873,-22.96,0.724,-0.10293597523087313,3.3916561364343822,3.392,Yes,BSEL Algo Limited
ULTRACAB.BO,-0.017782485468589692,0.1723948333485076,-19.37,0.597,-0.10314975874387845,2.5887629527045553,2.589,Yes,Ultracab (India) Limited
YURANUS.BO,-0.01836624708505548,0.17762246659641873,-19.94,0.615,-0.10340047313263571,-0.6641576073437878,0.664,No,Yuranus Infrastructure Limited
SURYAROSNI.NS,-0.014181598738507151,0.13712772867553993,-15.75,0.475,-0.1034188991204139,2.008351638764473,2.008,Yes,Surya Roshni Limited
MANSIFIN.BO,-0.011726086275126786,0.11294637836791632,-13.2,0.391,-0.10381994044049589,1.502746474569478,1.503,Yes,Mansi Finance (Chennai) Limited
EMAMIREAL.BO,-0.023816203849957116,0.2292382426910235,-25.12,0.794,-0.1038928041428827,2.6011211168434825,2.601,Yes,Emami Realty Limited
PHOTOQUP.BO,-0.01702859303891847,0.1638150849011845,-18.63,0.567,-0.10395009134348251,0.6356688278193479,0.636,Yes,Photoquip India Limited
ZOTA.NS,-0.01586407970805565,0.15235562121239155,-17.46,0.528,-0.10412533244139584,2.1415613225486227,2.142,Yes,Zota Health Care Limited
MEDIAONE.BO,-0.01343178150447386,0.12872686870714184,-14.98,0.446,-0.10434326290521086,1.2170194171671027,1.217,Yes,Mediaone Global Entertainment Limited
DHATRE.BO,-0.023325059609279733,0.22334680149804162,-24.66,0.774,-0.10443426748371973,3.201459523415825,3.201,Yes,Dhatre Udyog Limited
VANICOM.BO,-0.017828865038555256,0.17032007449409142,-19.42,0.59,-0.10467858877770604,2.210243041451348,2.21,Yes,Vani Commercials Limited
SWARAJENG.NS,-0.00822031165277299,0.07852658968238158,-9.43,0.272,-0.10468188782961142,0.891463806684731,0.891,Yes,Swaraj Engines Limited
YATRA.NS,-0.014865354077760169,0.14194935017596408,-16.45,0.492,-0.10472294560935075,2.3214442206479164,2.321,Yes,Yatra Online Limited
EKI.BO,-0.020519878523735425,0.19581344194892983,-22.03,0.678,-0.10479300256152599,3.123206242040191,3.123,Yes,EKI Energy Services Limited
VISHAL.BO,-0.021187797177666338,0.20201218000658916,-22.66,0.7,-0.10488376085528725,3.0235465380586386,3.024,Yes,Vishal Fabrics Limited
TOP10ADD.NS,-0.004900253480248473,0.04670674654606634,-5.72,0.162,-0.10491532471471564,0.9240226319630866,0.924,Yes,DSP Nifty Top 10 Equal Weight ETF
YASHHTEJ.BO,-0.02397761275748766,0.22811646424283258,-25.27,0.79,-0.10511127654496354,2.767874505836352,2.768,Yes,Yashhtej Industries (India) Limited
YATRA.BO,-0.014904283714573995,0.14178131133051192,-16.49,0.491,-0.1051216382096371,2.330653609830192,2.331,Yes,Yatra Online Limited
PRIYALT.BO,-0.012855586837730925,0.12205885295176508,-14.38,0.423,-0.10532285472821185,0.37146035383421133,0.371,Yes,Priya Limited
NBCC.NS,-0.01232090611190159,0.1166685158645471,-13.82,0.404,-0.10560609278861695,1.6829733354128849,1.683,Yes,NBCC (India) Limited
SHREEPAC.BO,-0.022858588673110206,0.2164381757294811,-24.23,0.75,-0.10561255469867016,3.288814643821476,3.289,Yes,Shree Pacetronix Limited
DHARMAJ.NS,-0.007588495149161317,0.07184717828408554,-8.74,0.249,-0.10561994681483824,0.09912285423591774,0.099,Yes,Dharmaj Crop Guard Limited
MADHAV.BO,-0.013486003917420495,0.127206988068343,-15.04,0.441,-0.10601621909462261,1.956574507487361,1.957,Yes,Madhav Marbles and Granites Limited
ATVPR.BO,-0.015339064348104918,0.14437617204601094,-16.93,0.5,-0.10624373905145887,0.6636753338863866,0.664,Yes,ATV Projects India Limited
MISHTANN.BO,-0.022213774776252748,0.2088768935144919,-23.63,0.724,-0.10634864585781267,2.933285366545178,2.933,Yes,Mishtann Foods Limited
PHOSPHATE.BO,-0.005218594099953701,0.04887955547483561,-6.09,0.169,-0.1067643526881164,0.6208122154685776,0.621,Yes,The Phosphate Company Limited
ASTEC.NS,-0.018863717527245215,0.1764714301304228,-20.43,0.611,-0.10689388935820271,1.4225826894037197,1.423,Yes,Astec LifeSciences Limited
AVG.BO,-0.01437608627530898,0.13441591900692956,-15.95,0.466,-0.10695225968412155,1.1090056286216554,1.109,Yes,AVG Logistics Limited
DEN.BO,-0.01035540463742279,0.09680545941157641,-11.74,0.335,-0.10697128757373003,1.600775120594048,1.601,Yes,DEN Networks Limited
SHANGAR.BO,-0.01658781801598334,0.15459205418763106,-18.19,0.536,-0.10730058606925824,2.461992425662223,2.462,Yes,Shangar Décor Limited
STARBEAM.BO,-0.03063070494843283,0.2848630743750439,-31.16,0.987,-0.10752781846377597,0.24087677959424886,0.241,Yes,Starbeam Ventures Limited
ALICON.NS,-0.013022144650293815,0.1210097196440975,-14.55,0.419,-0.10761238591902644,2.033580121297965,2.034,Yes,Alicon Castalloy Limited
DHUNINV.BO,-0.01822354656829189,0.1692522040728202,-19.8,0.586,-0.10767095570850745,2.539776946343614,2.54,Yes,Dhunseri Investments Limited
SUNRETAIL.BO,-0.01915163590718728,0.17777278223748794,-20.71,0.616,-0.1077309792091934,2.4399855806144917,2.44,Yes,Sun Retail Limited
SOLIMAC.BO,-0.016705589406505225,0.1550453047378424,-18.3,0.537,-0.10774650309309135,2.048328160552732,2.048,Yes,Solitaire Machine Tools Limited
DREAMFOLKS.BO,-0.021209339925624654,0.19654057864746935,-22.68,0.681,-0.10791328727930223,3.273904686272368,3.274,Yes,Dreamfolks Services Limited
BFUTILITIE.BO,-0.022376115274963474,0.20698836957796532,-23.78,0.717,-0.10810324908876182,2.9127805064966314,2.913,Yes,BF Utilities Limited
NBCC.BO,-0.012662402840688602,0.11687057307143787,-14.18,0.405,-0.10834551853312663,1.6902153066934105,1.69,Yes,NBCC (India) Limited
SILINV.NS,-0.01327103141655736,0.1224708751439573,-14.81,0.424,-0.10836071352440362,1.4599334224625091,1.46,Yes,SIL Investments Limited
CORALFINAC.NS,-0.015070755692255201,0.13907393318612726,-16.66,0.482,-0.1083650641568144,2.3259696456185317,2.326,Yes,Coral India Finance and Housing Limited
YASHMGM.BO,-0.009598334388221363,0.0882771356255288,-10.93,0.306,-0.10872956309929961,0.541501918519552,0.542,Yes,Yash Management & Satellite Ltd.
ADTECH.BO,-0.01870350766162944,0.17185445185615292,-20.27,0.595,-0.10883341955717743,2.179162107465463,2.179,Yes,Adtech Systems Limited
AVG.NS,-0.014439236375824475,0.13265685765409974,-16.02,0.46,-0.10884651295958263,1.0729584087018982,1.073,Yes,AVG Logistics Limited
CMICABLES.NS,-0.016367872103002345,0.15022030022483843,-17.97,0.52,-0.10895912255869644,1.3716035817444292,1.372,Yes,CMI Limited
JUPITERIN.BO,-0.019168519558459038,0.1758753394905266,-20.73,0.609,-0.10898923984446117,-0.4511221758877703,0.451,No,Arix Energix Limited
RAWEDGE.BO,-0.02454549788043348,0.22484152882708744,-25.79,0.779,-0.10916799048858095,1.056687180625289,1.057,Yes,Raw Edge Industrial Solutions Limited
LIQUIDBEES.NS,-9.09951366887961e-07,8.320250875824343e-06,-0.0,0.0,-0.10936585692769824,-8.13784965518478e-05,0.0,No,Nippon India ETF Nifty 1D Rate Liquid BeES
DREAMFOLKS.NS,-0.021517384827802823,0.19629501978980848,-22.97,0.68,-0.109617578942367,3.2571605492773976,3.257,Yes,Dreamfolks Services Limited
SAUMYA.BO,-0.014854474942060636,0.13550282048907425,-16.44,0.469,-0.10962483945681684,-1.129524073636408,1.13,No,Saumya Consultants Limited
PREMSYN.BO,-0.01555218591375021,0.1417478590486545,-17.15,0.491,-0.10971725441307704,2.1884323761330537,2.188,Yes,Premier Synthetics Limited
ALICON.BO,-0.012899603034535202,0.11742981507782953,-14.43,0.407,-0.1098494707326727,1.9780140220900595,1.978,Yes,Alicon Castalloy Limited
NAPL.BO,-0.02074090249036021,0.1885946331595943,-22.24,0.653,-0.1099761013496532,3.306330325093465,3.306,Yes,Naturite Agro Products Limited
BSOFT.BO,-0.010880492562648607,0.09864216325651874,-12.3,0.342,-0.11030265561344096,1.3462207234068677,1.346,Yes,Birlasoft Limited
SADHNANIQ.NS,-0.03872447666044563,0.3508502305437036,-37.74,1.215,-0.11037323988767316,3.7109506203797733,3.711,Yes,Sadhana Nitro Chem Limited
BFUTILITIE.NS,-0.02250470559074019,0.20385025079068603,-23.9,0.706,-0.1103982237129945,2.864575661632689,2.865,Yes,BF Utilities Limited
DHARMAJ.BO,-0.007938762903727463,0.07175512598799652,-9.12,0.249,-0.11063687498863134,0.10773741610758703,0.108,Yes,Dharmaj Crop Guard Limited
HBSL.BO,-0.0196652156084393,0.1775415913047806,-21.21,0.615,-0.110763993179945,2.393750597670138,2.394,Yes,HB Stockholdings Limited
AARTIDRUGS.BO,-0.010323811194990202,0.09317884887470386,-11.71,0.323,-0.11079565072619076,1.248449418840875,1.248,Yes,Aarti Drugs Limited
ROML.BO,-0.009215306330236024,0.08311144988074233,-10.51,0.288,-0.11087890228673887,1.4026340880245765,1.403,Yes,Raj Oil Mills Limited
BSOFT.NS,-0.010964217177388401,0.09861985119578195,-12.39,0.342,-0.1111765739295432,1.3483978709033024,1.348,Yes,Birlasoft Limited
KEMP.BO,-0.012794129558635327,0.11457564837457065,-14.32,0.397,-0.11166534721940882,1.2513418076336333,1.251,Yes,Kemp and Company Limited
SIDDHA.BO,-0.013480172115840615,0.12064320891652092,-15.03,0.418,-0.11173585514596368,-0.33048692590350603,0.33,No,Siddha Ventures Limited
NBIFIN.NS,-0.014994491163579239,0.1341763942906749,-16.58,0.465,-0.1117520801095289,2.067078354940692,2.067,Yes,N.B.I. Industrial Finance Company Limited
ENKEIWHEL.BO,-0.011553373967935043,0.10325630921226951,-13.02,0.358,-0.11189024725050123,1.5730724033068382,1.573,Yes,Enkei Wheels (India) Limited
BGLOBAL.BO,-0.010363030617158693,0.09250763808833411,-11.75,0.32,-0.11202351320723587,0.43472001679319894,0.435,Yes,Bharatiya Global Infomedia Limited
DHUNINV.NS,-0.018982214691326146,0.1693486834413585,-20.54,0.587,-0.1120895321155493,2.5169947105033934,2.517,Yes,Dhunseri Investments Limited
BNAGROCHEM.BO,-0.02584125002840405,0.23045702176331567,-26.96,0.798,-0.11213045204994261,0.37016871335818413,0.37,Yes,BN Agrochem Limited
INTCAPL.BO,-0.00824974702683524,0.07355223046429342,-9.46,0.255,-0.11216175192457492,-0.47913357316995164,0.479,No,Integra Capital Limited
BHANDARI.BO,-0.02267616288300088,0.20205454670083356,-24.06,0.7,-0.11222792683094486,2.5306862073138263,2.531,Yes,Bhandari Hosiery Exports Limited
CROMPTON.NS,-0.01256388334665448,0.11156707615145413,-14.08,0.386,-0.11261282252838467,1.2174724162478465,1.217,Yes,Crompton Greaves Consumer Electricals Limited
GTLINFRA.BO,-0.014869765885867959,0.13197487710550443,-16.45,0.457,-0.11267118569832538,1.0531816626746362,1.053,Yes,GTL Infrastructure Limited
TELOGICA.BO,-0.0202511472931761,0.17970350813664046,-21.77,0.623,-0.11269199751947977,2.027569131045734,2.028,Yes,Telogica Limited
EUROLED.BO,-0.010211875553809301,0.09051035588569722,-11.59,0.314,-0.11282549332482537,-0.21711097027178883,0.217,No,Euro Leder Fashion Limited
GTLINFRA.NS,-0.014874129595876901,0.13181675300051268,-16.46,0.457,-0.1128394476217985,1.0681553349717157,1.068,Yes,GTL Infrastructure Limited
UCOBANK.BO,-0.012460319812333238,0.11040505572322941,-13.97,0.382,-0.11286004731132585,1.9846767954388387,1.985,Yes,UCO Bank
SSL.BO,-0.018668646486401194,0.1649784037711397,-20.24,0.572,-0.11315812287951699,0.852843197569018,0.853,Yes,Share Samadhan Limited
ALLTIME.NS,-0.015942019858333767,0.1406221723264473,-17.54,0.487,-0.11336775413570749,2.3578174011063187,2.358,Yes,All Time Plastics Limited
HARIOMPIPE.NS,-0.017781904695943505,0.15650143466476202,-19.37,0.542,-0.11362135263509691,1.2110605435720612,1.211,Yes,Hariom Pipe Industries Limited
PRAKASH.NS,-0.0151339822929348,0.13305850527462396,-16.72,0.461,-0.11373930784581761,1.3576014058070613,1.358,Yes,Prakash Industries Limited
RENUKA.NS,-0.011352502048318268,0.09979551250369983,-12.8,0.346,-0.11375764063436604,-0.3607066005347765,0.361,No,Shree Renuka Sugars Limited
OMEAG.BO,-0.02135345389968343,0.18770213724086757,-22.82,0.65,-0.11376244412327467,2.0856015720977403,2.086,Yes,Omega AG Seeds Punjab Limited
DMART.NS,-0.009395372338150493,0.08244290933707249,-10.71,0.286,-0.11396216380158278,0.2906956761268838,0.291,Yes,Avenue Supermarts Limited
CHCL.BO,-0.03730334212020914,0.3267500499517809,-36.63,1.132,-0.11416476332815881,-1.7829432746866312,1.783,No,Cian Healthcare Limited
CORALFINAC.BO,-0.016304861162651035,0.1427015733238701,-17.9,0.494,-0.11425845407917219,2.4435311046169996,2.444,Yes,Coral India Finance and Housing Limited
ICICIPRULI.NS,-0.009151529339570953,0.08002297453924317,-10.45,0.277,-0.11436127427484033,1.193872289794653,1.194,Yes,ICICI Prudential Life Insurance Company Limited
AARTIDRUGS.NS,-0.01068870842729436,0.093440743531724,-12.1,0.324,-0.11439023303218304,1.2566363112053571,1.257,Yes,Aarti Drugs Limited
TOP15IETF.BO,-0.004770415411831459,0.04154360699792412,-5.58,0.144,-0.11482910985725987,0.816239909740277,0.816,Yes,Icici Prudential Mutual Fund - Nifty Top 15 Equal Weight ETF
HARIOMPIPE.BO,-0.017850940978225708,0.15535035657219673,-19.44,0.538,-0.11490762797142183,1.2044891988441981,1.204,Yes,Hariom Pipe Industries Limited
KATIPATANG.BO,-0.019859056772579955,0.1726358151635301,-21.39,0.598,-0.115034396273846,0.6695894293935574,0.67,Yes,Kati Patang Lifestyle Limited
SANCTRN.BO,-0.007139291068660241,0.06200526038558025,-8.24,0.215,-0.11514008689366835,0.5615368967140332,0.562,Yes,Sanco Trans Limited
ALLTIME.BO,-0.016161117267870322,0.14035712283899163,-17.76,0.486,-0.11514283665111377,2.3629378349707446,2.363,Yes,All Time Plastics Limited
CROMPTON.BO,-0.012901473830479293,0.11191202718238841,-14.43,0.388,-0.1152822815858133,1.225840616188262,1.226,Yes,Crompton Greaves Consumer Electricals Limited
DARSHANORNA.BO,-0.009901180676918343,0.08571315667212771,-11.26,0.297,-0.11551529614983856,1.0800959019872056,1.08,Yes,Darshan Orna Limited
STOVACQ.BO,-0.01438284784962741,0.1240626801088798,-15.96,0.43,-0.11593210655295166,2.1243191308221854,2.124,Yes,Stovec Industries Limited
AWHCL.NS,-0.01905045688811379,0.16431589152091636,-20.61,0.569,-0.1159380064324989,1.9136147185015289,1.914,Yes,Antony Waste Handling Cell Limited
ROSSARI.BO,-0.014531377286024749,0.12530094496777783,-16.11,0.434,-0.11597180922906537,1.945380770860397,1.945,Yes,Rossari Biotech Limited
CREATIVEYE.NS,-0.012748226107878279,0.10969249587979629,-14.27,0.38,-0.1162178506891492,1.2496475237721287,1.25,Yes,Creative Eye Limited
VALPLAST.BO,-0.028855224187321827,0.24820757763973436,-29.63,0.86,-0.11625440472733792,3.982190652861749,3.982,Yes,Valplast Technologies Limited
VARIMAN.BO,-0.035803000387191954,0.3078438583365492,-35.44,1.066,-0.11630246768818253,4.285718339501327,4.286,Yes,Variman Global Enterprises Limited
RASIELEC.BO,-0.02047532789456713,0.1758551543677115,-21.98,0.609,-0.11643291303110404,2.6751680393103285,2.675,Yes,Rasi Electrodes Limited
LAKSELEC.BO,-0.007085662355534516,0.06082049510985525,-8.18,0.211,-0.11650122779724573,0.2949694824959202,0.295,Yes,Lakshmi Electrical Control Systems Limited
VIVANZA.BO,-0.011797412198309326,0.10121566324313452,-13.27,0.351,-0.11655717919834455,1.5793517531489571,1.579,Yes,Vivanza Biosciences Limited
WARRENTEA.BO,-0.009805301937557893,0.08410265685118667,-11.15,0.291,-0.11658730300170704,0.8535301884658258,0.854,Yes,Warren Tea Limited
SAMRATPH.BO,-0.012269217159457481,0.10519126345964305,-13.77,0.364,-0.1166372259057864,0.404395591690741,0.404,Yes,Samrat Pharmachem Limited
HYUNDAI.BO,-0.00941155765007191,0.08059356971685817,-10.73,0.279,-0.116778021908406,0.8699282738326563,0.87,Yes,Hyundai Motor India Limited
HFIL.BO,-0.016977036085397693,0.14485723311236223,-18.57,0.502,-0.11719840094024866,1.8400333179494328,1.84,Yes,Himalaya Food International Limited
ICSL.BO,-0.02197453544919127,0.18738076553048427,-23.4,0.649,-0.11727209773628722,-1.379494632685042,1.379,No,Integrated Capital Services Limited
PRAKASH.BO,-0.015395887675575436,0.1312755025725858,-16.99,0.455,-0.11727921336322922,1.3150893355180215,1.315,Yes,Prakash Industries Limited
COMPINFO.NS,-0.02375942183562069,0.20241843812729712,-25.07,0.701,-0.1173777549883022,3.3648117247114615,3.365,Yes,Compuage Infocom Limited
MADHAV.NS,-0.01383292627111941,0.11781831785645654,-15.39,0.408,-0.11740896087120085,1.9439202816668726,1.944,Yes,Madhav Marbles and Granites Limited
EMSLIMITED.BO,-0.020317714357260083,0.17284405731519764,-21.83,0.599,-0.11754939494511397,2.004455114494108,2.004,Yes,EMS Limited
TOKYOPLAST.NS,-0.025167757970995585,0.21403342285748972,-26.35,0.741,-0.1175879805826078,3.08808131739174,3.088,Yes,Tokyo Plast International Limited
SUPERTEX.BO,-0.013469512711950233,0.11451029126360524,-15.02,0.397,-0.11762709327970457,1.182711494165913,1.183,Yes,Supertex Industries Limited
ROSSARI.NS,-0.014694629609882427,0.1248812885844152,-16.28,0.433,-0.11766878590421809,1.9285752064728054,1.929,Yes,Rossari Biotech Limited
STEELCITY.NS,-0.010591287210174742,0.0898654463495765,-11.99,0.311,-0.1178571702517856,1.2442419930973012,1.244,Yes,Steel City Securities Limited
NKIND.BO,-0.01688109358886177,0.14317553220133586,-18.48,0.496,-0.11790487752560466,1.2551338693492857,1.255,Yes,N.K. Industries Limited
KRUPALU.BO,-0.021040949156611484,0.178333572701946,-22.52,0.618,-0.11798647241693422,2.3783612946443067,2.378,Yes,Krupalu Metals Limited
VRUDDHI.BO,-0.01023089177568563,0.08624395135341023,-11.61,0.299,-0.11862735432611973,-0.07980625834272198,0.08,No,Vruddhi Engineering Works Limited
EMSLIMITED.NS,-0.020555377822465724,0.17306548004026492,-22.06,0.6,-0.11877225786265042,2.0146995654373256,2.015,Yes,EMS Limited
COROMANDEL.NS,-0.010759191435079864,0.09052003048958969,-12.17,0.314,-0.11885978580527799,1.139806351716842,1.14,Yes,Coromandel International Limited
TIL.NS,-0.016779284505692903,0.1411357129062504,-18.38,0.489,-0.11888758812476163,2.129796346701939,2.13,Yes,TIL Limited
TARC.NS,-0.016525631462270495,0.13872497774350553,-18.12,0.481,-0.11912513327502876,1.8852386869303017,1.885,Yes,TARC Limited
KUSHIND.BO,-0.01789017672823953,0.1501184469592952,-19.48,0.52,-0.1191737397409292,1.51722296072089,1.517,Yes,Kush Industries Limited
AASTAFIN.BO,-0.015331595519773427,0.12859929268237297,-16.92,0.445,-0.11921990549077818,1.407960554632006,1.408,Yes,Aastamangalam Finance Limited
LEXUS.NS,-0.02977955010502268,0.2490928222361731,-30.43,0.863,-0.11955202015731994,0.7328446847303101,0.733,Yes,Lexus Granito (India) Limited
INTRGLB.BO,-0.017675251886276874,0.14777632607824295,-19.27,0.512,-0.11960814262575711,1.916146332646756,1.916,Yes,Inter Globe Finance Limited
GARGI.BO,-0.023248600797160898,0.19411283912142294,-24.59,0.672,-0.11976848570340191,1.835300435303012,1.835,Yes,PNGS Gargi Fashion Jewellery Limited
INA.BO,-0.034628280714523674,0.28908505949316116,-34.49,1.001,-0.1197857847625739,3.464229984742363,3.464,Yes,Insolation Energy Limited
VARDMNPOLY.BO,-0.020316657824766673,0.16960040590010714,-21.83,0.588,-0.11979132783876102,0.9370790424204575,0.937,Yes,Vardhman Polytex Limited
LANDMARC.BO,-0.018506892532223405,0.1543953811216324,-20.08,0.535,-0.11986687942201917,1.7538956260318947,1.754,Yes,Landmarc Leisure Corporation Limited
AGRITECH.BO,-0.01346043523254107,0.11193314094927666,-15.01,0.388,-0.12025424390298103,1.7545992312006655,1.755,Yes,Agri-tech (India) Limited
HANSUGAR.BO,-0.01271851342581806,0.1056887711999251,-14.24,0.366,-0.12033930645062768,0.6088201518293785,0.609,Yes,Shree Hanuman Sugar & Industries Limited
AWHCL.BO,-0.01941707561530044,0.1607676460074067,-20.97,0.557,-0.12077725896668215,1.8587545260829097,1.859,Yes,Antony Waste Handling Cell Limited
REGENCERAM.NS,-0.013537208690566226,0.1119348486750253,-15.09,0.388,-0.12093828553668848,1.3877828261543146,1.388,Yes,Regency Ceramics Limited
PRIMAGR.BO,-0.024730684611412944,0.2042656846511195,-25.96,0.708,-0.12107116598489029,2.961260010428709,2.961,Yes,Prima Agro Limited
PRUDMOULI.NS,-0.026558623690078484,0.21929781787410513,-27.6,0.76,-0.12110756024633726,2.9405533802619535,2.941,Yes,Prudential Sugar Corporation Ltd.
MAPMYINDIA.NS,-0.02511106340311119,0.2069990292716562,-26.3,0.717,-0.1213100539237629,2.6726801705672836,2.673,Yes,C. E. Info Systems Limited
JSWHL.NS,-0.017300350069567295,0.14238673208943464,-18.89,0.493,-0.12150254321941148,1.9747070341997877,1.975,Yes,JSW Holdings Limited
MODAIRY.BO,-0.016291569083545253,0.13403463027311474,-17.89,0.464,-0.12154746165486374,0.06406902944888165,0.064,Yes,Modern Dairies Limited
FINKURVE.NS,-0.02522773533275995,0.20739055725296077,-26.41,0.718,-0.12164360647331156,3.5635174010032604,3.564,Yes,Finkurve Financial Services Limited
ELLEN.NS,-0.02109277267190221,0.17303892869660917,-22.57,0.599,-0.12189611222619376,1.8332229258937067,1.833,Yes,Ellenbarrie Industrial Gases Limited
MAPMYINDIA.BO,-0.025233438370998753,0.2066855687261487,-26.41,0.716,-0.12208611625145534,2.676552313324285,2.677,Yes,C. E. Info Systems Limited
AEL.BO,-0.019792464429225453,0.16189493152087625,-21.33,0.561,-0.12225499738188671,2.8505745988993954,2.851,Yes,Amba Enterprises Limited
TRANSWORLD.NS,-0.02139700967893885,0.17468840628628501,-22.86,0.605,-0.12248671868854731,2.13749549788284,2.137,Yes,Transworld Shipping Lines Limited
VENMAX.BO,-0.017537287908921062,0.14316931380785686,-19.13,0.496,-0.12249334331836861,0.21164379897738733,0.212,Yes,Venmax Drugs and Pharmaceuticals Limited
FOCUS.NS,-0.01860636515068957,0.15172801961444965,-20.18,0.526,-0.12262972388336382,1.3804228330040658,1.38,Yes,Focus Lighting and Fixtures Limited
TARC.BO,-0.016767515802943476,0.13673166760665686,-18.37,0.474,-0.1226308147661847,1.8492514894287702,1.849,Yes,TARC Limited
NLFL.BO,-0.014756637810437075,0.12033248964145184,-16.34,0.417,-0.12263219895480118,1.7079615232132708,1.708,Yes,Nalin Lease Finance Limited
PACEDIGITK.BO,-0.01533076076016634,0.12488638906530072,-16.92,0.433,-0.12275765898035675,1.8280571242005879,1.828,Yes,Pace Digitek Limited
SAMHI.BO,-0.014148769935699967,0.11512351317952715,-15.72,0.399,-0.12290078321042844,1.9343691836811054,1.934,Yes,SAMHI Hotels Limited
KOTYARK.BO,-0.011475715132129784,0.09330049945173834,-12.93,0.323,-0.12299736013809702,0.5941855533161504,0.594,Yes,Kotyark Industries Limited
RIDDHICORP.BO,-0.01138340781654091,0.09248718810049536,-12.84,0.32,-0.12308091585800889,1.3044336482198247,1.304,Yes,Riddhi Corporate Services Limited
SADHNANIQ.BO,-0.04248897062973992,0.3451994784206891,-40.61,1.196,-0.12308526891213692,3.6184717214011677,3.618,Yes,Sadhana Nitro Chem Limited
TIRUSTA.BO,-0.018977279962123818,0.1539873989644387,-20.54,0.533,-0.12323917469705663,1.6410035174324036,1.641,Yes,Tirupati Starch and Chemicals Limited
ELLEN.BO,-0.021275943741395183,0.17253504070700534,-22.75,0.598,-0.12331375501586055,1.828994142793425,1.829,Yes,Ellenbarrie Industrial Gases Limited
ELEMARB.BO,-0.019598803737105198,0.1585063691073143,-21.14,0.549,-0.12364679001533452,2.5144171890209988,2.514,Yes,Elegant Marbles and Grani Industries Limited
CENTRALBK.BO,-0.012637428760189568,0.10219598694622588,-14.15,0.354,-0.12365875743084911,1.7133914666022207,1.713,Yes,Central Bank of India
CENTRALBK.NS,-0.012673511210008669,0.10248738456275645,-14.19,0.355,-0.1236592314661738,1.7150851406137635,1.715,Yes,Central Bank of India
JSWHL.BO,-0.017485370633448103,0.14125969880196423,-19.08,0.489,-0.12378173521353258,1.9762393711772626,1.976,Yes,JSW Holdings Limited
PLATIND.NS,-0.014264161430455714,0.11517023337921373,-15.84,0.399,-0.12385284818768243,1.6916794377426116,1.692,Yes,Platinum Industries Limited
MKVENTURES.BO,-0.020263270239316355,0.16348519198735367,-21.78,0.566,-0.1239456001671626,1.8760308055941262,1.876,Yes,MKVentures Capital Limited
KHANDSE.NS,-0.01913286666420466,0.15418318729608024,-20.69,0.534,-0.1240917832854469,2.439472709877554,2.439,Yes,Khandwala Securities Limited
SAMHI.NS,-0.01429253449522881,0.11496275720465979,-15.87,0.398,-0.12432317076203084,1.935266589577503,1.935,Yes,SAMHI Hotels Limited
GEMSPIN.BO,-0.013431102242377323,0.10786586982145337,-14.98,0.374,-0.1245167008304792,-0.36538453825054995,0.365,No,Gem Spinners India Limited
KARMAENG.BO,-0.023880790763526952,0.19171785410217704,-25.18,0.664,-0.12456216389110823,2.272293866706607,2.272,Yes,Karma Energy Limited
FUTSOL.BO,-0.012816782009926251,0.10280340427726083,-14.34,0.356,-0.12467273919606188,0.14237812706854072,0.142,Yes,Futuristic Solutions Limited
NAPEROL.BO,-0.016147264587231938,0.12944412467637958,-17.75,0.448,-0.12474312470806505,1.8466022033506602,1.847,Yes,Naperol Investments Limited
TIRSARJ.BO,-0.023320294070733494,0.18685008287073396,-24.66,0.647,-0.1248075125921505,2.965794593290021,2.966,Yes,Tirupati Sarjan Limited
MGIL.BO,-0.030016946039484783,0.24028030684173324,-30.63,0.832,-0.12492470329354212,3.3867962208404085,3.387,Yes,Maruti Global Industries Limited
SIGNATURE.BO,-0.01806563413963979,0.14441281663071365,-19.65,0.5,-0.12509716631202109,2.3176091015006675,2.318,Yes,Signatureglobal (India) Limited
RUNGTAIR.BO,-0.012127173369384686,0.09678829649056044,-13.62,0.335,-0.12529586540008403,1.4837841908482208,1.484,Yes,Rungta Irrigation Limited
DOLLAR.BO,-0.017935281600510652,0.14304598163608173,-19.52,0.496,-0.12538123333054663,2.3957873126431646,2.396,Yes,Dollar Industries Limited
TECHNOE.BO,-0.018298938747591607,0.14582732766931553,-19.88,0.505,-0.12548360475402173,1.7024811427010345,1.702,Yes,Techno Electric & Engineering Company Limited
BANARBEADS.NS,-0.011814924823593894,0.0941505893939436,-13.29,0.326,-0.1254896533271613,1.3072800461160365,1.307,Yes,Banaras Beads Limited
COROMANDEL.BO,-0.011389936233640475,0.0906995701200173,-12.84,0.314,-0.12557872345556717,1.118523020145256,1.119,Yes,Coromandel International Limited
COLORCHIPS.BO,-0.01935845144978104,0.15413546006293813,-20.91,0.534,-0.12559375656890637,1.7997668970844642,1.8,Yes,Colorchips New Media Limited
VARDMNPOLY.NS,-0.02087659011056733,0.16621722273637773,-22.37,0.576,-0.1255982368546599,0.9344484077887315,0.934,Yes,Vardhman Polytex Limited
SUDARCOLOR.NS,-0.017558840121905374,0.139780265274629,-19.15,0.484,-0.12561744740866804,1.858719229915348,1.859,Yes,Sudarshan Colorants India Limited
RRECL.BO,-0.02236873519378096,0.17803971154204318,-23.77,0.617,-0.1256390217667742,1.5046362770345627,1.505,Yes,RDB Real Estate Constructions Limited
BEARDSELL.NS,-0.016138414564317704,0.1283816065883737,-17.74,0.445,-0.12570659452846578,1.8309054229756456,1.831,Yes,Beardsell Limited
SUNTECK.BO,-0.018051378088880306,0.14358081658661295,-19.64,0.497,-0.12572277075740884,2.5943154096363488,2.594,Yes,Sunteck Realty Limited
TRANSWORLD.BO,-0.021814857777755773,0.17343375543452388,-23.25,0.601,-0.12578207583120402,2.1912167577557904,2.191,Yes,Transworld Shipping Lines Limited
TYROON.BO,-0.009391315619232704,0.07460229256486843,-10.71,0.258,-0.1258850806906066,0.6654899382819935,0.665,Yes,Tyroon Tea Company Limited
SIGNATURE.NS,-0.018120516495722997,0.14376465662729107,-19.7,0.498,-0.1260429156986777,2.3048076924114786,2.305,Yes,Signatureglobal (India) Limited
PACEDIGITK.NS,-0.015522525773205611,0.12306081201344585,-17.12,0.426,-0.12613703354654926,1.779772335008061,1.78,Yes,Pace Digitek Limited
TECHNOE.NS,-0.018447131715245733,0.14620390902894834,-20.02,0.506,-0.12617399793047399,1.702633216649742,1.703,Yes,Techno Electric & Engineering Company Limited
AADHARHFC.NS,-0.006588715911739467,0.05221599820974572,-7.63,0.181,-0.1261819392070864,0.4238138671016227,0.424,Yes,Aadhar Housing Finance Limited
PLATIND.BO,-0.014553231475993715,0.11520099262932183,-16.13,0.399,-0.12632904581665486,1.7081786463629025,1.708,Yes,Platinum Industries Limited
CAPPIPES.BO,-0.02481090853072669,0.19623411608590446,-26.03,0.68,-0.12643524492889574,2.7338202788194423,2.734,Yes,Captain Pipes Limited
AADHARHFC.BO,-0.006524982569849239,0.05159157516335607,-7.56,0.179,-0.12647380021232102,0.43016998386012684,0.43,Yes,Aadhar Housing Finance Limited
IMEC.BO,-0.04422350602841015,0.3488950865388655,-41.89,1.209,-0.12675302041974681,1.7789650554553127,1.779,Yes,IMEC Services Limited
PARKHOTELS.NS,-0.015565879791442328,0.12267953052176432,-17.16,0.425,-0.12688245321154712,2.161091145957408,2.161,Yes,Apeejay Surrendra Park Hotels Limited
DEEPAKCHEM.BO,-0.022451977373022954,0.17668466725824278,-23.85,0.612,-0.12707371681667817,2.3747720392546006,2.375,Yes,Deepak Chemtex Limited
REDTAPE.BO,-0.009491270605546085,0.07465374015635971,-10.81,0.259,-0.1271372416930075,0.6289653769800536,0.629,Yes,REDTAPE Limited
VENTIVE.BO,-0.011021225184550584,0.08662495221401328,-12.45,0.3,-0.12722922094458236,1.5866921859564618,1.587,Yes,Ventive Hospitality Limited
ICICIPRULI.BO,-0.01020478241957429,0.080138962771133,-11.58,0.278,-0.12733858870519563,1.2043840403391817,1.204,Yes,ICICI Prudential Life Insurance Company Limited
DBL.NS,-0.010857522995441807,0.08519831683483547,-12.28,0.295,-0.12743823350982486,1.2162334054582973,1.216,Yes,Dilip Buildcon Limited
PARKHOTELS.BO,-0.01560532331004028,0.12244653539568037,-17.2,0.424,-0.12744601764037172,2.161514466846187,2.162,Yes,Apeejay Surrendra Park Hotels Limited
KHOOBSURAT.BO,-0.016329626550789865,0.1279591541534129,-17.93,0.443,-0.12761593071498373,0.830571893962493,0.831,Yes,Khoobsurat Limited
EMERALD.BO,-0.02106477092428103,0.16477719286240855,-22.55,0.571,-0.12783790376784993,2.7861429630974714,2.786,Yes,Emerald Finance Limited
CHENFERRO.BO,-0.029707943688581998,0.23238496126620165,-30.36,0.805,-0.12783935555343856,3.2867241899491964,3.287,Yes,Chennai Ferrous Industries Limited
TRIDENT.NS,-0.009505873463243776,0.07432686331210558,-10.83,0.257,-0.1278928376585422,1.208040487805388,1.208,Yes,Trident Limited
CAPFIN.BO,-0.016834009938929653,0.1315424277909698,-18.43,0.456,-0.1279739945630324,1.4665185521523165,1.467,Yes,Capfin India Limited
MADRASFERT.BO,-0.015684386784682317,0.12251599975852485,-17.28,0.424,-0.12801908987883823,1.946846118466511,1.947,Yes,Madras Fertilizers Limited
MIHIKA.BO,-0.02954928708107295,0.23063503923581694,-30.23,0.799,-0.1281214128563516,2.6956305738241384,2.696,Yes,Mihika Industries Limited
RVHL.BO,-0.02113495984281767,0.1648074162888256,-22.61,0.571,-0.12824034451082333,2.8824756476263835,2.882,Yes,Ravinder Heights Limited
SUNTECK.NS,-0.018270947714205735,0.14240958672888543,-19.85,0.493,-0.12829857970860734,2.5670870801216923,2.567,Yes,Sunteck Realty Limited
SUNILAGR.BO,-0.009264779187561687,0.07211337792295433,-10.57,0.25,-0.12847517970188754,1.2694640634873655,1.269,Yes,Sunil Agro Foods Limited
MOSERVICE.NS,-0.007772765769839172,0.06047405154966819,-8.94,0.209,-0.12853059404255873,1.0483956512423842,1.048,Yes,Motilal Oswal Nifty Services Sector ETF
NHPC.NS,-0.007358179551451,0.05711016646830955,-8.48,0.198,-0.12884185087315506,0.44747730845247713,0.447,Yes,NHPC Limited
DOLLAR.NS,-0.018306251371125157,0.14190578719756408,-19.89,0.492,-0.1290028527563772,2.355255201296028,2.355,Yes,Dollar Industries Limited
MADRASFERT.NS,-0.015674106479015276,0.12144383497620359,-17.27,0.421,-0.12906465348435803,1.928288345803922,1.928,Yes,Madras Fertilizers Limited
SUPREMEIND.BO,-0.010515933210650651,0.08134264765850122,-11.91,0.282,-0.12927945565282592,-0.27787305549094937,0.278,No,The Supreme Industries Limited
DBL.BO,-0.010957117459545845,0.08474148473080431,-12.38,0.294,-0.12930051313536675,1.1906190958792697,1.191,Yes,Dilip Buildcon Limited
INDOWIND.BO,-0.029827114247671035,0.23039774616957595,-30.47,0.798,-0.12945922754694772,3.314702041732581,3.315,Yes,Indowind Energy Limited
SATIA.NS,-0.02021976689176831,0.15600203117926237,-21.74,0.54,-0.12961220273173057,2.2415950952920802,2.242,Yes,Satia Industries Limited
SRF.NS,-0.00712809318701862,0.05497522796833079,-8.23,0.19,-0.12966009329010608,0.4420793195532058,0.442,Yes,SRF Limited
JAYKAY.BO,-0.02498017535344554,0.1925915741766452,-26.18,0.667,-0.12970544251605573,2.543409498666821,2.543,Yes,Jaykay Enterprises Limited
LIBAS.NS,-0.009737611100004767,0.07494057978865781,-11.08,0.26,-0.12993776038917895,0.025586958413197025,0.026,Yes,Libas Consumer Products Limited
TRIDENT.BO,-0.009536847577820768,0.07338328098286558,-10.86,0.254,-0.1299594056042213,1.1950901584125777,1.195,Yes,Trident Limited
SHRMFGC.BO,-0.019268922602916995,0.14816394934610808,-20.82,0.513,-0.1300513565408895,-0.13552094106257917,0.136,No,Shree Manufacturing Company Limited
AARON.NS,-0.020538216565563275,0.15774474623305107,-22.04,0.546,-0.1301990529384747,2.811392410970708,2.811,Yes,Aaron Industries Limited
REDTAPE.NS,-0.00950418346584487,0.07290257390331663,-10.83,0.253,-0.13036828409445894,0.6078222936878583,0.608,Yes,REDTAPE Limited
SOMICONVEY.NS,-0.020860588183481684,0.1599646545348482,-22.35,0.554,-0.13040748435422161,2.0983033838739185,2.098,Yes,Somi Conveyor Beltings Limited
INDOWIND.NS,-0.02970141729624729,0.22742704409934833,-30.36,0.788,-0.13059756113821117,3.308662512461305,3.309,Yes,Indowind Energy Limited
TCS.BO,-0.012118622392054891,0.0927281353973515,-13.61,0.321,-0.13068980994953797,1.0362023735659516,1.036,Yes,Tata Consultancy Services Limited
SRF.BO,-0.007196006884271108,0.055017648845919295,-8.3,0.191,-0.1307945183994325,0.4426611871405146,0.443,Yes,SRF Limited
CRAMC.NS,-0.013456312304762843,0.10286469324954675,-15.0,0.356,-0.13081565578694937,1.6300710479511236,1.63,Yes,Canara Robeco Asset Management Company Limited
VENTIVE.NS,-0.011229027287841914,0.08583372341075415,-12.67,0.297,-0.13082302435029894,1.5695269479164282,1.57,Yes,Ventive Hospitality Limited
WSI.BO,-0.01354987966658589,0.1033959130783108,-15.1,0.358,-0.1310485033999688,1.2176376135474494,1.218,Yes,W.S. Industries (India) Limited
AGOL.BO,-0.02462526175380703,0.1876451467647494,-25.86,0.65,-0.13123313967016534,3.0177084248251576,3.018,Yes,Ashapuri Gold Ornament Limited
JMFINANCIL.NS,-0.013242294673081384,0.10087732040049928,-14.78,0.349,-0.13127127703736907,1.3289230473706908,1.329,Yes,JM Financial Limited
MOHITPPR.BO,-0.009810073727712903,0.07467654792820982,-11.16,0.259,-0.1313675310372381,1.0573178862074024,1.057,Yes,Mohit Paper Mills Limited
HYUNDAI.NS,-0.010494260102618154,0.07982457443681604,-11.89,0.277,-0.1314665336665807,0.8802778633846063,0.88,Yes,Hyundai Motor India Limited
ARIHANTSUP.BO,-0.02474099317404275,0.1881783804486413,-25.96,0.652,-0.13147627859830158,2.997924581821569,2.998,Yes,Arihant Superstructures Limited
SUDARCOLOR.BO,-0.018195254442819015,0.13820631813746245,-19.78,0.479,-0.13165284111484463,1.8034157449271773,1.803,Yes,Sudarshan Colorants India Limited
ASIAN.BO,-0.009694298542576809,0.07360638988504957,-11.03,0.255,-0.13170457833506446,1.043681045857204,1.044,Yes,Asian Warehousing Limited
SATIA.BO,-0.020496747880082246,0.15550650287753445,-22.0,0.539,-0.13180637144302568,2.23807641581497,2.238,Yes,Satia Industries Limited
AAVAS.NS,-0.016571407329657978,0.12567899170924687,-18.17,0.435,-0.1318550308550791,1.7252042808011745,1.725,Yes,Aavas Financiers Limited
SHRADHA.NS,-0.01906610585587043,0.1443745168527577,-20.63,0.5,-0.13206004959528456,2.3605708985583376,2.361,Yes,Shradha Realty Limited
CRAMC.BO,-0.013530360163481372,0.1024268167624655,-15.08,0.355,-0.1320978293688377,1.6179683211841147,1.618,Yes,Canara Robeco Asset Management Company Limited
DCAL.BO,-0.02439167806945286,0.18461327030480765,-25.65,0.64,-0.13212310268476762,2.556008128600837,2.556,Yes,Dishman Carbogen Amcis Limited
DCAL.NS,-0.024300563009503066,0.18391053938105353,-25.56,0.637,-0.1321325199267319,2.54053700101166,2.541,Yes,Dishman Carbogen Amcis Limited
SOMICONVEY.BO,-0.02129881763846174,0.16103817438061394,-22.77,0.558,-0.13225943302189924,2.0851308735090655,2.085,Yes,Somi Conveyor Beltings Limited
EVERESTIND.NS,-0.024915807243042352,0.18829902434061527,-26.12,0.652,-0.13232042667396934,2.2937845782921857,2.294,Yes,Everest Industries Limited
DGCONTENT.BO,-0.01992152601928869,0.15053833451094573,-21.45,0.521,-0.13233523596503047,1.9700364536789972,1.97,Yes,Digicontent Limited
HARLETH.BO,-0.018106836913799426,0.13667825849567214,-19.69,0.473,-0.13247781405096534,1.7076217232371778,1.708,Yes,Haryana Leather Chemicals Limited
RESPONSINF.BO,-0.016297379584078606,0.12288497117708119,-17.9,0.426,-0.13262304924654747,1.0306463695737955,1.031,Yes,Response Informatics Limited
PSPL.BO,-0.018184610635771536,0.13681596894812462,-19.77,0.474,-0.1329129251181669,0.4425845787523689,0.443,Yes,PDP Shipping & Projects Limited
MMRUBBR-B.BO,-0.020624778307359863,0.1550805125583488,-22.13,0.537,-0.13299400399905065,1.9471844164932377,1.947,Yes,M M Rubber Company Limited
HAVISHA.BO,-0.023594269400594635,0.17738186392864022,-24.91,0.614,-0.13301398958174487,2.74784638571854,2.748,Yes,Sri Havisha Hospitality and Infrastructure Limited
SPMLINFRA.NS,-0.017288000717185583,0.12968818116310787,-18.88,0.449,-0.13330436561094638,1.3069378726088063,1.307,Yes,SPML Infra Limited
GUJCOTEX.BO,-0.04318389359839579,0.3235890242384786,-41.12,1.121,-0.1334528997082736,2.545385054023585,2.545,Yes,Gujarat Cotex Limited
RAJMET.NS,-0.02232474857631053,0.16718741962564757,-23.73,0.579,-0.13353127063207437,2.2270978181574677,2.227,Yes,Rajnandini Metal Limited
EVERESTIND.BO,-0.024970459946904812,0.18672167435677386,-26.17,0.647,-0.1337309127765913,2.2483263992875573,2.248,Yes,Everest Industries Limited
EBIX.BO,-0.028698310995563935,0.2139757114988278,-29.49,0.741,-0.13411947923688128,1.7569710917257506,1.757,Yes,EBIX Limited
FTL.BO,-0.0479873777012873,0.3575606215358501,-44.57,1.239,-0.13420766944403562,3.5052158076451447,3.505,Yes,Finelistings Technologies Limited
PRECAM.NS,-0.025051362108758236,0.18663302804837176,-26.25,0.647,-0.13422791437679185,2.669477210739594,2.669,Yes,Precision Camshafts Limited
THACKER.BO,-0.02482874881147994,0.1848015228321358,-26.04,0.64,-0.13435359422894527,2.2775550071479875,2.278,Yes,Thacker and Company Limited
TECHNICHEM.BO,-0.0163805656173974,0.12184340994656946,-17.98,0.422,-0.13443948773742112,-1.173699780013128,1.174,No,Technichem Organics Limited
CALCOM.BO,-0.01761303491548113,0.13097371900640883,-19.2,0.454,-0.1344776268788648,1.9601895769481645,1.96,Yes,Calcom Vision Limited
SHINEFASH.BO,-0.03457190826316716,0.25696362794539807,-34.44,0.89,-0.13454008467888423,3.2869145255353356,3.287,Yes,Shine Fashions (India) Limited
AAVAS.BO,-0.016686698146476824,0.12400099663862425,-18.28,0.43,-0.1345690647560424,1.7065224229515021,1.707,Yes,Aavas Financiers Limited
MONEYBOXX.BO,-0.020473642039402815,0.15188869245448394,-21.98,0.526,-0.13479372103712126,0.9618294414943356,0.962,Yes,Moneyboxx Finance Limited
COMPINFO.BO,-0.025549534100896606,0.1890477188241403,-26.7,0.655,-0.1351485977181444,3.1628067770332016,3.163,Yes,Compuage Infocom Limited
DMART.BO,-0.01112897537223785,0.08230996932590556,-12.57,0.285,-0.13520810982413045,0.28729777187498506,0.287,Yes,Avenue Supermarts Limited
SILVERBND.NS,-0.014739951459987256,0.10894228299422848,-16.32,0.377,-0.13530055599044263,0.6210454479198648,0.621,Yes,Bandhan Silver ETF
AKASH.NS,-0.010467922943586037,0.07729986875420199,-11.86,0.268,-0.13541967292172155,0.9075928980396841,0.908,Yes,Akash Infra-Projects Limited
CSLFINANCE.BO,-0.011714515462774012,0.08644014767102288,-13.19,0.299,-0.1355216965542163,0.7991419394133855,0.799,Yes,CSL Finance Limited
KRRAIL.BO,-0.03088901581608531,0.2277023924253347,-31.38,0.789,-0.13565520979852702,3.3832348723176535,3.383,Yes,K&R Rail Engineering Limited
ORKLAINDIA.NS,-0.008021824007877864,0.05905249318790621,-9.21,0.205,-0.1358422578764331,0.32914475202449134,0.329,Yes,Orkla India Limited
SHRIKRISH.BO,-0.014608849157622616,0.10751976577389669,-16.19,0.372,-0.13587128889718347,0.8657063929326633,0.866,Yes,Shri Krishna Devcon Limited
VIPCLOTHNG.NS,-0.028253289957844506,0.20791283792496662,-29.1,0.72,-0.13589006931857087,2.463334591523248,2.463,Yes,VIP Clothing Limited
PICCASUG.BO,-0.017212119984289394,0.12650009381782415,-18.81,0.438,-0.13606408868816322,1.4158395765524465,1.416,Yes,Piccadily Sugar & Allied Industries Limited
VIPCLOTHNG.BO,-0.028190550745201805,0.20701924653957116,-29.05,0.717,-0.1361735742759225,2.377760069205918,2.378,Yes,VIP Clothing Limited
RAILTEL.BO,-0.01828119193358095,0.1342105107337693,-19.86,0.465,-0.13621281845685682,1.9037961781409563,1.904,Yes,RailTel Corporation of India Limited
MONEYBOXX.NS,-0.02184347943115016,0.1602749732312513,-23.28,0.555,-0.13628752506252795,1.1079126129973675,1.108,Yes,Moneyboxx Finance Limited
GLANCE.BO,-0.010582687130288452,0.07753613645056673,-11.99,0.269,-0.136487160887046,-0.042695384074434656,0.043,No,Glance Finance Limited
KEEPLEARN.BO,-0.022334612816513617,0.1634022877978582,-23.74,0.566,-0.13668482319013386,2.3479197914571097,2.348,Yes,DSJ Keep Learning Limited
DHILLON.BO,-0.019882582793794935,0.1454200147893564,-21.42,0.504,-0.13672521504412735,1.9749456492138084,1.975,Yes,Dhillon Freight Carrier Limited
BANARBEADS.BO,-0.01271954042885482,0.09301950328342963,-14.24,0.322,-0.13674057568441844,1.3593715686344185,1.359,Yes,Banaras Beads Limited
ISTLTD.BO,-0.019553807633841878,0.14298740581127375,-21.1,0.495,-0.13675195743917867,2.0916058795202956,2.092,Yes,IST Limited
SHERVANI.BO,-0.014325703880617695,0.10469767812499424,-15.9,0.363,-0.136829241461447,1.539925980392543,1.54,Yes,Shervani Industrial Syndicate Limited
COARO.BO,-0.025469315440000487,0.18586315389784538,-26.63,0.644,-0.13703262268969676,1.706720063614209,1.707,Yes,Coastal Roadways Limited
PRECAM.BO,-0.02540042389634026,0.18513567628402597,-26.56,0.641,-0.1371989689192708,2.6590015588234204,2.659,Yes,Precision Camshafts Limited
RAILTEL.NS,-0.018334032444856516,0.1336277918337142,-19.91,0.463,-0.13720224059132324,1.8918521843655096,1.892,Yes,RailTel Corporation of India Limited
HAVISHA.NS,-0.02433858885511093,0.177238762137749,-25.6,0.614,-0.13732091423768303,2.7034101788389218,2.703,Yes,Sri Havisha Hospitality and Infrastructure Limited
DELTAMAGNT.BO,-0.019164550352298974,0.13952040498566232,-20.72,0.483,-0.1373601972719933,2.2546921190799387,2.255,Yes,Delta Manufacturing Limited
DUROPACK.BO,-0.015947583407112255,0.11601081977947847,-17.54,0.402,-0.1374663452721612,1.4046146609517216,1.405,Yes,Duropack Limited
KAYA.NS,-0.018290281928815835,0.1328912667610663,-19.87,0.46,-0.13763343803247133,1.6853680526144115,1.685,Yes,Kaya Limited
DELTAMAGNT.NS,-0.019256239012751846,0.1398049698153047,-20.81,0.484,-0.1377364412594997,2.173437766580824,2.173,Yes,Delta Manufacturing Limited
7TEC.BO,-0.019332636772633794,0.14016568257755188,-20.88,0.486,-0.13792703333026823,1.6590212744755046,1.659,Yes,Saven Technologies Limited
BAJAJST.BO,-0.026175414686475197,0.18925254988638404,-27.26,0.656,-0.13830944260560482,3.0892429515392172,3.089,Yes,Bajaj Steel Industries Limited
ABBOTINDIA.NS,-0.007814231473923978,0.056279458792073606,-8.98,0.195,-0.13884695485068405,0.195201824641575,0.195,Yes,Abbott India Limited
OKPLA.BO,-0.04257257188811674,0.30648583301933136,-40.67,1.062,-0.13890551308266022,4.45415871418557,4.454,Yes,OK Play India Limited
OXYGENTAPH.BO,-0.01325361076988029,0.09536026259877478,-14.79,0.33,-0.13898462953740415,0.48780040909327893,0.488,Yes,Oxygenta Pharmaceutical Limited
GOBLIN.BO,-0.026039605081343075,0.1873498120756643,-27.14,0.649,-0.13898922445049772,2.685725853141004,2.686,Yes,Goblin India Limited
SHETR.BO,-0.012903101445657417,0.0926162734962412,-14.43,0.321,-0.13931786454549033,0.9572931639520399,0.957,Yes,Shetron Limited
COCHMAL.BO,-0.007067868319517525,0.050705220169481285,-8.16,0.176,-0.1393913347756563,0.35742392830738845,0.357,Yes,The Cochin Malabar Estates And Industries Limited
PROSTARM.NS,-0.0212812598885368,0.15266556539123471,-22.75,0.529,-0.13939790439317146,2.1054393463824006,2.105,Yes,Prostarm Info Systems Limited
ORKLAINDIA.BO,-0.008144912003240384,0.05837557571566961,-9.35,0.202,-0.13952602442692597,0.3296644102365216,0.33,Yes,Orkla India Limited
SBECSYS.BO,-0.01493240797979187,0.107019567840111,-16.52,0.371,-0.13952969799038184,1.6238252680236047,1.624,Yes,SBEC Systems (India) Limited
AGRITECH.NS,-0.01730055848506469,0.12391130192403361,-18.89,0.429,-0.13962050447723612,1.9548154349049645,1.955,Yes,Agri-tech (India) Limited
SALEM.BO,-0.018734370630744547,0.1341789415665474,-20.3,0.465,-0.13962228656762096,1.5764642610683066,1.576,Yes,Salem Erode Investments Limited
WSI.NS,-0.013550829205217097,0.09701329068063812,-15.1,0.336,-0.13968013155873257,1.0446160450689135,1.045,Yes,W.S. Industries (India) Limited
GROWWPSE.NS,-0.008264041128549013,0.05899534991905175,-9.48,0.204,-0.14007953406307797,0.7576404256840659,0.758,Yes,Groww Nifty PSE ETF
URJA.BO,-0.022028027795518993,0.15716902202092528,-23.45,0.544,-0.14015502235921662,1.9014786921188502,1.901,Yes,Urja Global Limited
ACEINTEG.NS,-0.02017399179585138,0.14373635057477802,-21.7,0.498,-0.14035413947257536,1.90732241608388,1.907,Yes,Ace Integrated Solutions Limited
KBSINDIA.BO,-0.017802085194453993,0.12664544259637636,-19.39,0.439,-0.14056633092743723,2.078826321406068,2.079,Yes,KBS India Limited
DHPIND.BO,-0.013770647393088342,0.09784241404360253,-15.33,0.339,-0.14074312789289506,1.3160054874029232,1.316,Yes,DHP India Limited
UPSURGE.BO,-0.01471398081481161,0.10438091634543896,-16.3,0.362,-0.14096428092389088,1.4435286874054591,1.444,Yes,Upsurge Investment & Finance Limited
UMAEXPORTS.BO,-0.029215016047483656,0.2068755344232861,-29.94,0.717,-0.14122025656116052,2.4393417251964995,2.439,Yes,Uma Exports Limited
AAKASH.NS,-0.007979945365333063,0.056489631495068436,-9.17,0.196,-0.14126389488006688,0.19956551928441496,0.2,Yes,Aakash Exploration Services Limited
MOHITIND.NS,-0.019429907624473216,0.13743592881310776,-20.98,0.476,-0.14137429558827352,1.8078891967535298,1.808,Yes,Mohit Industries Limited
VINNY.BO,-0.01271148466454668,0.08989451457347558,-14.23,0.311,-0.14140445303986715,1.3130793685419306,1.313,Yes,Vinny Overseas Limited
PROSTARM.BO,-0.021673187842683905,0.15287642833968884,-23.12,0.53,-0.14176932361689173,2.098458002287803,2.098,Yes,Prostarm Info Systems Limited
COMPEAU.BO,-0.008776341797686315,0.06186633395912863,-10.04,0.214,-0.14185973591847734,0.813529506838533,0.814,Yes,Competent Automobiles Company Limited
AUSTENG.BO,-0.018945683822119995,0.13345699052922838,-20.51,0.462,-0.1419609699498709,1.7272298541132116,1.727,Yes,Austin Engineering Company Limited
MALUPAPER.NS,-0.013053127328435986,0.09147952161841455,-14.59,0.317,-0.14268906414797464,1.4957690233310372,1.496,Yes,Malu Paper Mills Limited
SUNDROP.NS,-0.012129275002676708,0.08497240291725915,-13.62,0.294,-0.14274369779194598,1.228279748967967,1.228,Yes,Sundrop Brands Limited
URJA.NS,-0.022383107777653455,0.15666819429001771,-23.79,0.543,-0.14286950761823913,1.8862474625648031,1.886,Yes,Urja Global Limited
DAVIN.BO,-0.028418768915747895,0.19888488105700292,-29.25,0.689,-0.14289054434259746,2.000310391116387,2.0,Yes,Davin Sons Retail Limited
RAJINFRA.BO,-0.02234040822798912,0.15623353209161062,-23.75,0.541,-0.14299368342315516,-1.3189617282080026,1.319,No,Rajeswari Infrastructure Limited
ALKOSIGN.BO,-0.012700085128808386,0.08881448532880765,-14.22,0.308,-0.14299565078590865,1.4893946471549335,1.489,Yes,Alkosign Limited
MSLGLOBAL.BO,-0.015278029128856209,0.10662399147384298,-16.87,0.369,-0.1432888500765254,1.1363324523486595,1.136,Yes,MSL Global Limited
UTIQUE.BO,-0.019474370737251976,0.135878380513331,-21.02,0.471,-0.14332206980742862,2.0378165083462663,2.038,Yes,Utique Enterprises Limited
ADVIKCA.BO,-0.013049249371897297,0.0910165443195288,-14.58,0.315,-0.14337227884730191,-0.02592956087268465,0.026,No,Advik Capital Limited
ROJL.BO,-0.0224798465732349,0.1565995029072941,-23.88,0.542,-0.1435499229301055,0.7702846013437099,0.77,Yes,RO Jewels Limited
BENGALASM.BO,-0.013136615238559688,0.09150090342762288,-14.67,0.317,-0.14356814792490807,0.9844371335291189,0.984,Yes,Bengal & Assam Company Limited
VEEDOL.BO,-0.010590142397188128,0.07375173873144383,-11.99,0.255,-0.14359176582603134,1.004221338644195,1.004,Yes,Veedol Corporation Limited
MORGAN.BO,-0.029320375702164538,0.20384490405258304,-30.03,0.706,-0.14383668720313542,3.3747991258583907,3.375,Yes,Morgan Ventures Limited
IRIS.BO,-0.014769866374158287,0.10266347516108329,-16.35,0.356,-0.14386680707022384,1.2215533273525874,1.222,Yes,IRIS RegTech Solutions Limited
DECIPHER.BO,-0.03446049968645539,0.23929217048026744,-34.35,0.829,-0.1440101429866761,3.502293847427847,3.502,Yes,Decipher Labs Limited
HEMANG.BO,-0.04261883813548519,0.2958722192168014,-40.7,1.025,-0.1440447442084993,4.060662494418879,4.061,Yes,Hemang Resources Limited
UNITECH.NS,-0.03430509742315513,0.2381343561092873,-34.22,0.825,-0.14405774111573993,3.372065843848396,3.372,Yes,Unitech Limited
SHREDIGCEM.BO,-0.012030310017985041,0.08350625026049528,-13.52,0.289,-0.1440647853359101,1.075169974183496,1.075,Yes,Shree Digvijay Cement Company Limited
KRIDHANINF.BO,-0.031256305158364264,0.2164326154184322,-31.69,0.75,-0.14441587326353753,2.9774994147588365,2.977,Yes,Kridhan Infra Limited
NILAINFRA.BO,-0.02374151828370239,0.16436692838047554,-25.05,0.569,-0.1444421850406894,2.7120036665441063,2.712,Yes,Nila Infrastructures Limited
DEEP.BO,-0.019853263926749302,0.1373903409497909,-21.39,0.476,-0.1445026177932308,1.63879714215934,1.639,Yes,Deep Polymers Limited
PRISMX.BO,-0.018897041938371724,0.13061176221800375,-20.46,0.452,-0.14468101201200181,1.8547263013918842,1.855,Yes,Prismx Global Ventures Limited
MALPANI.BO,-0.014772822991350909,0.10208401751593915,-16.36,0.354,-0.14471239818754503,1.157468423795791,1.157,Yes,Malpani Pipes and Fittings Limited
MARUTI.NS,-0.011325140916498623,0.07825175570094085,-12.77,0.271,-0.1447269881046574,1.3402442390931186,1.34,Yes,Maruti Suzuki India Limited
SOURCENTRL.BO,-0.01345468961404624,0.09293187398676965,-15.0,0.322,-0.144780138792442,1.4551356847732295,1.455,Yes,Source Natural Foods and Herbal Supplements Limited
NAKSH.BO,-0.02776917011649157,0.19167074866650713,-28.68,0.664,-0.1448795411385796,0.7571791754166692,0.757,Yes,Naksh Precious Metals Limited
NIFTYBETA.NS,-0.007809991070240872,0.05383581991973795,-8.98,0.186,-0.14507053262836025,0.9977414879663601,0.998,Yes,UTIAMC-NIFTYBETA
ACCURACY.NS,-0.027173509382939522,0.18698502259832725,-28.15,0.648,-0.1453245238861319,2.597041746341958,2.597,Yes,Accuracy Shipping Limited
YORKEXP.BO,-0.01967337126916688,0.13536594221698922,-21.21,0.469,-0.14533471970099252,-0.07208666025224209,0.072,No,York Exports Limited
INFRONICS.BO,-0.02343516216454702,0.1611753074750553,-24.77,0.558,-0.14540169044302287,2.797967549004219,2.798,Yes,Infronics Systems Limited
JAICORPLTD.NS,-0.0216159041012952,0.14849308320923107,-23.07,0.514,-0.1455684240244225,2.199747365766231,2.2,Yes,Jai Corp Limited
ARIHANTSUP.NS,-0.026403081681063204,0.18116259139749563,-27.46,0.628,-0.14574245972851654,2.884680242204013,2.885,Yes,Arihant Superstructures Limited
EUPHORIAIT.BO,-0.0321294076475579,0.22044498212264535,-32.42,0.764,-0.14574796549318864,2.4779133269745386,2.478,Yes,Euphoria Infotech (India) Limited
MRCAGRO.BO,-0.020034252167610712,0.1374037979293685,-21.56,0.476,-0.1458056652692321,2.3519799267394017,2.352,Yes,MRC Agrotech Limited
RSSOFTWARE.NS,-0.04397785078268305,0.3009216001413045,-41.71,1.042,-0.14614388186834135,4.142611293509304,4.143,Yes,R S Software (India) Limited
CHANDRAP.BO,-0.019300283042113682,0.13204960841983798,-20.85,0.457,-0.14615933566989794,-1.018321966616953,1.018,No,Chandra Prabhu International Ltd.
TAIIND.BO,-0.02010724722915226,0.1374273434858286,-21.63,0.476,-0.1463118380893807,0.4185922954272229,0.419,Yes,Tai Industries Limited
THREEMPAPE.BO,-0.0244881689967668,0.16713537891431604,-25.73,0.579,-0.14651696819571008,2.929482824783856,2.929,Yes,Three M Paper Boards Limited
MAHAPEXLTD.BO,-0.028452844796299812,0.1941493256616048,-29.28,0.673,-0.14655134494719843,2.185502512393806,2.186,Yes,Maha Rashtra Apex Corporation Limited
INDLEASE.BO,-0.023957043911923163,0.16323282089066618,-25.25,0.565,-0.1467660963108005,-0.32778665659908146,0.328,No,India Lease Development Limited
RRIL.BO,-0.015552528804961448,0.1058691709329174,-17.15,0.367,-0.14690328324962612,0.9616347981824781,0.962,Yes,RRIL Limited
DPWIRES.NS,-0.024799588324404286,0.16868429427833245,-26.02,0.584,-0.14701776730609234,2.031083235040103,2.031,Yes,D.P. Wires Limited
UNISON.BO,-0.041996110006464735,0.2855775235341558,-40.24,0.989,-0.14705677634130018,3.6177510346038178,3.618,Yes,Unison Metals Limited
DEVX.NS,-0.025046636173692172,0.1703103542482918,-26.24,0.59,-0.14706467075499838,2.2758473716385694,2.276,Yes,Dev Accelerator Limited
SCODATUBES.BO,-0.02037015738779344,0.138092545534691,-21.88,0.478,-0.1475109124024087,1.7431869516374778,1.743,Yes,Scoda Tubes Limited
SUNCLAY.BO,-0.017164400828584434,0.11631730056762044,-18.76,0.403,-0.14756532987632395,0.9896989911592945,0.99,Yes,Sundaram-Clayton Limited
CCHHL.BO,-0.02075880078683516,0.14063134438179928,-22.25,0.487,-0.14761147934757138,2.1804944231458014,2.18,Yes,Country Club Hospitality & Holidays Limited
MEDPLUS.BO,-0.008994827789993571,0.06087577206535609,-10.28,0.211,-0.14775710409613768,-0.009004361745531902,0.009,No,MedPlus Health Services Limited
MADHAVIPL.BO,-0.0198355287158192,0.13421936249654395,-21.37,0.465,-0.1477844056689656,2.0706055123146574,2.071,Yes,Madhav Infra Projects Limited
BEDMUTHA.NS,-0.016517856008872678,0.11156323214826297,-18.12,0.386,-0.14805824186700797,1.102430673539587,1.102,Yes,Bedmutha Industries Limited
PMCFIN.BO,-0.011502266215110989,0.07764929846649594,-12.96,0.269,-0.1481309740367323,0.6373548668087005,0.637,Yes,PMC Fincorp Limited
MARUTI.BO,-0.011705105672434562,0.0790112274720083,-13.18,0.274,-0.14814484025806823,1.3518233222180325,1.352,Yes,Maruti Suzuki India Limited
PRAKASHSTL.BO,-0.02055329171333003,0.13867044477984036,-22.06,0.48,-0.14821681538529272,0.910469910763719,0.91,Yes,Prakash Steelage Limited
JAICORPLTD.BO,-0.02190842507249817,0.1477506914413712,-23.34,0.512,-0.1482796788209389,2.183992919249248,2.184,Yes,Jai Corp Limited
KENRIK.BO,-0.020960851429942664,0.1413303397795469,-22.45,0.49,-0.14831105240840922,1.1995584892654652,1.2,Yes,Kenrik Industries Limited
ARKADE.NS,-0.020104171156899858,0.13547227309271778,-21.63,0.469,-0.14840063356093894,2.0585115704482373,2.059,Yes,Arkade Developers Limited
INTENTECH.NS,-0.025490231479303505,0.17169684346539482,-26.64,0.595,-0.1484606878311133,2.5828647882180205,2.583,Yes,Intense Technologies Limited
GEMSI.BO,-0.02390552905835104,0.16096518149322783,-25.2,0.558,-0.14851366510810787,1.9267299742969517,1.927,Yes,Gemstone Investments Limited
GANGESSECU.NS,-0.015558358007835504,0.10469153960160865,-17.15,0.363,-0.14861141661533497,1.5930549617235519,1.593,Yes,Ganges Securities Limited
MEDPLUS.NS,-0.009038070544113652,0.06077379458937976,-10.32,0.211,-0.1487165743916385,-0.012789627976388857,0.013,No,MedPlus Health Services Limited
FCSSOFT.NS,-0.025670729396019866,0.17256178756017268,-26.81,0.598,-0.14876253751757426,2.6647332472802647,2.665,Yes,FCS Software Solutions Limited
ADHBHUTIN.BO,-0.013528940621498915,0.09090582156811,-15.08,0.315,-0.1488236989460849,0.8046280510803634,0.805,Yes,Adhbhut Infrastructure Limited
JINDHOT.BO,-0.015240384269442303,0.10238745515161288,-16.83,0.355,-0.1488501130033431,1.7101371529394844,1.71,Yes,Jindal Hotels Limited
ARKADE.BO,-0.020141330183442406,0.13518603327092943,-21.66,0.468,-0.14898972694225524,2.0585812337073994,2.059,Yes,Arkade Developers Limited
TEJNAKSH.BO,-0.018658472740219298,0.12519106364085916,-20.23,0.434,-0.14903997296281177,1.5550815989693594,1.555,Yes,Tejnaksh Healthcare Limited
NILAINFRA.NS,-0.024121594750198375,0.1618050127933493,-25.4,0.561,-0.14907816719501443,2.6718437119817082,2.672,Yes,Nila Infrastructures Limited
NOVAAGRI.NS,-0.03408187826505204,0.22837913724685766,-34.04,0.791,-0.1492337639764903,3.373618557349142,3.374,Yes,Nova Agritech Limited
SUNDROP.BO,-0.012256547512310624,0.0821185784342421,-13.76,0.284,-0.14925425824468297,1.16943347587115,1.169,Yes,Sundrop Brands Limited
VINNY.NS,-0.013505667897020098,0.09037809073950391,-15.06,0.313,-0.14943519813831188,1.2734113368914168,1.273,Yes,Vinny Overseas Limited
UNISEM.BO,-0.016169594041331295,0.10815140560442903,-17.77,0.375,-0.14950886630611776,0.9407657191383709,0.941,Yes,Unisem Agritech Limited
MEERA.BO,-0.03630237847245061,0.2425208527759211,-35.84,0.84,-0.14968765801756626,2.5319413106813995,2.532,Yes,Meera Industries Limited
VEEDOL.NS,-0.01088959681284481,0.07271419794120218,-12.31,0.252,-0.14975887957466444,0.9849064417616528,0.985,Yes,Veedol Corporation Limited
PEARLPOLY.BO,-0.03467359982077351,0.23127963293673764,-34.52,0.801,-0.1499206799167562,3.4393173024184707,3.439,Yes,Pearl Polymers Limited
CINEVISTA.NS,-0.015720515666990932,0.10485286139399957,-17.32,0.363,-0.14992929575778435,1.2973263762195717,1.297,Yes,Cinevista Limited
DEVX.BO,-0.02523517303146898,0.16812836695116615,-26.41,0.582,-0.15009467759119247,2.2474072518011914,2.247,Yes,Dev Accelerator Limited
PREVEST.BO,-0.02181550825642494,0.14529782563240504,-23.26,0.503,-0.15014339107604333,2.072441117118344,2.072,Yes,Prevest Denpro Limited
MALLCOM.NS,-0.016866033114656453,0.11228399637086707,-18.46,0.389,-0.1502086999018898,1.8139432085839335,1.814,Yes,Mallcom (India) Limited
SCODATUBES.NS,-0.020348360673996604,0.13518352626178542,-21.86,0.468,-0.15052396720730324,1.6802852617093118,1.68,Yes,Scoda Tubes Limited
GARMNTMNTR.BO,-0.01910107296914398,0.12652979087616242,-20.66,0.438,-0.15096107277881013,0.7663835601972738,0.766,Yes,Garment Mantra Lifestyle Limited
EASTWEST.BO,-0.035165575431334514,0.23268145667943468,-34.92,0.806,-0.15113183462566224,3.1805587724588475,3.181,Yes,East West Freight Carriers Limited
SPTRSHI.BO,-0.02085722729957411,0.13786828818153227,-22.35,0.478,-0.15128371850175754,0.2197037611040919,0.22,Yes,Saptarishi Agro Industries Ltd
SANOFICONR.NS,-0.008913385637750276,0.058890458941023176,-10.19,0.204,-0.15135534342968412,0.7177172237246198,0.718,Yes,Sanofi Consumer Healthcare India Limited
EIHAHOTELS.BO,-0.01402543046785714,0.09262338027793882,-15.59,0.321,-0.1514242994130688,1.6430818526063926,1.643,Yes,EIH Associated Hotels Limited
HOWARHO.BO,-0.01719150573223682,0.11335319232845767,-18.79,0.393,-0.1516631810635018,-0.47686229914923467,0.477,No,Howard Hotels Limited
TARINI.BO,-0.030066294695105546,0.1979596412905626,-30.67,0.686,-0.15188093138123357,2.477533139270226,2.478,Yes,Tarini International Limited
MALLCOM.BO,-0.016906162346235595,0.11126416436695072,-18.5,0.385,-0.1519461584277831,1.8270169078173417,1.827,Yes,Mallcom (India) Limited
TTML.BO,-0.02253408900033547,0.14820990800777545,-23.93,0.513,-0.1520417177450328,2.3324658187163023,2.332,Yes,Tata Teleservices (Maharashtra) Limited
KRIDHANINF.NS,-0.033949621683288085,0.22304670036936905,-33.93,0.773,-0.15220858065627937,2.9924930279388637,2.992,Yes,Kridhan Infra Limited
IRIS.NS,-0.014634072238807293,0.09572849724108573,-16.21,0.332,-0.15287059402961664,1.1294721849699887,1.129,Yes,IRIS RegTech Solutions Limited
PRAKASHSTL.NS,-0.02091611674106599,0.13671790015639032,-22.4,0.474,-0.15298740484706275,0.8809586186585439,0.881,Yes,Prakash Steelage Limited
CCHHL.NS,-0.020917347557746744,0.13669245887020787,-22.41,0.474,-0.1530248832352059,2.1050007603149803,2.105,Yes,Country Club Hospitality & Holidays Limited
LAFFANSQ.BO,-0.022552469727777434,0.1472762735969843,-23.95,0.51,-0.15313036633104513,0.6303510158363121,0.63,Yes,Laffans Petrochemicals Limited
EDVENSWA.BO,-0.04044569997880843,0.2639864754333886,-39.07,0.914,-0.15321125793436358,2.5022648932456115,2.502,Yes,Edvenswa Enterprises Limited
POEL.BO,-0.026734393525477684,0.1744496977198818,-27.76,0.604,-0.1532498701626056,2.236472394322221,2.236,Yes,POCL Enterprises Limited
DPWIRES.BO,-0.025427654403123365,0.16581813608168416,-26.59,0.574,-0.1533466423153941,2.018153337527807,2.018,Yes,D.P. Wires Limited
RADIANTCMS.BO,-0.018871428468740802,0.1229255039299607,-20.44,0.426,-0.153519228031745,1.511464388684737,1.511,Yes,Radiant Cash Management Services Limited
AMJLAND.NS,-0.019952224056669042,0.12996430381945723,-21.48,0.45,-0.15352080125313572,2.2700436231847037,2.27,Yes,AMJ Land Holdings Limited
GANGESSECU.BO,-0.017384263613865986,0.11321841621261976,-18.98,0.392,-0.15354625329874796,1.5435294759701728,1.544,Yes,Ganges Securities Limited
SALASAR.NS,-0.02469077010308677,0.16033217005884107,-25.92,0.555,-0.15399760443599925,2.602766590376906,2.603,Yes,Salasar Techno Engineering Limited
KEEPLEARN.NS,-0.022861025671367233,0.1483021897318584,-24.23,0.514,-0.15415163938375892,1.9992544290378942,1.999,Yes,DSJ Keep Learning Limited
CINEVISTA.BO,-0.016637876840096807,0.1076911757077358,-18.24,0.373,-0.15449619461162273,1.2647324445194914,1.265,Yes,Cinevista Limited
ABCINDQ.BO,-0.017701524814756425,0.11455987449898455,-19.29,0.397,-0.15451766940363862,1.447637917985657,1.448,Yes,ABC India Limited
SAMKRG.BO,-0.012222327662630893,0.07902237718342925,-13.72,0.274,-0.15466919748895985,1.1103802240670266,1.11,Yes,Samkrg Pistons and Rings Limited
NDMETAL.BO,-0.010523082639298452,0.06793682557623461,-11.92,0.235,-0.15489511836978728,1.0059839621198488,1.006,Yes,N.D. Metal Industries Limited
TTML.NS,-0.02281171200093266,0.14670100698004895,-24.19,0.508,-0.15549799193972139,2.3094188638437823,2.309,Yes,Tata Teleservices (Maharashtra) Limited
TREL.BO,-0.011187471709845458,0.07187603570389466,-12.63,0.249,-0.15564953743322904,0.012588483139463466,0.013,Yes,Transindia Real Estate Limited
VISAGAR.BO,-0.02790116294314643,0.17923074776398393,-28.79,0.621,-0.1556717432205743,2.508067854149466,2.508,Yes,Visagar Financial Services Limited
SIEL.BO,-0.020218927338745377,0.1298626718728044,-21.74,0.45,-0.1556946815213309,0.7678019640141784,0.768,Yes,Superior Industrial Enterprises Limited
UMAEXPORTS.NS,-0.03176081643135979,0.20390840553388476,-32.11,0.706,-0.1557602117882379,2.4052787410629164,2.405,Yes,Uma Exports Limited
KAYA.BO,-0.020576761468786457,0.1320827073364187,-22.08,0.458,-0.15578694504176702,1.6168385505019132,1.617,Yes,Kaya Limited
IECEDU.BO,-0.02704543401031564,0.1735616289135567,-28.04,0.601,-0.15582611306203956,-0.03418336311938128,0.034,No,IEC Education Limited
ESSENTIA.NS,-0.030717539478107302,0.19681311849557268,-31.23,0.682,-0.1560746545398512,1.2303369486999278,1.23,Yes,Integra Essentia Limited
CAPACITE.NS,-0.019843037755866145,0.12708074357823362,-21.38,0.44,-0.15614511842740633,1.6760103278909666,1.676,Yes,Capacit'e Infraprojects Limited
AHLADA.NS,-0.02741761787834288,0.17546473274183497,-28.37,0.608,-0.15625714324418122,2.473791870032244,2.474,Yes,Ahlada Engineers Limited
PREMCO.BO,-0.005804940872395614,0.037108186304891023,-6.75,0.129,-0.15643289124131882,0.2704599611213056,0.27,Yes,Premco Global Limited
AROGRANITE.NS,-0.025857021593454998,0.16498293421644436,-26.97,0.572,-0.1567254317318218,2.6069351259212463,2.607,Yes,Aro Granite Industries Limited
INFY.NS,-0.014326176809872117,0.09110179329289804,-15.9,0.316,-0.15725460819209727,0.22960742888651497,0.23,Yes,Infosys Limited
CAPACITE.BO,-0.019901155315364613,0.1264855725217715,-21.43,0.438,-0.15733933063345307,1.6605280352507916,1.661,Yes,Capacit'e Infraprojects Limited
RADIANTCMS.NS,-0.0193708234681662,0.12303916452161416,-20.92,0.426,-0.15743624026936032,1.483215524023484,1.483,Yes,Radiant Cash Management Services Limited
MILESTONE.BO,-0.020943421759575944,0.13301621712354705,-22.43,0.461,-0.1574501381295744,0.14830936590962884,0.148,Yes,Milestone Global Limited
TATACHEM.NS,-0.02263709630949211,0.14340161434100865,-24.03,0.497,-0.15785802979638122,1.9276173194316994,1.928,Yes,Tata Chemicals Limited
ECOHOTELS.BO,-0.03524348257237026,0.22304038898482204,-34.99,0.773,-0.1580139038170732,2.5506976947675772,2.551,Yes,Eco Hotels and Resorts Limited
SALASAR.BO,-0.025009765508944126,0.15820490190504768,-26.21,0.548,-0.1580846434452115,2.5779781247185234,2.578,Yes,Salasar Techno Engineering Limited
IEX.NS,-0.009044942449695137,0.05719059297624481,-10.33,0.198,-0.15815437432957066,0.793324661839436,0.793,Yes,Indian Energy Exchange Limited
KARANWO.BO,-0.023013193704561594,0.14547740834387704,-24.38,0.504,-0.1581908419083422,-0.9022496111352744,0.902,No,Manor Estates and Industries Limited
BEEYU.BO,-0.017377402672856108,0.10983857884908707,-18.97,0.38,-0.1582085534512589,0.42602433801845635,0.426,Yes,Beeyu Overseas Limited
HPL.BO,-0.025536915711516343,0.1613925767516827,-26.69,0.559,-0.15822856432119076,2.452308642699345,2.452,Yes,HPL Electric & Power Limited
HCL-INSYS.NS,-0.021181147995022322,0.13384341075150913,-22.66,0.464,-0.15825319958669312,2.065616242071215,2.066,Yes,HCL Infosystems Limited
HPL.NS,-0.025565118278837243,0.16152259653414253,-26.71,0.56,-0.15827580058393445,2.4623937568217946,2.462,Yes,HPL Electric & Power Limited
MOHITIND.BO,-0.02314405372111503,0.14622217049909597,-24.5,0.507,-0.15828005864034222,2.0468721470022677,2.047,Yes,Mohit Industries Limited
SANOFICONR.BO,-0.009073924200893195,0.057277059070283465,-10.36,0.198,-0.1584216150092269,0.7064630215434291,0.706,Yes,Sanofi Consumer Healthcare India Limited
VIKRAN.BO,-0.02852900226602176,0.1797313305572501,-29.34,0.623,-0.1587313807646596,2.920653647268108,2.921,Yes,Vikran Engineering Limited
OPTIFIN.BO,-0.02110831973382046,0.13296115809264325,-22.59,0.461,-0.15875553459840377,0.130995900708753,0.131,Yes,Optimus Finance Limited
TRENT.NS,-0.02738689879533093,0.1724790133548103,-28.34,0.597,-0.15878394862447842,2.0568418324487103,2.057,Yes,Trent Limited
VIKRAN.NS,-0.028481742160290705,0.17935208433238575,-29.3,0.621,-0.15880351915791888,2.9092191654775186,2.909,Yes,Vikran Engineering Limited
PACE.BO,-0.02610552914702934,0.164326887137762,-27.2,0.569,-0.1588634069672603,2.0442007265405446,2.044,Yes,Pace E-Commerce Ventures Limited
EPIC.BO,-0.01818368773657491,0.11436808377199441,-19.77,0.396,-0.15899267642558504,1.2023211611116813,1.202,Yes,Epic Energy Limited
IL&FSTRANS.BO,-0.020469755784546097,0.12862768659246068,-21.98,0.446,-0.15913957816408322,1.9309106303638068,1.931,Yes,IL&FS Transportation Networks Limited
ATAM.BO,-0.028409328649425077,0.1784455752986561,-29.24,0.618,-0.1592044442787539,2.582367406747915,2.582,Yes,Atam Valves Limited
INNOVATORS.BO,-0.03459249914248183,0.21705066200541984,-34.46,0.752,-0.15937522983283064,3.1933972831701243,3.193,Yes,Innovators Façade Systems Limited
ADITYASP.BO,-0.019510740982616934,0.12240110508879203,-21.06,0.424,-0.1594000394723845,2.227828895870224,2.228,Yes,Aditya Spinners Limited
BASF.NS,-0.010822374313607783,0.06783001412426976,-12.24,0.235,-0.15955140881705213,0.9398822353047499,0.94,Yes,BASF India Limited
ATAM.NS,-0.028121506174439218,0.17623594831178283,-28.99,0.61,-0.15956736661177012,2.5447800686022632,2.545,Yes,Atam Valves Limited
LINKPH.BO,-0.020408045145601694,0.12784387051011986,-21.92,0.443,-0.15963256638092974,1.6274685409059417,1.627,Yes,Link Pharma Chem Limited
SKYBIOTECH.BO,-0.03260791198647875,0.2040159952698556,-32.82,0.707,-0.15983017382214412,-1.0519656030460194,1.052,No,Skybiotech Healthcare Limited
NIPPOBATRY.NS,-0.020883731612289753,0.13065081599897682,-22.37,0.453,-0.15984386666558056,1.7911589805150483,1.791,Yes,Indo National Limited
AFFLE.BO,-0.014068788583963744,0.08798735451268032,-15.64,0.305,-0.1598955743343348,-0.1867837514735551,0.187,No,Affle 3i Limited
TIGERLOGS.BO,-0.03090614175499229,0.19322674518322622,-31.39,0.669,-0.1599475358635561,2.31420397042392,2.314,Yes,Tiger Logistics (India) Limited
CONTROLPR.BO,-0.017136063521342757,0.10705321628648264,-18.73,0.371,-0.1600705155414045,1.6173286009026446,1.617,Yes,Control Print Limited
NHPC.BO,-0.009323078866396045,0.05818329731555899,-10.63,0.202,-0.16023634438990328,0.4629971257657272,0.463,Yes,NHPC Limited
DIVSHKT.BO,-0.013651078068120213,0.08515685551672866,-15.21,0.295,-0.1603050979898914,1.2604185172093012,1.26,Yes,Divyashakti Limited
MTNL.NS,-0.02829495540355357,0.17650382743493517,-29.14,0.611,-0.16030788575383145,2.5904658019459883,2.59,Yes,Mahanagar Telephone Nigam Limited
JONJUA.BO,-0.034148917605823066,0.21297373788028406,-34.09,0.738,-0.16034332657963077,2.4039689610444808,2.404,Yes,Jonjua Overseas Limited
ZODIAC.NS,-0.02974545563616763,0.185457103494729,-30.4,0.642,-0.16038995042868792,2.135668797362399,2.136,Yes,Zodiac Energy Limited
TARAI.BO,-0.026467313717205676,0.16488271013561762,-27.52,0.571,-0.1605220686598131,1.1955192786489957,1.196,Yes,Tarai Foods Limited
SURYAAMBA.BO,-0.012553696215607995,0.07819866153825165,-14.07,0.271,-0.16053594740195432,0.880138654304151,0.88,Yes,Suryaamba Spinning Mills Limited
TARACHAND.NS,-0.022715791834745317,0.14111579464144583,-24.1,0.489,-0.16097270962802396,1.9913466773733168,1.991,Yes,Tara Chand Infralogistic Solutions Limited
BAGFILMS.BO,-0.027904116557136073,0.17327255104341718,-28.8,0.6,-0.16104175986965236,2.8085138237779326,2.809,Yes,B.A.G. Films and Media Limited
YARNSYN.BO,-0.014792401676967102,0.0916888146585549,-16.38,0.318,-0.16133267435131923,0.36372086907024587,0.364,Yes,Yarn Syndicate Limited
GTTDATA.BO,-0.029019513389658223,0.17986726871777844,-29.77,0.623,-0.16133848919000054,2.7805508270342316,2.781,Yes,GTT Data Solutions Limited
EIHAHOTELS.NS,-0.014560691846428976,0.09023671117156745,-16.14,0.313,-0.1613610653289953,1.605040156242405,1.605,Yes,EIH Associated Hotels Limited
GLOBALVECT.NS,-0.024269326394129806,0.15037554826716526,-25.53,0.521,-0.16139144078804368,2.4185650615544736,2.419,Yes,Global Vectra Helicorp Limited
STARTECK.NS,-0.014591775701280002,0.09034063363920736,-16.17,0.313,-0.1615195191075929,1.2478838956918046,1.248,Yes,Starteck Finance Limited
CONTROLPR.NS,-0.017066750155758505,0.1055927565061751,-18.66,0.366,-0.16162803889640323,1.5943214498493785,1.594,Yes,Control Print Limited
ESSENTIA.BO,-0.03041852779802865,0.1881326031573986,-30.97,0.652,-0.16168663638050765,1.239004621668353,1.239,Yes,Integra Essentia Limited
ADHHATA.BO,-0.034228867572215264,0.2113702083808705,-34.16,0.732,-0.1619379941686856,-0.010881870822724349,0.011,No,Adhata Global Limited
BAGFILMS.NS,-0.02782294293712604,0.17175551135208647,-28.72,0.595,-0.16199155833835807,2.7654078830262994,2.765,Yes,B.A.G. Films and Media Limited
TIGERLOGS.NS,-0.030770070537559268,0.18961507037358316,-31.27,0.657,-0.16227650300651472,2.23032460375729,2.23,Yes,Tiger Logistics (India) Limited
MONTECARLO.BO,-0.017572368382235436,0.10827983436212031,-19.16,0.375,-0.16228662045666004,1.6295561097681603,1.63,Yes,Monte Carlo Fashions Limited
NOVAAGRI.BO,-0.03652347259348874,0.2249670378578007,-36.01,0.779,-0.16235032892496384,3.34529324978196,3.345,Yes,Nova Agritech Limited
VANDAN.BO,-0.03746570386191476,0.2306764877292712,-36.76,0.799,-0.16241665646429307,2.4650967001654114,2.465,Yes,Vandan Foods Limited
MONTECARLO.NS,-0.01766897483200509,0.1084784235354032,-19.26,0.376,-0.16288008486995217,1.6357074088214072,1.636,Yes,Monte Carlo Fashions Limited
RAMASTEEL.BO,-0.04207066467506337,0.25704882539295665,-40.3,0.89,-0.16366799035455207,4.201613244553987,4.202,Yes,Rama Steel Tubes Limited
LICMFGOLD.NS,-0.052442851741795214,0.3202119316425338,-47.61,1.109,-0.16377544544573497,4.450196666567465,4.45,Yes,LIC MF Gold ETF
RAMASTEEL.NS,-0.04193497799440038,0.2559905579881408,-40.19,0.887,-0.16381454973953802,4.163106400837568,4.163,Yes,Rama Steel Tubes Limited
GSFC.NS,-0.015530690980449876,0.09476785108940196,-17.12,0.328,-0.16388143027321106,1.4544058518190586,1.454,Yes,Gujarat State Fertilizers & Chemicals Limited
INTENTECH.BO,-0.0279184302886331,0.17033106713590995,-28.81,0.59,-0.1639068594947305,2.589166223510682,2.589,Yes,Intense Technologies Limited
VLEGOV.NS,-0.04869443800350399,0.2969357021884483,-45.07,1.029,-0.16398983902784578,4.16096958669627,4.161,Yes,VL E-Governance & IT Solutions Limited
ERPSOFT.BO,-0.027502976043374858,0.16765423852402486,-28.44,0.581,-0.1640458140844061,2.077892242608649,2.078,Yes,ERP Soft Systems Limited
MASTERTR.BO,-0.03252884695050368,0.19789596925539504,-32.76,0.686,-0.164373468913475,3.139653578173792,3.14,Yes,Master Trust Limited
JUBLFOOD.NS,-0.015394277084128749,0.09357780726027266,-16.99,0.324,-0.16450777737623057,1.2449178445572475,1.245,Yes,Jubilant FoodWorks Limited
MASTERTR.NS,-0.032616209344636375,0.1981343999692517,-32.83,0.686,-0.16461659030283513,3.0953687083705534,3.095,Yes,Master Trust Limited
PEARLPOLY.NS,-0.03625886395808202,0.22005935043870709,-35.8,0.762,-0.16476856759686367,3.2481258771449606,3.248,Yes,Pearl Polymers Limited
CILSEC.BO,-0.018251495795963232,0.11075548422502612,-19.83,0.384,-0.1647908988315285,1.6028930742796403,1.603,Yes,CIL Securities Limited
SAWACA.BO,-0.02593072576344074,0.15734185508405496,-27.04,0.545,-0.1648050084930552,1.6059532404547512,1.606,Yes,Sawaca Enterprises Limited
LATENTVIEW.NS,-0.025629571289626004,0.15534004915919067,-26.77,0.538,-0.164990106726187,2.200528419965095,2.201,Yes,Latent View Analytics Limited
SHIVACEM.BO,-0.03423581183081403,0.20725646341089227,-34.17,0.718,-0.16518573784085316,3.0693112890152823,3.069,Yes,Shiva Cement Limited
SHANTI.NS,-0.02678724824760962,0.16198658801529445,-27.81,0.561,-0.16536707498944556,2.660454766625552,2.66,Yes,Shanti Overseas (India) Limited
AFFLE.NS,-0.01433717147181176,0.08638716989131835,-15.91,0.299,-0.16596412974112956,-0.18941158714563489,0.189,No,Affle 3i Limited
KRYPTONQ.BO,-0.028739562382164727,0.17303283060883443,-29.53,0.599,-0.16609311817324793,2.6173279239992517,2.617,Yes,Krypton Industries Limited
AICHAMP.BO,-0.04901119412935397,0.2950316802524388,-45.29,1.022,-0.16612180118222689,3.82679626893954,3.827,Yes,AI Champdany Industries Limited
HERITGFOOD.NS,-0.01919068593080646,0.11549544222121398,-20.75,0.4,-0.1661596818171371,1.4676864378141496,1.468,Yes,Heritage Foods Limited
TUNITEX.BO,-0.021101322220779883,0.12697574406026604,-22.58,0.44,-0.16618388320500518,1.1983635194684572,1.198,Yes,Tuni Textile Mills Limited
EIHOTEL.NS,-0.01677688566814853,0.10091211790525134,-18.37,0.35,-0.16625243842271478,1.688727751279353,1.689,Yes,EIH Limited
CITADEL.BO,-0.028539515972125947,0.17164418130780637,-29.35,0.595,-0.16627138627523036,1.9159507609905213,1.916,Yes,Citadel Realty and Developers Limited
CSLFINANCE.NS,-0.013425681029739046,0.08049640764391576,-14.97,0.279,-0.1667860892516961,0.7588584114537604,0.759,Yes,CSL Finance Limited
EXCELSOFT.NS,-0.037258776451567145,0.22323226997857543,-36.6,0.773,-0.1669058709797783,2.757266037823846,2.757,Yes,Excelsoft Technologies Limited
TYCHE.BO,-0.018966103784246145,0.11350800985581934,-20.53,0.393,-0.1670904441751499,1.0342542249996445,1.034,Yes,Tyche Industries Limited
NISMGMT.BO,-0.028965993430680695,0.17325482000884795,-29.72,0.6,-0.167187229937969,2.7623644431677477,2.762,Yes,NIS Management Limited
MAHAPEXLTD.NS,-0.031057375629569724,0.1855939273256269,-31.52,0.643,-0.1673404732423123,2.2082764028618693,2.208,Yes,Maha Rashtra Apex Corporation Limited
STRGRENWO.BO,-0.025516419367703738,0.15244743109952905,-26.67,0.528,-0.16737848046153508,1.6181775624623984,1.618,Yes,Sterling Greenwoods Limited
LATENTVIEW.BO,-0.025885257150313767,0.1546214037360839,-27.0,0.536,-0.1674105688142381,2.192875320342786,2.193,Yes,Latent View Analytics Limited
SVARTCORP.BO,-0.013452232093181905,0.08018659493710083,-15.0,0.278,-0.16776160783150815,0.5339741693103858,0.534,Yes,Swasti Vinayaka Art and Heritage Corporation Limited
TNTELE.BO,-0.01492944412511549,0.08876122365077195,-16.52,0.307,-0.16819781782025545,0.7830199836386607,0.783,Yes,Tamilnadu Telecommunications Limited
VLEGOV.BO,-0.04881927005826774,0.29010490036044423,-45.15,1.005,-0.16828143887818395,4.150119699458291,4.15,Yes,VL E-Governance & IT Solutions Limited
PSB.BO,-0.017290220304212803,0.10273043183384092,-18.88,0.356,-0.1683067032384181,1.8147567359795937,1.815,Yes,Punjab & Sind Bank
PNCINFRA.BO,-0.02765157522394407,0.16417146469274743,-28.57,0.569,-0.16843106855198586,2.445559317526439,2.446,Yes,PNC Infratech Limited
AROGRANITE.BO,-0.027090468859342322,0.16068484049063486,-28.08,0.557,-0.1685938062148509,2.4982521972084473,2.498,Yes,Aro Granite Industries Limited
FORTISMLR.BO,-0.023264568722819567,0.13763619555669757,-24.61,0.477,-0.16902943755980243,2.2396990206845104,2.24,Yes,Fortis Malar Hospitals Limited
DUTRON.BO,-0.013584608116921228,0.0803666365607487,-15.14,0.278,-0.1690329308064634,1.0265205514179736,1.027,Yes,Dutron Polymers Limited
PSB.NS,-0.017300522439134196,0.10213521913351217,-18.89,0.354,-0.16938841063745877,1.7944852892596879,1.794,Yes,Punjab & Sind Bank
LINC.BO,-0.018417455728457696,0.10862756060764595,-19.99,0.376,-0.1695468040102647,1.6258445192552726,1.626,Yes,Linc Limited
BRITANNIA.NS,-0.009108582612016991,0.05371019124131785,-10.4,0.186,-0.16958760342320278,0.7684934687797239,0.768,Yes,Britannia Industries Limited
SUMEDHA.BO,-0.019482183103651584,0.11480352384504026,-21.03,0.398,-0.16970021869666896,1.159959494978454,1.16,Yes,Sumedha Fiscal Services Limited
BLUECHIPT.BO,-0.008061431190546264,0.04741232458741653,-9.26,0.164,-0.17002817855266705,0.7255351510495961,0.726,Yes,Blue Chip Tex Industries Limited
LINC.NS,-0.018079657837621232,0.10625057935538886,-19.66,0.368,-0.1701605576864486,1.5822696930055642,1.582,Yes,Linc Limited
LASA.NS,-0.030272477864854822,0.17752856658495875,-30.85,0.615,-0.17052172755739292,2.3166695813284446,2.317,Yes,Lasa Supergenerics Limited
MARSONS.BO,-0.022342504642132367,0.1310184917186474,-23.75,0.454,-0.17052939893485614,0.9386826146366715,0.939,Yes,Marsons Limited
MAHACORP.BO,-0.02618930920390801,0.15325847956286281,-27.27,0.531,-0.17088326387295136,2.3248716478778384,2.325,Yes,Maharashtra Corporation Limited
INTELLECT.NS,-0.023031548568305873,0.13474743206982248,-24.39,0.467,-0.17092384036210462,1.994568379297951,1.995,Yes,Intellect Design Arena Limited
CAMPUS.NS,-0.012683875965982982,0.07402698430311005,-14.2,0.256,-0.17134124921322913,1.0958971194558642,1.096,Yes,Campus Activewear Limited
SVS.BO,-0.02752925722527447,0.16042610808784938,-28.47,0.556,-0.17160085445817486,0.7306843341407516,0.731,Yes,SVS Ventures Limited
JUBLFOOD.BO,-0.015791788777205287,0.09202294864416306,-17.39,0.319,-0.17160707203883915,1.2286848582952064,1.229,Yes,Jubilant FoodWorks Limited
ANIRIT.BO,-0.0376645394341757,0.21912343093986583,-36.92,0.759,-0.17188732064218182,0.8887346255304608,0.889,Yes,Anirit Ventures Limited
WCIL.NS,-0.026552574357048876,0.15440765302779566,-27.6,0.535,-0.17196410823153319,2.5596980642584426,2.56,Yes,Western Carriers (India) Limited
EXCELSOFT.BO,-0.03786876093050222,0.22013327058617174,-37.08,0.763,-0.17202652206849575,2.7035472164172965,2.704,Yes,Excelsoft Technologies Limited
PNCINFRA.NS,-0.028054591864194477,0.16275866353574622,-28.93,0.564,-0.17236926904375155,2.408780699817207,2.409,Yes,PNC Infratech Limited
SHREE.BO,-0.04041558957986864,0.23443156910139723,-39.05,0.812,-0.17239823857676753,3.075931709887475,3.076,Yes,Shree Marutinandan Tubes Limited
CEENIK.BO,-0.030923448939386252,0.17920718316776552,-31.4,0.621,-0.1725569722863014,1.1185713019846617,1.119,Yes,Ceenik Exports (India) Limited
JTEKTINDIA.BO,-0.018546609904022016,0.10742012676931763,-20.12,0.372,-0.17265488751330982,1.6203938292283124,1.62,Yes,JTEKT India Limited
SHELTER.BO,-0.022793598392140083,0.13198345071019338,-24.17,0.457,-0.17270042773915503,1.0946375460829314,1.095,Yes,Shelter Pharma Limited
ANMOL.BO,-0.029226168700029028,0.1690268784353777,-29.95,0.586,-0.17290840942319577,2.5981019324489965,2.598,Yes,Anmol India Limited
BFLAFL.BO,-0.030344123955722738,0.1754184829693729,-30.91,0.608,-0.17298133835201765,2.1010073655328205,2.101,Yes,BFL Asset Finvest Limited
INTELLECT.BO,-0.02316386436596862,0.13388405470717837,-24.52,0.464,-0.17301436243943288,1.9856726309140609,1.986,Yes,Intellect Design Arena Limited
VIKASLIFE.NS,-0.032255230998185676,0.18615131692175654,-32.53,0.645,-0.17327425629625415,2.5424440667330264,2.542,Yes,Vikas Lifecare Limited
NIPPOBATRY.BO,-0.021958778242823985,0.12663833074937192,-23.39,0.439,-0.17339756543603124,1.8222379142761502,1.822,Yes,Indo National Limited
MEIL.BO,-0.03142745357559802,0.18119425918921303,-31.83,0.628,-0.173446188175199,1.852780779804727,1.853,Yes,Mangal Electrical Industries Limited
WESTLIFE.BO,-0.013811343352356426,0.07958734048502542,-15.37,0.276,-0.17353693776154097,0.052813599165071,0.053,Yes,Westlife Foodworld Limited
SEPC.BO,-0.04453543309015174,0.2563997063590138,-42.11,0.888,-0.17369533578089483,3.572148750871951,3.572,Yes,SEPC Limited
WILLIMFI.BO,-0.042344138797603355,0.24370881034046699,-40.5,0.844,-0.17374890443413837,1.5526461167140129,1.553,Yes,Williamson Financial Services Limited
MORARKFI.BO,-0.02448400730402804,0.1408710300614736,-25.73,0.488,-0.17380441736916138,2.030574139862396,2.031,Yes,Morarka Finance Limited
JYOTHYLAB.BO,-0.026941935977759436,0.15470993638617347,-27.94,0.536,-0.17414483262735833,2.43187632186913,2.432,Yes,Jyothy Labs Limited
MEIL.NS,-0.03159317925235501,0.18112850313017348,-31.97,0.627,-0.17442411716752065,1.88841400344478,1.888,Yes,Mangal Electrical Industries Limited
INDAGIV.BO,-0.037982908954768635,0.21772697589338524,-37.17,0.754,-0.17445201174046432,2.954367713800926,2.954,Yes,Ind Agiv Commerce Limited
DENTA.NS,-0.03017175786249,0.17249758315147437,-30.76,0.598,-0.17491119186287635,1.9226466322619185,1.923,Yes,Denta Water and Infra Solutions Limited
IRCON.NS,-0.023742968230566316,0.13570329799115854,-25.05,0.47,-0.17496235229384946,2.012507385459656,2.013,Yes,Ircon International Limited
RCF.NS,-0.01690741508572564,0.09662379224666437,-18.5,0.335,-0.1749819034484161,1.5610156444118515,1.561,Yes,Rashtriya Chemicals and Fertilizers Limited
WESTLIFE.NS,-0.013800170630224118,0.07884837972000922,-15.36,0.273,-0.17502161337022468,0.05766842115188983,0.058,Yes,Westlife Foodworld Limited
IL&FSTRANS.NS,-0.021784524611622468,0.12445586438790375,-23.23,0.431,-0.17503815283243312,1.999733333209806,2.0,Yes,IL&FS Transportation Networks Limited
RCF.BO,-0.016836977153671554,0.09614587226595397,-18.43,0.333,-0.17511908474965973,1.5499588435163065,1.55,Yes,Rashtriya Chemicals and Fertilizers Limited
JYOTHYLAB.NS,-0.027084787135225306,0.15445848494406883,-28.07,0.535,-0.17535318402891895,2.425016586046581,2.425,Yes,Jyothy Labs Limited
ARIHANTCAP.NS,-0.02227800889034287,0.12702889916894006,-23.69,0.44,-0.17537748525014443,2.153760804930555,2.154,Yes,Arihant Capital Markets Limited
PML.BO,-0.023907627962688225,0.13627237214821258,-25.2,0.472,-0.17544002196340874,2.05012632553916,2.05,Yes,Paul Merchants Limited
ETIL.BO,-0.019764575071236676,0.11259257638164472,-21.3,0.39,-0.17554065913051417,0.9052429725806165,0.905,Yes,Econo Trade (India) Limited
MAGNUM.NS,-0.0188712476404565,0.10736616662903506,-20.44,0.372,-0.17576531073945548,1.9142679708365102,1.914,Yes,Magnum Ventures Limited
CAMPUS.BO,-0.012815921997460518,0.07288895677320856,-14.34,0.252,-0.1758280343802534,1.0762852478678973,1.076,Yes,Campus Activewear Limited
TAJGVK.NS,-0.015228944788474509,0.08661054832928328,-16.82,0.3,-0.17583244861325464,1.2203816550635305,1.22,Yes,Krishna GVK Luxury Hotels Limited
IRCON.BO,-0.023775324226388842,0.13520478726128862,-25.08,0.468,-0.17584676332829904,2.0028775131047114,2.003,Yes,Ircon International Limited
CRANEINFRA.BO,-0.02510658338780705,0.14276985595331865,-26.3,0.495,-0.1758535316868018,2.3436105681622754,2.344,Yes,Crane Infrastructure Limited
PHYTO.BO,-0.018920966283713345,0.10756268062136526,-20.49,0.373,-0.17590642195240214,1.093215224011471,1.093,Yes,Phyto Chem (India) Limited
SEPC.NS,-0.044899216864239797,0.25483838218411037,-42.38,0.883,-0.17618702677135165,3.5450682983663673,3.545,Yes,SEPC Limited
APCL.NS,-0.018791777562038193,0.1066378921617024,-20.36,0.369,-0.17622045204666015,1.006254649880088,1.006,Yes,Anjani Portland Cement Limited
VIKASLIFE.BO,-0.03263892399477886,0.18493042627215894,-32.85,0.641,-0.17649299064906016,2.5270671353650696,2.527,Yes,Vikas Lifecare Limited
WCIL.BO,-0.026807121804854086,0.1517419884365957,-27.82,0.526,-0.1766625182722925,2.49386703697661,2.494,Yes,Western Carriers (India) Limited
SUDAI.BO,-0.04339340542095065,0.24538278949852915,-41.28,0.85,-0.176839645150463,0.06447668337705426,0.064,Yes,Sudal Industries Limited
DENTA.BO,-0.03035495140227693,0.1713854708068102,-30.92,0.594,-0.17711508017207456,1.9068064667503364,1.907,Yes,Denta Water and Infra Solutions Limited
ARIHANTCAP.BO,-0.02221345912196397,0.12538228153036338,-23.63,0.434,-0.1771658551019796,2.1339054207500032,2.134,Yes,Arihant Capital Markets Limited
VIRATCRA.BO,-0.020797507907923205,0.11727279783300702,-22.29,0.406,-0.17734298398455742,1.1991837289879284,1.199,Yes,Virat Crane Industries Limited
SOLARIUM.BO,-0.04497833060062229,0.2531706254072669,-42.43,0.877,-0.17766014729499993,2.880972776526116,2.881,Yes,Solarium Green Energy Limited
PENIND.NS,-0.02336476914342852,0.131407003727601,-24.7,0.455,-0.17780459549829106,1.8824662412793232,1.882,Yes,Pennar Industries Limited
KRETTOSYS.BO,-0.04606508209321767,0.25905146383321165,-43.22,0.897,-0.1778221261968098,2.47220762846599,2.472,Yes,Kretto Syscon Limited
SPIC.NS,-0.020776626165326113,0.11669817905273876,-22.27,0.404,-0.1780372781646974,1.8502241171936298,1.85,Yes,Southern Petrochemical Industries Corporation Limited
PENIND.BO,-0.023523139563207406,0.13206724586636434,-24.85,0.457,-0.17811486420342182,1.8961268636631634,1.896,Yes,Pennar Industries Limited
SURAJEST.BO,-0.025422391381966423,0.14271866925706003,-26.58,0.494,-0.17812940321196852,2.172388249356842,2.172,Yes,Suraj Estate Developers Limited
GENESYS.NS,-0.041645889549551035,0.23378687249759286,-39.98,0.81,-0.17813613358457428,2.354981062375305,2.355,Yes,Genesys International Corporation Limited
YSL.BO,-0.016769521973288,0.09412938842642002,-18.37,0.326,-0.17815394589965455,0.5674817762536176,0.567,Yes,The Yamuna Syndicate Limited
BEDMUTHA.BO,-0.01606152468743709,0.09003985917498608,-17.66,0.312,-0.17838238347555227,0.14509166795876488,0.145,Yes,Bedmutha Industries Limited
KANSAINER.NS,-0.017156201018717305,0.09616750375143751,-18.75,0.333,-0.1783991509549904,1.223353938904876,1.223,Yes,Kansai Nerolac Paints Limited
HGS.BO,-0.015158459859886963,0.08494704668454318,-16.75,0.294,-0.17844599019644516,1.2091273902368715,1.209,Yes,Hinduja Global Solutions Limited
CRAVATEX.BO,-0.01479416365034908,0.0828234707297154,-16.38,0.287,-0.17862284108605014,1.0614607700182581,1.061,Yes,Cravatex Limited
IGCL.BO,-0.022078990323786428,0.12356752430817429,-23.5,0.428,-0.17867955554990309,1.3940235171612025,1.394,Yes,Indogulf Cropsciences Limited
IGCL.NS,-0.02276204820711518,0.12724189135678968,-24.14,0.441,-0.1788880058634918,1.4676606712868043,1.468,Yes,Indogulf Cropsciences Limited
SADBHIN.NS,-0.025126730782615122,0.14042185148183403,-26.32,0.486,-0.17893746961359283,2.4203480194084683,2.42,Yes,Sadbhav Infrastructure Project Limited
GROWWGOLD.NS,-0.05240859885678377,0.2928111900348584,-47.59,1.014,-0.17898427601262323,0.4832534363404546,0.483,Yes,Groww Gold ETF
ZUARIIND.NS,-0.01989694631773319,0.11099835205972991,-21.43,0.385,-0.1792544298948361,1.6549844448945015,1.655,Yes,Zuari Industries Limited
JARO.NS,-0.029964002016695187,0.16654710234726702,-30.58,0.577,-0.1799130792093717,0.014625607212502223,0.015,Yes,Jaro Institute of Technology Management and Research Limited
JYOTIRES.BO,-0.021737644172075302,0.12066046645017992,-23.18,0.418,-0.1801554793512311,1.428915835351215,1.429,Yes,Jyoti Resins and Adhesives Limited
TVTODAY.BO,-0.018420850190051765,0.10217434393757885,-20.0,0.354,-0.1802884117494855,1.4847659965885147,1.485,Yes,T.V. Today Network Limited
SHYAMACOMP.BO,-0.027180622592407885,0.15063511310807906,-28.16,0.522,-0.18044015124751214,0.7021748690399724,0.702,Yes,Shyama Computronics and Services Limited
ZUARIIND.BO,-0.020226002225436534,0.11179849484798046,-21.75,0.387,-0.18091479901352087,1.6837320874341917,1.684,Yes,Zuari Industries Limited
ANMOL.NS,-0.028982783846909676,0.1601581950713611,-29.74,0.555,-0.18096347697971948,2.437636138027767,2.438,Yes,Anmol India Limited
HGS.NS,-0.015148818651483391,0.08366429182293333,-16.74,0.29,-0.1810667170116526,1.1835042010348162,1.184,Yes,Hinduja Global Solutions Limited
JOSTS.BO,-0.026334038752621535,0.1452980048099556,-27.4,0.503,-0.18124157167240856,2.298905073234866,2.299,Yes,Jost's Engineering Company Limited
LESHAIND.BO,-0.024836098546202598,0.13697385517598978,-26.05,0.474,-0.1813199936169726,1.4389051779365887,1.439,Yes,Lesha Industries Limited
IWP.BO,-0.014723498583590205,0.08117439524895319,-16.31,0.281,-0.18138106897421052,1.0039341894770621,1.004,Yes,The Indian Wood Products Company Limited
LAKESHORE.BO,-0.025103809683198863,0.13829038564093277,-26.29,0.479,-0.18152968166840047,0.38065544984797633,0.381,Yes,Lake Shore Realty Limited
TVTODAY.NS,-0.01841390023723552,0.10137412952487239,-19.99,0.351,-0.181642992384143,1.4894666524865083,1.489,Yes,T.V. Today Network Limited
OONE.BO,-0.022215390262066256,0.12219879059636285,-23.63,0.423,-0.18179713689185628,1.7329250610235933,1.733,Yes,ObjectOne Information Systems Limited
KPEL.BO,-0.031718742800125425,0.17352015909532337,-32.08,0.601,-0.18279572221173865,2.140155473433461,2.14,Yes,K.P. Energy Limited
ALFL.BO,-0.01520399911331421,0.08304894104787676,-16.79,0.288,-0.18307276313793427,-0.3210774637539919,0.321,No,Abhinav Leasing and Finance Limited
JKIL.BO,-0.018725782350998366,0.10226218841548275,-20.3,0.354,-0.1831154079640568,1.607242638163639,1.607,Yes,J. Kumar Infraprojects Limited
KPEL.NS,-0.0318145120586192,0.17353780606455202,-32.16,0.601,-0.18332899775617162,2.1405875927651428,2.141,Yes,K.P. Energy Limited
GOODYEAR.BO,-0.018095145268054693,0.09863004902633077,-19.68,0.342,-0.18346483091804935,1.520509997883691,1.521,Yes,Goodyear India Limited
HATHWAY.NS,-0.019586438822755854,0.10664371869482324,-21.13,0.369,-0.18366237657939652,1.6907543738719215,1.691,Yes,Hathway Cable and Datacom Limited
NEWGEN.BO,-0.03140334132323464,0.17090618850876968,-31.81,0.592,-0.18374607495048811,2.7664653003997977,2.766,Yes,Newgen Software Technologies Limited
CMBL.BO,-0.06277516579528836,0.34126996783129304,-54.07,1.182,-0.18394576643884847,2.917858383809857,2.918,Yes,Corporate Merchant Bankers Limited
SHAYONAENG.BO,-0.008100484603220789,0.04401415350751182,-9.3,0.152,-0.18404272166311897,0.21271296853132837,0.213,Yes,Shayona Engineering Limited
NOL.BO,-0.03647611144196198,0.1980061412307192,-35.97,0.686,-0.18421707132537654,1.1338232509032389,1.134,Yes,National Oxygen Limited
JTEKTINDIA.NS,-0.01878597300160297,0.10189106587046526,-20.35,0.353,-0.18437311300173945,1.5721899183750159,1.572,Yes,JTEKT India Limited
SWISSMLTRY.BO,-0.02842592208984339,0.1540969794691466,-29.25,0.534,-0.18446774354545245,1.8191358181954547,1.819,Yes,Swiss Military Consumer Goods Limited
BLAL.BO,-0.01824276311218043,0.09883783395497527,-19.82,0.342,-0.1845726720447027,1.5389625158021827,1.539,Yes,BEML Land Assets Limited
NEWGEN.NS,-0.03150179088167348,0.17063726234808496,-31.89,0.591,-0.18461261302594392,2.757020915052973,2.757,Yes,Newgen Software Technologies Limited
TEGA.NS,-0.013374679245210493,0.0723970375328665,-14.92,0.251,-0.18474069797591805,0.3401899456849156,0.34,Yes,Tega Industries Limited
RAGHUSYN.BO,-0.015774833115280676,0.08537481504805515,-17.37,0.296,-0.1847715055827817,1.1362937874581112,1.136,Yes,Raghuvir Synthetics Limited
SADBHIN.BO,-0.025933653495176946,0.14026412515446943,-27.04,0.486,-0.18489156415881003,2.39075743630718,2.391,Yes,Sadbhav Infrastructure Project Limited
KUMPFIN.BO,-0.021334004941229782,0.11538156168002177,-22.8,0.4,-0.18489960293997085,0.2418829067130574,0.242,Yes,Kumbhat Financial Services Limited
PANAENERG.BO,-0.020487885596272834,0.11060493916961443,-22.0,0.383,-0.18523481636615102,0.8374359766688975,0.837,Yes,Panasonic Energy India Co. Ltd.
HLVLTD.BO,-0.035276108399460784,0.19027389984953874,-35.01,0.659,-0.185396464924279,2.7858141036360777,2.786,Yes,HLV Limited
KALPATARU.NS,-0.021031866340564632,0.11335569818304037,-22.51,0.393,-0.1855386776111031,1.6444494944290473,1.644,Yes,Kalpataru Limited
LFIC.NS,-0.027928101386470065,0.15051146812269653,-28.82,0.521,-0.18555464068494207,1.9431275535154233,1.943,Yes,Lakshmi Finance & Industrial Corporation Limited
BAZELINTER.BO,-0.027551237009152216,0.1484494893102752,-28.48,0.514,-0.185593343144261,1.8151266383444553,1.815,Yes,Bazel International Limited
HATHWAY.BO,-0.01976541031937666,0.10634138212815383,-21.3,0.368,-0.18586753269350048,1.6923494028060475,1.692,Yes,Hathway Cable and Datacom Limited
BALAJEE.BO,-0.03573121184274743,0.19216883587836522,-35.38,0.666,-0.18593655771201,2.8228866641771773,2.823,Yes,Shree Tirupati Balajee Agro Trading Company Limited
SWOJAS.BO,-0.0415814785157259,0.22358181725855458,-39.93,0.775,-0.1859788019686781,0.7148692522079748,0.715,Yes,Swojas Foods Limited
VINAYAKPOL.BO,-0.027268142456279256,0.1461833229040638,-28.23,0.506,-0.18653388029888066,1.4327849913860562,1.433,Yes,Vinayak Polycon International Limited
KRITIKA.NS,-0.029741960220204644,0.1593755323052505,-30.39,0.552,-0.1866155977019116,2.4874898885919863,2.487,Yes,Kritika Wires Limited
JUNGLECAMP.BO,-0.026970504222437085,0.14445737957168803,-27.97,0.5,-0.18670215604356008,1.0419460420626219,1.042,Yes,Jungle Camps India Limited
KARBON.BO,-0.027659893799556145,0.14793705081764316,-28.58,0.512,-0.18697069900123622,1.9981408710608455,1.998,Yes,Karbonsteel Engineering Limited
SENSEXBETA.NS,-0.010239831966820311,0.054635143142843186,-11.62,0.189,-0.18742207630074922,1.015148815570082,1.015,Yes,UTIAMC-SENSEXBETA
COMFINTE.BO,-0.02216141462178942,0.1181079014677095,-23.58,0.409,-0.18763701959303977,0.9345355316251309,0.935,Yes,Comfort Intech Limited
KALPATARU.BO,-0.02158480854492497,0.11503014693654666,-23.04,0.398,-0.18764479677515894,1.6786534013413001,1.679,Yes,Kalpataru Limited
LOYAL.BO,-0.025254832627368863,0.13396876081748113,-26.43,0.464,-0.1885128478703779,1.848471177334038,1.848,Yes,Loyal Equipments Limited
HLVLTD.NS,-0.03586960095963183,0.19025205141673626,-35.49,0.659,-0.18853726250268657,2.773533549121177,2.774,Yes,HLV Limited
KOKUYOCMLN.NS,-0.022212574798784395,0.11777905038978931,-23.63,0.408,-0.1885952953880335,1.6463745129477356,1.646,Yes,Kokuyo Camlin Limited
IREDA.NS,-0.01779935463913246,0.09437790228954046,-19.39,0.327,-0.18859663339969246,1.2680045239502298,1.268,Yes,Indian Renewable Energy Development Agency Limited
PINELABS.BO,-0.03226768345407993,0.17078071356304084,-32.54,0.592,-0.18894219833651682,2.09228991788798,2.092,Yes,Pine Labs Limited
GAYATRI.BO,-0.02614920298093314,0.13832252342547624,-27.24,0.479,-0.1890451557227518,1.357950346308087,1.358,Yes,Gayatri Sugars Limited
JKIL.NS,-0.019015027058926555,0.10034265166569879,-20.58,0.348,-0.18950094245343393,1.551632351339517,1.552,Yes,J. Kumar Infraprojects Limited
TEGA.BO,-0.013446517156944395,0.0709181651713207,-14.99,0.246,-0.18960610619946164,0.3443253400571364,0.344,Yes,Tega Industries Limited
WIPRO.NS,-0.016486469118696268,0.08690259984989845,-18.08,0.301,-0.18971203562577343,0.617496309197346,0.617,Yes,Wipro Limited
SUMERUIND.BO,-0.021403439555200302,0.11274910449490808,-22.87,0.391,-0.18983245721625147,1.7327458730191052,1.733,Yes,Sumeru Industries Limited
SURAJEST.NS,-0.026046745092264713,0.1370542069192778,-27.15,0.475,-0.19004703086280106,2.0863205025560148,2.086,Yes,Suraj Estate Developers Limited
HISARSP.BO,-0.02400814909659853,0.12623465735192616,-25.29,0.437,-0.19018666981181614,0.24560236069793484,0.246,Yes,Hisar Spinning Mills Limited
FDC.NS,-0.018736041227890358,0.09847928444015737,-20.31,0.341,-0.19025362881546562,1.0090586352906672,1.009,Yes,FDC Limited
A1L.BO,-0.07647030891005711,0.4015317686235577,-61.5,1.391,-0.19044647244773605,4.131317664990265,4.131,Yes,A-1 Limited
KOKUYOCMLN.BO,-0.022262622490079705,0.11684961327306352,-23.68,0.405,-0.19052371562458345,1.6116120192269598,1.612,Yes,Kokuyo Camlin Limited
FDC.BO,-0.018871974634969885,0.09903473127880703,-20.44,0.343,-0.1905591542611516,1.028251990166966,1.028,Yes,FDC Limited
SHIVAMAUTO.NS,-0.03632452167312009,0.19036432898127417,-35.85,0.659,-0.19081579972208595,2.9442378461267835,2.944,Yes,Shivam Autotech Limited
VESUVIUS.BO,-0.01662136133826058,0.08690218642240166,-18.22,0.301,-0.19126516860542328,1.1266308114812027,1.127,Yes,Vesuvius India Limited
LASA.BO,-0.03288396443439473,0.17137049371088714,-33.05,0.594,-0.19188813501274063,2.2601937324629646,2.26,Yes,Lasa Supergenerics Limited
BHAGWOX.BO,-0.012751833806134013,0.06643716377575694,-14.27,0.23,-0.19193826288513513,0.3060886769318149,0.306,Yes,Bhagawati Oxygen Limited
ANSALHSG.BO,-0.03380644485087363,0.1759775465049535,-33.81,0.61,-0.1921065813354889,2.6533200042361718,2.653,Yes,Ansal Housing Limited
SRSOLTD.BO,-0.04768720630838943,0.24795348360335037,-44.36,0.859,-0.19232319552595742,3.154521974600225,3.155,Yes,Silicon Rental Solutions Limited
ASITCFIN.BO,-0.02110524413763616,0.10966929870023151,-22.58,0.38,-0.1924444159648083,1.5358700368841427,1.536,Yes,Asit C. Mehta Financial Services Limited
SUNDARAM.BO,-0.026936340781389165,0.13991089611003046,-27.94,0.485,-0.19252496789246173,2.24500832643328,2.245,Yes,Sundaram Multi Pap Limited
RMDRIP.NS,-0.040422020437188205,0.20962112182188264,-39.05,0.726,-0.19283371869145532,2.090995819327363,2.091,Yes,R M Drip and Sprinklers Systems Limited
AMJLAND.BO,-0.02369246576708578,0.12263932138051736,-25.0,0.425,-0.193188167550066,2.0965033413697554,2.097,Yes,AMJ Land Holdings Limited
ORGANICREC.BO,-0.012694674609619818,0.06565158810511004,-14.21,0.227,-0.19336431876248425,0.6477742487448493,0.648,Yes,Organic Recycling Systems Limited
AFEL.BO,-0.02327988791289096,0.12015424112383326,-24.62,0.416,-0.1937500307533736,0.6754248625048571,0.675,Yes,AF Enterprises Limited
BALAJEE.NS,-0.036674733556678656,0.1892235498208141,-36.13,0.655,-0.19381696195535875,2.729154336218014,2.729,Yes,Shree Tirupati Balajee Agro Trading Company Limited
MEP.NS,-0.051631145212524834,0.26569840988230986,-47.07,0.92,-0.1943223718779298,1.7706425997460533,1.771,Yes,MEP Infrastructure Developers Limited
PINELABS.NS,-0.03286380957173778,0.1690676109766465,-33.03,0.586,-0.19438264598343025,2.062869862315713,2.063,Yes,Pine Labs Limited
BLS.NS,-0.020472138524850823,0.10513939665426539,-21.98,0.364,-0.19471424771601342,1.4872851886408869,1.487,Yes,BLS International Services Limited
GODREJCP.NS,-0.017549501988961245,0.090103797807095,-19.14,0.312,-0.19476983674465442,1.2882829797863218,1.288,Yes,Godrej Consumer Products Limited
FOODSIN.NS,-0.03094854547160442,0.15868312356530176,-31.43,0.55,-0.195033629136172,2.334896869204464,2.335,Yes,Foods and Inns Limited
SPICELOUNG.BO,-0.03919531598763964,0.20078234212679189,-38.11,0.696,-0.19521296331371718,1.6090082687263192,1.609,Yes,Spice Lounge Food Works Limited
FINPIPE.NS,-0.01762252536090814,0.0901725974713468,-19.21,0.312,-0.1954310495104443,0.9493409441544249,0.949,Yes,Finolex Industries Limited
MAXIND.BO,-0.02461867777290979,0.12590562447618875,-25.85,0.436,-0.19553278795393028,1.9990362397770096,1.999,Yes,Max India Limited
KAIZENAGRO.BO,-0.02915338528374344,0.1489813894071121,-29.89,0.516,-0.1956847455897851,2.4311344336703233,2.431,Yes,Kaizen Agro Infrabuild Limited
UNIINFO.NS,-0.0295259134955251,0.1508782940089202,-30.21,0.523,-0.19569357997764394,2.6037069646472775,2.604,Yes,Uniinfo Telecom Services Limited
EXPLICITFIN.BO,-0.03899008340140245,0.19897371084043172,-37.95,0.689,-0.19595595436560362,-0.37104099822819836,0.371,No,Explicit Finance Limited
JIOFIN.NS,-0.014705212900233704,0.07499657596993128,-16.29,0.26,-0.19607845705021962,1.293407292624467,1.293,Yes,Jio Financial Services Limited
PRAXIS.NS,-0.049330843567627375,0.25156871774943534,-45.51,0.871,-0.19609291651580196,3.4792092607349496,3.479,Yes,Praxis Home Retail Limited
ASHOKA.BO,-0.028934646455467138,0.14745710619276964,-29.7,0.511,-0.19622415767227303,2.373177903744809,2.373,Yes,Ashoka Buildcon Limited
AKG.NS,-0.02683324577022007,0.13673148002119614,-27.85,0.474,-0.19624775337808364,1.6957552241704978,1.696,Yes,AKG Exim Limited
AHLUCONT.BO,-0.03134539641505965,0.15964009949024677,-31.76,0.553,-0.1963503938869363,2.2649980746400242,2.265,Yes,Ahluwalia Contracts (India) Limited
MAXIND.NS,-0.024458017060301696,0.124527276599231,-25.71,0.431,-0.19640690560523133,1.9662660039371345,1.966,Yes,Max India Limited
APOLLOFI.BO,-0.015295871929640043,0.07782124344303178,-16.89,0.27,-0.19655136891814412,0.8476459936563001,0.848,Yes,Apollo Finvest (India) Limited
ASHOKA.NS,-0.02894306885415487,0.14724314792336451,-29.7,0.51,-0.19656649061332782,2.365893863869447,2.366,Yes,Ashoka Buildcon Limited
BLT.BO,-0.042503181775641434,0.21621520856582005,-40.62,0.749,-0.1965781318417416,3.3570577501202115,3.357,Yes,BLT Logistics Limited
GOLDENTOBC.NS,-0.02441914166142564,0.12418420960305294,-25.67,0.43,-0.19663644628797733,2.2034795615464366,2.203,Yes,Golden Tobacco Limited
HAVELLS.NS,-0.01393257612738828,0.07056660728462329,-15.5,0.244,-0.19743865637740868,1.00299656533554,1.003,Yes,Havells India Limited
ARCHIES.NS,-0.029811265139290367,0.15097554484405845,-30.45,0.523,-0.19745757612653234,2.4072110576689703,2.407,Yes,Archies Limited
ASHCAP.BO,-0.017843174433948207,0.09022260734087413,-19.43,0.313,-0.19776833057521934,1.1467543337677817,1.147,Yes,Ashirwad Capital Limited
DPSCLTD.NS,-0.03406510188189002,0.17219432885931524,-34.03,0.596,-0.1978294065057253,2.5003817506236667,2.5,Yes,India Power Corporation Limited
IVZINGOLD.NS,-0.06295888402182677,0.3180387831876414,-54.17,1.102,-0.19795976890240247,-2.937735126802129,2.938,No,Invesco India Gold ETF
DHANSAFAL.BO,-0.02871692429695288,0.14494573366310082,-29.51,0.502,-0.19812190101227806,1.1225089412609142,1.123,Yes,DhanSafal Finserve Limited
BAJAJINDEF.BO,-0.03275078482004165,0.1652456445256687,-32.94,0.572,-0.198194541913958,2.348041127082073,2.348,Yes,Indef Manufacturing Limited
AHLUCONT.NS,-0.03148593358210525,0.15882435622346294,-31.88,0.55,-0.19824373497100858,2.24868589045864,2.249,Yes,Ahluwalia Contracts (India) Limited
GICHSGFIN.NS,-0.015023088280180787,0.07576852267630584,-16.61,0.262,-0.19827611453322916,1.3271015954485736,1.327,Yes,GIC Housing Finance Limited
MSUMI.BO,-0.01537054259406776,0.07751855184501938,-16.96,0.269,-0.19828211735427728,1.324404638472268,1.324,Yes,Motherson Sumi Wiring India Limited
BAJAJINDEF.NS,-0.03268362296208905,0.16478416819399416,-32.88,0.571,-0.19834200894597992,2.293361253918983,2.293,Yes,Indef Manufacturing Limited
SABOOSOD.BO,-0.022506593760748875,0.11341662876578605,-23.9,0.393,-0.19844174532137346,1.6668052546372425,1.667,Yes,Saboo Sodium Chloro Limited
NESCO.BO,-0.016990066476807324,0.08557338518798092,-18.59,0.296,-0.19854381639203444,1.1831625111830606,1.183,Yes,Nesco Limited
SYLPH.BO,-0.052939310103262006,0.26646840481606426,-47.94,0.923,-0.19867012053381916,-0.9372928912832209,0.937,No,Sylph Industries Limited
BLUESTARCO.NS,-0.01814443200159871,0.09123480670279423,-19.73,0.316,-0.19887620369171016,1.247786043008122,1.248,Yes,Blue Star Limited
DIGIDRIVE.NS,-0.03330593413860883,0.16733499141345173,-33.4,0.58,-0.19903747481192646,2.5326033518240076,2.533,Yes,Digidrive Distributors Limited
WEIZMANIND.NS,-0.02614381935267254,0.1313421154401739,-27.23,0.455,-0.19905130403188154,2.091972494768609,2.092,Yes,Weizmann Limited
MEP.BO,-0.05226960253009492,0.26246374102667197,-47.49,0.909,-0.1991498038000731,1.8225647069952584,1.823,Yes,MEP Infrastructure Developers Limited
NESCO.NS,-0.017039081512462688,0.08535622742007354,-18.64,0.296,-0.19962317955556158,1.1967506781080361,1.197,Yes,Nesco Limited
IVZINGOLD.BO,-0.06349007062605355,0.31801382287722413,-54.49,1.102,-0.19964563191507942,-2.9314789509922594,2.931,No,Invesco India Gold ETF
RMDRIP.BO,-0.041574532323356624,0.20774270043248944,-39.92,0.72,-0.20012511744963662,2.11741729149065,2.117,Yes,R M Drip and Sprinklers Systems Limited
SMGOLD.BO,-0.02061153258986107,0.10287012376933098,-22.11,0.356,-0.20036461350118506,1.1951307028285985,1.195,Yes,S. M. Gold Limited
ORIENTPPR.NS,-0.028873093383697427,0.14401789663817727,-29.64,0.499,-0.2004826765123269,2.298380820613371,2.298,Yes,Orient Paper & Industries Limited
VESUVIUS.NS,-0.017160573590556824,0.0854051203893253,-18.76,0.296,-0.2009314372759986,1.1363427690842003,1.136,Yes,Vesuvius India Limited
IREDA.BO,-0.018835533624158438,0.0937161560825428,-20.4,0.325,-0.20098491457085138,1.2423099969462563,1.242,Yes,Indian Renewable Energy Development Agency Limited
NFL.BO,-0.019816986970296182,0.09840442313775506,-21.35,0.341,-0.20138309171890212,1.4604681633951744,1.46,Yes,National Fertilizers Limited
ASGARD.BO,-0.027946853399108983,0.13851041034550488,-28.83,0.48,-0.20176716919253537,0.08559836537640933,0.086,Yes,Asgard Alcobev Limited
NFL.NS,-0.019834864938705375,0.09827056520151964,-21.37,0.34,-0.2018393289794435,1.4671694267328146,1.467,Yes,National Fertilizers Limited
BRNL.BO,-0.020790775050305122,0.10293654983896534,-22.28,0.357,-0.20197660678185111,1.4971617442801817,1.497,Yes,Bharat Road Network Limited
JWL.NS,-0.023755567613126326,0.11751654647798018,-25.06,0.407,-0.20214657701481686,0.902341824078015,0.902,Yes,Jupiter Wagons Limited
SDBL.NS,-0.035008280000482735,0.17308773402592992,-34.79,0.6,-0.2022574285664761,2.3910244408475037,2.391,Yes,Som Distilleries & Breweries Limited
SPCENET.NS,-0.04868660969115445,0.24066607163323075,-45.06,0.834,-0.20229943240753795,3.904691680143587,3.905,Yes,Spacenet Enterprises India Limited
WIPRO.BO,-0.01755877561192422,0.08672756928936345,-19.15,0.3,-0.20245898456279787,0.6284991700600696,0.628,Yes,Wipro Limited
MSUMI.NS,-0.015498971166947874,0.07653841035092805,-17.09,0.265,-0.20249925620201942,1.3080593931643398,1.308,Yes,Motherson Sumi Wiring India Limited
NGIND.BO,-0.02023174514669621,0.09983161222443437,-21.75,0.346,-0.20265870395053454,0.6373052741649152,0.637,Yes,N G Industries LTD
FMCGIETF.NS,-0.012214526513834674,0.06024432100649103,-13.71,0.209,-0.20274984114301195,1.1092748341703604,1.109,Yes,ICICIPRAMC - ICICIFMCG
MUFTI.NS,-0.02445983191085196,0.12058831454872122,-25.71,0.418,-0.20283749716867858,1.8579994513533606,1.858,Yes,Credo Brands Marketing Limited
JWL.BO,-0.023831853122158894,0.11743845040891004,-25.13,0.407,-0.20293058226823107,0.8968066648042501,0.897,Yes,Jupiter Wagons Limited
REETECH.BO,-0.03271643428520317,0.16115217332952997,-32.91,0.558,-0.2030157807323106,1.7143953252872823,1.714,Yes,Reetech International Limited
KKALPANAIND.BO,-0.03464491499430481,0.17056353146857803,-34.5,0.591,-0.20312029597421447,2.2867007005100217,2.287,Yes,Kkalpana Industries (India) Limited
SIMPLXPAP.BO,-0.019620686136249198,0.0965737192162251,-21.16,0.335,-0.20316796635241088,0.5685961660787784,0.569,Yes,Simplex Papers Limited
INDIAHOME.BO,-0.02109501292347462,0.1033854617828356,-22.57,0.358,-0.204042353341569,1.693907661282265,1.694,Yes,India Home Loan Limited
COMPUPN.BO,-0.017090069196528838,0.08374087863322499,-18.69,0.29,-0.2040827547485057,0.3325079483362441,0.333,Yes,Computer Point Limited
HITECHGEAR.NS,-0.019803740410593296,0.0969957746652854,-21.34,0.336,-0.2041711660011208,1.2853166724179865,1.285,Yes,The Hi-Tech Gears Limited
PNTKYOR.BO,-0.02463348567971477,0.12062109225853786,-25.87,0.418,-0.2042220412572259,1.6422685818070581,1.642,Yes,Pentokey Organy (India) Limited
GEMENVIRO.BO,-0.03289865927446564,0.16104374819698386,-33.06,0.558,-0.20428398893339836,2.3783629632387244,2.378,Yes,GEM Enviro Management Limited
KGVL.BO,-0.03432698549839674,0.16800546349016215,-34.24,0.582,-0.2043206499674745,1.4422525770174948,1.442,Yes,Khyati Global Ventures Limited
SDBL.BO,-0.03535506201850995,0.1728889656068361,-35.08,0.599,-0.2044957692610083,2.400260014813321,2.4,Yes,Som Distilleries & Breweries Limited
MUFTI.BO,-0.02448293707767714,0.1196720477046996,-25.73,0.415,-0.20458358946184957,1.8561454031317322,1.856,Yes,Credo Brands Marketing Limited
EUREKAFORB.BO,-0.02044782811523228,0.09983652286983723,-21.96,0.346,-0.20481310373650854,1.2947209202922476,1.295,Yes,Eureka Forbes Limited
SARTHAKIND.BO,-0.02296440274240645,0.11209851765834083,-24.33,0.388,-0.2048591116289195,1.8089434108121893,1.809,Yes,Sarthak Industries Limited
BLAL.NS,-0.019496578295963633,0.09514444611383209,-21.04,0.33,-0.20491556882508585,1.4842004460464595,1.484,Yes,BEML Land Assets Limited
VISVEN.BO,-0.026447348621145363,0.12857010209048983,-27.5,0.445,-0.2057037226472082,0.6986966207030811,0.699,Yes,Vishvprabha Ventures Limited
PHOENXINTL.BO,-0.017722008534510128,0.08608101618441436,-19.31,0.298,-0.20587592154515988,1.3108724768116502,1.311,Yes,Phoenix International Limited
JIOFIN.BO,-0.01556185983401334,0.07547110164574404,-17.16,0.261,-0.20619627240979732,1.2960274045704872,1.296,Yes,Jio Financial Services Limited
DODLA.NS,-0.015386185063491709,0.07450422963575767,-16.98,0.258,-0.2065142494421181,1.1849080603820075,1.185,Yes,Dodla Dairy Limited
WAKEFIT.BO,-0.022529628096733697,0.10896230425648078,-23.92,0.377,-0.20676534192689575,0.7084808926694819,0.708,Yes,Wakefit Innovations Limited
TRANSRAILL.BO,-0.03303825318203866,0.15974087291698716,-33.18,0.553,-0.20682404308137034,2.2523728136990395,2.252,Yes,Transrail Lighting Limited
TRANSRAILL.NS,-0.03301526327030817,0.15960611321781384,-33.16,0.553,-0.20685462858964784,2.2502437426449404,2.25,Yes,Transrail Lighting Limited
FLAIR.NS,-0.014625699486838846,0.07070455753668763,-16.21,0.245,-0.20685653084314645,0.8237718702753479,0.824,Yes,Flair Writing Industries Limited
WILLAMAGOR.BO,-0.025960318834469528,0.12542248714816853,-27.07,0.434,-0.2069829695196617,1.8262177465137444,1.826,Yes,Williamson Magor & Co. Limited
DIGISPICE.BO,-0.0318340687855804,0.15373292674546088,-32.17,0.533,-0.2070738485210055,2.278916653543084,2.279,Yes,DiGiSPICE Technologies Limited
HONDAPOWER.NS,-0.022006917399528533,0.1058984710828556,-23.44,0.367,-0.2078114742781337,1.2203743493481676,1.22,Yes,Honda India Power Products Limited
KLRFM.BO,-0.024697371785167243,0.118802058847952,-25.92,0.412,-0.2078867321380011,1.3420955541156534,1.342,Yes,Kovilpatti Lakshmi Roller Flour Mills Limited
CIFL.BO,-0.03436535848949827,0.16505348551481727,-34.27,0.572,-0.2082074085397803,2.8371774161291663,2.837,Yes,Capital India Finance Limited
GKCONS.BO,-0.021914109836394205,0.10504544650942103,-23.35,0.364,-0.20861551418536578,0.6702197949959486,0.67,Yes,G.K. Consultants Limited
EPACK.BO,-0.039544630291430787,0.1889598804146903,-38.38,0.655,-0.209275271579588,2.4782759324373145,2.478,Yes,EPACK Durable Limited
EPACK.NS,-0.03944458024469364,0.18843042345087438,-38.3,0.653,-0.2093323335070529,2.4834740590511526,2.483,Yes,EPACK Durable Limited
MIZVEN.BO,-0.08033970445817594,0.38263176331698107,-63.4,1.325,-0.2099661140562987,-1.7257865888774497,1.726,No,Mizzen Ventures Limited
3BFILMS.BO,-0.05145736047840701,0.24474242765270918,-46.95,0.848,-0.21025108303422274,3.4813596425184645,3.481,Yes,3B Films Limited
GCONNECT.BO,-0.046992465071478626,0.2235054715186492,-43.88,0.774,-0.21025196722111386,1.8806235334345558,1.881,Yes,Gconnect Logitech and Supply Chain Limited
FIL.BO,-0.01136678079032632,0.053966555564905414,-12.82,0.187,-0.21062639020301244,0.6579501937716499,0.658,Yes,Fractal Industries Limited
FLAIR.BO,-0.014973317069152699,0.07101755343296066,-16.56,0.246,-0.21083966351061714,0.8174692774508977,0.817,Yes,Flair Writing Industries Limited
DOMS.BO,-0.008711883325502628,0.041302228576231635,-9.97,0.143,-0.21093010294645678,0.34233212858461437,0.342,Yes,DOMS Industries Limited
PVSL.BO,-0.024127787529161414,0.11429882313094948,-25.4,0.396,-0.21109392790089163,1.2827710006862996,1.283,Yes,Popular Vehicles and Services Limited
ANTGRAPHIC.NS,-0.024636456790502404,0.11670838132208648,-25.87,0.404,-0.2110941520344784,1.8073789683123127,1.807,Yes,Antarctica Limited
TVSELECT.NS,-0.0271251299926337,0.12847545969879037,-28.11,0.445,-0.21113082651136908,0.9663346803720478,0.966,Yes,TVS Electronics Limited
INDOFARM.NS,-0.03206823858027856,0.15182067089830878,-32.37,0.526,-0.21122445573803472,2.172890232761475,2.173,Yes,Indo Farm Equipment Limited
CONSTRONIC.BO,-0.016860250641016185,0.07973834658911061,-18.46,0.276,-0.21144469834440596,0.38579427895916574,0.386,Yes,Constronics Infra Limited
TVSELECT.BO,-0.026983804676104985,0.1275807458190662,-27.98,0.442,-0.21150373830211935,0.9412162932455707,0.941,Yes,TVS Electronics Limited
GOKAKTEX.BO,-0.026931428100411416,0.1273083933682328,-27.94,0.441,-0.21154479597047213,0.6744540580912316,0.674,Yes,Gokak Textiles Limited
DOMS.NS,-0.00879552390164335,0.04155826235546155,-10.06,0.144,-0.21164320650397575,0.32151759343425235,0.322,Yes,DOMS Industries Limited
JACKSON.BO,-0.026246135934862667,0.12393466868214008,-27.32,0.429,-0.211773962959284,1.402203343769132,1.402,Yes,Jackson Investments Limited
UVS.BO,-0.034100208365348356,0.16084210535066684,-34.05,0.557,-0.21201045765350632,0.08979952905205317,0.09,Yes,UVS Hospitality and Services Limited
AGROPHOS.NS,-0.03140455175220537,0.14802632670923846,-31.81,0.513,-0.21215517840885112,2.362714185450947,2.363,Yes,Agro Phos (India) Limited
MISHDESIGN.BO,-0.04103836036030006,0.1934325762640286,-39.52,0.67,-0.21215847481803765,2.030697417960018,2.031,Yes,Mish Designs Limited
PVVINFRA.BO,-0.026232938876955977,0.1235165042327995,-27.31,0.428,-0.21238407806225693,0.9843525178861692,0.984,Yes,PVV Infra Limited
YOGI.BO,-0.008206393543340873,0.038629557320846754,-9.42,0.134,-0.21243819791101326,-0.003973237085731885,0.004,No,Yogi Limited
NSIL.BO,-0.021322227932324776,0.10036704625400505,-22.79,0.348,-0.21244251702260225,1.5634505691765146,1.563,Yes,Nalwa Sons Investments Limited
DODLA.BO,-0.01556642358534005,0.07323853729425374,-17.16,0.254,-0.21254416268307127,1.1776470505170404,1.178,Yes,Dodla Dairy Limited
CROISSANCE.BO,-0.04644930658269912,0.21850226709078363,-43.49,0.757,-0.21258043315129677,1.9308227590479996,1.931,Yes,Croissance Limited
PANABYTE.BO,-0.046704297319207486,0.2194821790720601,-43.67,0.76,-0.21279311840563417,2.6609601629197077,2.661,Yes,Panabyte Technologies Limited
INDOFARM.BO,-0.03202980650762681,0.15051509854084077,-32.34,0.521,-0.21280128583868177,2.1925444645068017,2.193,Yes,Indo Farm Equipment Limited
GICHSGFIN.BO,-0.015743763839353733,0.07395228259397944,-17.34,0.256,-0.21289084375923584,1.2785253042612787,1.279,Yes,GIC Housing Finance Limited
AEIM.BO,-0.03890640919588082,0.18268109629251683,-37.89,0.633,-0.21297446744890453,0.5959295276766372,0.596,Yes,Artificial Electronics Intelligent Material Limited
WAKEFIT.NS,-0.022980777519122305,0.10785797485959693,-24.35,0.374,-0.21306516786577265,0.6885572370915138,0.689,Yes,Wakefit Innovations Limited
BIBCL.BO,-0.021669961910714856,0.10156825106758112,-23.12,0.352,-0.21335369746886923,1.553219156058053,1.553,Yes,Bharat Immunologicals & Biologicals Corporation Limited
MFLINDIA.BO,-0.023753315367280523,0.11132381679238415,-25.06,0.386,-0.2133713705808327,0.9966140300010565,0.997,Yes,MFL India Limited
JMJFIN.BO,-0.028698217597104513,0.1344249685224073,-29.49,0.466,-0.2134887432934069,2.3440077221439792,2.344,Yes,JMJ Fintech Limited
MTPL.BO,-0.07110705655026815,0.3330246995495095,-58.73,1.154,-0.2135188670583785,2.736129991075358,2.736,Yes,Marg Techno-Projects Limited
UNICK.BO,-0.02331577170254923,0.10908807340912123,-24.66,0.378,-0.2137334630075126,-0.1365412251100981,0.137,No,Unick Fix-A-Form and Printers Limited
DELTA.BO,-0.020513515790537888,0.09591044898346283,-22.02,0.332,-0.2138819701915366,0.5368195410804406,0.537,Yes,Delta Industrial Resources Limited
NSIL.NS,-0.021258456927889594,0.09927250532176293,-22.73,0.344,-0.21414244416403608,1.5359393825372667,1.536,Yes,Nalwa Sons Investments Limited
APCL.BO,-0.021945024048199965,0.10245212105900839,-23.38,0.355,-0.21419784989673854,0.7695460813192124,0.77,Yes,Anjani Portland Cement Limited
CIFL.NS,-0.03489597817459721,0.16283781267472705,-34.7,0.564,-0.2142989862207427,2.7343230443194493,2.734,Yes,Capital India Finance Limited
KARNAWATI.BO,-0.03972652870863309,0.18524641204022946,-38.52,0.642,-0.21445235171413624,1.0027593410840874,1.003,Yes,Karnawati Innovation Limited
PVSL.NS,-0.02373696789964659,0.11064309419202874,-25.04,0.383,-0.21453637095912595,1.1579141023655684,1.158,Yes,Popular Vehicles and Services Limited
EUREKAFORB.NS,-0.02111638205511579,0.09831483585739674,-22.59,0.341,-0.21478327122210308,1.2612933168150853,1.261,Yes,Eureka Forbes Limited
CINDHO.BO,-0.01714045190723579,0.07978874122987506,-18.74,0.276,-0.21482293921461118,1.2746849504365216,1.275,Yes,Cindrella Hotels Limited
HERANBA.NS,-0.035563721465399954,0.16552680626550553,-35.24,0.573,-0.21485173469942764,2.637043603788978,2.637,Yes,Heranba Industries Limited
VIKASECO.NS,-0.0373064331140232,0.17360036537710188,-36.63,0.601,-0.21489835596246948,2.3867003605722568,2.387,Yes,Vikas Ecotech Limited
CELEBRITY.NS,-0.034422061290185074,0.1601730952947684,-34.32,0.555,-0.21490538861622022,2.348956847088107,2.349,Yes,Celebrity Fashions Limited
BRNL.NS,-0.02112785466440809,0.09830756913049585,-22.61,0.341,-0.21491584881284637,1.3997608322000876,1.4,Yes,Bharat Road Network Limited
SUMIT.NS,-0.038493267187233414,0.17903543171361735,-37.57,0.62,-0.21500362704074533,0.11742908957491707,0.117,Yes,Sumit Woods Limited
DBCORP.NS,-0.020252493685237734,0.09417337010287202,-21.77,0.326,-0.21505542026492785,1.512367501654209,1.512,Yes,D. B. Corp Limited
JUBLPHARMA.BO,-0.015340995901465376,0.071225085056519,-16.93,0.247,-0.21538754062970772,0.7705555851665775,0.771,Yes,Jubilant Pharmova Limited
GROWWRAIL.NS,-0.0164029786361567,0.07612500379566889,-18.0,0.264,-0.2154742570546833,1.2588869553345798,1.259,Yes,Groww Nifty India Railways PSU ETF
NIMBSPROJ.BO,-0.030451838246282194,0.140767857900219,-31.0,0.488,-0.21632664374183688,0.8949335519375478,0.895,Yes,Nimbus Projects Limited
JUBLPHARMA.NS,-0.015454731181640802,0.07142968661297176,-17.05,0.247,-0.21636285856018575,0.7646652427228313,0.765,Yes,Jubilant Pharmova Limited
DIGITIDE.BO,-0.03337166686164825,0.1541518920108304,-33.46,0.534,-0.21648561315941306,2.4560288516837603,2.456,Yes,Digitide Solutions Limited
ORIENTALTL.NS,-0.04606967596483283,0.2125910452615504,-43.22,0.736,-0.21670562797296278,3.0215902940436354,3.022,Yes,Oriental Trimex Limited
ORIENTALTL.BO,-0.04596906334673558,0.21168212802517686,-43.15,0.733,-0.21716081454579933,3.0010397622752727,3.001,Yes,Oriental Trimex Limited
HONDAPOWER.BO,-0.02246722048570116,0.10342040764476539,-23.87,0.358,-0.2172416546923013,1.199510984965723,1.2,Yes,Honda India Power Products Limited
VASUPRADA.BO,-0.015940965841232876,0.07325212706882443,-17.54,0.254,-0.21761778775728186,1.054496448169274,1.054,Yes,Shri Vasuprada Plantations Limited
WILLAMAGOR.NS,-0.024538194060964524,0.11251382579270283,-25.78,0.39,-0.2180904781086554,1.717716706573551,1.718,Yes,Williamson Magor & Co. Limited
SRAMSET.BO,-0.023761498708452,0.10888851637897085,-25.07,0.377,-0.2182185918095671,1.2097787267352074,1.21,Yes,Shriram Asset Management Company Limited
MAHEPC.BO,-0.027411891253357603,0.12558450104220886,-28.36,0.435,-0.21827447675365996,1.7602637184585432,1.76,Yes,Mahindra EPC Irrigation Limited
HERANBA.BO,-0.03583950700103607,0.16395803425796782,-35.47,0.568,-0.21858951385478925,2.6311093138967445,2.631,Yes,Heranba Industries Limited
DIGITIDE.NS,-0.033493761489535714,0.1530674571089834,-33.56,0.53,-0.2188169982185586,2.440304789447609,2.44,Yes,Digitide Solutions Limited
3PLAND.BO,-0.02355009287029781,0.10740254783427909,-24.87,0.372,-0.2192694060352771,1.5852637727027403,1.585,Yes,3P Land Holdings Limited
KSCL.BO,-0.02312973435803106,0.10541613227274368,-24.48,0.365,-0.21941361212330748,0.7465543407446742,0.747,Yes,Kaveri Seed Company Limited
TRAVELS.BO,-0.06966155446689433,0.31702568738475545,-57.96,1.098,-0.2197347320387644,2.1811359270069337,2.181,Yes,Travels & Rentals Limited
FOODSIN.BO,-0.033394347147944564,0.15168210923308373,-33.47,0.525,-0.22016009216109217,2.2383065825985966,2.238,Yes,Foods and Inns Limited
RCCL.BO,-0.015801753858062095,0.07176579899946056,-17.4,0.249,-0.22018501958266878,0.8023831059572972,0.802,Yes,Rajasthan Cylinders and Containers Limited
VIKASECO.BO,-0.0379238263668045,0.1721961424145499,-37.12,0.597,-0.22023621339614913,2.3958553508863694,2.396,Yes,Vikas Ecotech Limited
KSCL.NS,-0.023109864043326732,0.10476520364969164,-24.46,0.363,-0.22058721062195685,0.7296032861092002,0.73,Yes,Kaveri Seed Company Limited
ARVINDFASN.BO,-0.012068987247723994,0.054615669705037534,-13.56,0.189,-0.22098030314202663,0.6298611217164835,0.63,Yes,Arvind Fashions Limited
SAMTEX.BO,-0.03957784846024856,0.17902348067685672,-38.4,0.62,-0.2210762985425799,2.606791236838371,2.607,Yes,Samtex Fashions Limited
1STCUS.BO,-0.024169757850587684,0.1092898220426965,-25.44,0.379,-0.2211528704031125,0.9639974210392056,0.964,Yes,The First Custodian Fund (India) Ltd.
DBCORP.BO,-0.020504492661881563,0.0926535564164869,-22.01,0.321,-0.22130281291860876,1.4821628653672132,1.482,Yes,D. B. Corp Limited
CONTAINER.BO,-0.024683856730727604,0.11153438759487691,-25.91,0.386,-0.22131162651276712,0.7213685998624534,0.721,Yes,Indus Aluminium Recyclers Limited
DIGIDRIVE.BO,-0.03408263236748905,0.15390921959878465,-34.04,0.533,-0.22144633347070902,2.3615300463282556,2.362,Yes,Digidrive Distributors Limited
AQYLON.BO,-0.09559672264276096,0.43104147011175015,-70.05,1.493,-0.2217808013182048,3.9936862710710312,3.994,Yes,Aqylon Nexus Limited
LAXMIDENTL.BO,-0.034217624936557306,0.154153674694546,-34.15,0.534,-0.2219708677354542,1.6529110544580117,1.653,Yes,Laxmi Dental Limited
NEIL.BO,-0.017885373428962056,0.08055137627381821,-19.47,0.279,-0.22203684476059507,0.7567128070111464,0.757,Yes,Neil Industries Limited
DEVIT.BO,-0.033850669206514084,0.1523861967497248,-33.85,0.528,-0.2221373715501907,1.431831924615484,1.432,Yes,Dev Information Technology Limited
YAASHVI.BO,-0.07580135802866654,0.3410962634112195,-61.17,1.182,-0.2222286379528051,,,,Yaashvi Jewellers Limited
MAGENTA.BO,-0.041867311224836216,0.18767013857964232,-40.14,0.65,-0.2230898934785452,2.5920111378755903,2.592,Yes,Magenta Lifecare Limited
SSDL.NS,-0.030449077695943506,0.13635985858511837,-31.0,0.472,-0.2232994226591737,1.992001223460253,1.992,Yes,Saraswati Saree Depot Limited
MDRC.BO,-0.05014004362306596,0.22438548899490152,-46.06,0.777,-0.22345492949504075,3.261331442051115,3.261,Yes,Modern Diagnostic & Research Centre Limited
BAMBINO.BO,-0.015936012369131395,0.07127201553998279,-17.53,0.247,-0.223594243103613,1.0422302637304406,1.042,Yes,Bambino Agro Industries Limited
DIAMANT.BO,-0.02439831735331046,0.10910169335761553,-25.65,0.378,-0.22362913537315326,0.6465142865415582,0.647,Yes,Diamant Infrastructure Limited
LAXMIDENTL.NS,-0.03420004699124025,0.15289247119263874,-34.14,0.53,-0.22368692666461962,1.6110908604544896,1.611,Yes,Laxmi Dental Limited
SIMPLXREA.BO,-0.024285587581866566,0.10855022258969002,-25.55,0.376,-0.22372674143344579,-0.28389703432678404,0.284,No,Simplex Realty Limited
COSCO.BO,-0.021687400398683186,0.09683305920670804,-23.13,0.335,-0.2239669032079987,1.609689637293456,1.61,Yes,Cosco (India) Limited
AZADIND.BO,-0.032091274240024045,0.14320181148725192,-32.39,0.496,-0.22409824224102687,1.5797844892119202,1.58,Yes,Azad India Mobility Limited
HEXATRADEX.BO,-0.007341982253575141,0.032748644359154096,-8.46,0.113,-0.22419194434602197,0.11491788180913587,0.115,Yes,Hexa Tradex Limited
BOMDYEING.NS,-0.02649893022941965,0.1181694592425873,-27.55,0.409,-0.22424516790773003,1.447260786048079,1.447,Yes,The Bombay Dyeing and Manufacturing Company Limited
MYMONEY.BO,-0.028147612801595525,0.12540445160328267,-29.01,0.434,-0.22445465405518916,-1.2197355506224408,1.22,No,My Money Securities Limited
SIBARAUT.BO,-0.011585964503796798,0.051585642488881894,-13.05,0.179,-0.22459668901659774,0.2765856608087734,0.277,Yes,Sibar Auto Parts Limited
RADHEDE.BO,-0.032073194219879766,0.1426833180529098,-32.37,0.494,-0.22478587306181366,2.2564092389140726,2.256,Yes,Radhe Developers (India) Limited
IGCIL.BO,-0.029817336826622905,0.1326377803469764,-30.46,0.459,-0.22480274284311497,1.5133199898195064,1.513,Yes,IGC Industries Limited
DEVIT.NS,-0.033754031200816915,0.15005384140803196,-33.77,0.52,-0.22494613189562873,1.3223630323482127,1.322,Yes,Dev Information Technology Limited
ARCFIN.BO,-0.03128435302164997,0.1387368382726851,-31.71,0.481,-0.22549420479196058,2.1096679851792777,2.11,Yes,ARC Finance Ltd
RAYALEMA.BO,-0.03614025002144636,0.1601159466485654,-35.71,0.555,-0.22571299597515862,2.4474892687797976,2.447,Yes,Royale Manor Hotels and Industries Limited
SSDL.BO,-0.030477818777835786,0.13491144003232092,-31.02,0.467,-0.22590981736266527,2.041228177531916,2.041,Yes,Saraswati Saree Depot Limited
JAGSONSER.BO,-0.01813043685008215,0.08024022244698506,-19.71,0.278,-0.2259519764175751,0.164504472508869,0.165,Yes,Jagsonpal Services Limited
ZENIFIB.BO,-0.014393279397132197,0.06365793315856533,-15.97,0.221,-0.22610346712451418,0.7798426954300204,0.78,Yes,Zenith Fibres Limited
IFINSER.BO,-0.01673256244752964,0.07396624163838313,-18.33,0.256,-0.22621890847630485,0.8283786132611576,0.828,Yes,Interactive Financial Services Limited
PGCRL.BO,-0.02339747439091633,0.10328941518802041,-24.73,0.358,-0.22652344723150283,-0.09845398042434707,0.098,No,Pearl Green Clubs and Resorts Limited
SHILGRAVQ.BO,-0.03502867170218455,0.15450354280667672,-34.81,0.535,-0.226717595375883,2.128236113296153,2.128,Yes,Shilp Gravures Limited
DCW.NS,-0.028347206702476545,0.12498260801267906,-29.18,0.433,-0.22680921092317755,1.8645076236047449,1.865,Yes,DCW Limited
VAHH.BO,-0.05011162322177388,0.22077515322512478,-46.04,0.765,-0.22698035757074064,,,,Vahh Chemicals Limited
MAHKTECH.NS,-0.017390002991787386,0.07656086717633569,-18.98,0.265,-0.2271395770862231,0.449644003690796,0.45,Yes,Mirae Asset Hang Seng TECH ETF
GVKPIL.BO,-0.03535681861518397,0.15534253004319157,-35.08,0.538,-0.22760552828226327,1.9032304510618456,1.903,Yes,GVK Power & Infrastructure Limited
DIGISPICE.NS,-0.03222079103949899,0.14155778763586818,-32.5,0.49,-0.22761581384968485,2.111477531620785,2.111,Yes,DiGiSPICE Technologies Limited
DABUR.NS,-0.018098659572806833,0.07937861577346392,-19.68,0.275,-0.22800422250317412,1.2539885175351904,1.254,Yes,Dabur India Limited
MKPL.BO,-0.03412965146545283,0.1494247667216366,-34.08,0.518,-0.22840692486428948,2.206678655039861,2.207,Yes,M. K. Proteins Limited
TEXELIN.BO,-0.030218573453691555,0.13222856945824615,-30.8,0.458,-0.22853286228157887,1.3226063215208308,1.323,Yes,Texel Industries Limited
ARVINDFASN.NS,-0.012309446651116744,0.05379473328012265,-13.81,0.186,-0.22882252407532855,0.6286949552758133,0.629,Yes,Arvind Fashions Limited
PAOS.BO,-0.024399166994480446,0.10661462969341136,-25.65,0.369,-0.22885383614466825,0.1211162494589952,0.121,Yes,PAOS Industries Limited
MDRNSTL.BO,-0.022276217506804478,0.09720203670625614,-23.69,0.337,-0.229174390389813,1.513473134766778,1.513,Yes,Modern Steels Limited
HEXATRADEX.NS,-0.007469258057134246,0.0325134075882759,-8.6,0.113,-0.22972855234735856,0.3171739967179512,0.317,Yes,Hexa Tradex Limited
ANDHRAPAP.BO,-0.018422095873330404,0.08011799255407481,-20.0,0.278,-0.2299370626503978,1.1164391820545487,1.116,Yes,Andhra Paper Limited
DELPHIFX.BO,-0.05010701883551758,0.2178964868172457,-46.04,0.755,-0.22995790142106962,3.216810473579628,3.217,Yes,Delphi World Money Limited
PRAXIS.BO,-0.05477711049879374,0.23798708170430571,-49.14,0.824,-0.23016841967436377,3.1215525964247437,3.122,Yes,Praxis Home Retail Limited
EIKO.BO,-0.0100725101920283,0.04375451823249505,-11.44,0.152,-0.2302050302212624,0.1944475667979616,0.194,Yes,Eiko LifeSciences Limited
RFLL.BO,-0.0434730275912558,0.1886326002856026,-41.34,0.653,-0.23046402120012485,0.44214450703276653,0.442,Yes,Rita Finance and Leasing Limited
MULTIBASE.BO,-0.023504112231704236,0.1019172719290806,-24.83,0.353,-0.23061951901596853,1.5398234012848104,1.54,Yes,Multibase India Limited
CNINFOTECH.BO,-0.02675667535722014,0.11583190335092747,-27.78,0.401,-0.2309957324637703,1.0941678781872781,1.094,Yes,CapitalNumbers Infotech Limited
ASRL.BO,-0.03287899967712091,0.14229541357552136,-33.05,0.493,-0.23106155603301173,2.326721326727804,2.327,Yes,Add-Shop E-Retail Limited
SOLIDSTON.BO,-0.01768253637419983,0.07646142814295781,-19.27,0.265,-0.2312608697438829,1.1186827981444074,1.119,Yes,Solid Stone Company Limited
INNOVANA.NS,-0.033284202909683695,0.14391825672098654,-33.38,0.499,-0.23127158199401748,2.019337091609153,2.019,Yes,Innovana Thinklabs Limited
ANDHRAPAP.NS,-0.018022088158713707,0.07782692051165267,-19.61,0.27,-0.23156625034412537,1.0677131667689552,1.068,Yes,Andhra Paper Limited
VAML.NS,-0.0062330571176611145,0.026916058051734627,-7.23,0.093,-0.23157392162257653,,,,Vedanta Aluminium Metal Limited
KAMOPAINTS.BO,-0.04330382335444159,0.18676728603191473,-41.21,0.647,-0.23185978805218518,2.203485944858667,2.203,Yes,Kamdhenu Ventures Limited
DANGEE.NS,-0.02866552168397035,0.12354737965645148,-29.46,0.428,-0.23202047476588042,1.396664473222309,1.397,Yes,Dangee Dums Limited
RTNPOWER.NS,-0.029556678896730124,0.12737780348691288,-30.23,0.441,-0.2320394769546081,1.42234461498295,1.422,Yes,RattanIndia Power Limited
SWASTIVI.BO,-0.031257893054644034,0.1346889619398905,-31.69,0.467,-0.23207464520065071,1.8847474679169753,1.885,Yes,Swasti Vinayaka Synthetics Limited
BCG.BO,-0.03028479570088526,0.13043243030312623,-30.86,0.452,-0.23218762105791557,1.4567272098129065,1.457,Yes,Brightcom Group Limited
RTNPOWER.BO,-0.029402331008782676,0.12658853916541604,-30.1,0.439,-0.2322669271849484,1.4153884474478484,1.415,Yes,RattanIndia Power Limited
CONTPTR.BO,-0.02573817131598145,0.11072779954266261,-26.87,0.384,-0.23244543305554194,1.5300747528250422,1.53,Yes,Continental Petroleums Limited
KAMOPAINTS.NS,-0.0435374237078966,0.1871281681372691,-41.38,0.648,-0.23266098386619932,2.197087556653951,2.197,Yes,Kamdhenu Ventures Limited
BCG.NS,-0.03033324468350681,0.13029202017327826,-30.9,0.451,-0.23280968890624268,1.4508415777254575,1.451,Yes,Brightcom Group Limited
CASPIAN.BO,-0.050523437502992326,0.2170104029121447,-46.32,0.752,-0.23281573982168227,2.57355107798704,2.574,Yes,Caspian Corporate Services Limited
ITCHOTELS.BO,-0.0252854439938608,0.10857789200122042,-26.46,0.376,-0.2328783836913742,1.6340134349996471,1.634,Yes,ITC Hotels Limited
DELPHIFX.NS,-0.05120847031396644,0.21969055519521963,-46.78,0.761,-0.23309363603939182,3.1879700070742647,3.188,Yes,Delphi World Money Limited
VSTL.NS,-0.02453455771147955,0.10523358843026479,-25.78,0.365,-0.23314379066088659,1.3638498249944835,1.364,Yes,Vibhor Steel Tubes Limited
ITCHOTELS.NS,-0.02536574612644837,0.10877223631995789,-26.53,0.377,-0.23320055728038921,1.635591122585478,1.636,Yes,ITC Hotels Limited
HINDWAREAP.BO,-0.037959301269172595,0.16272526023834702,-37.15,0.564,-0.2332723340775294,2.308483846416962,2.308,Yes,Hindware Home Innovation Limited
EVANS.BO,-0.04827389787324266,0.20660478449811853,-44.77,0.716,-0.23365333958992743,2.22599886817795,2.226,Yes,Evans Electric Limited
CITICHEM.BO,-0.04074442407577677,0.17425854504075675,-39.3,0.604,-0.23381593175960003,2.3240791412948787,2.324,Yes,Citichem India Limited
JAINCO.BO,-0.028079729449809077,0.12003008624758517,-28.95,0.416,-0.23393909250293488,0.4870929178352255,0.487,Yes,Jainco Projects (India) Limited
MARATHON.BO,-0.02637575949088695,0.11271833063682922,-27.44,0.39,-0.23399707342959017,1.1899425918155093,1.19,Yes,Marathon Nextgen Realty Limited
DHANFAB.BO,-0.013761199573582935,0.05880707737107488,-15.32,0.204,-0.23400584060230106,-0.2343537951600283,0.234,No,Dhanlaxmi Fabrics Limited
GVKPIL.NS,-0.036068983109993465,0.15377873156367938,-35.65,0.533,-0.23455118105885397,1.905285856716129,1.905,Yes,GVK Power & Infrastructure Limited
KELLTONTEC.NS,-0.03584755570785612,0.152629041332749,-35.47,0.529,-0.23486720086057733,1.5980721590199256,1.598,Yes,Kellton Tech Solutions Limited
DALBHARAT.NS,-0.014297552500835987,0.060834304909392865,-15.87,0.211,-0.23502450668468858,0.7167764107934649,0.717,Yes,Dalmia Bharat Limited
PREMIER.NS,-0.014089169665321997,0.05966723755864712,-15.66,0.207,-0.23612907588479704,0.38884536484520904,0.389,Yes,Premier Limited
HINDWAREAP.NS,-0.03837217956611388,0.1624452548839318,-37.47,0.563,-0.236216069183006,2.2878699696483116,2.288,Yes,Hindware Home Innovation Limited
CHOLAHLDNG.NS,-0.01850863077444264,0.07831334213847205,-20.08,0.271,-0.23634070860768602,1.2935022027848193,1.294,Yes,Cholamandalam Financial Holdings Limited
EPUJA.BO,-0.06278763989114886,0.26561466976982934,-54.07,0.92,-0.23638619036199326,0.7704500268710682,0.77,Yes,Epuja Spiritech Limited
MKPL.NS,-0.03534493153674131,0.14936858415676413,-35.07,0.517,-0.23662895204018522,2.224415113817892,2.224,Yes,M. K. Proteins Limited
PROFINC.BO,-0.05279307164119215,0.2230114207579349,-47.84,0.773,-0.23672810774339564,2.4793696827789273,2.479,Yes,Pro Fin Capital Services Ltd.
METHODHUB.BO,-0.06102535281881879,0.2577495211769783,-53.03,0.893,-0.23676223544530664,2.826653134050022,2.827,Yes,Methodhub Software Limited
SCHAND.NS,-0.022032127680507343,0.09301175160797358,-23.46,0.322,-0.2368746669062687,1.0666521661274735,1.067,Yes,S Chand And Company Limited
BIRLANU.NS,-0.021311860673757024,0.08986400150277292,-22.78,0.311,-0.23715681827388255,1.286448823246313,1.286,Yes,BirlaNu Limited
ZSVARAJT.BO,-0.018556705522394714,0.07822543959103112,-20.13,0.271,-0.2372208532085043,-0.9842944927151787,0.984,No,Svaraj Trading and Agencies Limited
CROWN.NS,-0.025814608234115164,0.10876854919302971,-26.94,0.377,-0.23733522627301404,1.5018922693462289,1.502,Yes,Crown Lifters Limited
ALANKIT.NS,-0.033816033876461475,0.14229308575385344,-33.82,0.493,-0.23765057660607872,1.9004693966670259,1.9,Yes,Alankit Limited
MARATHON.NS,-0.026473322016542476,0.11132240729880015,-27.53,0.386,-0.23780766746703122,1.2056426567624197,1.206,Yes,Marathon Nextgen Realty Limited
TERASOFT.BO,-0.03379430125748384,0.14210042481948165,-33.8,0.492,-0.23781984677677553,1.353841437817958,1.354,Yes,Tera Software Limited
BAJAJHFL.BO,-0.020828630089722005,0.08744541589132256,-22.32,0.303,-0.23819007408699266,1.43308809528689,1.433,Yes,Bajaj Housing Finance Limited
STANBIK.BO,-0.016858692872112314,0.07077182131757444,-18.46,0.245,-0.23821194026450573,-0.7050769550584493,0.705,No,Stanbik Agro Limited
BAJAJHFL.NS,-0.020822685457524723,0.0873422219505016,-22.32,0.303,-0.23840343183993315,1.4309388317809009,1.431,Yes,Bajaj Housing Finance Limited
BKV.BO,-0.013947027443087788,0.058443529339112926,-15.51,0.202,-0.23864108825737593,0.480652876456208,0.481,Yes,BKV Industries Limited
GGPL.BO,-0.04851100233478793,0.20326757180358604,-44.94,0.704,-0.2386558854634387,2.0980491459709674,2.098,Yes,Gala Global Products Limited
KELLTONTEC.BO,-0.035992090698937954,0.1508040172209267,-35.59,0.522,-0.23866798353395202,1.5964034338782431,1.596,Yes,Kellton Tech Solutions Limited
ALANKIT.BO,-0.033942369522380916,0.14214480115580352,-33.93,0.492,-0.23878727358573612,1.8927807244770825,1.893,Yes,Alankit Limited
WESTLEIRES.BO,-0.03394474729377545,0.1421380592225663,-33.93,0.492,-0.23881532841688238,0.6763325386488569,0.676,Yes,West Leisure Resorts Limited
ADSL.BO,-0.03568069559630894,0.149311931002743,-35.34,0.517,-0.23896747806210777,2.2857994066497915,2.286,Yes,Allied Digital Services Limited
INDXTRA.BO,-0.028470982037768357,0.11900144539986503,-29.29,0.412,-0.239249043926324,1.4371663461734265,1.437,Yes,IEL Limited
RAJESHEXPO.BO,-0.05328812920340192,0.22249404137817339,-48.17,0.771,-0.23950362388729332,3.584350750890583,3.584,Yes,Rajesh Exports Limited
SHRIGANG.BO,-0.028315910970972035,0.11817708463195718,-29.16,0.409,-0.23960576671151787,0.037122826206297005,0.037,Yes,Shri Gang Industries & Allied Products Limited
HEADSUP.BO,-0.03216132132581492,0.13418721400531144,-32.45,0.465,-0.23967500602957523,2.2201947757978733,2.22,Yes,Heads UP Ventures Limited
ADSL.NS,-0.03581288390388054,0.14938016860690428,-35.44,0.517,-0.23974322855480618,2.2978645312456956,2.298,Yes,Allied Digital Services Limited
PNC.BO,-0.036778473306757056,0.15337763062880916,-36.22,0.531,-0.23979033419654938,2.473585574758076,2.474,Yes,PNC Media and Entertainment Limited
DALBHARAT.BO,-0.014625323545837943,0.06098195287999407,-16.21,0.211,-0.2398303572635499,0.7283387565544006,0.728,Yes,Dalmia Bharat Limited
SURANAT&P.BO,-0.022720828289225413,0.09469900989703993,-24.1,0.328,-0.23992677762870268,1.3422530255066514,1.342,Yes,Surana Telecom and Power Limited
OSWALAGRO.BO,-0.04572940651015474,0.19029335997200317,-42.98,0.659,-0.24031004821651505,2.773794829636588,2.774,Yes,Oswal Agro Mills Limited
CHOLAHLDNG.BO,-0.018843107961363664,0.07838679852459884,-20.41,0.272,-0.24038624253101037,1.2874879645864097,1.287,Yes,Cholamandalam Financial Holdings Limited
ASTRONMULT.BO,-0.024688511861888782,0.1026630757780209,-25.92,0.356,-0.24048092924149791,1.6734799641403972,1.673,Yes,Astron Multigrain Limited
SKILVEN.BO,-0.017032177183779206,0.07066791831811421,-18.63,0.245,-0.2410171063354129,0.6515471942024686,0.652,Yes,Skyline Ventures India Limited
RAJESHEXPO.NS,-0.05342383542888467,0.22155125563612926,-48.26,0.767,-0.24113533130512588,3.5210748043097073,3.521,Yes,Rajesh Exports Limited
RTNINDIA.BO,-0.0374886501255574,0.15546647827029628,-36.78,0.539,-0.2411365494520246,1.745198133086895,1.745,Yes,RattanIndia Enterprises Limited
RTNINDIA.NS,-0.03740998180158203,0.15511972823867187,-36.72,0.537,-0.24116843309589808,1.7130422422883014,1.713,Yes,RattanIndia Enterprises Limited
TERASOFT.NS,-0.0340733235657068,0.14120943975385658,-34.03,0.489,-0.24129635826825965,1.3406901460677643,1.341,Yes,Tera Software Limited
ACCELYA.BO,-0.016342839090923558,0.06771992552557927,-17.94,0.235,-0.24132984441559252,1.018295693604021,1.018,Yes,Accelya Solutions India Limited
RUSHIL.BO,-0.038261768414811055,0.158085976889078,-37.38,0.548,-0.24203138803170166,2.5674718150192537,2.567,Yes,Rushil Décor Limited
AEPL.BO,-0.03593795927788134,0.14832991966935533,-35.54,0.514,-0.24228395294753236,1.7393885560426345,1.739,Yes,Artemis Electricals and Projects Limited
TRICOMFRU.BO,-0.033228372696161974,0.13704704928868244,-33.34,0.475,-0.2424595995946483,1.5805557992419046,1.581,Yes,Tricom Fruit Products Limited
ACCELYA.NS,-0.01638987008645282,0.06757319320324727,-17.99,0.234,-0.24254988271984157,1.0008410202053153,1.001,Yes,Accelya Solutions India Limited
KITEX.NS,-0.02798754462219467,0.11531778853751225,-28.87,0.399,-0.24269928323409076,1.8260235361563775,1.826,Yes,Kitex Garments Limited
CLENON.BO,-0.01896904223285403,0.07807044922383713,-20.53,0.27,-0.2429733967389833,-0.3185503252064982,0.319,No,Clenon Enterprises Limited
MEHUL.BO,-0.028308726846910118,0.11641646948300262,-29.15,0.403,-0.24316771477976604,1.4410393304153275,1.441,Yes,Mehul Colours Limited
KITEX.BO,-0.028066588514044907,0.11538982486455557,-28.94,0.4,-0.24323278544697882,1.8293818393290793,1.829,Yes,Kitex Garments Limited
JAMESWARREN.BO,-0.022623490512463665,0.09297854404898444,-24.01,0.322,-0.24331947487309327,1.4143985576166185,1.414,Yes,James Warren Tea Limited
GGAUTO.BO,-0.031172248802398116,0.12804812442168761,-31.62,0.444,-0.24344166650767785,1.653178566561762,1.653,Yes,G. G. Automotive Gears Limited
GREENPANEL.BO,-0.03760755686825688,0.15421963040414885,-36.87,0.534,-0.24385713264713646,2.20707769364187,2.207,Yes,Greenpanel Industries Limited
BIRLANU.BO,-0.021680839712968854,0.08890611016307443,-23.13,0.308,-0.24386220107033327,1.285484123120126,1.285,Yes,BirlaNu Limited
HUBTOWN.BO,-0.030240518632538373,0.12392916604765626,-30.82,0.429,-0.24401454150760243,1.8856134825467483,1.886,Yes,Hubtown Limited
CHEMTECH.BO,-0.042545312951131085,0.1742266781682665,-40.65,0.604,-0.24419516803299904,1.5487593667295472,1.549,Yes,Chemtech Industrial Valves Limited
SANINFRA.BO,-0.04391713686207396,0.1797617119393837,-41.66,0.623,-0.2443075134758562,2.5634376766561253,2.563,Yes,Sanmit Infra Limited
FIBERWEB.BO,-0.03406110551214616,0.13933924524837454,-34.02,0.483,-0.24444732316033194,1.7923617846687023,1.792,Yes,Fiberweb (India) Limited
HUBTOWN.NS,-0.030067008494976403,0.12296037772681301,-30.67,0.426,-0.24452599325758193,1.8591243235319663,1.859,Yes,Hubtown Limited
INNOVANA.BO,-0.034962058083809776,0.14297731157306398,-34.76,0.495,-0.24452871367597043,1.9964614368892604,1.996,Yes,Innovana Thinklabs Limited
CHAMBLFERT.NS,-0.0158253520385648,0.06471008212854842,-17.42,0.224,-0.24455774924110416,0.22426024047028736,0.224,Yes,Chambal Fertilisers and Chemicals Limited
HBLEAS.BO,-0.023645111908684867,0.0966009568475746,-24.96,0.335,-0.24477099068484573,1.3992833822017485,1.399,Yes,HB Leasing and Finance Company Limited
DILIGENT.BO,-0.030602908900460482,0.12484054979094185,-31.13,0.432,-0.24513596705323834,1.2075254219978926,1.208,Yes,Diligent Industries Limited
RALLIS.NS,-0.027601644809097124,0.1125211851942897,-28.53,0.39,-0.245301760387944,1.3877136387282119,1.388,Yes,Rallis India Limited
OSWALAGRO.NS,-0.0453544168123079,0.18465454731441217,-42.71,0.64,-0.24561765454431364,2.7460443992479617,2.746,Yes,Oswal Agro Mills Limited
LAXMICOT.NS,-0.03647203855467119,0.14835564310117452,-35.97,0.514,-0.24584193625717526,2.1955440324484266,2.196,Yes,Laxmi Cotspin Limited
KUANTUM.BO,-0.027179939600029103,0.1105293477903299,-28.16,0.383,-0.24590699342213118,1.89392521170808,1.894,Yes,Kuantum Papers Limited
VMS.BO,-0.041583551943944974,0.1690743994775402,-39.93,0.586,-0.2459482456980066,2.2069253989434108,2.207,Yes,VMS Industries Limited
KSE.BO,-0.02039063583141497,0.08285951772137033,-21.9,0.287,-0.24608682734531548,1.413850377794497,1.414,Yes,KSE Limited
NIVAKA.BO,-0.08687233148396106,0.3529649417154311,-66.4,1.223,-0.2461216999675839,-0.15254680141614652,0.153,No,Nivaka Fashions Limited
SCHAND.BO,-0.022719399669091003,0.09229629921252504,-24.1,0.32,-0.24615721175099808,1.0523032699158414,1.052,Yes,S Chand And Company Limited
PALASHSECU.BO,-0.02238193393067215,0.09067559913685388,-23.79,0.314,-0.24683524722998287,1.171922965382928,1.172,Yes,Palash Securities Limited
INDIANVSH.BO,-0.023225730841914375,0.09383564190212203,-24.57,0.325,-0.24751502063726108,1.179982622409098,1.18,Yes,IndiaNivesh Limited
MUL.BO,-0.039643390431432966,0.16003627240360033,-38.46,0.554,-0.24771503257370991,2.4304349737248048,2.43,Yes,Mauria Udyog Limited
BLUECHIP.NS,-0.04171716767602559,0.16835186179482967,-40.03,0.583,-0.24779748338551955,-0.762374588537786,0.762,No,Blue Chip India Limited
GHCL.NS,-0.022890310525778387,0.09235115041193376,-24.26,0.32,-0.2478616717136256,1.3907448197825916,1.391,Yes,GHCL Limited
IOB.NS,-0.01586168811366566,0.06391595860150769,-17.46,0.221,-0.24816475354077697,1.105094668606485,1.105,Yes,Indian Overseas Bank
KUANTUM.NS,-0.02725792297072529,0.10979465647182339,-28.23,0.38,-0.24826274653649005,1.8917137378941968,1.892,Yes,Kuantum Papers Limited
SUNDARAM.NS,-0.03148331763510392,0.12677383111648274,-31.88,0.439,-0.24834240124979984,2.066988875950775,2.067,Yes,Sundaram Multi Pap Limited
SHREERAMA.BO,-0.027995305094263755,0.11252925089599426,-28.88,0.39,-0.24878247096960202,0.5552694692674931,0.555,Yes,Shree Rama Multi-Tech Limited
CMRGREEN.NS,-0.03532281812983564,0.14184200951322282,-35.05,0.491,-0.24902931262083375,,,,CMR Green Technologies Limited
IOB.BO,-0.015901119195430767,0.06382040178844907,-17.5,0.221,-0.24915416935386217,1.1047404235436047,1.105,Yes,Indian Overseas Bank
SURANAT&P.NS,-0.02303962839206055,0.09238041664255311,-24.4,0.32,-0.2493994856205035,1.2743342634150665,1.274,Yes,Surana Telecom and Power Limited
AWFIS.BO,-0.05233009964880359,0.20961854957658854,-47.53,0.726,-0.24964441245541436,2.919189492140246,2.919,Yes,Awfis Space Solutions Limited
BODHTREE.BO,-0.05738444400220999,0.2298151706653202,-50.79,0.796,-0.24969824157422116,3.12040995690848,3.12,Yes,Bodhtree Consulting Limited
ATHENAGLO.BO,-0.033850524881336934,0.13555891721037874,-33.85,0.47,-0.24971079422833609,1.6713176451310954,1.671,Yes,Athena Global Technologies Limited
IPOWER.BO,-0.020706355544999076,0.08287321886242167,-22.2,0.287,-0.24985581384709843,0.23778117009388333,0.238,Yes,i Power Solutions India Limited
AWFIS.NS,-0.05226579284088106,0.20908634184546812,-47.49,0.724,-0.2499722955577354,2.913299865231529,2.913,Yes,Awfis Space Solutions Limited
GREENPANEL.NS,-0.038254824982275434,0.1525595523186856,-37.38,0.528,-0.2507533904030076,2.1787559024678402,2.179,Yes,Greenpanel Industries Limited
ROUTE.NS,-0.03198064758266564,0.1275233446856906,-32.3,0.442,-0.25078269129067304,1.8054417549298032,1.805,Yes,Route Mobile Limited
PILANIINVS.NS,-0.016514281041598616,0.06583471031404106,-18.11,0.228,-0.2508445919002774,0.9612285936509011,0.961,Yes,Pilani Investment and Industries Corporation Limited
TTL.BO,-0.03236727737138342,0.12891610380975152,-32.62,0.447,-0.25107241387894846,0.28137547461022033,0.281,Yes,T.T. Limited
SHREENATH.BO,-0.04353853101104721,0.17262974323172148,-41.38,0.598,-0.2522075871514522,2.2524074091683195,2.252,Yes,Shreenath Paper Products Limited
AIROLAM.NS,-0.018920485068708397,0.07497232990213155,-20.48,0.26,-0.2523662408972362,0.5536848285937975,0.554,Yes,Airo Lam Limited
VAMA.BO,-0.03660202454990374,0.144686753797125,-36.08,0.501,-0.2529742605271654,2.0235195530470795,2.024,Yes,Vama Industries Limited
GLOBTIER.BO,-0.05082356232686757,0.20087796519841,-46.52,0.696,-0.2530071542524259,2.76701770925723,2.767,Yes,Globtier Infotech Limited
SMLT.NS,-0.03442509552402673,0.13602535135214183,-34.32,0.471,-0.2530785267733453,1.9896269917535772,1.99,Yes,Sarthak Metals Limited
ROUTE.BO,-0.032011471745414175,0.12642263072368856,-32.32,0.438,-0.25320997959122515,1.7985921128048463,1.799,Yes,Route Mobile Limited
SHREERAMA.NS,-0.028684906799654433,0.11327563567870302,-29.48,0.392,-0.25323103797021984,0.6467150503898234,0.647,Yes,Shree Rama Multi-Tech Limited
VPRPL.NS,-0.0626697902251616,0.24643052706403717,-54.0,0.854,-0.2543101740348763,2.6862199846749606,2.686,Yes,Vishnu Prakash R Punglia Limited
RUSHIL.NS,-0.03913566362217801,0.153695405036226,-38.06,0.532,-0.25463131843761844,2.499114211208425,2.499,Yes,Rushil Décor Limited
FIBERWEB.NS,-0.034927531079384976,0.13703876396535944,-34.73,0.475,-0.2548733662557985,1.8388242993866957,1.839,Yes,Fiberweb (India) Limited
BELLACASA.BO,-0.0339762822288864,0.1332904968138802,-33.95,0.462,-0.25490401072125257,2.0542280405626197,2.054,Yes,Bella Casa Fashion & Retail Limited
SSTL.BO,-0.043530519475791625,0.17070738986445072,-41.38,0.591,-0.25500079118049196,0.2562697066884627,0.256,Yes,Safa Systems & Technologies Limited
VPRPL.BO,-0.06276302035535601,0.2460049025244902,-54.06,0.852,-0.2551291446279525,2.6792100824165037,2.679,Yes,Vishnu Prakash R Punglia Limited
NILASPACES.NS,-0.0239725608598841,0.0938846917921579,-25.26,0.325,-0.2553404650137703,1.5348124776828127,1.535,Yes,Nila Spaces Limited
SPENCERS.BO,-0.042848167370338884,0.1677926128451111,-40.88,0.581,-0.2553638485258699,2.259646075776341,2.26,Yes,Spencer's Retail Limited
BOHRAIND.NS,-0.04185127889754492,0.16309444969655543,-40.13,0.565,-0.25660762199701526,1.4408859624963661,1.441,Yes,Bohra Industries Limited
META.BO,-0.056915199300238244,0.22166554963950555,-50.5,0.768,-0.25676159147327754,1.3348434245582608,1.335,Yes,String Metaverse Limited
ABIRAFN.BO,-0.02088297018622948,0.0813309258259357,-22.37,0.282,-0.256765430543889,0.4960042135984952,0.496,Yes,Abirami Financial Services (India) Limited
RISAINTL.BO,-0.03380118103218832,0.1315353783553662,-33.81,0.456,-0.25697406625363123,1.2528652706580434,1.253,Yes,Risa International Limited
HEIDELBERG.NS,-0.01931792973424406,0.07516434722737414,-20.87,0.26,-0.25700921310214814,1.1301269148205528,1.13,Yes,HeidelbergCement India Limited
BELLACASA.NS,-0.033835311458398645,0.13164554582655952,-33.84,0.456,-0.257018277724155,1.998250200529745,1.998,Yes,Bella Casa Fashion & Retail Limited
STDSHOE.BO,-0.01687186131211192,0.06560150559678904,-18.47,0.227,-0.25718710506146886,0.7213039694523156,0.721,Yes,Standard Shoe Sole and Mould (India) Limited
CMRGREEN.BO,-0.03618813890464717,0.14068494432796153,-35.74,0.487,-0.25722822777884613,,,,CMR Green Technologies Limited
PRITI.NS,-0.045998942550946234,0.17879564964292474,-43.17,0.619,-0.25727103899234327,2.9886331037526612,2.989,Yes,Priti International Limited
AKSHAR.NS,-0.027732076305607135,0.10775252233344777,-28.64,0.373,-0.25736823329098757,1.1689563194771102,1.169,Yes,Akshar Spintex Limited
ABRIL.BO,-0.025872802641757422,0.10050989443106856,-26.99,0.348,-0.2574154792243011,1.0443116036037867,1.044,Yes,Abril Paper Tech Limited
VSFPROJ.BO,-0.033219452735376756,0.12872855547698275,-33.33,0.446,-0.2580581488876922,1.9845639649795586,1.985,Yes,VSF Projects Limited
YOGISUNG.BO,-0.045081262401549554,0.17454776371036454,-42.51,0.605,-0.2582746489743349,-0.3143162510602091,0.314,No,Yogi Infra Projects Limited
KANISHK.BO,-0.05470076665303827,0.2117679288338305,-49.09,0.734,-0.2583052445866849,2.43218143172958,2.432,Yes,Kanishk Aluminium India Limited
VSTL.BO,-0.02592398141642519,0.10035837595325717,-27.04,0.348,-0.25831407862259076,1.2880921187307823,1.288,Yes,Vibhor Steel Tubes Limited
SMLT.BO,-0.03537792062421292,0.13690453838839864,-35.09,0.474,-0.25841305949877014,1.9217726044082708,1.922,Yes,Sarthak Metals Limited
LIBERTSHOE.NS,-0.02355439577934458,0.09099486994758958,-24.88,0.315,-0.2588541067525151,1.321803585917862,1.322,Yes,Liberty Shoes Ltd.
HAPPSTMNDS.BO,-0.019898334088737278,0.07677291199506073,-21.43,0.266,-0.2591843082624958,0.18634199089111372,0.186,Yes,Happiest Minds Technologies Limited
NACDAC.BO,-0.04163688673161761,0.1605219633236459,-39.97,0.556,-0.2593843600558817,1.5768359917672972,1.577,Yes,Nacdac Infrastructure Limited
AJOONI.NS,-0.02437383297810386,0.09393548239224864,-25.63,0.325,-0.2594741875740358,0.8971058783932937,0.897,Yes,Ajooni Biotech Limited
KAMATS.BO,-0.039649271738375395,0.1527160222490474,-38.46,0.529,-0.2596274520149291,2.400979348053879,2.401,Yes,Vikram Kamats Hospitality Limited
SPENCERS.NS,-0.04384364354620296,0.16876771271098756,-41.61,0.585,-0.2597869156482829,2.236108149555702,2.236,Yes,Spencer's Retail Limited
PNC.NS,-0.04056926191460087,0.15602486530950177,-39.16,0.54,-0.2600179262076263,2.55973068450111,2.56,Yes,PNC Media and Entertainment Limited
TOKYOFIN.BO,-0.020540082524492378,0.07893815855726402,-22.05,0.273,-0.2602047336788583,0.48813238994730024,0.488,Yes,Tokyo Finance Limited
KALAMANDIR.NS,-0.03826362653096598,0.1470327805085166,-37.39,0.509,-0.26023874675178055,1.7595412814213485,1.76,Yes,Sai Silks (Kalamandir) Limited
HAPPSTMNDS.NS,-0.019874346423072023,0.07627061045637284,-21.41,0.264,-0.26057673203547055,0.18893369235231883,0.189,Yes,Happiest Minds Technologies Limited
MIDCAP.NS,-0.07228962918247826,0.27722761932001966,-59.36,0.96,-0.2607591168577984,1.2279299649177358,1.228,Yes,Kotak Nifty Midcap 50 ETF
VEEFIN.BO,-0.0359013303350568,0.13757370787735868,-35.52,0.477,-0.26096069437236774,1.3733625443194908,1.373,Yes,Veefin Solutions Limited
PALASHSECU.NS,-0.02262270747524615,0.08662114519611228,-24.01,0.3,-0.2611684182196832,1.1544757051799337,1.154,Yes,Palash Securities Limited
FRANKLIN.BO,-0.015177835462236465,0.05810630382961336,-16.77,0.201,-0.26120806972583954,0.3022066071222654,0.302,Yes,Franklin Leasing and Finance Limited
SYMPHONY.NS,-0.031225493058071964,0.11947998000092867,-31.66,0.414,-0.26134498062210304,1.551920847936114,1.552,Yes,Symphony Limited
DNAMEDIA.BO,-0.03734845512774069,0.1426278797346809,-36.67,0.494,-0.26185942886634084,2.3047307017875722,2.305,Yes,Diligent Media Corporation Limited
KHADIM.BO,-0.050884568603491005,0.19427506276710607,-46.56,0.673,-0.2619202273247526,2.2726352616059122,2.273,Yes,Khadim India Limited
NPRFIN.BO,-0.03622065016254357,0.13828127054780365,-35.77,0.479,-0.261934606321267,1.8851583951261348,1.885,Yes,NPR Finance Limited
FLFL.NS,-0.029887685852740233,0.11408054699070339,-30.52,0.395,-0.2619875749296314,0.7915280549201671,0.792,Yes,Future Lifestyle Fashions Limited
NATHIND.BO,-0.034327260925812675,0.13097710092415268,-34.24,0.454,-0.26208597291896996,1.598851218533143,1.599,Yes,Nath Industries Limited
SWADPOL.BO,-0.037876918176237444,0.1442694029569919,-37.08,0.5,-0.26254297446235997,2.3683473680910216,2.368,Yes,Swadeshi Polytex Limited
TDSL.BO,-0.03850902507167429,0.14647815273679624,-37.58,0.507,-0.2628994450856464,1.9807267110715887,1.981,Yes,Tasty Dairy Specialities Limited
KALAMANDIR.BO,-0.038449491096051294,0.14619360215326874,-37.53,0.506,-0.26300392445177606,1.7303092988531348,1.73,Yes,Sai Silks (Kalamandir) Limited
HIMATSEIDE.NS,-0.03841092465466589,0.1453333297837701,-37.5,0.503,-0.2642953595834793,2.437699538669807,2.438,Yes,Himatsingka Seide Limited
AEONXDIGI.BO,-0.0435841154457438,0.16484291172262666,-41.42,0.571,-0.26439787425667854,2.581026246243533,2.581,Yes,Aeonx Digital Technology Limited
PERFEPA.BO,-0.020847121124115367,0.07880930257111997,-22.34,0.273,-0.2645261465840568,0.771074282573941,0.771,Yes,Perfectpac Limited
KHADIM.NS,-0.051152979477760784,0.19315620247800377,-46.75,0.669,-0.26482700954729105,2.266285201200078,2.266,Yes,Khadim India Limited
NOVIS.BO,-0.022295489588759765,0.08392072445782515,-23.71,0.291,-0.2656732259260285,1.0867958450582336,1.087,Yes,Nova Iron & Steel Limited
USHAKIRA.BO,-0.030899202375897713,0.11623745301479117,-31.38,0.403,-0.26582828145731824,-0.613572821077654,0.614,No,Ushakiran Finance Limited
CCLINTER.BO,-0.02104799406653313,0.07912239760072941,-22.53,0.274,-0.26601815294761866,1.1738814276001532,1.174,Yes,CCL International Limited
INCREDIBLE.BO,-0.028132836308520016,0.10573546202746523,-29.0,0.366,-0.26606812671052965,1.2428458537979432,1.243,Yes,Incredible Industries Limited
AKSHAR.BO,-0.02799054660394237,0.10512132490823572,-28.87,0.364,-0.2662689671042136,1.315778508213429,1.316,Yes,Akshar Spintex Limited
SANBLUE.BO,-0.04958136590788454,0.18563453529710314,-45.68,0.643,-0.26709128141771077,2.495145233227838,2.495,Yes,Sanblue Corporation Limited
LIBERTSHOE.BO,-0.023690255302429287,0.08862057725751926,-25.0,0.307,-0.26732228603734604,1.2716210371637924,1.272,Yes,Liberty Shoes Ltd.
NDASEC.BO,-0.03104918865936074,0.11611801440006284,-31.51,0.402,-0.26739338267003593,0.43200392792848186,0.432,Yes,NDA Securities Limited
FINOPB.NS,-0.04384730394109593,0.16337250543604148,-41.61,0.566,-0.26838851386937723,2.849863978742523,2.85,Yes,Fino Payments Bank Limited
FINOPB.BO,-0.043809343813660306,0.16292290636935558,-41.58,0.564,-0.2688961594776735,2.8394881451521994,2.839,Yes,Fino Payments Bank Limited
HARYNACAP.BO,-0.02639811260473248,0.09798278186419956,-27.46,0.339,-0.2694158310520237,1.4396163149649537,1.44,Yes,Haryana Capfin Limited
BANKNIFTY1.NS,-0.07574501367892818,0.2810227265542548,-61.14,0.973,-0.26953340965576567,1.6416806733990688,1.642,Yes,Kotak Nifty Bank ETF
SHAQUAK.BO,-0.02517552044880406,0.09339381468956263,-26.36,0.324,-0.26956303832846423,0.465957655457153,0.466,Yes,52 Weeks Entertainment Limited
THOMASCOOK.NS,-0.02859329946187824,0.10604719356541131,-29.4,0.367,-0.269628063700163,1.1651789059805868,1.165,Yes,Thomas Cook (India) Limited
MBLINFRA.BO,-0.041222913959640554,0.1528271292448959,-39.66,0.529,-0.26973557746794696,2.294916108419655,2.295,Yes,MBL Infrastructure Limited
EIDPARRY.NS,-0.019882644830480595,0.07365671816256081,-21.42,0.255,-0.26993661035235755,1.071220811343635,1.071,Yes,E.I.D.- Parry (India) Limited
INDONG.BO,-0.037311774711113514,0.13817873016622856,-36.64,0.479,-0.27002545664030614,0.9681837493823234,0.968,Yes,Indong Tea Company Limited
SYNGENE.NS,-0.03219052747166776,0.11900847012359599,-32.47,0.412,-0.2704893814552557,1.3718751956860937,1.372,Yes,Syngene International Limited
SAKTHIFIN.BO,-0.03411088789582612,0.12608138468620597,-34.06,0.437,-0.2705465837064054,1.1876982163457952,1.188,Yes,Sakthi Finance Limited
GORANIN.BO,-0.03939076524115023,0.14538282303437064,-38.26,0.504,-0.2709451118020846,2.27701647278301,2.277,Yes,Gorani Industries Limited
SYNGENE.BO,-0.03224412423960067,0.11900441369871795,-32.52,0.412,-0.2709489777516382,1.3714880329334893,1.371,Yes,Syngene International Limited
SOUTHERNIN.BO,-0.018815864036862872,0.06941690458042957,-20.38,0.24,-0.27105593587887455,0.8670827413242737,0.867,Yes,Southern Infoconsultants Limited
TCIIND.BO,-0.020443114079238812,0.07530113968100487,-21.95,0.261,-0.2714847898164774,0.8296724311945439,0.83,Yes,TCI Industries Limited
BRIGHOTEL.BO,-0.026013829958282133,0.09558758827998536,-27.12,0.331,-0.27214652473587986,1.2543526206103215,1.254,Yes,Brigade Hotel Ventures Limited
SHREYANIND.NS,-0.04076229001777007,0.14966133656969183,-39.31,0.518,-0.27236353056882234,2.0328720849290827,2.033,Yes,Shreyans Industries Limited
VIVIDHA.NS,-0.036314002178654776,0.1332648022782255,-35.85,0.462,-0.2724950741519857,1.8686716551061675,1.869,Yes,Visagar Polytex Limited
AUSTERE.BO,-0.02523541465316724,0.09258668297000573,-26.41,0.321,-0.27255987409487903,0.7306376564933159,0.731,Yes,Austere Systems Limited
BIKAJI.NS,-0.014204840360006143,0.05210419594121749,-15.78,0.18,-0.2726237321852476,0.5438902074884785,0.544,Yes,Bikaji Foods International Limited
COTFAB.BO,-0.049195310854088986,0.18044986340717414,-45.41,0.625,-0.2726259245931528,2.3493026733307913,2.349,Yes,United Cotfab Limited
NILASPACES.BO,-0.024397407055424945,0.08949041355697097,-25.65,0.31,-0.27262592813802544,1.4329195562336092,1.433,Yes,Nila Spaces Limited
ITCONS.BO,-0.05457234526255461,0.1999960695734201,-49.0,0.693,-0.27286708873306476,3.022295723251098,3.022,Yes,Itcons E-Solutions Limited
GOPAL.BO,-0.01870756679388984,0.06849109147945909,-20.28,0.237,-0.27313868694150334,0.8057384983362202,0.806,Yes,Gopal Snacks Limited
GOPAL.NS,-0.01867438624791865,0.06829142499810016,-20.25,0.237,-0.27345140694367065,0.7886532886846472,0.789,Yes,Gopal Snacks Limited
DBEIL.NS,-0.0645141509881156,0.2354718941322093,-55.08,0.816,-0.27397813750074623,3.2414287372980497,3.241,Yes,Deepak Builders & Engineers India Limited
KRSNAA.BO,-0.024192831773612956,0.08805138966168165,-25.46,0.305,-0.27475809145737123,1.4156579556808808,1.416,Yes,Krsnaa Diagnostics Limited
TILAK.BO,-0.0605515363792573,0.22036981574836328,-52.74,0.763,-0.27477236922682785,1.375773609525562,1.376,Yes,Tilak Ventures Limited
VISTAPH.BO,-0.03392448183477123,0.12344986841673264,-33.91,0.428,-0.27480370995821196,1.0507500002347425,1.051,Yes,Vista Pharmaceuticals Limited
PROTEAN.BO,-0.03666134456349028,0.13338355428805687,-36.12,0.462,-0.2748565575356911,1.7495435269011224,1.75,Yes,Protean eGov Technologies Limited
JAMSHRI.BO,-0.01905728466998022,0.0693339373932048,-20.62,0.24,-0.27486228802935353,0.8297225450412591,0.83,Yes,Jamshri Realty Limited
EY.BO,-0.03118224349335534,0.11342103425756149,-31.62,0.393,-0.2749246971469624,-0.5191048537814972,0.519,No,Eyantra Ventures Limited
TARAPUR.BO,-0.04618747408169697,0.16798273649465123,-43.3,0.582,-0.2749536949183325,1.2566401144267492,1.257,Yes,Tarapur Transformers Limited
QUESTCAP.BO,-0.023804742641200027,0.08645605815363015,-25.11,0.299,-0.27533920872149437,1.1745837873048612,1.175,Yes,Quest Capital Markets Limited
KRSNAA.NS,-0.024334169337951392,0.0883669056457533,-25.59,0.306,-0.27537650164534005,1.4285869738260981,1.429,Yes,Krsnaa Diagnostics Limited
PROTEAN.NS,-0.036773213504332714,0.1334359258168048,-36.21,0.462,-0.2755870525814685,1.7524426554810302,1.752,Yes,Protean eGov Technologies Limited
INFOMEDIA.BO,-0.027533821612022693,0.09990017660158149,-28.47,0.346,-0.2756133427254303,1.0442644600646713,1.044,Yes,Infomedia Press Limited
DBEIL.BO,-0.06497545948770493,0.23565422014242807,-55.34,0.816,-0.2757237254161378,3.250089124203723,3.25,Yes,Deepak Builders & Engineers India Limited
AVEER.BO,-0.021193716372523538,0.07675955325259871,-22.67,0.266,-0.27610525953401144,0.6159610765718876,0.616,Yes,Aveer Foods Limited
RASSIREF.BO,-0.03305204535795436,0.11968666426125929,-33.19,0.415,-0.2761547876863404,0.5953613179908195,0.595,Yes,Raasi Refractories Limited
CAPILLARY.NS,-0.02527200289644732,0.09143682060264918,-26.45,0.317,-0.2763875945147979,1.0577426447430156,1.058,Yes,Capillary Technologies India Limited
RIKHAV.BO,-0.03311619175939293,0.1197827375734349,-33.24,0.415,-0.27646881704544835,1.3534656496852804,1.353,Yes,Rikhav Securities Limited
AJMERA.NS,-0.038158403185607974,0.13766236309978253,-37.3,0.477,-0.27718834927996566,2.4119057254960783,2.412,Yes,Ajmera Realty & Infra India Limited
CAPILLARY.BO,-0.0253884032534999,0.09158891407455073,-26.55,0.317,-0.2771995225626812,1.0529375989615304,1.053,Yes,Capillary Technologies India Limited
BRIGHOTEL.NS,-0.026134293781113017,0.09411068215735154,-27.22,0.326,-0.2776974216106191,1.2089188675371312,1.209,Yes,Brigade Hotel Ventures Limited
BIKAJI.BO,-0.014397044677577481,0.05176782837037512,-15.97,0.179,-0.27810795103424496,0.5469297385585478,0.547,Yes,Bikaji Foods International Limited
AGSTRA.BO,-0.04602761298072548,0.16533092711225578,-43.19,0.573,-0.27839687216822917,2.738099325179648,2.738,Yes,AGS Transact Technologies Limited
HATHWAYB.BO,-0.025787405992306143,0.09261477505640345,-26.91,0.321,-0.2784372793282856,1.0939283715695187,1.094,Yes,Hathway Bhawani Cabletel & Datacom Limited
TTL.NS,-0.03447557476983225,0.12380652936904092,-34.36,0.429,-0.27846330032455635,0.26941390542543353,0.269,Yes,T.T. Limited
ANJANIFIN.BO,-0.027257928098902765,0.09786131117222267,-28.23,0.339,-0.2785363058434042,1.727860066875445,1.728,Yes,Anjani Finance Limited
VJTFEDU.BO,-0.035427023121307,0.1270059434210748,-35.13,0.44,-0.2789398839694647,-0.13814749855741484,0.138,No,VJTF Eduservices Limited
AJMERA.BO,-0.038261784042914165,0.13707503017635042,-37.38,0.475,-0.2791302252035942,2.3830073806660916,2.383,Yes,Ajmera Realty & Infra India Limited
SYSTMTXC.BO,-0.05478891598983691,0.19579881435085195,-49.14,0.678,-0.27982251154831117,3.349218708680628,3.349,Yes,Systematix Corporate Services Limited
METROBRAND.BO,-0.0261329139817417,0.09333967296847552,-27.22,0.323,-0.2799764896387393,1.2026948279222887,1.203,Yes,Metro Brands Limited
PROMAX.BO,-0.06459167202526586,0.23018630158377926,-55.12,0.797,-0.2806060637876702,2.791125373007322,2.791,Yes,Promax Power Limited
JUNIPER.BO,-0.021833057507535773,0.0777819064418709,-23.27,0.269,-0.28069583925475483,0.7753158690963368,0.775,Yes,Juniper Hotels Limited
ODYSSEY.BO,-0.051501476541539866,0.18346039700020253,-46.98,0.636,-0.2807225830950481,3.041225668762994,3.041,Yes,Odyssey Technologies Limited
MEDICAPQ.BO,-0.02802693215238711,0.09972625887102356,-28.9,0.345,-0.28103863986950994,1.0373936574692844,1.037,Yes,Medi-Caps Limited
UGROCAP.BO,-0.04701522709475012,0.1671539082143243,-43.89,0.579,-0.2812690866579519,2.8381849090546996,2.838,Yes,UGRO Capital Limited
TARAPUR.NS,-0.0473607243238161,0.1683669393312227,-44.13,0.583,-0.2812946800122375,1.1967072997239905,1.197,Yes,Tarapur Transformers Limited
ABINFRA.NS,-0.035522565360303626,0.12621279520919942,-35.21,0.437,-0.28144979517666563,0.7763903451107897,0.776,Yes,A B Infrabuild Limited
STUDDS.BO,-0.019770800069911394,0.07009289513993879,-21.31,0.243,-0.28206567913109404,1.1384979553930166,1.138,Yes,Studds Accessories Limited
NEXXUS.BO,-0.03242359935325551,0.11494331839933378,-32.67,0.398,-0.28208337643959513,-0.5035244981231259,0.504,No,Nexxus Petro Industries Limited
UGROCAP.NS,-0.04703405252975271,0.16673585000495036,-43.9,0.578,-0.28208722076479814,2.8309549268051843,2.831,Yes,UGRO Capital Limited
JUNIPER.NS,-0.021741222971732633,0.07706824038912867,-23.19,0.267,-0.28210353398440213,0.7682921861089943,0.768,Yes,Juniper Hotels Limited
JSHL.BO,-0.0648940269452141,0.22933625937911958,-55.3,0.794,-0.2829645304275095,-1.6335470032039203,1.634,No,JLA Infraville Shoppers Limited
RKDL.BO,-0.02759952709533481,0.0974361803081202,-28.53,0.338,-0.28325748205704965,1.1464123906558206,1.146,Yes,Ravi Kumar Distilleries Limited
CEEJAY.BO,-0.017627496148224463,0.06218371152530599,-19.22,0.215,-0.28347449381580997,-0.16842093473744646,0.168,No,Ceejay Finance Limited
RFSL.BO,-0.03800718253672703,0.1339810924464794,-37.19,0.464,-0.28367571754133536,1.1881747750943485,1.188,Yes,Richfield Financial Services Limited
GBLOGISTIC.BO,-0.04646753780481712,0.1638044411930452,-43.5,0.567,-0.283676910506075,0.6616471722445493,0.662,Yes,GB Logistics Commerce Limited
NTCIND.BO,-0.02433723921279988,0.08577306956013986,-25.6,0.297,-0.28373986541003765,0.5824227294574592,0.582,Yes,ntc industries limited
MRP.BO,-0.010636051636173002,0.03746851665715036,-12.04,0.13,-0.2838663652873286,0.6482019815875285,0.648,Yes,MRP Agro Limited
METROBRAND.NS,-0.026117772028880135,0.09197766684040548,-27.21,0.319,-0.283957757639126,1.1600987134260081,1.16,Yes,Metro Brands Limited
TEAMLEASE.BO,-0.02542576656000496,0.089477976840727,-26.59,0.31,-0.2841566993100822,0.4537920410377801,0.454,Yes,TeamLease Services Limited
SAFARI.BO,-0.028006061619302632,0.09853591345304667,-28.88,0.341,-0.28422187036047314,1.270348524685747,1.27,Yes,Safari Industries (India) Limited
INFOMEDIA.NS,-0.02590197663374179,0.09108660800570573,-27.02,0.316,-0.2843664639715124,0.8162180366668217,0.816,Yes,Infomedia Press Limited
HINDUST.BO,-0.035522241771869446,0.12473576025114337,-35.21,0.432,-0.2847799356042634,-0.5788857987717041,0.579,No,Hindustan Agrigenetics Limited
MBLINFRA.NS,-0.04288436557764885,0.15055717963995957,-40.9,0.522,-0.2848377319514217,2.319773276670952,2.32,Yes,MBL Infrastructure Limited
HEADSUP.NS,-0.03289103332663911,0.11537851610475365,-33.06,0.4,-0.28507069112222694,1.7621301499659487,1.762,Yes,Heads UP Ventures Limited
OMPOWER.NS,-0.02416022159996084,0.08473816914745981,-25.43,0.294,-0.2851161624452573,1.3858462696904845,1.386,Yes,Om Power Transmission Limited
OLATECH.BO,-0.0662022434622484,0.2321577419238555,-56.04,0.804,-0.28516061068496185,2.3214086573875576,2.321,Yes,Olatech Solutions Limited
IFL.BO,-0.05099574258457563,0.1787702691594535,-46.64,0.619,-0.28525852103008337,2.541092505784983,2.541,Yes,IFL Enterprises Limited
GROWWSLVR.BO,-0.03176210878022919,0.11107211811324604,-32.11,0.385,-0.28595933272691737,-4.601577866367067,4.602,No,GROWW MUTUAL FUND  PERMITTED
CHLLTD.BO,-0.01928024841580297,0.06741591190027417,-20.83,0.234,-0.2859895812775405,0.5866756518123949,0.587,Yes,CHL Limited
ECOSMOBLTY.NS,-0.0503299885025547,0.17586151649612886,-46.19,0.609,-0.2861910297678036,2.5176013623991453,2.518,Yes,Ecos (India) Mobility & Hospitality Limited
JETSOLAR.BO,-0.0536559937138626,0.18746416210576708,-48.41,0.649,-0.2862200065929932,0.15096638751513092,0.151,Yes,Jet Solar Limited
SICAPIT.BO,-0.05563433918325966,0.19392853941069932,-49.69,0.672,-0.2868806177384649,-1.169729871444672,1.17,No,SI Capital & Financial Services Limited
STUDDS.NS,-0.0198925525770939,0.06922923269431888,-21.43,0.24,-0.2873432479734292,1.1315139678271764,1.132,Yes,Studds Accessories Limited
POOJA.BO,-0.04142251475774698,0.1440249436779099,-39.81,0.499,-0.2876065332848329,2.071216970347043,2.071,Yes,Poojawestern Metaliks Limited
NATPLAS.BO,-0.026878234566125096,0.09339889742233107,-27.89,0.324,-0.28777892788805753,1.5115225371074548,1.512,Yes,National Plastic Industries Limited
ACL.BO,-0.046923898748210784,0.16300711163118572,-43.83,0.565,-0.2878641200291873,2.2577386812067415,2.258,Yes,Andhra Cements Limited
ICICIGI.NS,-0.014999198580360851,0.05210150869257098,-16.59,0.18,-0.28788415070405726,0.6557301258827312,0.656,Yes,ICICI Lombard General Insurance Company Limited
TEAMLEASE.NS,-0.02566778635951078,0.08909395167497912,-26.8,0.309,-0.2880979671117141,0.4527710984711077,0.453,Yes,TeamLease Services Limited
ECOSMOBLTY.BO,-0.05055281959194414,0.17538088483170167,-46.34,0.608,-0.2882458920221291,2.5245798398020183,2.525,Yes,Ecos (India) Mobility & Hospitality Limited
ANKIN.BO,-0.06198754430897908,0.2148261983203577,-53.6,0.744,-0.2885474155090744,3.176057692974513,3.176,Yes,Anka India Limited
BYKE.NS,-0.0489562269777285,0.1696500184240509,-45.25,0.588,-0.288571893080255,2.7062561331123454,2.706,Yes,The Byke Hospitality Limited
HAWAENG.BO,-0.035297933105730935,0.1222012623951756,-35.03,0.423,-0.2888508057435949,1.5562005744068712,1.556,Yes,Hawa Engineers Limited
EFCIL.NS,-0.030229041876365756,0.10464927679292184,-30.81,0.363,-0.28886049481433546,1.4267170003758036,1.427,Yes,EFC (I) Limited
OMPOWER.BO,-0.024140606351154874,0.08352196170026813,-25.42,0.289,-0.2890330382539061,1.3858950555620677,1.386,Yes,Om Power Transmission Limited
AGARIND.BO,-0.049580801480498794,0.17099246320365397,-45.68,0.592,-0.2899589873820783,2.1543200895432326,2.154,Yes,Agarwal Industrial Corporation Limited
ADVENTHTL.NS,-0.04491884487246273,0.1548568954426457,-42.39,0.536,-0.29006680486565295,3.058553555101198,3.059,Yes,Advent Hotels International Limited
CEWATER.NS,-0.04468635589180238,0.1538691058862446,-42.22,0.533,-0.290417986342489,1.4910358922699394,1.491,Yes,Concord Enviro Systems Limited
ALPHALOGIC.BO,-0.051595477968070916,0.1776407982501778,-47.04,0.615,-0.29044835688819176,1.3449528011915055,1.345,Yes,Alphalogic Techsys Limited
GARBIFIN.BO,-0.02505876445361873,0.0862719863482415,-26.25,0.299,-0.290462356488092,1.3315870999307984,1.332,Yes,Garbi Finvest Limited
WINSOMBR.BO,-0.03380674911500892,0.11631784644239254,-33.81,0.403,-0.29064111956158006,1.3302738789347759,1.33,Yes,Winsome Breweries Limited
SOLEX.NS,-0.05582342752004977,0.19198694304334507,-49.81,0.665,-0.29076679192421157,1.177250180597495,1.177,Yes,Solex Energy Limited
AGARIND.NS,-0.049781974214919804,0.17100667735708278,-45.81,0.592,-0.2911112886602023,2.1385247824669165,2.139,Yes,Agarwal Industrial Corporation Limited
DAMCAPITAL.BO,-0.03513252089100145,0.12064185357319296,-34.9,0.418,-0.2912133712342763,1.9484653306011308,1.948,Yes,DAM Capital Advisors Limited
COMPUSOFT.BO,-0.023629386683443086,0.08097721995916045,-24.95,0.281,-0.29180288845875646,1.299399100322672,1.299,Yes,Compucom Software Limited
SPICEJET.BO,-0.06627445983410545,0.22698660860092554,-56.08,0.786,-0.2919751973149451,3.8838272724319554,3.884,Yes,SpiceJet Limited
CEWATER.BO,-0.045150069916483425,0.15447665889952703,-42.56,0.535,-0.2922776181083087,1.4853991665501691,1.485,Yes,Concord Enviro Systems Limited
OLYMPTX.BO,-0.0282635603610667,0.09669808078183495,-29.11,0.335,-0.2922866734535656,1.4113231570899474,1.411,Yes,Olympia Industries Limited
AMTL.BO,-0.0260275554627144,0.08901816536071216,-27.13,0.308,-0.29238476615697095,-0.2791253173163175,0.279,No,Advance Metering Technology Limited
INCREDIBLE.NS,-0.02897692393629604,0.09910397988120623,-29.73,0.343,-0.292389104565024,1.3046179444097785,1.305,Yes,Incredible Industries Limited
DAMCAPITAL.NS,-0.035221653122650534,0.12034019507037726,-34.97,0.417,-0.29268402882388744,1.9420536447257921,1.942,Yes,DAM Capital Advisors Limited
TECHNOPACK.BO,-0.040165777691592526,0.13696046111660268,-38.86,0.474,-0.2932654969480351,0.48644614596368724,0.486,Yes,Technopack Polymers Limited
AMFORG.BO,-0.03416920962147362,0.11645059315761866,-34.11,0.403,-0.29342237506016633,0.49570120097685993,0.496,Yes,Amforge Industries Limited
ACL.NS,-0.047022679421285976,0.15993921658373406,-43.9,0.554,-0.2940034372162119,2.232089847378843,2.232,Yes,Andhra Cements Limited
PHARMAID.BO,-0.04484681154117837,0.1521070626905705,-42.34,0.527,-0.29483714133912164,0.6983699985443905,0.698,Yes,Pharmaids Pharmaceuticals Limited
VIKASWSP.BO,-0.0308282012831068,0.10449682056642258,-31.32,0.362,-0.2950156867549008,1.3405993219757393,1.341,Yes,Vikas WSP Limited
TCFCFINQ.BO,-0.04533677256685893,0.15364334189228582,-42.69,0.532,-0.29507801645347587,1.3442971373956554,1.344,Yes,TCFC Finance Limited
COMPUSOFT.NS,-0.024053808070491855,0.08139052206551377,-25.34,0.282,-0.2955357388066659,1.3194643544202658,1.319,Yes,Compucom Software Limited
QNIFTY.NS,-0.08155994137109289,0.2756170482393791,-63.97,0.955,-0.2959176215407996,1.3052447730353642,1.305,Yes,Quantum Nifty 50 ETF
HDIL.BO,-0.048831327288280164,0.16494131136886012,-45.16,0.571,-0.2960527407174429,1.4926000535460955,1.493,Yes,Housing Development and Infrastructure Limited
TRACXN.BO,-0.03751987087192868,0.12666907506690253,-36.8,0.439,-0.2962038749561556,2.0912242076393914,2.091,Yes,Tracxn Technologies Limited
VEDAVAAG.BO,-0.04729249479568651,0.1596151565104123,-44.09,0.553,-0.2962907522670094,2.259511238551912,2.26,Yes,Vedavaag Systems Limited
CONS.NS,-0.08209139988266115,0.276779182468522,-64.22,0.959,-0.2965952827467339,1.4328673309953472,1.433,Yes,Kotak NIFTY India Consumption ETF
WAAREEENER.NS,-0.019991017326561736,0.06737640235411234,-21.52,0.233,-0.2967065118955788,-0.7521139785943516,0.752,No,Waaree Energies Limited
ITHL.BO,-0.03372124887745352,0.1135301766741143,-33.74,0.393,-0.2970245433004969,1.7259873627272424,1.726,Yes,International Travel House Limited
WAAREEENER.BO,-0.020124479497233613,0.06771889173783033,-21.65,0.235,-0.29717674020928075,-0.7540388285270239,0.754,No,Waaree Energies Limited
QNIFTY.BO,-0.08199446699242208,0.27549575515615826,-64.18,0.954,-0.29762515558886,1.320656900866691,1.321,Yes,Quantum Nifty Exchange Traded Scheme
EFCIL.BO,-0.03039861906671287,0.10168810423976767,-30.96,0.352,-0.29893977564019464,1.4191546673344482,1.419,Yes,EFC (I) Limited
ABINFRA.BO,-0.03644916658436166,0.12177109995409782,-35.95,0.422,-0.29932526353216277,0.7206332765286358,0.721,Yes,A B Infrabuild Limited
ZR2.BO,-0.07337360257255186,0.24505043957081404,-59.93,0.849,-0.2994224482970109,2.8176378764946017,2.818,Yes,ZR2 Bioenergy Limited
HGINFRA.BO,-0.046452690787082626,0.15512059884794988,-43.49,0.537,-0.29946178091161074,2.2956800159373283,2.296,Yes,H.G. Infra Engineering Limited
ICICIGI.BO,-0.015398595941319178,0.051363291123918325,-16.99,0.178,-0.2997976882783611,0.6481683177483015,0.648,Yes,ICICI Lombard General Insurance Company Limited
TTC.BO,-0.04824177967815557,0.16087992216888705,-44.75,0.557,-0.29986202770233045,1.5577504880583826,1.558,Yes,Toss the Coin Limited
HGINFRA.NS,-0.046566065759928124,0.15472675070675063,-43.57,0.536,-0.30095678702762596,2.279377395911255,2.279,Yes,H.G. Infra Engineering Limited
SAFARI.NS,-0.028637807350197428,0.09512346755904792,-29.44,0.33,-0.3010593293649698,1.1506895067076355,1.151,Yes,Safari Industries (India) Limited
ADVENTHTL.BO,-0.04569138589591378,0.15158421188301535,-42.95,0.525,-0.3014257575266214,2.993144960983661,2.993,Yes,Advent Hotels International Limited
GUJENERGY.BO,-0.04047485485830527,0.13384451475094025,-39.09,0.464,-0.3024020441451893,1.3395388439814584,1.34,Yes,Gujarat Energy Limited
GUJENERGY.NS,-0.040487334567524166,0.13377409528469666,-39.1,0.463,-0.3026545197809743,1.343520378696954,1.344,Yes,Gujarat Energy Limited
NUCLEUS.NS,-0.02217755145383966,0.07317859533953758,-23.6,0.253,-0.30306063338520217,0.6793339247246736,0.679,Yes,Nucleus Software Exports Limited
VARYAA.BO,-0.027414688821192034,0.09044116877063368,-28.36,0.313,-0.3031217883828764,0.8872132312538548,0.887,Yes,Varyaa Creations Limited
BYKE.BO,-0.04904714009939335,0.16174740530549292,-45.31,0.56,-0.30323293289779724,2.5362361978329058,2.536,Yes,The Byke Hospitality Limited
OSWALPUMPS.BO,-0.061489922077030475,0.20258372779519995,-53.31,0.702,-0.3035284361002238,1.9948399156805212,1.995,Yes,Oswal Pumps Limited
SBICARD.BO,-0.02361386760463784,0.07778003358586344,-24.93,0.269,-0.3035980638729073,1.154148180956419,1.154,Yes,SBI Cards and Payment Services Limited
RPOWER.BO,-0.05047584065377224,0.16623898269273904,-46.29,0.576,-0.3036342008123761,2.128204427160094,2.128,Yes,Reliance Power Limited
SHAKTIPUMP.BO,-0.03869183292283926,0.12731665752128304,-37.72,0.441,-0.3039023618442959,1.3935904448997511,1.394,Yes,Shakti Pumps (India) Limited
GODFRYPHLP.NS,-0.03438000659241192,0.113011721925485,-34.28,0.391,-0.3042162884225461,1.160949207482317,1.161,Yes,Godfrey Phillips India Limited
SHAKTIPUMP.NS,-0.03868393206868072,0.1271525826518501,-37.71,0.44,-0.3042323739078049,1.3994308692185524,1.399,Yes,Shakti Pumps (India) Limited
OSWALPUMPS.NS,-0.061604416873809124,0.20246533024613297,-53.37,0.701,-0.30427143649195587,1.9816157306664848,1.982,Yes,Oswal Pumps Limited
3PLAND.NS,-0.024855385619493287,0.08163016913823765,-26.07,0.283,-0.30448773880893987,1.1596274350790943,1.16,Yes,3P Land Holdings Ltd
ACI.NS,-0.027005738348287636,0.08866589366620332,-28.0,0.307,-0.30457865174127696,-0.15188106623650502,0.152,No,Archean Chemical Industries Limited
GSLSU.BO,-0.07171601130044111,0.2353527410359233,-59.06,0.815,-0.3047171279364648,3.277722435522512,3.278,Yes,Global Surfaces Limited
TRACXN.NS,-0.03775498925575907,0.12370445589330296,-36.99,0.429,-0.30520314715521113,2.037756547676825,2.038,Yes,Tracxn Technologies Limited
RPOWER.NS,-0.05054985136985151,0.16533924742800635,-46.34,0.573,-0.30573413243496483,2.117895690221123,2.118,Yes,Reliance Power Limited
JISLDVREQS.BO,-0.03667748787122387,0.1199537316213207,-36.14,0.416,-0.3057636254869522,1.6019795383974866,1.602,Yes,Jain Irrigation Systems Limited
AVROIND.NS,-0.03795079766948411,0.12406685280289081,-37.14,0.43,-0.3058899038067631,1.1677924279652365,1.168,Yes,Avro India Limited
ICDSLTD.BO,-0.020442983887288605,0.0667540411292271,-21.95,0.231,-0.3062433905344196,-0.4280094014889822,0.428,No,ICDS Limited
SRICC.BO,-0.06466732243021661,0.21113842336407648,-55.17,0.731,-0.3062792711997642,1.6956419013850699,1.696,Yes,Sri Chakra Cement Limited
LAOPALA.BO,-0.02419689037147402,0.07899312676668004,-25.47,0.274,-0.3063164019692973,1.1970642675837013,1.197,Yes,La Opala RG Limited
DRONACHRYA.BO,-0.042348538083272776,0.13814665213340868,-40.5,0.479,-0.3065476971702264,1.1894551203379569,1.189,Yes,DroneAcharya Aerial Innovations Limited
ASTRAZEN.BO,-0.021401465460637596,0.06981289155599095,-22.86,0.242,-0.3065546345902792,0.8088995263710597,0.809,Yes,AstraZeneca Pharma India Limited
RSYSTEMS.NS,-0.03545606272542095,0.115523375539859,-35.16,0.4,-0.3069167825102856,1.4696154911880575,1.47,Yes,R Systems International Limited
EARTH.BO,-0.03813355081834632,0.12415066596232376,-37.28,0.43,-0.3071554270189641,0.542715421492765,0.543,Yes,Earthstahl & Alloys Limited
LAOPALA.NS,-0.024190011144164414,0.07873978929172076,-25.46,0.273,-0.307214578064764,1.1785467362330178,1.179,Yes,La Opala RG Limited
PREMCAP.BO,-0.04271689946867035,0.13893015392628105,-40.78,0.481,-0.30747032419856624,-0.407227827743561,0.407,No,Premier Capital Services Limited
TRF.BO,-0.030422150749755104,0.09871132461333441,-30.98,0.342,-0.30819311633110763,1.5355808758711842,1.536,Yes,TRF Limited
HDFCBANK.NS,-0.022385971657170045,0.07237096496312471,-23.79,0.251,-0.30932255316170515,1.2957090129079851,1.296,Yes,HDFC Bank Limited
RAJOOENG.NS,-0.03965095617884045,0.12818216181321124,-38.46,0.444,-0.30933287142262705,2.004576623004836,2.005,Yes,Rajoo Engineers Limited
IRFC.NS,-0.029465256349127014,0.09502222411764552,-30.16,0.329,-0.3100880517451006,1.361051800827567,1.361,Yes,Indian Railway Finance Corporation Limited
INDOUS.NS,-0.03780723430908956,0.12185532133138785,-37.03,0.422,-0.3102633015613005,1.5056885583679853,1.506,Yes,Indo Us Bio-Tech Limited
GUJCRAFT.BO,-0.025694809864854416,0.0827519287097349,-26.83,0.287,-0.3105040603341453,1.0771001406907923,1.077,Yes,Gujarat Craft Industries Limited
AFCONS.BO,-0.035143539838886746,0.11293849519942364,-34.9,0.391,-0.31117414639562235,0.9874957813086407,0.987,Yes,Afcons Infrastructure Limited
HILTON.NS,-0.057845915225849295,0.18589118486400083,-51.08,0.644,-0.3111815940501414,-1.6505143874900328,1.651,No,Hilton Metal Forging Limited
RAJESH.BO,-0.046468754517955395,0.149218957542735,-43.5,0.517,-0.31141320970994685,1.8640581762654922,1.864,Yes,Rajesh Power Services Limited
AUTOPINS.BO,-0.06066808398936454,0.19475505357541736,-52.81,0.675,-0.3115096778008448,-1.4884174179745808,1.488,No,Auto Pins (India) Limited
SWANAGRO.BO,-0.03155519339927146,0.10119420235787632,-31.94,0.351,-0.3118280757594746,1.5716856816345695,1.572,Yes,New Swan Multitech Limited
ASTRAZEN.NS,-0.021571293107243796,0.06912360067903528,-23.02,0.239,-0.31206842374150545,0.8109641026918242,0.811,Yes,AstraZeneca Pharma India Limited
FLFL.BO,-0.031030031526922384,0.09939841859631918,-31.49,0.344,-0.3121783220007029,0.5450321075152976,0.545,Yes,Future Lifestyle Fashions Limited
MFML.BO,-0.030636215295347703,0.09803064903383307,-31.16,0.34,-0.3125167036767685,0.6028063109814761,0.603,Yes,Mahalaxmi Fabric Mills Limited
BAJAJHCARE.NS,-0.029555276001033914,0.09434734621652013,-30.23,0.327,-0.31326027902477255,1.2101028017950317,1.21,Yes,Bajaj HealthCare Limited
AMRUTANJAN.NS,-0.02660117399097297,0.08481353783099602,-27.64,0.294,-0.3136430182169725,1.373880108781835,1.374,Yes,Amrutanjan Health Care Limited
NUCLEUS.BO,-0.022703796650167706,0.07211450572333077,-24.09,0.25,-0.31482981714207997,0.6418892499882476,0.642,Yes,Nucleus Software Exports Limited
SWIGGY.NS,-0.031603917284777884,0.10022197645904779,-31.98,0.347,-0.31533919407079064,1.073085290905273,1.073,Yes,Swiggy Limited
ZAGGLE.BO,-0.04606173113012119,0.1460691299563053,-43.21,0.506,-0.315341996929125,2.4248101495761145,2.425,Yes,Zaggle Prepaid Ocean Services Limited
GILLETTE.BO,-0.018434902358433217,0.05839446297027791,-20.01,0.202,-0.3156960680983806,0.6631158437148982,0.663,Yes,Gillette India Limited
INVENTURE.NS,-0.03502642847345567,0.11093035071682092,-34.81,0.384,-0.31575153460814254,1.590084221579139,1.59,Yes,Inventure Growth & Securities Limited
SHALBY.NS,-0.040210509682487,0.12728300191230302,-38.89,0.441,-0.3159142153968974,1.5450139656799482,1.545,Yes,Shalby Limited
PALMJEWELS.BO,-0.02903493721999597,0.0918923940548665,-29.78,0.318,-0.3159667077849771,1.4193615040884417,1.419,Yes,Palm Jewels Limited
MEDIASSIST.NS,-0.03517015475940056,0.11123482363627206,-34.93,0.385,-0.3161793547172226,1.6032404278734536,1.603,Yes,Medi Assist Healthcare Services Limited
GODIGIT.BO,-0.02314355840612434,0.07310033681882173,-24.5,0.253,-0.31659988740524353,-0.013714594730456081,0.014,No,Go Digit General Insurance Limited
SOLARWORLD.NS,-0.055975846803129815,0.17667797171231467,-49.9,0.612,-0.3168241420287271,2.5663198674690477,2.566,Yes,Solarworld Energy Solutions Limited
GUJTLRM.BO,-0.052429087582042185,0.16546464667424698,-47.6,0.573,-0.31685975606172967,2.412604857084265,2.413,Yes,Gujarat Toolroom Limited
MEDIASSIST.BO,-0.035249800257744095,0.11116508842902517,-34.99,0.385,-0.3170941592894949,1.5956696985227805,1.596,Yes,Medi Assist Healthcare Services Limited
DHANROTO.BO,-0.024421494153250258,0.07690576187652144,-25.67,0.266,-0.31755090330502134,0.9622695206078752,0.962,Yes,Dhanalaxmi Roto Spinners Limited
AFCONS.NS,-0.03552056584066853,0.11183884232794845,-35.21,0.387,-0.31760491347460923,0.9681750386744241,0.968,Yes,Afcons Infrastructure Limited
BAJAJHCARE.BO,-0.03003468308139975,0.09448692613154384,-30.65,0.327,-0.3178713109958275,1.2136612168278404,1.214,Yes,Bajaj HealthCare Limited
SWIGGY.BO,-0.03184080463895604,0.09999344760252236,-32.18,0.346,-0.31842891111750055,1.0848843078946857,1.085,Yes,Swiggy Limited
TAKYON.BO,-0.061564694892863064,0.19313500772935624,-53.35,0.669,-0.3187650732855995,1.8544135772708399,1.854,Yes,Takyon Networks Limited
HILINFRA.BO,-0.0431511441353211,0.13511775565543482,-41.1,0.468,-0.3193595388407818,1.9731184879858725,1.973,Yes,Highway Infrastructure Limited
HILTON.BO,-0.05874344380083267,0.1839138562890473,-51.64,0.637,-0.3194073844469273,-1.6746604275072647,1.675,No,Hilton Metal Forging Limited
INANI.BO,-0.05205782386827314,0.1629337851144932,-47.35,0.564,-0.3195029430617611,2.290035779046169,2.29,Yes,Inani Marbles and Industries Limited
UNIECOM.NS,-0.03566091753690129,0.11141990256816382,-35.32,0.386,-0.3200587750925815,1.7708658398116075,1.771,Yes,Unicommerce eSolutions Limited
SBICARD.NS,-0.024466356255564318,0.0764353567227112,-25.71,0.265,-0.3200921315029938,1.1439742367875945,1.144,Yes,SBI Cards and Payment Services Limited
TRANSPACT.BO,-0.06403378389676552,0.19999408058608012,-54.8,0.693,-0.3201783958260931,-1.431779685445438,1.432,No,Transpact Enterprises Limited
HILINFRA.NS,-0.04319756754568586,0.13489674556850412,-41.13,0.467,-0.32022690661391084,1.9937065536752607,1.994,Yes,Highway Infrastructure Limited
ICRA.BO,-0.018715765102472956,0.05841226598450343,-20.29,0.202,-0.3204081332410248,0.6173513622596939,0.617,Yes,ICRA Limited
SHREECEM.NS,-0.018782446250482265,0.058594357794805055,-20.35,0.203,-0.32055042426196717,0.6090698931020128,0.609,Yes,Shree Cement Limited
ZAGGLE.NS,-0.04636214300487316,0.14462188095851256,-43.43,0.501,-0.3205748860241487,2.397297606961939,2.397,Yes,Zaggle Prepaid Ocean Services Limited
SHALBY.BO,-0.04062942489317267,0.12631479447358626,-39.21,0.438,-0.32165214741863596,1.54337773797761,1.543,Yes,Shalby Limited
OSWALGREEN.NS,-0.052025421859150135,0.16169777109824848,-47.33,0.56,-0.321744829911967,2.438325472896633,2.438,Yes,Oswal Greentech Limited
DNAMEDIA.NS,-0.039882946969107,0.12394889973500701,-38.64,0.429,-0.32176926987148413,2.0304845188659475,2.03,Yes,Diligent Media Corporation Limited
TOLINS.NS,-0.04507398791087478,0.14001932636277506,-42.5,0.485,-0.3219126179345622,2.103083452011859,2.103,Yes,Tolins Tyres Limited
UNIECOM.BO,-0.035738045086224086,0.11084165679584,-35.38,0.384,-0.3224243133793122,1.7707612888921413,1.771,Yes,Unicommerce eSolutions Limited
SOLARWORLD.BO,-0.059964757521191146,0.18576729361264957,-52.39,0.644,-0.3227950214219406,2.762840862831661,2.763,Yes,Solarworld Energy Solutions Limited
TRF.NS,-0.031546164406363014,0.09772110721892421,-31.93,0.339,-0.32281832762793267,1.4985136929384006,1.499,Yes,TRF Limited
AGSTRA.NS,-0.04858108454000871,0.15028407247134357,-44.99,0.521,-0.3232616986026396,2.5236647568298363,2.524,Yes,AGS Transact Technologies Limited
QUICKHEAL.NS,-0.05576272136592029,0.1722625984849636,-49.77,0.597,-0.3237076524814392,2.4171096896941577,2.417,Yes,Quick Heal Technologies Limited
AURIONPRO.NS,-0.03643572631478881,0.11252365043369496,-35.94,0.39,-0.32380505053254305,1.7401024890708296,1.74,Yes,Aurionpro Solutions Limited
VMM.NS,-0.02424380965995464,0.0748541409851511,-25.51,0.259,-0.32388067434724704,0.8568457576558944,0.857,Yes,Vishal Mega Mart Limited
SYSCHEM.BO,-0.04335573475231898,0.13382555509679336,-41.25,0.464,-0.32397201506812834,1.532621614127838,1.533,Yes,Syschem (India) Limited
OSWALGREEN.BO,-0.05236173141205225,0.16151506406488694,-47.55,0.56,-0.32419100791128985,2.4399870828215664,2.44,Yes,Oswal Greentech Limited
RETAIL.NS,-0.04789075387348865,0.14771656224532,-44.51,0.512,-0.3242070702535994,1.6689571741893952,1.669,Yes,JHS Svendgaard Retail Ventures Limited
GILLETTE.NS,-0.019009296312813364,0.058403427615184765,-20.57,0.202,-0.3254825459571313,0.6733591392253385,0.673,Yes,Gillette India Limited
KISAAN.BO,-0.04648242985510746,0.14274571794819976,-43.51,0.494,-0.32563099281181396,1.06789940537917,1.068,Yes,Kisaan Parivar Industries Limited
RKDL.NS,-0.03064676904276856,0.09408865352152863,-31.17,0.326,-0.3257222618852358,0.9165945176839533,0.917,Yes,Ravi Kumar Distilleries Limited
TOLINS.BO,-0.0454126191183426,0.13926093653736862,-42.75,0.482,-0.32609732669833646,2.0880211532581416,2.088,Yes,Tolins Tyres Limited
GUJSTATFIN.BO,-0.024859068061733814,0.07615021173216024,-26.07,0.264,-0.32644778650346384,1.1406728553324648,1.141,Yes,Gujarat State Financial Corporation
LOGICA.BO,-0.022337934905376697,0.06835791875705517,-23.75,0.237,-0.32677903762351185,0.6157386406098031,0.616,Yes,Logica Infoway Limited
RVNL.NS,-0.03643732664047768,0.11147641422598442,-35.94,0.386,-0.326861308676579,1.6996466109707282,1.7,Yes,Rail Vikas Nigam Limited
HAMPTON.BO,-0.06387405803109401,0.19530536583901198,-54.71,0.677,-0.3270471231381563,2.7433004885946666,2.743,Yes,Hampton Sky Realty Limited
SRD.BO,-0.03510603273599152,0.10719661518189841,-34.87,0.371,-0.3274919891492959,1.2940208079494793,1.294,Yes,Shankar Lal Rampal Dye-Chem Limited
RELCHEMQ.NS,-0.026217995873542323,0.08003942183446275,-27.3,0.277,-0.3275635339766233,0.68953777864573,0.69,Yes,Reliance Chemotex Industries Limited
RNBDENIMS.NS,-0.07769667776870372,0.23715596301040923,-62.11,0.822,-0.3276184869334003,1.6257255279381004,1.626,Yes,R & B Denims Limited
GODIGIT.NS,-0.023860252917954485,0.07281792927094899,-25.16,0.252,-0.32767002792914673,-0.01571340351477038,0.016,No,Go Digit General Insurance Limited
INVENTURE.BO,-0.03535870929850572,0.10789797086845977,-35.08,0.374,-0.3277050440699401,1.536724698990003,1.537,Yes,Inventure Growth & Securities Limited
RVNL.BO,-0.03666350517784245,0.11155665100869945,-36.12,0.386,-0.32865369161165786,1.6972431421736283,1.697,Yes,Rail Vikas Nigam Limited
QUICKHEAL.BO,-0.05616386133593671,0.17078228614923519,-50.02,0.592,-0.32886233462678255,2.3720627521296938,2.372,Yes,Quick Heal Technologies Limited
RELICAB.BO,-0.0375629950877896,0.11419592602584394,-36.84,0.396,-0.3289346336163396,0.6655300388099294,0.666,Yes,Relicab Cable Manufacturing Limited
JISLDVREQS.NS,-0.03632811238898254,0.11041654505248646,-35.86,0.382,-0.3290096821243047,1.563145879833317,1.563,Yes,Jain Irrigation Systems Limited
BOROLTD.BO,-0.02766150197247549,0.0837735034529687,-28.58,0.29,-0.33019392567251216,1.0589445431974445,1.059,Yes,Borosil Limited
VOITHPAPR.BO,-0.023731117647133135,0.0717404229482538,-25.04,0.249,-0.3307914376843072,0.9127594240171966,0.913,Yes,Voith Paper Fabrics India Limited
HILLTONE.BO,-0.04867045668173096,0.14708290236390767,-45.05,0.51,-0.3309049243623988,1.0874677752749138,1.087,Yes,Hilltone Software and Gases Limited
RNBDENIMS.BO,-0.07830457956091635,0.23648481889122824,-62.41,0.819,-0.33111884275722886,1.5903614985224261,1.59,Yes,R & B Denims Limited
TOYAMSL.BO,-0.056563387102199,0.17057485176928303,-50.28,0.591,-0.33160449219504984,2.5773079982795006,2.577,Yes,Toyam Sports Limited
TIRUMALCHM.NS,-0.04240188368031342,0.12782059848053873,-40.54,0.443,-0.3317296600419947,1.3299955346501824,1.33,Yes,Thirumalai Chemicals Limited
SRINACHA.BO,-0.02467637314694329,0.07437486567625035,-25.91,0.258,-0.3317837675748978,-0.146951968342952,0.147,No,Sri Nachammai Cotton Mills Limited
RELCHEMQ.BO,-0.02666084345284867,0.08030788648222957,-27.69,0.278,-0.331982880146499,0.7134677036044648,0.713,Yes,Reliance Chemotex Industries Limited
VPL.BO,-0.03325922692669586,0.10017974945902242,-33.36,0.347,-0.3319955091353092,0.9201144914502116,0.92,Yes,Vrundavan Plantation Limited
GOCOLORS.NS,-0.05223574752717344,0.15733411917296147,-47.47,0.545,-0.3320052115952633,1.3068780724651716,1.307,Yes,Go Fashion (India) Limited
GSLSU.NS,-0.07650420629036812,0.23019460546480672,-61.52,0.797,-0.33234578254295566,3.237582700217871,3.238,Yes,Global Surfaces Limited
SRD.NS,-0.03513346240654642,0.10551574948774235,-34.9,0.366,-0.3329688940003012,1.3155800405139806,1.316,Yes,Shankar Lal Rampal Dye-Chem Limited
BOROLTD.NS,-0.027526026927393032,0.0826541665225974,-28.46,0.286,-0.33302648959465947,1.0560022340088395,1.056,Yes,Borosil Limited
GOCOLORS.BO,-0.052250392612998374,0.15686779700414882,-47.48,0.543,-0.33308552558825355,1.2951797974719432,1.295,Yes,Go Fashion (India) Limited
PATSPINLTD.BO,-0.027075781566715352,0.08117381645169787,-28.06,0.281,-0.3335531425065702,1.1766291806031406,1.177,Yes,Patspin India Limited
SITAENT.BO,-0.01911348382982516,0.05726342482889098,-20.67,0.198,-0.33378170947578184,0.29462422252113063,0.295,Yes,Sita Enterprises Limited
ROHLTD.NS,-0.042647301541118246,0.12751362197122867,-40.73,0.442,-0.334452906927394,1.8440597177231142,1.844,Yes,Royal Orchid Hotels Limited
KAMAHOLD.BO,-0.01610547461850416,0.04813570070087403,-17.7,0.167,-0.3345848171731657,0.5223926570999663,0.522,Yes,KAMA Holdings Limited
ARTEFACT.BO,-0.020583767862051284,0.06140693762495924,-22.09,0.213,-0.3352026441664611,0.6712382215192163,0.671,Yes,Artefact Projects Limited
AMRUTANJAN.BO,-0.0271647420002362,0.08094989984722026,-28.14,0.28,-0.33557474501519113,1.3217364370917222,1.322,Yes,Amrutanjan Health Care Limited
ACC.NS,-0.02809400248162721,0.08345880372793515,-28.96,0.289,-0.33662119784522676,1.5690518929077462,1.569,Yes,ACC Limited
CENTRUM.BO,-0.029372406664331944,0.08713705439156733,-30.08,0.302,-0.3370828503375994,-0.6524239436591193,0.652,No,Centrum Capital Limited
AGIOPAPER.BO,-0.04022449725422108,0.11927509538253774,-38.9,0.413,-0.33724137570557816,0.23313447354380834,0.233,Yes,Agio Paper & Industries Limited
IGL.NS,-0.025051174823237873,0.07393667555232926,-26.25,0.256,-0.33881932932604886,1.212662283006071,1.213,Yes,Indraprastha Gas Limited
RPPINFRA.NS,-0.05951874586345744,0.1755000390323209,-52.11,0.608,-0.3391380776416591,2.47201924875564,2.472,Yes,R.P.P. Infra Projects Limited
AQYLON.NS,-0.1475313446229818,0.4347458459011531,-85.27,1.506,-0.3393507862442591,3.480779873959941,3.481,Yes,Aqylon Nexus Limited
MADALA.BO,-0.016817560042006442,0.04946976013315372,-18.42,0.171,-0.3399563692393088,0.8726898413984457,0.873,Yes,Madala Holdings Limited
SHANTIDENM.BO,-0.04364245240446088,0.1283169836003927,-41.46,0.445,-0.3401143884458278,0.9556610473430549,0.956,Yes,Shanti Spintex Limited
SULA.NS,-0.042608307125475545,0.1252252732856219,-40.7,0.434,-0.3402532572501699,1.9855187997206836,1.986,Yes,Sula Vineyards Limited
ICRA.NS,-0.01958441273792545,0.05742356156911788,-21.13,0.199,-0.34105186447470115,0.6286530521029494,0.629,Yes,ICRA Limited
INOXWIND.BO,-0.051478183256693955,0.15026582473876207,-46.96,0.521,-0.3425807787378737,2.1684812674593386,2.168,Yes,Inox Wind Limited
HINDUNILVR.NS,-0.019038034077925873,0.055463447935207855,-20.6,0.192,-0.34325370648009507,0.8709019629477658,0.871,Yes,Hindustan Unilever Limited
INOXWIND.NS,-0.0514997822850961,0.1499622566411059,-46.98,0.519,-0.3434182936333567,2.15834278341172,2.158,Yes,Inox Wind Limited
INDOUS.BO,-0.039986541626110844,0.11622353568802277,-38.72,0.403,-0.34404857320333265,1.4621776141703593,1.462,Yes,Indo Us Bio-Tech Limited
STML.BO,-0.03957639038380957,0.11496359247679032,-38.4,0.398,-0.34425151068412846,1.2002368248462283,1.2,Yes,Steelman Telecom Limited
VIRINCHI.BO,-0.04714202850138902,0.13690545019258824,-43.98,0.474,-0.3443400422340614,2.222207303452738,2.222,Yes,Virinchi Limited
SULA.BO,-0.04261847051525459,0.12368739477064802,-40.7,0.428,-0.3445659971598681,1.9446207560722122,1.945,Yes,Sula Vineyards Limited
DHRUV.BO,-0.05710761500545058,0.16528614711032377,-50.62,0.573,-0.3455075697743313,1.4186815808089586,1.419,Yes,Dhruv Consultancy Services Limited
UNIVAFOODS.NS,-0.02876837766268213,0.08320588330292551,-29.55,0.288,-0.34574932109002243,0.3665137254684139,0.367,Yes,Univa Foods Limited
GLHRL.BO,-0.05833397916683938,0.16835525631229206,-51.39,0.583,-0.3464933643570489,0.7600287210148533,0.76,Yes,Global Longlife Hospital and Research Limited
RPPINFRA.BO,-0.059645185357833135,0.17135905182268837,-52.19,0.594,-0.3480714016762315,2.419966834823302,2.42,Yes,R.P.P. Infra Projects Limited
JSLL.NS,-0.03547761666464415,0.10183953242958743,-35.17,0.353,-0.34836782748559475,1.2778122416038962,1.278,Yes,Jeena Sikho Lifecare Limited
BAYERCROP.BO,-0.013494440633179127,0.03872981984319212,-15.04,0.134,-0.34842508144408946,0.12742488909243413,0.127,Yes,Bayer CropScience Limited
NAVKARURB.NS,-0.0654704322114341,0.18782260800718556,-55.63,0.651,-0.34857588714202814,1.8762141123771237,1.876,Yes,Navkar Urbanstructure Limited
AVROIND.BO,-0.04180205959981684,0.11992035429010438,-40.1,0.415,-0.3485818554095639,0.9751466879668304,0.975,Yes,Avro India Limited
KLBRENG-B.BO,-0.02604388570903635,0.07467561368116701,-27.14,0.259,-0.34876025016992324,0.8915577068604421,0.892,Yes,Kilburn Engineering Limited
GTEIT.BO,-0.02523269513597198,0.07229235553301724,-26.41,0.25,-0.34903683729668683,-0.18106892909468034,0.181,No,G-Tech Info-Training Limited
JSLL.BO,-0.03561110719231574,0.10201569771351227,-35.28,0.353,-0.3490747795728593,1.2898836389856811,1.29,Yes,Jeena Sikho Lifecare Limited
SUVIDHAA.NS,-0.045937179306465174,0.13137851297565506,-43.12,0.455,-0.34965519296886477,2.2490290224472593,2.249,Yes,Suvidhaa Infoserve Limited
RRETAIL.BO,-0.07183659371100687,0.2046827501313288,-59.12,0.709,-0.3509655487085012,1.2999234812995752,1.3,Yes,Rajnish Retail Limited
RCOM.NS,-0.040357343936949716,0.11497238586312701,-39.0,0.398,-0.3510177129401712,1.3719003997117887,1.372,Yes,Reliance Communications Limited
BAYERCROP.NS,-0.013553068162470311,0.038495845464352835,-15.1,0.133,-0.3520657358992273,0.1362828543653391,0.136,Yes,Bayer CropScience Limited
VIRINCHI.NS,-0.04735837336903021,0.1344703925502818,-44.13,0.466,-0.3521843914549573,2.1966806927714426,2.197,Yes,Virinchi Limited
KIFS.BO,-0.027175482893100136,0.07710090097822954,-28.15,0.267,-0.3524664763745562,0.09513064715856048,0.095,Yes,KIFS Financial Services Limited
ABCOTS.BO,-0.048945989305810025,0.13875225061895882,-45.24,0.481,-0.352758164912405,-1.4663218819571973,1.466,No,A B Cotspin India Limited
EMMESSA.BO,-0.026144508416838644,0.07398731846054299,-27.23,0.256,-0.35336472466942237,1.0598175067813715,1.06,Yes,Emmessar Biotech & Nutrition Limited
IXIGO.NS,-0.03782311946785876,0.10702048813581223,-37.04,0.371,-0.3534194258192887,0.3767704281239559,0.377,Yes,Le Travenues Technology Limited
SAMPAT.BO,-0.06333754758802383,0.17920581245321082,-54.4,0.621,-0.3534346722406716,2.574640317432739,2.575,Yes,Sampat Aluminium Limited
SUMMITSEC.NS,-0.03379676968391446,0.09555347721240524,-33.81,0.331,-0.35369481749772247,1.7007669139799906,1.701,Yes,Summit Securities Limited
IXIGO.BO,-0.03766591264425125,0.10648897468274299,-36.92,0.369,-0.3537071584778361,0.3776165876590042,0.378,Yes,Le Travenues Technology Limited
URAVIDEF.NS,-0.05048624732560174,0.1424804341241773,-46.29,0.494,-0.35433810709476776,1.8918194541506315,1.892,Yes,Uravi Defence and Technology Limited
VMM.BO,-0.026258063211619307,0.07405977887989852,-27.33,0.257,-0.354552276671006,0.8759523120923983,0.876,Yes,Vishal Mega Mart Limited
JKCEMENT.NS,-0.017042002489306665,0.048057450510550326,-18.64,0.166,-0.35461728219571986,0.6125104340858434,0.613,Yes,J.K. Cement Limited
WAAREEINDO.BO,-0.050508676884250425,0.1422882255063752,-46.31,0.493,-0.35497439583985385,0.7539594496091406,0.754,Yes,Indosolar Limited
TANVI.BO,-0.04507853506792664,0.12692831147678352,-42.51,0.44,-0.3551495686301,0.5828611337463486,0.583,Yes,Tanvi Foods (India) Limited
UNIENTER.NS,-0.034665838193573266,0.09755039171071979,-34.52,0.338,-0.3553633930694288,1.4592398216850946,1.459,Yes,Uniphos Enterprises Limited
PADAMCO.BO,-0.09115985928682892,0.2563110263570545,-68.24,0.888,-0.3556610910676879,-1.0429420087737857,1.043,No,Padam Cotton Yarns Limited
PRIMEFRESH.BO,-0.043829679865197285,0.12278115729337069,-41.6,0.425,-0.35697399203097246,0.7673216984097108,0.767,Yes,Prime Fresh Limited
NAVKARURB.BO,-0.06688722314163599,0.18733003720091798,-56.43,0.649,-0.35705551624856147,1.9566164916177016,1.957,Yes,Navkar Urbanstructure Limited
ABCOTS.NS,-0.049481547258393356,0.13855684252195505,-45.61,0.48,-0.3571209213327213,-1.4472178880951387,1.447,No,A B Cotspin India Limited
SUMMITSEC.BO,-0.0341190189558315,0.09552122199275365,-34.07,0.331,-0.35718783997989273,1.7002142666718294,1.7,Yes,Summit Securities Limited
TTGIL.BO,-0.029395496636601792,0.08194359495645316,-30.1,0.284,-0.3587284235238066,0.6216620388558243,0.622,Yes,Tomorrow Technologies Global Innovations Limited
VIVOBIOT.BO,-0.05169379831338073,0.14389099797740357,-47.11,0.498,-0.3592566528831682,1.7262806697620607,1.726,Yes,Vivo Bio Tech Limited
BIRLACORPN.NS,-0.02631092510568106,0.07320223098705834,-27.38,0.254,-0.35942791293249865,0.7843533518323486,0.784,Yes,Birla Corporation Limited
JKCEMENT.BO,-0.01702518586561417,0.04733069893871066,-18.62,0.164,-0.3597070452659145,0.601197299410924,0.601,Yes,J.K. Cement Limited
VAML.BO,-0.00874298764016256,0.024296168676044772,-10.0,0.084,-0.35985046682618976,,,,Vedanta Aluminium Metal Limited
RAMKY.NS,-0.03689330758304941,0.10251830529451765,-36.31,0.355,-0.35987043949918224,1.3079756304167054,1.308,Yes,Ramky Infrastructure Limited
KPITTECH.BO,-0.04606451690973184,0.12789912448715587,-43.22,0.443,-0.36016287910053535,1.6118367346235387,1.612,Yes,KPIT Technologies Limited
ABFRL.BO,-0.03794827613681795,0.10530420068783704,-37.14,0.365,-0.36036811341754094,1.5593001560665583,1.559,Yes,Aditya Birla Fashion and Retail Limited
RCOM.BO,-0.0411122542611293,0.11403847029496172,-39.58,0.395,-0.36051215133622905,1.3975989385799397,1.398,Yes,Reliance Communications Limited
HGM.BO,-0.039401598105865306,0.10925283231546008,-38.27,0.378,-0.36064601045852873,1.4707193852866265,1.471,Yes,Handson Global Management (HGM) Limited
RAMKY.BO,-0.03687258184849604,0.10219529568142814,-36.29,0.354,-0.3608050801422248,1.300423850975535,1.3,Yes,Ramky Infrastructure Limited
WAAREEINDO.NS,-0.050889807280374205,0.14104381853870931,-46.57,0.489,-0.360808490635182,0.7381084073809515,0.738,Yes,Indosolar Limited
ABFRL.NS,-0.03793879112967938,0.10501913283697233,-37.13,0.364,-0.3612559931205498,1.5572732595603704,1.557,Yes,Aditya Birla Fashion and Retail Limited
SAURASHCEM.NS,-0.04750960823798485,0.1314605446837505,-44.24,0.455,-0.36139823056626497,2.1236255474473595,2.124,Yes,Saurashtra Cement Limited
AWL.NS,-0.024835601315457142,0.06868937262037612,-26.05,0.238,-0.3615639562282138,0.8354833135829431,0.835,Yes,AWL Agri Business Limited
SAICOM.BO,-0.04314969505387245,0.11896538642783414,-41.1,0.412,-0.36270798044309793,1.9710098103343494,1.971,Yes,Saianand Commercial Limited
AWL.BO,-0.02495264495025623,0.0686494214146742,-26.16,0.238,-0.36347931906855757,0.8321842605647913,0.832,Yes,AWL Agri Business Limited
ABVL.BO,-0.05536476568605144,0.1521316884595334,-49.51,0.527,-0.3639265839133726,1.4689229768634917,1.469,Yes,Pasura Industries Limited
KRANTI.BO,-0.0416413172867268,0.1143342377055358,-39.97,0.396,-0.3642068913248251,1.1884932645202044,1.188,Yes,Kranti Industries Limited
AMBUJACEM.NS,-0.028129623506386627,0.07672528297981424,-28.99,0.266,-0.36662782350098716,1.328599986751081,1.329,Yes,Ambuja Cements Limited
ACME.BO,-0.02648167271196721,0.07205484749619923,-27.53,0.25,-0.36752104309656713,0.7163148957563745,0.716,Yes,Acme Resources Limited
URAVIDEF.BO,-0.05058705595191199,0.13743391971999283,-46.36,0.476,-0.3680827560981874,1.7905005493394668,1.791,Yes,Uravi Defence and Technology Limited
CENTRUM.NS,-0.030898161314052045,0.08390428241392538,-31.38,0.291,-0.3682548783579604,-0.6645658009543411,0.665,No,Centrum Capital Limited
SKIL.NS,-0.04378638545468941,0.11887083387216951,-41.57,0.412,-0.3683526398222806,0.5822539376883711,0.582,Yes,SKIL Infrastructure Limited
SAURASHCEM.BO,-0.047107091983200886,0.12773676717811175,-43.96,0.442,-0.3687825598209823,2.093440253591137,2.093,Yes,Saurashtra Cement Limited
ARSHIYA.NS,-0.05790585036377845,0.1568799855980377,-51.12,0.543,-0.36910922794285844,0.9874896792700053,0.987,Yes,Arshiya Limited
SANOFI.NS,-0.02982612048072456,0.08068894836646592,-30.47,0.28,-0.3696431925877002,1.3623649262963546,1.362,Yes,Sanofi India Limited
SCOOBEEDAY.BO,-0.025184710360874343,0.06813203328837392,-26.37,0.236,-0.36964565924927234,0.7277543503880407,0.728,Yes,Scoobee Day Garments (India) Limited
KPITTECH.NS,-0.04699649379431963,0.12711093102350127,-43.88,0.44,-0.3697281847902644,1.598601698781619,1.599,Yes,KPIT Technologies Limited
JUNE.BO,-0.03719248089498104,0.10056374364167196,-36.54,0.348,-0.36983986025326415,0.6363593823711069,0.636,Yes,June Industries Limited
SKCIL.BO,-0.06171450592438544,0.16632398567322096,-53.44,0.576,-0.3710499461312621,2.025838962977256,2.026,Yes,Shri Keshav Cements and Infra Limited
SANOFI.BO,-0.029814451296801728,0.08006321488676464,-30.46,0.277,-0.37238638666919677,1.36362522472155,1.364,Yes,Sanofi India Limited
HGM.NS,-0.03999589222894729,0.10695960564671701,-38.73,0.371,-0.37393455208737403,1.1875496189166057,1.188,Yes,Handson Global Management (HGM) Limited
ZENSARTECH.NS,-0.038064988604086546,0.10172496164179874,-37.23,0.352,-0.3741951630134177,0.7664307713672694,0.766,Yes,Zensar Technologies Limited
EQUILATERA.BO,-0.04443842532460314,0.11836783385287301,-42.04,0.41,-0.3754265316693935,0.5545347435244966,0.555,Yes,Equilateral Enterprises Limited
BATAINDIA.NS,-0.03849289664639591,0.1025294120096757,-37.56,0.355,-0.37543272600415706,1.6850894277062238,1.685,Yes,Bata India Limited
LADDU.BO,-0.07211519515317749,0.19191555487463877,-59.27,0.665,-0.37576524320961835,0.8749391795481236,0.875,Yes,Laddu Gopal Online Services Limited
ABRFL.BO,-0.07750476790589719,0.20560839344993606,-62.02,0.712,-0.3769533266878473,2.0858967438098466,2.086,Yes,Abram Food Limited
CRIZAC.BO,-0.04233610087049723,0.11230724898358035,-40.49,0.389,-0.3769667697646738,1.8689358989097735,1.869,Yes,Crizac Limited
JISLJALEQS.NS,-0.047633943754122915,0.12616636729462885,-44.33,0.437,-0.37754866669725207,1.7273925579840306,1.727,Yes,Jain Irrigation Systems Limited
PANINDIAC.BO,-0.03476541998332841,0.0920790674759567,-34.6,0.319,-0.37756051333172125,0.7764634385710234,0.776,Yes,Pan India Corporation Limited
ERIS.NS,-0.01672234714043782,0.044244576161884916,-18.32,0.153,-0.37795247668896215,0.33594213207973966,0.336,Yes,Eris Lifesciences Limited
HBGHOTELS.BO,-0.054300097897826645,0.1433782784009614,-48.83,0.497,-0.3787191372599334,2.0470937123299398,2.047,Yes,HBG Hotels Limited
PRATIK.BO,-0.051379396635528686,0.13551836627906444,-46.9,0.469,-0.3791323497047354,0.8108982114700383,0.811,Yes,Pratik Panels Limited
SAGCEM.NS,-0.03514664028081883,0.09254754780309514,-34.91,0.321,-0.3797684662115207,1.4394141793650224,1.439,Yes,Sagar Cements Limited
ERIS.BO,-0.01681620102111712,0.04425940593675126,-18.41,0.153,-0.37994637897192407,0.33198259147708337,0.332,Yes,Eris Lifesciences Limited
JKLAKSHMI.NS,-0.03713436618637026,0.0975718775654951,-36.5,0.338,-0.3805847249525749,1.5269775414947244,1.527,Yes,JK Lakshmi Cement Limited
SUJALA.BO,-0.0892840386275292,0.234149951054062,-67.45,0.811,-0.3813113700242233,2.6529273268538223,2.653,Yes,Sujala Trading & Holdings Limited
JKAGRI.BO,-0.03428131453070742,0.08976345188911213,-34.2,0.311,-0.3819072663677897,1.152157678815558,1.152,Yes,JK Agri Genetics Limited
ASTAR.BO,-0.01800262171775496,0.04710304100421926,-19.59,0.163,-0.3821965914290411,0.030932447611474095,0.031,Yes,Asian Star Company Limited
SAMSRITA.BO,-0.03925168127740715,0.10235985964308342,-38.15,0.355,-0.3834675175823127,0.7810431769389778,0.781,Yes,Samsrita Labs Limited
LEMONTREE.NS,-0.03590920483662393,0.09323863792106689,-35.52,0.323,-0.3851322331309003,1.3213238326584824,1.321,Yes,Lemon Tree Hotels Limited
FELDVR.NS,-0.03639075768327957,0.0941204327977878,-35.91,0.326,-0.3866403564193438,1.0032345897615678,1.003,Yes,Future Enterprises Limited
GITARENEW.BO,-0.03278934762260992,0.08473207101009232,-32.97,0.294,-0.3869768227275411,0.8667534832368781,0.867,Yes,Gita Renewable Energy Limited
LEMONTREE.BO,-0.036089924536612,0.09318586040873125,-35.67,0.323,-0.38728970659620027,1.3177444028623568,1.318,Yes,Lemon Tree Hotels Limited
PIIND.BO,-0.03083583540821884,0.07957145223592962,-31.33,0.276,-0.3875238485881907,1.1301944053499557,1.13,Yes,PI Industries Limited
CRIZAC.NS,-0.04258820252581703,0.10978910489984037,-40.68,0.38,-0.38790918793508583,1.8191362970371867,1.819,Yes,Crizac Limited
SCDL.BO,-0.0462136638908663,0.11909140535794965,-43.32,0.413,-0.3880520491966923,-0.8125495860569627,0.813,No,Safety Controls & Devices Limited
GREENCREST.BO,-0.020179273169213228,0.05184469744121373,-21.7,0.18,-0.38922540134590117,0.25904034394276465,0.259,Yes,Greencrest Financial Services Limited
SWASTH.BO,-0.047589255000685136,0.12212807850455473,-44.3,0.423,-0.38966677919943127,1.8310582555276795,1.831,Yes,Swasth Foodtech India Limited
GTPL.BO,-0.04805384369996268,0.12324915391297968,-44.62,0.427,-0.38989187490805166,1.0865673841526,1.087,Yes,GTPL Hathway Limited
RAJPUTANA.BO,-0.01887987940670911,0.048376395458901635,-20.45,0.168,-0.3902704868275808,0.6259775844711595,0.626,Yes,Rajputana Investment & Finance Limited
REPL.NS,-0.061742279820995644,0.15808220993031827,-53.46,0.548,-0.3905707027262036,2.3561439872177914,2.356,Yes,Rudrabhishek Enterprises Limited
HARAFIN.BO,-0.023220022835819278,0.059373576822258245,-24.57,0.206,-0.3910834428138149,0.22560042639766498,0.226,Yes,Haryana Financial Corporation
ELIN.NS,-0.05341773749571503,0.13655832598100742,-48.25,0.473,-0.3911715899559606,2.1569883981480653,2.157,Yes,Elin Electronics Limited
ELIN.BO,-0.0533672535513801,0.13632723026024812,-48.22,0.472,-0.3914643717876629,2.14610939820107,2.146,Yes,Elin Electronics Limited
PIIND.NS,-0.031713346179218636,0.08075900405745581,-32.07,0.28,-0.39269115003766325,1.1524829499250986,1.152,Yes,PI Industries Limited
INDIASHLTR.BO,-0.02341848302222577,0.05930003994918952,-24.75,0.205,-0.39491513061865724,0.3043285490285569,0.304,Yes,India Shelter Finance Corporation Limited
ABLBL.NS,-0.03419455970933113,0.0863647394113155,-34.13,0.299,-0.39593195026593175,1.383091454346914,1.383,Yes,Aditya Birla Lifestyle Brands Limited
ABLBL.BO,-0.034268045137356484,0.08654516681577232,-34.19,0.3,-0.39595561945478097,1.3891472403826912,1.389,Yes,Aditya Birla Lifestyle Brands Limited
HMAAGRO.BO,-0.03133508510808918,0.07900282021509328,-31.75,0.274,-0.3966324875843191,1.3230688940584985,1.323,Yes,HMA Agro Industries Limited
ORIENTTR.BO,-0.0958693258769204,0.24129534573901118,-70.16,0.836,-0.3973111275035291,2.990123853291234,2.99,Yes,Orient Tradelink Limited
SRUSTEELS.BO,-0.08107403306151963,0.20400055977386689,-63.75,0.707,-0.3974206401756426,2.919862459194855,2.92,Yes,SRU Steels Limited
NPFL.BO,-0.047816466660757694,0.12028658664148394,-44.45,0.417,-0.39752118665795566,1.5182172746335965,1.518,Yes,Neopolitan Pizza and Foods Limited
RDBIPL.BO,-0.07362647246657873,0.18512913219288052,-60.06,0.641,-0.3977033306128692,1.0150458871437054,1.015,Yes,RDB Infrastructure and Power Limited
BAJAJELEC.NS,-0.040442039087617544,0.10116307735080769,-39.07,0.35,-0.39977074785274563,1.2150593522630952,1.215,Yes,Bajaj Electricals Limited
WELCURE.BO,-0.05519746610714568,0.13789296421872577,-49.41,0.478,-0.40029211366862405,1.8901537986641679,1.89,Yes,Welcure Drugs and Pharmaceuticals Limited
SAFE.BO,-0.05048972584422089,0.12588210387692195,-46.3,0.436,-0.4010874007443182,1.6340617150554408,1.634,Yes,Sodhani Academy of Fintech Enablers Limited
SUVIDHAA.BO,-0.04980384655488593,0.12395696140588787,-45.83,0.429,-0.4017833769884608,2.0745581346453728,2.075,Yes,Suvidhaa Infoserve Limited
ORCHASP.BO,-0.05440776953037601,0.13521310217143717,-48.9,0.468,-0.40238533586332637,1.5092118889191883,1.509,Yes,Orchasp Limited
HEALTHYLIFE.BO,-0.07766387791406258,0.191772728314601,-62.1,0.664,-0.40497874018174196,1.4602007350962312,1.46,Yes,Healthy Life Agritec Limited
HMAAGRO.NS,-0.03126692803291978,0.0772014440549344,-31.7,0.267,-0.4050044453918647,1.2350134604320373,1.235,Yes,HMA Agro Industries Limited
GAYAHWS.NS,-0.05303266510771103,0.13090234957087202,-48.0,0.453,-0.40513149902629164,0.9459468561095197,0.946,Yes,Gayatri Highways Limited
JSLINDL.BO,-0.028598747969076462,0.07053657931858563,-29.4,0.244,-0.4054456318317806,0.21758579753464638,0.218,Yes,JSL Industries Limited
ORCHASP.NS,-0.054959218836245875,0.13532381985395248,-49.25,0.469,-0.40613115189595095,1.4981488139287575,1.498,Yes,Orchasp Limited
MOIL.NS,-0.03166771733388138,0.07793698500190654,-32.03,0.27,-0.4063246394905667,0.6688026521595422,0.669,Yes,MOIL Limited
BOMBCYC.BO,-0.021180250912928134,0.052011871234657926,-22.65,0.18,-0.4072195521935913,0.20088208616400732,0.201,Yes,Bombay Cycle & Motor Agency Limited
DRCSYSTEMS.BO,-0.03224610993897483,0.07917246567013458,-32.52,0.274,-0.40728944925531985,0.7488410277332416,0.749,Yes,DRC Systems India Limited
MOIL.BO,-0.031594095769393045,0.0775686924609997,-31.97,0.269,-0.40730473554492425,0.6672577559194147,0.667,Yes,MOIL Limited
PFLINFOTC.BO,-0.05786601523188673,0.14188090404266487,-51.1,0.491,-0.407849214257092,0.08981119478610392,0.09,Yes,PFL Infotech Limited
SWANCORP.BO,-0.03538562528883635,0.08658975593819768,-35.1,0.3,-0.40865833267958834,1.5225218361092707,1.523,Yes,Swan Corp Limited
RATHIBAR.BO,-0.04676343297564636,0.11439758932090385,-43.71,0.396,-0.4087798812304281,1.576469349636884,1.576,Yes,Rathi Bars Limited
ROYAL.BO,-0.06421646753392309,0.15683217899883897,-54.91,0.543,-0.4094597674014239,1.9413937239540566,1.941,Yes,Royal Sense Limited
SWANCORP.NS,-0.035404517619534503,0.08643833322221325,-35.12,0.299,-0.40959278481825373,1.5233702890089986,1.523,Yes,Swan Corp Limited
KINGSINFR.BO,-0.050010338145139194,0.12164641142739056,-45.97,0.421,-0.4111123177274311,0.8426642492549872,0.843,Yes,Kings Infra Ventures Limited
STANCAP.BO,-0.03960658583273896,0.09632566343112686,-38.43,0.334,-0.4111737663873739,1.4037124956507756,1.404,Yes,Standard Capital Markets Limited
GTPL.NS,-0.04861467800849262,0.11816226607725495,-45.01,0.409,-0.4114230339549188,0.9708783233375252,0.971,Yes,GTPL Hathway Limited
ODIGMA.NS,-0.054892302844746825,0.13324017739529362,-49.21,0.462,-0.41198010928710876,1.752917398915647,1.753,Yes,Odigma Consultancy Solutions Limited
EMAMILTD.NS,-0.03066286849294694,0.07440403784427074,-31.18,0.258,-0.41211296297016814,1.3610691986730745,1.361,Yes,Emami Limited
INDIASHLTR.NS,-0.023713352220598668,0.05739660809780437,-25.02,0.199,-0.41314901710203655,0.23154160664650203,0.232,Yes,India Shelter Finance Corporation Limited
EMAMILTD.BO,-0.03079525678784514,0.0745280562710234,-31.3,0.258,-0.41320354144025057,1.360546393943431,1.361,Yes,Emami Limited
UNITEDINT.BO,-0.022756505758608405,0.05498332010081871,-24.14,0.19,-0.4138801679651491,-0.4205386368777224,0.421,No,United Interactive Limited
DHRUV.NS,-0.060542280788225475,0.14620304031910142,-52.74,0.506,-0.4140972763362954,1.211922361803932,1.212,Yes,Dhruv Consultancy Services Limited
VIKRAMSOLR.NS,-0.04918125403115665,0.11853416244002186,-45.4,0.411,-0.4149120643261161,0.7415671779636309,0.742,Yes,Vikram Solar Limited
TITAANIUM.BO,-0.09775783856970106,0.2352609242642137,-70.9,0.815,-0.41552943343839155,1.7133321698472486,1.713,Yes,Titaanium Ten Enterprise Limited
ALOKINDS.BO,-0.05454024696238706,0.13125165611291126,-48.98,0.455,-0.4155394954823882,1.9773630369121382,1.977,Yes,Alok Industries Limited
ALOKINDS.NS,-0.05444343338433129,0.130833875431689,-48.92,0.453,-0.41612642906658603,1.9815978068529105,1.982,Yes,Alok Industries Limited
VIKRAMSOLR.BO,-0.049171862803753276,0.11810176326414296,-45.4,0.409,-0.41635163984619705,0.7250225591591843,0.725,Yes,Vikram Solar Limited
FAMILYCARE.BO,-0.06143238078196615,0.14706696391795906,-53.27,0.509,-0.4177170667386324,1.9363650438914608,1.936,Yes,Family Care Hospitals Limited
SAFECURE.BO,-0.06098609259912467,0.14588643369212706,-53.0,0.505,-0.4180381345658727,2.170924539694971,2.171,Yes,Safecure Services Limited
GAYAHWS.BO,-0.054520496446818334,0.12969258050606824,-48.97,0.449,-0.4203825402661901,0.9041918322560956,0.904,Yes,Gayatri Highways Limited
GOGIACAPGL.BO,-0.05457047896222251,0.12932051715876916,-49.0,0.448,-0.42197850860142583,-0.8090437879482862,0.809,No,Gogia Capital Growth Limited
AKI.BO,-0.060391396234475155,0.14271299502927776,-52.65,0.494,-0.4231667636299398,1.8734295502447,1.873,Yes,AKI India Limited
KLIFESTYL.BO,-0.01994036811100291,0.04709713912172429,-21.47,0.163,-0.42338809708730496,-0.006673831567070132,0.007,No,K-Lifestyle & Industries Limited
ISLCONSUL.BO,-0.05880517042093015,0.13883257583815262,-51.68,0.481,-0.42356896474703226,-1.2060656979056321,1.206,No,ISL Consulting Limited
MANGIND.BO,-0.07622424956293024,0.1799293680326737,-61.38,0.623,-0.4236342871447675,-0.45755496142297347,0.458,No,Mangalam Industrial Finance Limited
CGVAK.BO,-0.05015671214365263,0.11809420527608677,-46.07,0.409,-0.4247178091964264,1.3918991891120043,1.392,Yes,CG-VAK Software and Exports Limited
MONOT.BO,-0.04569670978471852,0.10754983138320204,-42.95,0.373,-0.42488871620728347,1.174373527846109,1.174,Yes,Monotype India Limited
THEINVEST.BO,-0.03484153465875322,0.08189230699185637,-34.66,0.284,-0.4254555273698416,0.7178103144812257,0.718,Yes,The Investment Trust of India Limited
THEINVEST.NS,-0.03433812586997603,0.0806321591726025,-34.25,0.279,-0.4258614208317464,0.7552424101772401,0.755,Yes,The Investment Trust of India Limited
ITC.NS,-0.03316230257241662,0.07771123002216616,-33.28,0.269,-0.4267375842971149,1.0979159375017435,1.098,Yes,ITC Limited
INNOVTEC.BO,-0.04087672240413092,0.09576471142746738,-39.4,0.332,-0.4268453566540649,1.0179623425805202,1.018,Yes,Innovative Tech Pack Limited
SPL.BO,-0.05134399268091667,0.11991218842523703,-46.87,0.415,-0.4281799319585321,0.9385722807016568,0.939,Yes,Swashthik Plascon Limited
UBL.NS,-0.026279586310942852,0.061320150038943096,-27.35,0.212,-0.4285636335568856,0.2754581572763607,0.275,Yes,United Breweries Limited
SYSTMTXC.NS,-0.08200931386236289,0.19117079543634713,-64.19,0.662,-0.4289845301693531,3.1810184436394375,3.181,Yes,Systematix Corporate Services Limited
WHBRADY.BO,-0.032908920002578404,0.07667530887140901,-33.07,0.266,-0.42919840150588046,0.693121138471942,0.693,Yes,W. H. Brady & Company Limited
AKI.NS,-0.06063788136142847,0.14097534880865656,-52.79,0.488,-0.43013109649213377,1.841874033625751,1.842,Yes,AKI India Limited
STAL.BO,-0.06782298358825063,0.15747261037399302,-56.95,0.546,-0.43069701726016324,1.8055093652852836,1.806,Yes,Storage Technologies and Automation Limited
SINTERCOM.NS,-0.03455907744601823,0.08003695756884563,-34.43,0.277,-0.4317889946815063,1.0218057518339656,1.022,Yes,Sintercom India Limited
FRANKLININD.BO,-0.07142191976591819,0.1652903784680859,-58.9,0.573,-0.43209968074281024,2.1743187742683543,2.174,Yes,Franklin Industries Limited
KERALAYUR.BO,-0.07462349714507596,0.17264378859884946,-60.57,0.598,-0.4322396869919783,2.1048425032683222,2.105,Yes,Kerala Ayurveda Limited
UBL.BO,-0.02611373304755897,0.06034069428462323,-27.21,0.209,-0.43277150449052093,0.25569456297298676,0.256,Yes,United Breweries Limited
DHVIJAFIN.BO,-0.04782160691505726,0.11048400485879814,-44.46,0.383,-0.4328373774663102,1.1650906532872896,1.165,Yes,Dhvija Finance Limited
YASHRAJC.BO,-0.027588186683279017,0.06356367839707629,-28.52,0.22,-0.43402438906915086,0.3766634694611016,0.377,Yes,Yashraj Containeurs Limited
ANNAPURNA.NS,-0.04212050087617202,0.09685162226618513,-40.33,0.336,-0.43489721587118957,0.5115102913389912,0.512,Yes,Annapurna Swadisht Limited
VIKASPROP.BO,-0.022113069029620323,0.05081932727276294,-23.53,0.176,-0.4351310852843976,0.014140734110732647,0.014,Yes,Vikas Proppant & Granite Limited
CHALLANI.BO,-0.03483297822464516,0.07971043882256897,-34.65,0.276,-0.43699393378301987,0.7320133887340506,0.732,Yes,Challani Capital Limited
SAICAPI.BO,-0.0321589766529083,0.07322565161361591,-32.45,0.254,-0.43917638073880266,0.716431311559286,0.716,Yes,Sai Capital Limited
KALLAM.BO,-0.045564128189901604,0.10373628031429516,-42.86,0.359,-0.4392304028239071,1.2109438441876936,1.211,Yes,Kallam Textiles Limited
TRU.NS,-0.07520150143171188,0.17107362794774084,-60.86,0.593,-0.43958558857876245,2.3926988205065802,2.393,Yes,TruCap Finance Limited
GUJJUBHAI.BO,-0.06127302602852654,0.13911996789122366,-53.18,0.482,-0.44043300869962265,1.2623062159912048,1.262,Yes,Gujjubhai Industries Limited
SEATV.BO,-0.04059753470285636,0.09208790593734872,-39.19,0.319,-0.44085631321095053,-0.11295495227122074,0.113,No,Sea TV Network Limited
CELLO.NS,-0.03962365403278872,0.08984711823247458,-38.44,0.311,-0.44101196356976796,0.959366051463012,0.959,Yes,Cello World Limited
LAKPRE.BO,-0.020237981623106974,0.04579980553167328,-21.76,0.159,-0.4418792042492672,-0.1905059151618433,0.191,No,Lakshmi Precision Screws Limited
REGANTO.BO,-0.08510648427226938,0.19242272220052956,-65.61,0.667,-0.44228916054714856,2.8648909952813977,2.865,Yes,Reganto Enterprises Limited
BOMOXY-B1.BO,-0.02322241805699761,0.052422141779063784,-24.57,0.182,-0.4429887308853168,0.3107986906716368,0.311,Yes,Bombay Oxygen Investments Limited
TATAELXSI.NS,-0.03007649177087778,0.06789297941376927,-30.68,0.235,-0.4429985549401005,0.5835100738098433,0.584,Yes,Tata Elxsi Limited
TRU.BO,-0.07377343617884033,0.1661742876740527,-60.13,0.576,-0.44395217341653564,2.258491099626781,2.258,Yes,TruCap Finance Limited
CELLO.BO,-0.03969161425564723,0.0893684542882483,-38.49,0.31,-0.44413450553397976,0.9595675655041632,0.96,Yes,Cello World Limited
HDIL.NS,-0.053729002593026425,0.12068616810449541,-48.46,0.418,-0.44519602732357433,1.2200726266600057,1.22,Yes,Housing Development and Infrastructure Limited
GUJAPOLLO.NS,-0.027195968676971424,0.060997434832808756,-28.17,0.211,-0.4458543011114215,0.06219812324115877,0.062,Yes,Gujarat Apollo Industries Limited
DKUAL.BO,-0.0912693253734138,0.2043772529187874,-68.29,0.708,-0.44657281605444193,-0.40104572570647656,0.401,No,Dolphin Kitchen Utencils and Appliances Limited
HORIZON.BO,-0.03520305761409434,0.07868830786873654,-34.95,0.273,-0.4473734226540762,,,,Horizon Reclaim (India) Limited
PENINLAND.NS,-0.058669042878706404,0.1310521651669156,-51.59,0.454,-0.44767702085640576,1.8459955769368805,1.846,Yes,Peninsula Land Limited
GUJAPOLLO.BO,-0.027262468149663335,0.06085598162062426,-28.23,0.211,-0.4479833768785025,0.02488720812379608,0.025,Yes,Gujarat Apollo Industries Limited
GPSL.BO,-0.09089680735400683,0.2021956118943139,-68.13,0.7,-0.4495488626208065,1.8466695418118122,1.847,Yes,Gabriel PET Straps Limited
ROYALCU.BO,-0.046712441965187396,0.10389062229693816,-43.68,0.36,-0.4496309766214972,1.045999259470503,1.046,Yes,Royal Cushion Vinyl Products Limited
SHRENIK.NS,-0.04822336794422544,0.10690279176021913,-44.74,0.37,-0.45109549666756604,1.17216222006649,1.172,Yes,Shrenik Limited
TOUCHWOOD.NS,-0.04429956888630598,0.09795318789693992,-41.94,0.339,-0.4522524466780515,1.456880269744922,1.457,Yes,Touchwood Entertainment Limited
SUPHA.BO,-0.1078223825880814,0.2381233525558627,-74.57,0.825,-0.4528005398495586,3.365153886142051,3.365,Yes,Supha Pharmachem Limited
TCC.BO,-0.06609654189518026,0.14564166815151267,-55.98,0.505,-0.4538298876556349,2.2111110964770053,2.211,Yes,TCC Concept Limited
HAZOOR.BO,-0.051491578877424636,0.11324988717547788,-46.97,0.392,-0.454672231131142,1.778372062702095,1.778,Yes,Hazoor Multi Projects Limited
ABATEAS.BO,-0.04798004434501053,0.10546012408907818,-44.57,0.365,-0.45495911141241974,0.6549873684990903,0.655,Yes,Abate AS Industries Limited
NETWORK18.BO,-0.05089599956905779,0.11140144823570554,-46.57,0.386,-0.45687017875540503,1.6806013214025541,1.681,Yes,Network18 Media & Investments Limited
NETWORK18.NS,-0.050930290494435114,0.11141290727118786,-46.6,0.386,-0.45713097110433304,1.6791060028042561,1.679,Yes,Network18 Media & Investments Limited
SHREESEC.BO,-0.031086731144666948,0.06795951878967685,-31.54,0.235,-0.457430124555106,0.6084229808479956,0.608,Yes,Shree Securities Limited
GANGAFORGE.NS,-0.058366131739089736,0.12745000258438371,-51.41,0.441,-0.4579531624602828,1.6158868638679684,1.616,Yes,Ganga Forging Limited
VEERKRUPA.BO,-0.04966532329945821,0.10838886726313188,-45.74,0.375,-0.45821424795304333,0.7957775201841965,0.796,Yes,Veerkrupa Jewellers Limited
SAMINDUS.BO,-0.03719502527577628,0.08087723922252027,-36.55,0.28,-0.4598948435101792,0.8633981153760739,0.863,Yes,Sam Industries Ltd.
HARSHILAGR.BO,-0.06135644945474889,0.13279447311393897,-53.23,0.46,-0.4620406860013252,1.9503129749535362,1.95,Yes,Harshil Agrotech Limited
KAKTEX.BO,-0.05924635036410308,0.12803230010377223,-51.95,0.444,-0.4627453409497678,1.84241161345946,1.842,Yes,Kakatiya Textiles Limited
ICONIKSPEV.BO,-0.06600845063140605,0.14247891809436614,-55.93,0.494,-0.46328573738668877,1.3376028723157507,1.338,Yes,Iconik Sports and Events Limited
NYSSACORP.BO,-0.05526938033937637,0.1191577435676168,-49.45,0.413,-0.4638337273314799,0.8512352294988935,0.851,Yes,Nyssa Corporation Limited
LEMERITE.NS,-0.09338704125158821,0.2009675447113804,-69.16,0.696,-0.46468717814961635,0.6808318711158166,0.681,Yes,Le Merite Exports Limited
BHARATRAS.NS,-0.05386633250548754,0.11559088264414934,-48.54,0.4,-0.4660084885009224,1.67965940352838,1.68,Yes,Bharat Rasayan Limited
KAPILRAJ.BO,-0.0705965814948483,0.15103765291423343,-58.46,0.523,-0.4674104776703363,-1.9270488260593441,1.927,No,Kapil Raj Finance Limited
TECILCHEM.NS,-0.05342918261311258,0.11395127665546483,-48.26,0.395,-0.46887743763202716,1.4559996655057317,1.456,Yes,Tecil Chemicals and Hydro Power Ltd.
ROLCOEN.BO,-0.03333069225402769,0.071056501981102,-33.42,0.246,-0.4690730802213179,-0.1478786017280838,0.148,No,Rolcon Engineering Company Limited
MCLTD.BO,-0.047611149177009864,0.10052111746266859,-44.31,0.348,-0.4736432540624276,-0.4353548893056917,0.435,No,Munoth Communication Limited
RKEC.NS,-0.08646148379627706,0.1825428092816491,-66.22,0.632,-0.47365045019589813,2.8706038150517843,2.871,Yes,RKEC Projects Limited
SMR.BO,-0.07204376939521265,0.1518392534126942,-59.23,0.526,-0.47447394383190233,,,,SMR Jewels Limited
GENSOL.NS,-0.0667190069453955,0.14054681714471284,-56.33,0.487,-0.4747101948007747,1.2658576924563596,1.266,Yes,Gensol Engineering Limited
GANESHCP.NS,-0.03999398143560768,0.08364749754581707,-38.72,0.29,-0.4781252590814373,0.7143136773352008,0.714,Yes,Ganesh Consumer Products Limited
UPHOT.BO,-0.018341883794043314,0.03829449283162015,-19.92,0.133,-0.47896923128586877,0.35877311452271654,0.359,Yes,U.P. Hotels Limited
MFML.NS,-0.038678902690666775,0.08067995234246489,-37.71,0.279,-0.4794115708755645,0.2392260955401651,0.239,Yes,Mahalaxmi Fabric Mills Limited
GENSOL.BO,-0.06611015926181975,0.1375348691371758,-55.99,0.476,-0.4806792610234877,1.2447494017635,1.245,Yes,Gensol Engineering Limited
MAFIA.BO,-0.06505756955402052,0.1351287410895832,-55.39,0.468,-0.4814487949006407,-0.4555467500662278,0.456,No,Mafia Trends Limited
SHARMEH.BO,-0.041587914827260535,0.08620653234493313,-39.93,0.299,-0.48242185013146405,-0.627411096878979,0.627,No,Sharma East India Hospitals & Medical Research Ltd
PQIF.BO,-0.10814337522006082,0.22387616290176127,-74.68,0.776,-0.48304997646183095,2.694378689481804,2.694,Yes,Polo Queen Industrial and Fintech Limited
ASSOCER.BO,-0.03265624605202636,0.06697667173703516,-32.86,0.232,-0.48757642332903345,-0.07096283236245957,0.071,No,Associated Ceramics Limited
RAJVIR.BO,-0.025992497081555665,0.05329050499280932,-27.1,0.185,-0.4877509996398594,0.5135177043207565,0.514,Yes,Rajvir Industries Limited
SUNRAJDI.BO,-0.04795145614685152,0.09821943714052866,-44.55,0.34,-0.4882074011302303,-0.18096517772531986,0.181,No,Sunraj Diamond Exports Limited
NSDL.BO,-0.03332332315874698,0.0679900637387315,-33.42,0.236,-0.4901204871170592,1.1041829514233672,1.104,Yes,National Securities Depository Limited
RESGEN.BO,-0.054262005717373156,0.11059397250044141,-48.8,0.383,-0.4906416189829566,1.3786235033809033,1.379,Yes,ResGen Limited
TIHIL.BO,-0.09820756657896607,0.1997355781505165,-71.07,0.692,-0.49168789801163476,2.5868428007128097,2.587,Yes,Trans India House Impex Limited
GLOBALCA.BO,-0.040325032823224145,0.08186065311340199,-38.98,0.284,-0.49260580375973384,0.43242661676904076,0.432,Yes,Global Capital Markets Limited
DGL.BO,-0.05894571934216994,0.11952303247166318,-51.76,0.414,-0.4931745632888367,1.8352072929392522,1.835,Yes,Diksha Greens Limited
PENINLAND.BO,-0.06052381471987551,0.12260979366129196,-52.73,0.425,-0.49362952919627123,1.7701972863140076,1.77,Yes,Peninsula Land Limited
BCONCEPTS.NS,-0.06155332391733514,0.12420963952739196,-53.34,0.43,-0.4955599593682162,1.8682159160340728,1.868,Yes,Brand Concepts Limited
ALEXANDER.BO,-0.026335956089741566,0.05288075164670269,-27.4,0.183,-0.4980253734987088,0.1934898604699837,0.193,Yes,Alexander Stamps and Coin Limited
VIPIND.NS,-0.026050346841526073,0.05195391520580267,-27.15,0.18,-0.5014125834084693,0.5693335222262834,0.569,Yes,V.I.P. Industries Limited
PASARI.BO,-0.029582888192798005,0.05894038679768993,-30.26,0.204,-0.5019120131386287,0.3458719875671107,0.346,Yes,Pasari Spinning Mills Limited
PIGL.NS,-0.04342452877447786,0.08633225038186057,-41.3,0.299,-0.502993129246656,0.78564242894345,0.786,Yes,Power & Instrumental (Gujarat) Limited
INLCM.BO,-0.11088441910205882,0.21967441967439827,-75.59,0.761,-0.504767096990227,0.22785446850193666,0.228,Yes,The Indian Link Chain Manufactures Limited
IRCTC.BO,-0.030688479342816787,0.06074255682364853,-31.2,0.21,-0.505222054315452,1.1074824181602998,1.107,Yes,Indian Railway Catering & Tourism Corporation Limited
BCONCEPTS.BO,-0.06228211572744736,0.12288867245794442,-53.78,0.426,-0.5068173858641191,1.9630510591204435,1.963,Yes,Brand Concepts Limited
KNRCON.BO,-0.04081105384541856,0.08042921268714218,-39.35,0.279,-0.5074158067935784,0.853972098033438,0.854,Yes,KNR Constructions Limited
KNRCON.NS,-0.04079335243444112,0.0802743876295984,-39.33,0.278,-0.5081739473699826,0.8503513452076678,0.85,Yes,KNR Constructions Limited
TECILCHEM.BO,-0.06081284834105338,0.11962377593724006,-52.9,0.414,-0.50836757044819,0.766666659943867,0.767,Yes,Tecil Chemicals and Hydro Power Ltd.
HDFCLIFE.BO,-0.027741350265880003,0.054492827777748824,-28.65,0.189,-0.5090825966863788,0.7462506359022014,0.746,Yes,HDFC Life Insurance Company Limited
HDFCLIFE.NS,-0.027830225726793237,0.054513988317707165,-28.73,0.189,-0.5105153114939759,0.7396568502359734,0.74,Yes,HDFC Life Insurance Company Limited
OSIAHYPER.NS,-0.14916321412049885,0.2920061529919747,-85.61,1.012,-0.510822161081648,4.5321033277352205,4.532,Yes,Osia Hyper Retail Limited
IRCTC.NS,-0.030738347298370397,0.060154055894179326,-31.25,0.208,-0.5109937616250532,1.0921896209319772,1.092,Yes,Indian Railway Catering & Tourism Corporation Limited
FELDVR.BO,-0.036295545320741245,0.07090593220684072,-35.83,0.246,-0.5118830567640376,0.7140429733637781,0.714,Yes,Future Enterprises Limited
MHRIL.NS,-0.0428734603712401,0.08353645483042235,-40.89,0.289,-0.5132305465712249,1.3017594330194973,1.302,Yes,Mahindra Holidays & Resorts India Limited
PULSRIN.BO,-0.1283383882757717,0.24983072659377,-80.76,0.865,-0.5137013770305868,-3.572231385866088,3.572,No,Pulsar International Limited
MHRIL.BO,-0.04289737449316484,0.08328625901817392,-40.91,0.289,-0.5150594467666532,1.3099410335437442,1.31,Yes,Mahindra Holidays & Resorts India Limited
ASMS.NS,-0.0541821762915462,0.10517250886395481,-48.75,0.364,-0.5151743252757542,1.821556781924639,1.822,Yes,Avio Smart Market Stack Limited
PRSMJOHNSN.BO,-0.030188569517185352,0.058502864611935185,-30.78,0.203,-0.5160186551108913,0.08809003652246122,0.088,Yes,Prism Johnson Limited
PANELEC.BO,-0.0689367652209783,0.1335175093310634,-57.56,0.463,-0.516312546319645,-1.9704240904189247,1.97,No,Pan Electronics (India) Limited
SKIL.BO,-0.04903559556420716,0.09466982788430915,-45.3,0.328,-0.5179643468258007,0.8845322290590518,0.885,Yes,SKIL Infrastructure Limited
ZAPPFRESH.BO,-0.08131044541933938,0.15621207573062693,-63.86,0.541,-0.5205131872106457,2.674057601174113,2.674,Yes,DSM Fresh Foods Limited
PRSMJOHNSN.NS,-0.030214387914716513,0.0578850241478372,-30.8,0.201,-0.5219724507248985,0.10987707852792933,0.11,Yes,Prism Johnson Limited
CEREBRAINT.BO,-0.08706724980569423,0.16653508482473356,-66.48,0.577,-0.5228162575911639,2.0125279687177358,2.013,Yes,Cerebra Integrated Technologies Limited
SANWARIA.NS,-0.045510607371425454,0.08695631368417207,-42.82,0.301,-0.5233732370109586,-1.135322175867588,1.135,No,Sanwaria Consumer Limited
PCL.BO,-0.06292797299994084,0.11966051971001648,-54.16,0.415,-0.5258875120418961,1.4430304647598762,1.443,Yes,Prospect Consumer Products Limited
KGPETRO.BO,-0.03685328160162138,0.06991612352662856,-36.28,0.242,-0.5271070497434727,-0.42393974693725894,0.424,No,KG Petrochem Limited
PIGL.BO,-0.045318074955941264,0.08469929508814135,-42.68,0.293,-0.5350466601732816,0.7807343234240098,0.781,Yes,Power & Instrumental (Gujarat) Limited
VEDPOWER.BO,-0.06188635863916624,0.11496118585359431,-53.54,0.398,-0.5383239410732935,,,,Vedanta Power Limited
TRIVENIENT.BO,-0.03807642150540114,0.07062801075505648,-37.24,0.245,-0.5391121893189541,1.0760567665175502,1.076,Yes,Triveni Enterprises Limited
VEDPOWER.NS,-0.06193981159400476,0.1146349606278458,-53.57,0.397,-0.5403221779356467,,,,Vedanta Power Limited
GOLDLEG.BO,-0.04127153455953411,0.07570083904635282,-39.7,0.262,-0.545192564302529,0.32571684913122256,0.326,Yes,Golden Legand Leasing and Finance Limited
NAGAFERT.BO,-0.07123560060902928,0.13056056329833077,-58.8,0.452,-0.5456134594506612,1.2513984611209474,1.251,Yes,Nagarjuna Fertilizers and Chemicals Limited
RAYMONDLSL.NS,-0.04626131626243468,0.08441637704455864,-43.36,0.292,-0.5480135239399808,1.0466660935114824,1.047,Yes,Raymond Lifestyle Limited
DYNAMICP.BO,-0.0567439140414822,0.10338500831438112,-50.39,0.358,-0.5488601777632103,0.687729228772452,0.688,Yes,Dynamic Portfolio Management & Services Limited
INDIAMART.BO,-0.0231056825384074,0.04193965478571675,-24.46,0.145,-0.5509268651938554,0.565626190067811,0.566,Yes,IndiaMART InterMESH Limited
SUPREME.BO,-0.0625617720452824,0.11321740864534162,-53.94,0.392,-0.5525808512475306,1.9836263999084442,1.984,Yes,Supreme Holdings & Hospitality (India) Limited
NAGAFERT.NS,-0.07247812079430006,0.1307936180450125,-59.46,0.453,-0.5541411108404142,1.2786281290226686,1.279,Yes,Nagarjuna Fertilizers and Chemicals Limited
RAGHUTOB.BO,-0.03236484042023218,0.05817289977579071,-32.62,0.202,-0.5563559758061289,0.507996323112468,0.508,Yes,RTCL Limited
KTIL.BO,-0.04228261347041616,0.07585605237984581,-40.45,0.263,-0.5574059306261793,0.9380409710960218,0.938,Yes,Kesar Terminals & Infrastructure Limited
RAYMONDLSL.BO,-0.04613464445168443,0.08266722012572791,-43.27,0.286,-0.5580766400698924,1.0531606765952326,1.053,Yes,Raymond Lifestyle Limited
VAICC.BO,-0.08929700967712627,0.15852525495982822,-67.45,0.549,-0.5632983192473335,1.03856571428837,1.039,Yes,Vaishno Cement Company Limited
VASHISHTHA.BO,-0.09022316678756835,0.15895807506444712,-67.85,0.551,-0.5675909622772467,0.27666120300541597,0.277,Yes,Vashishtha Luxury Fashion Limited
TCC.NS,-0.09595857112220589,0.16841013612563774,-70.2,0.583,-0.5697909480378226,2.097165467877634,2.097,Yes,TCC Concept Limited
INDIAMART.NS,-0.023142480803593646,0.04057740682586686,-24.5,0.141,-0.5703292204676081,0.530877083352197,0.531,Yes,IndiaMART InterMESH Limited
PARSVNATH.NS,-0.14747897166524482,0.2572321178243312,-85.26,0.891,-0.5733303170405846,2.7498110196470194,2.75,Yes,Parsvnath Developers Limited
SAHLIBHFI.BO,-0.02948030658436159,0.051380970911534866,-30.17,0.178,-0.5737592354009674,0.5767999684243124,0.577,Yes,Shalibhadra Finance Limited
CMSINFO.NS,-0.03554648360286403,0.06179004711959018,-35.23,0.214,-0.5752784673244605,0.7723666603779018,0.772,Yes,CMS Info Systems Limited
CEREBRAINT.NS,-0.08936403414862108,0.15374109528710342,-67.48,0.533,-0.5812631553179614,1.7927984726333683,1.793,Yes,Cerebra Integrated Technologies Limited
CMSINFO.BO,-0.03554898907396042,0.06050890282282068,-35.23,0.21,-0.5875001432112112,0.8040404414969887,0.804,Yes,CMS Info Systems Limited
RHFL.NS,-0.06199487095752896,0.10495222650598147,-53.61,0.364,-0.5906961007063125,-1.447638457626838,1.448,No,Reliance Home Finance Limited
DRCSYSTEMS.NS,-0.03290646803120746,0.05557186097713444,-33.07,0.193,-0.5921426321272044,0.2713313491850685,0.271,Yes,DRC Systems India Limited
KCDGROUP.BO,-0.07235521711369358,0.12173024085549741,-59.39,0.422,-0.5943898295542227,1.9268349051276683,1.927,Yes,KCD Industries India Limited
RUSTOMJEE.BO,-0.037660315160999,0.06332224386972468,-36.91,0.219,-0.5947406923620557,0.6911364459500317,0.691,Yes,Keystone Realtors Limited
RHFL.BO,-0.06260754960818557,0.10523270931675693,-53.97,0.365,-0.5949438156128147,-1.489458022953597,1.489,No,Reliance Home Finance Limited
INTERDIGI.BO,-0.04209253599374118,0.06999682999880606,-40.31,0.242,-0.6013491753049267,1.2125940274849796,1.213,Yes,Interworld Digital Limited
SUPREME.NS,-0.0653451240675569,0.10854116932384698,-55.56,0.376,-0.6020307729741795,1.8478367013167267,1.848,Yes,Supreme Holdings & Hospitality (India) Limited
RUSTOMJEE.NS,-0.03767381117698845,0.06247048492187583,-36.92,0.216,-0.6030657713655091,0.6658427179089186,0.666,Yes,Keystone Realtors Limited
YASHCHEM.BO,-0.05523529752668783,0.09112673258067067,-49.43,0.316,-0.6061371450774924,1.0511871585141719,1.051,Yes,Yash Chemex Limited
SALORAINTL.BO,-0.03917913174659857,0.06427832306085784,-38.1,0.223,-0.6095232401987882,0.5261361595735123,0.526,Yes,Salora International Limited
PIOTEX.BO,-0.06985934566913565,0.11410719546703903,-58.06,0.395,-0.612225595267699,1.4491299288369275,1.449,Yes,Piotex Industries Limited
VKGLOBAL.BO,-0.039292243660633205,0.06306887392002665,-38.18,0.218,-0.6230053149586439,-0.20039424992220475,0.2,No,VK Global Industries Limited
FIRSTCRY.BO,-0.05729367001638166,0.09157702552898418,-50.74,0.317,-0.6256336639613631,0.6141969162422829,0.614,Yes,Brainbees Solutions Limited
VINATIORGA.BO,-0.02338222757477898,0.03736141694904874,-24.72,0.129,-0.6258388863213155,0.42468728697985453,0.425,Yes,Vinati Organics Limited
FIRSTCRY.NS,-0.05692880664333467,0.09085599970963538,-50.51,0.315,-0.6265827994328623,0.635019295629673,0.635,Yes,Brainbees Solutions Limited
KEERTHI.BO,-0.04903715694818597,0.07779367290218883,-45.3,0.269,-0.6303489103778547,1.0873242572436275,1.087,Yes,Keerthi Industries Limited
STLSTRINF.BO,-0.033132688828823816,0.052400621962393375,-33.26,0.182,-0.632295716882947,0.3816393206607059,0.382,Yes,Steel Strips Infrastructures Limited
SAMPRE.BO,-0.12430544745035353,0.19610921396747336,-79.67,0.679,-0.633858271804459,0.8752627506803214,0.875,Yes,Sampre Nutritions Limited
EDUCOMP.NS,-0.04466804692831107,0.0701294833340022,-42.21,0.243,-0.6369367747310042,0.5266334026653912,0.527,Yes,Educomp Solutions Limited
FERVENTSYN.BO,-0.0365813859314429,0.0573382871278948,-36.06,0.199,-0.6379923043366643,-0.19190807591415024,0.192,No,Fervent Synergies Limited
VINATIORGA.NS,-0.023314259926161693,0.036240354187673136,-24.65,0.126,-0.6433231807125067,0.40603214963106987,0.406,Yes,Vinati Organics Limited
REGIS.BO,-0.039041100182789015,0.06033826875277094,-37.99,0.209,-0.6470371290027461,0.26453967687413177,0.265,Yes,Regis Industries Ltd
UTIAMC.BO,-0.031412007864437534,0.04773133017240891,-31.82,0.165,-0.6581004080752655,0.3094316020133631,0.309,Yes,UTI Asset Management Company Limited
MONIKA.BO,-0.05620911659997938,0.0853004558154655,-50.05,0.295,-0.6589544693826633,0.058150783107637286,0.058,Yes,Monika Alcobev Limited
VIJAYTX.BO,-0.0768259934892762,0.11644774445892292,-61.68,0.403,-0.6597465141660743,-0.3304551937746095,0.33,No,Vijay Textiles Limited
DUROPLY.BO,-0.05070165608603863,0.07677282726642455,-46.44,0.266,-0.6604114748840603,0.854693721230745,0.855,Yes,Duroply Industries Limited
SUNSKY.BO,-0.07790899271697391,0.11772091215085033,-62.22,0.408,-0.6618109840768096,-0.3269784293916735,0.327,No,Sunsky Logistics Limited
RAJTUBE.BO,-0.10574813491158902,0.1586181627489977,-73.85,0.549,-0.6666836450433999,1.9131740243271573,1.913,Yes,Rajasthan Tube Manufacturing Company Limited
RELINFRA.NS,-0.10747150848406718,0.16019598337546484,-74.45,0.555,-0.6708751756414338,1.8838227780007957,1.884,Yes,Reliance Infrastructure Limited
UTIAMC.NS,-0.03151543452263246,0.046941218298009305,-31.91,0.163,-0.6713808389580928,0.314880805731416,0.315,Yes,UTI Asset Management Company Limited
KEC.NS,-0.060400348753983285,0.08916050895980171,-52.65,0.309,-0.6774338713254202,0.877298105495059,0.877,Yes,KEC International Limited
TCI.NS,-0.026112285050264764,0.03844456729482653,-27.2,0.133,-0.6792191169694524,0.4329892745046437,0.433,Yes,Transport Corporation of India Limited
KEC.BO,-0.0603586814896939,0.08884540113604017,-52.63,0.308,-0.6793675386447141,0.8803939999198803,0.88,Yes,KEC International Limited
GIANLIFE.BO,-0.09202001136980263,0.13473987345146632,-68.6,0.467,-0.6829456567876955,0.6817528405598263,0.682,Yes,Gian Life Care Limited
ARL.BO,-0.15180871080526842,0.22219720044202348,-86.13,0.77,-0.6832161274006642,2.3849498903270248,2.385,Yes,Anand Rayons Limited
DLCL.BO,-0.08470329452127555,0.12322623657882613,-65.43,0.427,-0.6873803572430942,-0.1715687801792985,0.172,No,Dr Lalchandani Labs Limited
SOFCOM.BO,-0.09553549131822199,0.1385355646141374,-70.03,0.48,-0.6896098599974428,1.4236154392855902,1.424,Yes,Sofcom Systems Limited
RAJKSYN.BO,-0.0699209310052302,0.10117266141329075,-58.1,0.35,-0.691104988526524,-0.07109014715011502,0.071,No,Rajkamal Synthetics Limited
RAMINFO.BO,-0.05995863996692144,0.08589277542393126,-52.38,0.298,-0.6980638321557356,0.9197315106175411,0.92,Yes,Raminfo Limited
NISUS.BO,-0.06614306475371447,0.09358551587155452,-56.01,0.324,-0.7067660432036873,1.146619808444638,1.147,Yes,Nisus Finance Services Co Limited
PGHH.NS,-0.047223014194902914,0.06593704494421504,-44.04,0.228,-0.7161833569407785,1.0523159296296918,1.052,Yes,Procter & Gamble Hygiene and Health Care Limited
TAHMARENT.BO,-0.09874628746737288,0.13720206783700678,-71.28,0.475,-0.719714279996723,1.2527010544371397,1.253,Yes,Tahmar Enterprises Limited
DMR.BO,-0.05218101380954994,0.07203375958137155,-47.43,0.25,-0.724396645584001,0.7593549764514248,0.759,Yes,DMR Engineering Limited
CROPSTER.BO,-0.13436718646873533,0.18324642420621723,-82.3,0.635,-0.7332595277140282,2.5236511333784133,2.524,Yes,Cropster Agro Limited
GARWAMAR.BO,-0.03431490360046153,0.04649557642659913,-34.23,0.161,-0.738025124919856,0.16113996793183186,0.161,Yes,Garware Marine Industries Limited
KESARPE.BO,-0.07436127765469012,0.09945315091443485,-60.44,0.345,-0.7477015757767929,0.7688107735092904,0.769,Yes,Kesar Petroproducts Limited
PASUFIN.BO,-0.06369413515036211,0.08487867607139142,-54.6,0.294,-0.7504138624498454,0.6689981932603892,0.669,Yes,Pasupati Fincap Limited
PATANJALI.BO,-0.043004800460604946,0.0572682211547589,-40.99,0.198,-0.750936550733623,0.409050836105022,0.409,Yes,Patanjali Foods Limited
DPL.BO,-0.10658700027030785,0.14175987011258734,-74.14,0.491,-0.75188415583095,0.23387661232665607,0.234,Yes,Dipna Pharmachem Limited
BPAGRI.BO,-0.17158343146926505,0.22645545893186514,-89.55,0.784,-0.7576917433502465,2.8514250573329614,2.851,Yes,Blue Pearl Agriventures Limited
PATANJALI.NS,-0.04283144879366921,0.05629699723961634,-40.86,0.195,-0.760812314933355,0.3822089576970146,0.382,Yes,Patanjali Foods Limited
KIAASA.BO,-0.06245870530222715,0.08169534134645115,-53.88,0.283,-0.7645320317269273,0.7016810814327613,0.702,Yes,Kiaasa Retail Limited
MINID.BO,-0.08758801596018717,0.1132237574373305,-66.71,0.392,-0.7735833710400156,1.5667789197164819,1.567,Yes,Mini Diamonds India Limited
OSWAYRN.BO,-0.06923563787533343,0.08854207531860778,-57.73,0.307,-0.7819518305415533,-0.24881718969663952,0.249,No,Oswal Yarns Limited
REXSEAL.BO,-0.05820373398546633,0.07401969348688664,-51.31,0.256,-0.7863276817780626,-0.5294214719492589,0.529,No,Rex Sealing and Packing Industries Limited
UHMVL.BO,-0.1886808174561379,0.23917311944790906,-91.87,0.829,-0.7888880568672426,,,,UHM Vacation Limited
TTFL.BO,-0.17790886203910394,0.22473805528811958,-90.47,0.779,-0.7916276654215082,2.416022083647362,2.416,Yes,Trident Texofab Limited
RETINA.BO,-0.048107921622838876,0.05930994069754845,-44.66,0.205,-0.811127461215408,0.385324915090598,0.385,Yes,Retina Paints Limited
EDUCOMP.BO,-0.04469223639790563,0.054839029042027566,-42.23,0.19,-0.8149713293365272,0.5631017350502244,0.563,Yes,Educomp Solutions Limited
NSBBPO.BO,-0.051520142722705886,0.06268546817739871,-46.99,0.217,-0.8218833522452897,-0.6456251351142109,0.646,No,NSB BPO Solutions Limited
RAJVIR.NS,-0.04566712186326241,0.05549309994264009,-42.93,0.192,-0.8229333360447658,-0.03555463838687428,0.036,No,Rajvir Industries Limited
INNOVISION.NS,-0.03152817850517241,0.03827296355684888,-31.92,0.133,-0.8237715498132753,0.49590190236992726,0.496,Yes,Innovision Limited
BIOGEN.BO,-0.07710599004847506,0.09333363091636687,-61.82,0.323,-0.8261329736284142,0.8630052923876284,0.863,Yes,Biogen Pharmachem Industries Limited
AMBOAGRI.BO,-0.1271229150753934,0.15273984666623694,-80.44,0.529,-0.8322838987338976,-0.5122326553865273,0.512,No,Ambo Agritec Limited
ZWELCAST.BO,-0.04390973075520701,0.052437154553793094,-41.66,0.182,-0.8373782126213932,0.38372471733340985,0.384,Yes,Welcast Steels Limited
GVL.BO,-0.08751869976699168,0.10336904680056402,-66.68,0.358,-0.8466625404396604,-0.187408815362115,0.187,No,Greenhitech Ventures Limited
LLFICL.BO,-0.13284985216198242,0.1548856350037253,-81.92,0.537,-0.8577286858060602,2.027796069918524,2.028,Yes,Leading Leasing Finance and Investment Company Limited
SEML.BO,-0.16053480816974447,0.18386762078415714,-87.75,0.637,-0.873099937254297,0.1773492133146022,0.177,Yes,Sunrise Efficient Marketing Limited
MUNCAPM.BO,-0.04958566111553029,0.05644075758735282,-45.68,0.196,-0.8785435071240324,-0.36119058129237736,0.361,No,Munoth Capital Market Limited
LGLL.BO,-0.1198865332934368,0.13550733166418913,-78.4,0.469,-0.8847235925989348,1.3624868674895985,1.362,Yes,Landmark Global Learning Limited
SHRAAITECH.BO,-0.04238801162642912,0.046637585350195826,-40.53,0.162,-0.9088809231469172,0.026659874706590203,0.027,Yes,Shradha AI Technologies Limited
RAJTV.BO,-0.1138002431190297,0.12475958995455236,-76.54,0.432,-0.9121562772087104,-0.05433447962425181,0.054,No,Raj Television Network Limited
RAJTV.NS,-0.11341617260041016,0.12272989786058554,-76.41,0.425,-0.9241120100111607,0.057334529138598544,0.057,Yes,Raj Television Network Limited
ANUBHAV.BO,-0.15911995068546447,0.17063676298147978,-87.5,0.591,-0.9325068520125097,,,,Anubhav Plast Limited
SAHLIBHFI.NS,-0.01255429466699156,0.013369073340110086,-14.07,0.046,-0.9390549627195166,-0.4852368785316382,0.485,No,Shalibhadra Finance Limited
INNOVISION.BO,-0.035054496096511935,0.0370089053923901,-34.83,0.128,-0.9471908375793239,0.4447219623788114,0.445,Yes,Innovision Limited
LIOTECH.BO,-0.2980679066643229,0.2984069924431118,-98.57,1.034,-0.9988636801838565,,,,Liotech Industries Limited
RFIL.BO,-0.1368574957017535,0.13133691602114664,-82.9,0.455,-1.0420337240118993,,,,Rajnandini Fashion India Limited
FLEXITUFF.NS,-0.17106678556870245,0.15304216077767305,-89.47,0.53,-1.1177755508641445,1.7006927439072286,1.701,Yes,Flexituff Ventures International Limited
BSHSL.BO,-0.03024181692832323,0.02534781763260419,-30.82,0.088,-1.1930737930441802,-0.8491273863096346,0.849,No,Bombay Super Hybrid Seeds Limited
SCTL.BO,-0.0531920893499992,0.04422456278755386,-48.1,0.153,-1.202772531760768,0.13381613641261758,0.134,Yes,Suncare Traders Limited
FLEXITUFF.BO,-0.1749750905717818,0.14408941875728715,-90.06,0.499,-1.2143507280470076,1.433535055669677,1.434,Yes,Flexituff Ventures International Limited
BCCL.BO,-0.196353178175338,0.15767121912935395,-92.74,0.546,-1.2453330370601705,-0.49450838780064194,0.495,No,Bhatia Colour Chem Limited
BLUECHIP.BO,-0.059115015848628015,0.045511912814493224,-51.87,0.158,-1.2988910417714392,-0.053822599374600655,0.054,No,Blue Chip India Limited
LANDSMILL.BO,-0.07669164445025856,0.05550729921678404,-61.62,0.192,-1.3816497205302487,0.538898276797911,0.539,Yes,Landsmill Green Limited
GLPL.BO,-0.06115378416479639,0.04301170215695465,-53.1,0.149,-1.4217940955147321,-1.2902506576653958,1.29,No,Goldline Pharmaceutical Limited
OMNIPOTENT.BO,-0.09179421807862038,0.06364926926066818,-68.51,0.22,-1.4421880902149535,0.12756135098643023,0.128,Yes,Omnipotent Industries Limited
MANIVENI.BO,-0.09511445361775803,0.06313227063668185,-69.86,0.219,-1.5065900950265128,,,,M R Maniveni Foods Limited
LANDSMILL.NS,-0.07680865504521914,0.04746033781180977,-61.67,0.164,-1.618375649785335,0.43360632103115254,0.434,Yes,Landsmill Green Limited
MRTX.BO,-0.12258254219978099,0.06747207922052949,-79.18,0.234,-1.8167891610265248,,,,Merritronix Limited
LESL.BO,-0.029196103299550594,0.014290897795914088,-29.92,0.05,-2.042985942275653,,,,Leapfrog Engineering Services Limited
RMC.NS,-0.15294517293919208,0.07412680165760763,-86.36,0.257,-2.0632911378754373,-1.4642787509770605,1.464,No,RMC Switchgears Limited
ELCIDIN.NS,-0.037340040714335596,0.012239820107539804,-36.66,0.042,-3.0507017575637327,0.18264963254575528,0.183,Yes,Elcid Investments Limited
HARIKANTA.BO,-0.10806401757566036,0.013801215162329294,-74.65,0.048,-7.830036435532384,,,,Harikanta Overseas Limited
VALUEAXIS.NS,-0.01149428470448386,,-12.95,,,,,,Axis Nifty500 Value 50 ETF
VOEPL.NS,0.16193056517776042,,505.57,,,,,,Virtuoso Optoelectronics Limited
XTRANET.BO,0.5351501457027553,,17032.09,,,,,,Xtranet Technologies Limited
XTRANET.NS,0.539713974581146,,17653.36,,,,,,Xtranet Technologies Limited
SMALL250.BO,0.023862391467949242,,32.71,,,,,,Mirae Asset Investment Managers (India) Pvt Ltd.- Mirae Asset Nifty Smallcap 250 ETF
SMALL250.NS,0.026154771211028445,,36.32,,,,,,Mirae Asset Nifty Smallcap 250 ETF
SNXT30BEES.NS,0.00046577686081337126,,0.56,,,,,,Nippon India BSE Sensex Next 30 ETF
SOTEFIN.BO,0.21853660025247715,,971.67,,,,,,Sotefin Bharat Limited
SSPRL.BO,-0.0803149366003323,,-63.38,,,,,,Silverstorm Parks and Resorts Limited
SWORDEDGE.BO,0.0,0.0,0.0,0.0,,0.0,0.0,No,Sword-Edge Commercials Limited
SBIBPB.NS,0.025166369350908022,,34.75,,,,,,SBI BSE PSU Bank ETF
SBIFUNDS.BO,-0.020027134332140012,,-21.55,,,,,,SBI Funds Management Limited
SBIFUNDS.NS,-0.019774291659665124,,-21.31,,,,,,SBI Funds Management Limited
SBILIQETF.NS,0.0037903213525233683,,4.64,,,,,,SBI NIFTY 1D Rate Liquid ETF - Growth
SEEMAX.BO,-0.1655981239444339,,-88.61,,,,,,Seemax Resources Limited
SELECTRIC.BO,-0.18997220440453283,,-92.02,,,,,,Schneider Electric President Systems Limited
SIEMENS.BO,0.07338676625801738,,133.92,,,,,,Siemens Limited
SILL.BO,-0.021647259645464507,,-23.1,,,,,,Sampark India Logistics Limited
SILVER360.BO,0.07975519269394214,,151.13,,,,,,360 One Mutual Fund - 360 One Silver Etf
SITINET.BO,0.0,0.0,0.0,0.0,,0.0,0.0,No,SITI Networks Limited
RAMBHAJO.BO,0.3464986336331406,,3451.98,,,,,,Advit Jewels Limited
RAMBHAJO.NS,0.347689532601199,,3489.87,,,,,,Advit Jewels Limited
RIR.NS,0.0021393276645777057,,2.6,,,,,,Rir Power Electronics Limited
RIYAASAT.BO,0.01576271703687765,,20.64,,,,,,Riyaasat Lifestyle Limited
PVTBANK.NS,0.01672723943536932,,22.03,,,,,,Kotak Nifty Private Bank ETF
QUALITY30.NS,-0.001432697511001184,,-1.71,,,,,,Kotak Nifty200 Quality 30 ETF
NIFTY100EW.NS,0.0011318878142227327,,1.37,,,,,,Kotak Nifty 100 Equal Weight ETF
NIFTYCASE.BO,-0.006141291382337679,,-7.13,,,,,,Zerodha Nifty 50 ETF
NIFTYCASE.NS,-0.003067457442770032,,-3.62,,,,,,Zerodha Nifty 50 ETF
MBECL.BO,0.0,0.0,0.0,0.0,,0.0,0.0,No,McNally Bharat Engineering Company Limited
MBECL.NS,0.0,0.0,0.0,0.0,,0.0,0.0,No,McNally Bharat Engineering Company Limited
MEEIND.BO,0.2108304015420308,,893.12,,,,,,Meenakshi India Ltd.
MID150.NS,0.014486585536218283,,18.84,,,,,,Kotak Nifty Midcap 150 ETF
MILLWORKS.BO,0.18487073460107528,,665.69,,,,,,Millworks Technologies Limited
MOMENTUM30.NS,0.014038534670499132,,18.21,,,,,,Kotak Nifty 200 Momentum 30 ETF
MOMMIDCAP.NS,0.041106756794043894,,62.16,,,,,,Mirae Asset BSE Midcap 150 Momentum 30 ETF
KNACK.BO,0.0005251042537049935,,0.63,,,,,,Knack Packaging Limited
KNACK.NS,0.0010518654401854865,,1.27,,,,,,Knack Packaging Limited
KRATIKAL.BO,0.0645768216411148,,111.9,,,,,,Kratikal Tech Limited
KUSUMGAR.BO,-0.004115620875561133,,-4.83,,,,,,Kusumgar Limited
KUSUMGAR.NS,-0.0024019274900009572,,-2.84,,,,,,Kusumgar Limited
LASERPOWER.BO,0.047690470241418106,,74.9,,,,,,Laser Power & Infra Limited
LASERPOWER.NS,0.04987137294750246,,79.32,,,,,,Laser Power & Infra Limited
LCL.BO,0.029912131743734055,,42.43,,,,,,Lohia Corp Limited
LCL.NS,0.030458725683168302,,43.34,,,,,,Lohia Corp Limited
LIQGRWBEES.NS,0.0035809275441710123,,4.38,,,,,,Nippon India Nifty 1D Rate Liquid ETF
LIQUIDBETA.NS,0.004171066532302401,,5.12,,,,,,UTI Nifty 1D Rate Liquid ETF - Growth
LTGILTCASE.NS,-0.0032787010317940806,,-3.86,,,,,,Zerodha Nifty 8-13 Yr G-Sec ETF
MALA.BO,-0.40810242495526494,,-99.82,,,,,,Shree Balaji (Mala) Textiles Limited
MANUFGBEES.NS,0.010343130578785846,,13.14,,,,,,Nippon India Nifty India Manufacturing ETF
JIVIAL.BO,0.04683540440812896,,73.2,,,,,,Jivial Industries Limited
HDFCNIMEG.NS,0.04056948471463202,,61.16,,,,,,HDFC Nifty Metal ETF
HSBCGOLD.NS,0.08724612507633268,,172.86,,,,,,HSBC Gold ETF
HYBRIDETF.NS,0.008841000361622352,,11.14,,,,,,Mirae Asset Nifty200 Momentum 30 Plus 8-13 yr G-Sec 50 50 ETF
IDFSENSEXE.BO,-0.01699101887191646,,-18.59,,,,,,Bandhan Mutual Fund - Bandhan S&PBSE Sensex ETF
INDOMIM.BO,0.1302971260800226,,334.82,,,,,,INDO-MIM Limited
INDOMIM.NS,0.1279391672607794,,324.06,,,,,,INDO-MIM Limited
GROWWGOLD.BO,0.07947972656559005,,150.37,,,,,,GROWW MUTUAL FUND  PERMITTED
GROWWRAIL.BO,-0.02920963471914554,,-29.93,,,,,,GROWW MUTUAL FUND  PERMITTED
GULFLLOYDS.BO,-0.5322392938565974,,-99.99,,,,,,Gulf Lloyds (India) Limited
GYFTR.NS,0.09362483024023038,,192.7,,,,,,Gyftr Limited
ELM250.NS,0.022795390463554367,,31.06,,,,,,Edelweiss Nifty LargeMidcap 250 ETF
EMETAL.NS,0.028749020112598778,,40.51,,,,,,Edelweiss Nifty Metal ETF
ENIFTY.NS,-0.01342008628134642,,-14.97,,,,,,Edelweiss Nifty 50 ETF
ESENSEX.NS,-0.023999992249503967,,-25.29,,,,,,Edelweiss BSE Sensex ETF
EVIETF.NS,0.022872826442796645,,31.18,,,,,,ICICI Prudential Nifty EV & New Age Automotive ETF
FLEXIADD.BO,0.008797669268342696,,11.08,,,,,,Dsp Mutual Fund - Dsp Nifty500 Flexicap Quality 30 Index Fund
FLEXIADD.NS,-0.001962659952200406,,-2.33,,,,,,DSP Nifty500 Flexicap Quality 30 ETF
CMLL.BO,-0.09530653198290238,,-69.94,,,,,,Caliber Mining and Logistics Limited
CMLL.NS,-0.09305875158130561,,-69.03,,,,,,Caliber Mining and Logistics Limited
CORDELIA.BO,0.2585033874901099,,1478.53,,,,,,Waterways Leisure Tourism Limited
CORDELIA.NS,0.26279238808037264,,1544.31,,,,,,Waterways Leisure Tourism Limited
CPL.NS,-0.09220161834663161,,-68.68,,,,,,Captain Polyplast Limited
CRAZY.BO,-0.07692307692307693,,-61.73,,,,,,Crazy Snacks Limited
CSM.BO,-0.07662837414993755,,-61.58,,,,,,CSM Technologies Limited
CSM.NS,-0.07625505714817003,,-61.4,,,,,,CSM Technologies Limited
DEVSON.BO,0.13643339004644978,,364.01,,,,,,Devson Catalyst Limited
CEMNTGROWW.NS,-0.032829941892866366,,-33.01,,,,,,Groww Nifty Cements ETF
CHEMICAL.NS,-0.002983100840580101,,-3.52,,,,,,Kotak Nifty Chemicals ETF
ATHARVA.BO,0.13870843323570572,,375.28,,,,,,Atharva Poly-Plast Limited
BANK10BETF.NS,-0.008579614351916922,,-9.82,,,,,,Bajaj Finserv BSE Top 10 Banks ETF
AASTHA.BO,0.09671918953658373,,202.79,,,,,,Aastha Spintex Limited
AASTHA.NS,0.09652462846531516,,202.15,,,,,,Aastha Spintex Limited
ADON.BO,0.023438504260392956,,32.05,,,,,,Adon Agro Commodities Limited
AGL.BO,0.13246123465816365,,344.92,,,,,,Allcargo Global Limited
AGL.NS,0.13082587419109246,,337.27,,,,,,Allcargo Global Limited
ALPHA.BO,0.0587668429169453,,98.43,,,,,,Kotak Mahindra Mutual Fund - P
ALPINETEX.BO,-0.26734968163952777,,-97.61,,,,,,Alpine Texworld Limited
ALPINETEX.NS,-0.26698567582510363,,-97.59,,,,,,Alpine Texworld Limited
