Ticker,mean,std,Return,Risk,sharpe,Name
ANET80.BK,0.08142771866448086,0.0028214451294627427,155.84,0.01,28.860287876654986,"Arista Networks, Inc."
MUFG23.BK,0.07604455670455058,0.036485514096734874,140.97,0.126,2.084239693126755,"Mitsubishi UFJ Financial Group, Inc."
NET03.BK,0.09020822828893782,0.048237428953998636,181.91,0.167,1.8700878186307237,"Cloudflare, Inc."
COIN23.BK,0.0916875550426588,0.051098304243865744,186.54,0.177,1.7943365518566248,"Coinbase Global, Inc."
MJLF.BK,0.03819607629069388,0.022854519340182018,56.8,0.079,1.671270164213818,Major Cineplex Lifestyle Leasehold Property Fund.
COIN01.BK,0.10249358303922096,0.07195610605361778,222.49,0.249,1.424390349345034,"Coinbase Global, Inc."
KKP.BK,0.07021449183195227,0.05507653874103838,125.76,0.191,1.2748530215758525,Kiatnakin Phatra Bank Public Company Limited
POPF.BK,0.03172265887074821,0.028015020086447153,45.46,0.097,1.1323446769932786,Prime Office Leasehold Property Fund
PDG.BK,0.021852344879390122,0.019495727679064722,29.62,0.068,1.1208786478309312,Prodigy Public Company Limited
DMT.BK,0.024908740176973313,0.022510747846308583,34.35,0.078,1.106526551096256,Don Muang Tollway Public Company Limited
WORLDA01.BK,0.03744325951506076,0.03481303826027128,55.44,0.121,1.0755527637411382,WORLDA01_DR WORLDA#BLS
WHAIR.BK,0.0410108630871286,0.039021941851066604,61.98,0.135,1.0509693044916377,WHA Industrial Leasehold Real Estate Investment Trust
GOLDM01.BK,0.05220732357472673,0.051384491969215594,84.17,0.178,1.0160132283881311,GOLDM01_DR GOLDM#BLS
WUXIAT80.BK,0.07943421547132445,0.08053651258632512,150.24,0.279,0.9863130761489189,"WuXi AppTec Co., Ltd."
QHHRREIT.BK,0.03732840082004244,0.038329902999694576,55.24,0.133,0.973871518024449,Quality Houses Hotel And Residence Freehold And Leasehold Reit
SGX19.BK,0.0488992694859495,0.050388260261645425,77.34,0.175,0.9704496490260983,Singapore Exchange Limited
JCT.BK,0.010151279151369664,0.010491841002704942,12.89,0.036,0.9675403152556852,Jack Chia Industries (Thailand) Public Company Limited
TMD.BK,0.01393720535169332,0.014558840412529724,18.07,0.05,0.957301883719983,Thai Metal Drum Manufacturing Public Company Limited
KBSPIF.BK,0.023232168610269964,0.02430748886323987,31.73,0.084,0.9557617712376654,Khonburi Sugar Power Plant Infrastructure Fund
SAUCE.BK,0.012800411743990131,0.013477078558295047,16.49,0.047,0.9497912836689348,Thaitheparos Public Company Limited
SPRIME.BK,0.0308608243054866,0.032607507231212925,44.01,0.113,0.946433104703743,S Prime Growth Leasehold Real Estate Investment Trust
PYLON.BK,0.06306286506237378,0.0681827372595917,108.31,0.236,0.9249095533122254,Pylon Public Company Limited
BKNG03.BK,0.04738157716576949,0.05168356501048155,74.28,0.179,0.9167629430392504,Booking Holdings Inc.
DASH03.BK,0.09975991142598442,0.10925399291787631,213.02,0.378,0.9131008282779343,"DoorDash, Inc."
MELI23.BK,0.06982089308710314,0.07647059512325119,124.77,0.265,0.913042365821393,"MercadoLibre, Inc."
SSSC.BK,0.019591691083892457,0.02217686335070496,26.22,0.077,0.8834293098203031,Siam Steel Service Center Public Company Limited
LHFG.BK,0.053271835268946736,0.06035718302037683,86.42,0.209,0.8826097011678287,LH Financial Group Public Company Limited
VCOM.BK,0.04006583249905936,0.04590825622218627,60.22,0.159,0.8727369714316567,Vintcom Technology Public Company Limited
SNOW23.BK,0.26372372098915814,0.30900504447173666,1558.92,1.07,0.8534608923294772,Snowflake Inc.
GC.BK,0.03448594952485564,0.040687940195199175,50.21,0.141,0.8475717708837147,Global Connections Public Company Limited
KTB.BK,0.061893002010650774,0.0733194132548334,105.57,0.254,0.8441557189707957,Krung Thai Bank Public Company Limited
KO80.BK,0.03248152227547814,0.038513346408406306,46.75,0.133,0.843383535957509,The Coca-Cola Company
TISCO.BK,0.02604809193259867,0.03093538937381897,36.15,0.107,0.8420159713471561,TISCO Financial Group Public Company Limited
BKIH-R.BK,0.03018647761712411,0.036574310054921025,42.89,0.127,0.825346467829338,BKI Holdings Public Company Limited
BKIH.BK,0.030186478637641286,0.03657434287746374,42.89,0.127,0.8253457550495457,BKI Holdings Public Company Limited
TITLE.BK,0.07810027275319319,0.09520899236585402,146.55,0.33,0.8203035323920018,Rhom Bho Property Public Company Limited
INETREIT.BK,0.02417751415392905,0.030861624024690257,33.2,0.107,0.7834167811320069,INET Freehold and Leasehold Real Estate Investment Trust
AMATAR.BK,0.02124994044600356,0.02713219096816599,28.7,0.094,0.7832003125341395,Amata Summit Growth Freehold and Leasehold Real Estate Investment Trust
KBANK.BK,0.04396232202593731,0.0565575404589323,67.58,0.196,0.7773025783866847,Kasikornbank Public Company Limited
CPTREIT.BK,0.03496560850523004,0.04536070622470518,51.05,0.157,0.7708347469728422,C.P. Tower Leasehold Real Estate Investment Trust
JPANIME24.BK,0.07898261792955474,0.10285474528074212,148.99,0.356,0.7679044628808482,Global X Japan Co. Ltd.
FTE.BK,0.052789952404165064,0.06917684451699033,85.4,0.24,0.7631159352924731,Firetrade Engineering Public Company Limited
AIMIRT.BK,0.024231709665231915,0.03185200095631943,33.28,0.11,0.7607594166050139,AIM Industrial Growth Freehold and Leasehold Real Estate Investment Trust
UBA.BK,0.03389411054685248,0.04476207702644041,49.18,0.155,0.757205938563388,Utility Business Alliance Public Company Limited
JAPAN13.BK,0.03573752503828484,0.04771886688159794,52.4,0.165,0.7489181402181718,JAPAN13_DR CAM MSCI JP-HUSD#KGI
INSET.BK,0.10560345275784529,0.14150476099431303,233.57,0.49,0.7462890436745758,Infraset Public Company Limited
SRICHA-R.BK,0.08889349818539531,0.11925185509669259,177.86,0.413,0.7454265437910219,Sriracha Construction Public Company Limited
HOOD80.BK,0.10459749037230123,0.14065514393373438,229.95,0.487,0.7436449705783909,"Robinhood Markets, Inc."
TIF1.BK,0.017289257076986364,0.023827839898193526,22.84,0.083,0.7255906179853561,Thai Industrial Fund 1
SRICHA.BK,0.08269991172550291,0.11475248191817712,159.48,0.398,0.7206808109341905,Sriracha Construction Public Company Limited
HOOD03.BK,0.10591512524069538,0.14748469862630798,234.7,0.511,0.7181431445241635,"Robinhood Markets, Inc."
MICRON03.BK,0.2957475043136985,0.41919008864585733,2139.98,1.452,0.705521223722333,"Micron Technology, Inc."
LHSC.BK,0.03248420140849703,0.046573915224805924,46.76,0.161,0.6974762858501423,LH Shopping Centers Leasehold Real Estate Investment Trust
MICRON80.BK,0.29571905091809664,0.4250926595551493,2139.39,1.473,0.6956578625176932,"Micron Technology, Inc."
MIDEA80.BK,0.07867321830777475,0.11370369231841974,148.13,0.394,0.6919143671030098,"Midea Group Co., Ltd."
APP.BK,0.040566464666582286,0.05894538077922043,61.15,0.204,0.6882043025309097,Applicad Public Company Limited
DCC-R.BK,0.002980342602009675,0.004344054772113175,3.64,0.015,0.6860739006197846,Dynasty Ceramic Public Company Limited
SCB-R.BK,0.022471365060733748,0.0327785613403255,30.56,0.114,0.685550681356127,SCB X Public Company Limited
GUNKUL.BK,0.11058736812813463,0.16135752158687114,252.07,0.559,0.6853561398350865,Gunkul Engineering Public Company Limited
KTB-R.BK,0.06294803747079303,0.0920026994842675,108.04,0.319,0.6841977227152685,Krung Thai Bank Public Company Limited
ESTAR-R.BK,0.031482815039747876,0.04626607666219666,45.06,0.16,0.6804729795788375,Eastern Star Real Estate Public Company Limited
JNJ03.BK,0.04198873188723389,0.0628282962601253,63.82,0.218,0.6683092553296328,Johnson & Johnson
BIZ.BK,0.05323210477526268,0.07974033718142433,86.33,0.276,0.6675680923464067,Business Alignment Public Company Limited
AMATA.BK,0.07807651533876009,0.11707159540519564,146.49,0.406,0.6669125424363616,Amata Corporation Public Company Limited
SMFG19.BK,0.046849764115124114,0.07056641746126686,73.23,0.244,0.6639101969550805,"Sumitomo Mitsui Financial Group, Inc."
TFFIF.BK,0.01717025701702906,0.025995427594803295,22.67,0.09,0.6605106592076808,Thailand Future Fund
TFG-R.BK,0.014136718161973427,0.02150212135304141,18.35,0.074,0.6574569052915251,Thaifoods Group Public Company Limited
TRT.BK,0.1677759589951124,0.2570433219365485,543.15,0.89,0.6527147164575167,Tirathai Public Company Limited
YUASA.BK,0.02756851572335955,0.0425857023151606,38.59,0.148,0.6473655293820316,Yuasa Battery (Thailand) Public Company Limited
AYUD.BK,0.02663824938902466,0.041466442617762056,37.09,0.144,0.6424049835809698,Allianz Ayudhya Capital Public Company Limited
SPVI.BK,0.054534546442985526,0.08498029139500232,89.12,0.294,0.6417316950526801,S P V I Public Company Limited
AFC-R.BK,0.05848727960434178,0.09181174308210638,97.8,0.318,0.6370348458806316,Asia Fiber Public Company Limited
STANLY.BK,0.03260002188566084,0.05149523502675345,46.96,0.178,0.6330687075944808,Thai Stanley Electric Public Company Limited
ALUCON.BK,0.03450908604453622,0.05480191368900066,50.25,0.19,0.6297058573606449,Alucon Public Company Limited
TEAM.BK,0.10003708080605202,0.1590080047199466,213.97,0.551,0.6291323570926046,Team Precision Public Company Limited
PDG-R.BK,0.020804757817631823,0.033082686122706435,28.03,0.115,0.6288714810056609,Prodigy Public Company Limited
NNCL.BK,0.02421162991944414,0.03855289948666037,33.25,0.134,0.6280106098847784,Nava Nakorn Public Company Limited
SUSHI23.BK,0.06165468476734077,0.09818213167427463,105.02,0.34,0.6279623768190739,Food & Life Companies Ltd.
UP.BK,0.02665313878763046,0.04245329641884952,37.11,0.147,0.6278225964991568,Union Plastic Public Company Limited
NYT-R.BK,0.04431292681694161,0.07058255410435225,68.25,0.245,0.6278169921625036,Namyong Terminal Public Company Limited
BAREIT.BK,0.024027592980981404,0.0383616967190691,32.97,0.133,0.6263433329589304,BA Airport Leasehold Real Estate Investment Trust
AMD03.BK,0.22887087629453715,0.3659708899616695,1085.97,1.268,0.6253800030885196,"Advanced Micro Devices, Inc."
WHAUP.BK,0.06604596947232062,0.10613157080825338,115.43,0.368,0.6223027603317497,WHA Utilities and Power Public Company Limited
MFEC.BK,0.022926578461111236,0.03684434772809242,31.26,0.128,0.6222549692101236,MFEC Public Company Limited
SNDK03.BK,0.2854089441419291,0.45946349623306487,1934.68,1.592,0.6211787149183101,Sandisk Corporation
NBIS03.BK,0.2104067722508022,0.33987272418537773,888.95,1.177,0.6190751927949342,Nebius Group N.V.
JEPI19.BK,0.010204211876161797,0.01659771842334862,12.96,0.057,0.6147960590659953,Yuanta Securities (Thailand) Company Limited
S11.BK,0.03890337562599467,0.06370175086010738,58.09,0.221,0.6107112457776658,S 11 Group Public Company Limited
MSFT03.BK,0.07952306013460501,0.13054183213313866,150.49,0.452,0.6091768350048896,Microsoft Corporation
TSC.BK,0.01641853007978047,0.027078000197320994,21.58,0.094,0.606342047423608,Thai Steel Cable Public Company Limited
HPF.BK,0.0206228675299796,0.03411411038465629,27.76,0.118,0.6045260244938199,Hemaraj Industrial Property and Leasehold Fund
BAY.BK,0.05762341068083143,0.09671556148438888,95.87,0.335,0.5958028862824994,Bank of Ayudhya Public Company Limited
MRVL06.BK,0.20338684264227078,0.341657835557959,822.28,1.184,0.595293950481543,"Marvell Technology, Inc."
MII.BK,0.03262806778368459,0.054884831729350374,47.0,0.19,0.594482423569795,MFC Industrial Investment Property and Leasehold Fund
CPNREIT.BK,0.020833451313640908,0.035155524979718016,28.07,0.122,0.5926081697161449,CPN Retail Growth Leasehold REIT
PHOL.BK,0.022038963197354024,0.03731473650154622,29.9,0.129,0.5906235783399084,Phol Dhanya Public Company Limited
JAPAN10001.BK,0.022673030667292995,0.03845824665730608,30.87,0.133,0.5895492550486751,Hang Seng Investment Management - Japan Topix 100 IDX ETF
STA.BK,0.06666372125695975,0.11337308030761105,116.94,0.393,0.5880030874708838,Sri Trang Agro-Industry Public Company Limited
SSTRT.BK,0.01346747606467165,0.02300721205912841,17.41,0.08,0.5853588879026416,Sub Sri Thai Real Estate Investment Trust
MOONG-R.BK,0.02095881689520712,0.03591703753273008,28.26,0.124,0.5835341201542026,Moong Pattana International Public Company Limited
KIOXIA23.BK,0.3277369316827577,0.5619644806359613,2901.54,1.947,0.5831986593029259,Kioxia Holdings Corporation
TACC.BK,0.03300356240020638,0.05659627719157736,47.65,0.196,0.5831401646523486,T.A.C. Consumer Public Company Limited
KCE.BK,0.11158397544376424,0.19246782195322273,255.88,0.667,0.5797539261959516,KCE Electronics Public Company Limited
METCO.BK,0.03954148306143978,0.06836936841977566,59.26,0.237,0.5783508605588129,Muramoto Electron (Thailand) Public Company Limited
MUFG19.BK,0.038505016019166165,0.06716151800135456,57.36,0.233,0.5733196205956745,"Mitsubishi UFJ Financial Group, Inc."
NYT.BK,0.040925908913124226,0.07143158118521213,61.82,0.247,0.5729385831038663,Namyong Terminal Public Company Limited
PTT.BK,0.025887864365139714,0.0452570899301899,35.89,0.157,0.5720178739965901,PTT Public Company Limited
GPI.BK,0.019391142308237564,0.0339794759478466,25.92,0.118,0.5706722004188663,Grand Prix International Public Company Limited
IRPC.BK,0.09480230957613539,0.16670224949821122,196.5,0.577,0.5686924433323418,IRPC Public Company Limited
MS06.BK,0.03033907886708769,0.05415155967330331,43.14,0.188,0.5602623276249759,Morgan Stanley
SPENGY80.BK,0.047664184989708716,0.08536426452598558,74.85,0.296,0.5583622755304047,SPENGY80_DR SPENGY#KTB
QHBREIT.BK,0.024018489226070062,0.04333170242563828,32.95,0.15,0.554293689874943,Quality Houses Business Complex Leasehold Real Estate Investment Trust
ASEFA.BK,0.06964637101339483,0.1260186109378611,124.33,0.437,0.5526673440936194,Asefa Public Company Limited
AAPL19.BK,0.04272200694401738,0.07741891051393673,65.2,0.268,0.5518290900816368,Apple Inc.
DMT-R.BK,0.011327075756177234,0.02055736402129742,14.47,0.071,0.5509984521576983,Don Muang Tollway Public Company Limited
EASON.BK,0.017824949488463405,0.03237836091401811,23.62,0.112,0.5505204397405474,Eason & Co Public Company Limited
PRM.BK,0.03877693491585448,0.0707230964062245,57.86,0.245,0.5482923809376881,Prima Marine Public Company Limited
BBGI.BK,0.07826052030509963,0.1428658746899106,146.99,0.495,0.5477901596512361,BBGI Public Company Limited
BBGI-R.BK,0.07826052030509963,0.1428658746899106,146.99,0.495,0.5477901596512361,BBGI Public Company Limited
SAT.BK,0.0266627319018187,0.0488902201169693,37.13,0.169,0.5453592116793178,Somboon Advance Technology Public Company Limited
TAIWAN19.BK,0.06028671106498655,0.11087537804360877,101.87,0.384,0.5437339843051086,Yuanta Securities (Thailand) Company Limited
GTB.BK,0.01659969188533289,0.03054825848299469,21.84,0.106,0.5433924128464949,Getabec Public Company Limited
TPAC-R.BK,0.03211142897274356,0.05981139565053904,46.12,0.207,0.536878108652764,Thai Plaspac Public Company Limited
DIF.BK,0.011129698687854538,0.020967396782896774,14.2,0.073,0.5308097520686543,Digital Telecommunications Infrastructure Fund
YUASA-R.BK,0.03315314533680536,0.06263705473741134,47.9,0.217,0.5292896589054327,Yuasa Battery (Thailand) Public Company Limited
LHFG-R.BK,0.05685884087781124,0.1074374369377032,94.18,0.372,0.5292274508631514,LH Financial Group Public Company Limited
NAURA23.BK,0.12402806134860715,0.2353049518611745,306.75,0.815,0.5270949904266417,"NAURA Technology Group Co., Ltd."
JTEK19.BK,0.06671494654911524,0.12672589506730128,117.06,0.439,0.5264507819312259,JTEK19_DR JTEK#YUANTA
FUTURERT.BK,0.010920978351131826,0.020759174142856225,13.92,0.072,0.5260796154980963,Future City Leasehold Real Estate Investment Trust
ASW-R.BK,0.043377103281370885,0.08337922263400277,66.45,0.289,0.5202387586626567,Assetwise Public Company Limited
AOT.BK,0.04651323890319523,0.08973469419628387,72.56,0.311,0.5183417553243466,Airports of Thailand Public Company Limited
AP-R.BK,0.032505534118310704,0.06280148538792989,46.79,0.218,0.5175918040396875,AP (Thailand) Public Company Limited
BBL-R.BK,0.02866626017877949,0.05564901199293663,40.38,0.193,0.5151261298658459,Bangkok Bank Public Company Limited
NAURA80.BK,0.12237492213843275,0.23778347548250095,299.63,0.824,0.5146485553300721,"NAURA Technology Group Co., Ltd."
ASEMI24.BK,0.09773823972834163,0.18996906207482703,206.19,0.658,0.5144955639663233,Mirae Asset Global Investments (HK) Ltd
KEYENCE23.BK,0.05721606755410329,0.11131335345979916,94.97,0.386,0.5140090184666558,Keyence Corporation
OCC-R.BK,0.00362929846082992,0.007064886700242261,4.44,0.024,0.5137093650356018,O.C.C. Public Company Limited
SCP.BK,0.025398761015132453,0.04946084862528981,35.12,0.171,0.5135124390515576,Southern Concrete Pile Public Company Limited
TFG.BK,0.08472931612148277,0.16694108742533315,165.37,0.578,0.5075402192966977,Thaifoods Group Public Company Limited
TPBI-R.BK,0.026634307438005697,0.05252169370123817,37.08,0.182,0.5071105968042651,TPBI Public Company Limited
GVREIT.BK,0.026769921402671305,0.053306979028419625,37.3,0.185,0.5021841772050039,Golden Ventures Leasehold Real Estate Investment Trust
CSCO06.BK,0.05241031795235192,0.10444821369876085,84.6,0.362,0.5017828079234418,"Cisco Systems, Inc."
PROSPECT.BK,0.04318490870829788,0.08620334378091558,66.09,0.299,0.500965586880848,Prospect Logistics and Industrial Freehold and Leasehold Real Estate Investment Trust
TAIWANHD13.BK,0.03775506173855769,0.07548457032390578,56.0,0.261,0.5001692607714394,KGI Securities (Thailand) Public Company Limited
PTTGC-R.BK,0.05424222837697299,0.10930865335894438,88.49,0.379,0.4962299571915321,PTT Global Chemical Public Company Limited
ASML01.BK,0.06296659513634505,0.1278011701707592,108.08,0.443,0.4926918513517003,ASML Holding N.V.
BEYOND-R.BK,0.023358026958518577,0.047414619511270115,31.93,0.164,0.4926334366759295,Bound and Beyond Public Company Limited
BBL.BK,0.028940421145999696,0.05875331532035737,40.83,0.204,0.49257511662447684,Bangkok Bank Public Company Limited
ASW.BK,0.04316620460802382,0.08890468858042792,66.05,0.308,0.4855334999455441,Assetwise Public Company Limited
BCP-R.BK,0.059839110414042246,0.1234876126391893,100.85,0.428,0.48457581400397126,Bangchak Corporation Public Company Limited
UOB19.BK,0.025608469563200124,0.05309468677244384,35.45,0.184,0.4823169910193524,United Overseas Bank Limited
KGI-R.BK,0.03153022644599896,0.06552772740038772,45.14,0.227,0.48117381293178196,KGI Securities (Thailand) Public Company Limited
SP500US19.BK,0.016396225579246266,0.03408100061812905,21.55,0.118,0.48109578010818316,SP500US19_DR SP500US#YUANTA
UNIQLO80.BK,0.04333569323596241,0.09014155752148738,66.38,0.312,0.48075154709449436,"Fast Retailing Co., Ltd."
2S.BK,0.04480465347502868,0.09369722446331834,69.21,0.325,0.47818549302460206,2S Metal Public Company Limited
CRSP03.BK,0.05254773631331857,0.1103594752428174,84.88,0.382,0.4761506540122713,CRISPR Therapeutics AG
TKS.BK,0.03827198232502748,0.08057979915059882,56.94,0.279,0.47495752941130365,T.K.S. Technologies Public Company Limited
LENOVO13.BK,0.18313297734403347,0.38638344526241497,652.32,1.338,0.47396693515079935,Lenovo Group Limited
SUPEREIF.BK,0.022987217809300024,0.04854879681893238,31.35,0.168,0.4734868692015822,Super Energy Power Plant Infrastructure Fund
ICBC19.BK,0.031793359910573554,0.06714990164150139,45.58,0.233,0.47346845093402123,Industrial and Commercial Bank of China Limited
UKEM.BK,0.08276098231717542,0.17481233898015167,159.65,0.606,0.473427578396352,Union Petrochemical Public Company Limited
BLA.BK,0.029024862482785727,0.061859280564668426,40.96,0.214,0.46920788954929393,Bangkok Life Assurance Public Company Limited
KGI.BK,0.02968912873266352,0.06358991287865186,42.06,0.22,0.4668842492254873,KGI Securities (Thailand) Public Company Limited
SWC.BK,0.03299480979028596,0.07094914493284882,47.63,0.246,0.4650487306297283,Sherwood Corporation (Thailand) Public Company Limited
TNDT-R.BK,0.03781806596663211,0.08206219310888704,56.12,0.284,0.4608463962991083,Thai Nondestructive Testing Public Company Limited
ALLY.BK,0.017814536337907628,0.03878772129540757,23.6,0.134,0.45928287981219595,Ally Freehold And Leasehold Real Estate Investment Trust
DDOG19.BK,0.12313462773717632,0.2681071441061512,302.89,0.929,0.45927395238831764,"Datadog, Inc."
UBA-R.BK,0.026226444134110283,0.05715056971211173,36.43,0.198,0.45890083451875374,Utility Business Alliance Public Company Limited
SP500US80.BK,0.018461287796634706,0.04031364658623384,24.55,0.14,0.457941400987992,SP500US80_DR SP500US#KTB
ICBC06.BK,0.028350855203797466,0.06202926090655847,39.86,0.215,0.45705615042722325,Industrial and Commercial Bank of China Limited
GSUS06.BK,0.026806482923705154,0.058938072770868086,37.36,0.204,0.4548245584466254,"The Goldman Sachs Group, Inc."
TITLE-R.BK,0.08693556004749707,0.19249100685644074,171.92,0.667,0.45163439823624263,Rhom Bho Property Public Company Limited
SCB.BK,0.02193064779770211,0.048564262589009484,29.73,0.168,0.4515799608303989,SCB X Public Company Limited
PAP.BK,0.05291471671343091,0.11736271321780092,85.66,0.407,0.45086480418386493,Pacific Pipe Public Company Limited
SAMART-R.BK,0.0043525707937158535,0.009683858680600671,5.35,0.034,0.4494665749754489,Samart Corporation Public Company Limited
LPN-R.BK,0.002216948290102126,0.004932398566558243,2.69,0.017,0.4494665749708627,L.P.N. Development Public Company Limited
TNP-R.BK,0.004350743181201922,0.009683145976423457,5.35,0.034,0.4493109152536914,Thanapiriya Public Company Limited
TTT-R.BK,0.005801528719282234,0.01294034653944946,7.19,0.045,0.4483286982768127,Toray Textiles (Thailand) Public Company Limited
TU-R.BK,0.005184106559952235,0.011566990458008476,6.4,0.04,0.4481811045640646,Thai Union Group Public Company Limited
AEONTS-R.BK,0.0030677044764552703,0.00684798028871476,3.74,0.024,0.44797215341153124,AEON Thana Sinsap (Thailand) Public Company Limited
TAIWANAI13.BK,0.0557239588527523,0.12446664591077294,91.69,0.431,0.44770194010610226,KGI Securities (Thailand) Public Company Limited
TISCO-R.BK,0.013801373021262204,0.030827886959828993,17.88,0.107,0.4476911777718145,TISCO Financial Group Public Company Limited
NER.BK,0.01641861822443945,0.0366805693917221,21.58,0.127,0.44761077858689746,North East Rubber Public Company Limited
K-R.BK,0.00460775536301627,0.010305873676278757,5.67,0.036,0.44709992648386865,Kingsmen C.M.T.I. Public Company Limited
MNST06.BK,0.03421008904363425,0.0765475036637879,49.73,0.265,0.44691318993094625,Monster Beverage Corporation
DELL19.BK,0.15812323106009224,0.3538697210770041,482.18,1.226,0.44684023990197147,Dell Technologies Inc.
ASP-R.BK,0.006992566804864138,0.01565959325626276,8.72,0.054,0.44653565967095554,Asia Plus Group Holdings Public Company Limited
ICHI-R.BK,0.009005578827623898,0.020170432532645156,11.36,0.07,0.4464742544835703,Ichitan Group Public Company Limited
USTR24.BK,0.00769584898013572,0.017238674743843375,9.64,0.06,0.4464292699114947,Global X Etf Series Global X Us Treasury 3-5 Year Etf
TOP.BK,0.06621975194643091,0.1484285021585606,115.85,0.514,0.4461390567405365,Thai Oil Public Company Limited
TMILL-R.BK,0.003416157069750377,0.00765972762127426,4.18,0.027,0.445989366549051,T S Flour Mill Public Company Limited
LHHOTEL.BK,0.01934758469151682,0.043392014757939225,25.85,0.15,0.4458789203369933,LH Hotel Leasehold Real Estate Investment Trust
AMATA-R.BK,0.007254957906459212,0.01627228686693163,9.06,0.056,0.44584746850810875,Amata Corporation Public Company Limited
CCET-R.BK,0.002102329136659774,0.004722853750659963,2.55,0.016,0.4451395803577442,Cal-Comp Electronics (Thailand) Public Company Limited
ALLA-R.BK,0.013405926543287622,0.030200743392141252,17.33,0.105,0.4438939256964142,Alla Public Company Limited
AMD80.BK,0.14226163547510695,0.3207801672272995,393.39,1.111,0.44348638104644017,"Advanced Micro Devices, Inc."
ROJNA.BK,0.02940826323868253,0.06637192753432458,41.6,0.23,0.443082856430136,Rojana Industrial Park Public Company Limited
SAUCE-R.BK,0.011999112478508357,0.027085427621562023,15.39,0.094,0.4430098961759115,Thaitheparos Public Company Limited
HUMAN-R.BK,0.0033681972653484067,0.007640109861522362,4.12,0.026,0.4408571769774607,Humanica Public Company Limited
STECON.BK,0.10564796892510907,0.2396978598059107,233.74,0.83,0.44075474437133,Stecon Group Public Company Limited
STECON-R.BK,0.10564796892510907,0.2396978598059107,233.74,0.83,0.44075474437133,Stecon Group Public Company Limited
PTTGC.BK,0.06628854907258983,0.15072388607850004,116.02,0.522,0.43980122061121363,PTT Global Chemical Public Company Limited
SPI-R.BK,0.001087037163159838,0.0024775783548148266,1.31,0.009,0.4387498627631023,Saha Pathana Inter-Holding Public Company Limited
BEC-R.BK,0.001123788895892493,0.00256136896547342,1.36,0.009,0.43874541740798445,BEC World Public Company Limited
KK-R.BK,0.0020530636010507013,0.004680473294685512,2.49,0.016,0.43864444294167254,K&K Superstore Southern Public Company Limited
SJWD-R.BK,0.002090835039817243,0.0047666266440121695,2.54,0.017,0.43864040462320397,SCGJWD Logistics Public Company Limited
AOT-R.BK,0.05435639966763261,0.1240587629062532,88.73,0.43,0.43815042480076805,Airports of Thailand Public Company Limited
JMT-R.BK,0.0017957399403208307,0.004123176585174084,2.18,0.014,0.43552341337449973,JMT Network Services Public Company Limited
CRC-R.BK,0.007855449114220274,0.018061184577261972,9.84,0.063,0.4349354318713872,Central Retail Corporation Public Company Limited
FM.BK,0.015883335552125906,0.036520961517258865,20.82,0.127,0.4349101144179857,Food Moments Public Company Limited
FM-R.BK,0.015883335552125906,0.036520961517258865,20.82,0.127,0.4349101144179857,Food Moments Public Company Limited
SIRI-R.BK,0.00711334520014641,0.016370576231767936,8.88,0.057,0.43452014757688256,Sansiri Public Company Limited
MSFT23.BK,0.06307653555929693,0.14522100870896731,108.34,0.503,0.43434855686553286,Microsoft Corporation
BIZ-R.BK,0.05468220527210228,0.12604619842734713,89.43,0.437,0.43382669175557115,Business Alignment Public Company Limited
MICRON01.BK,0.17206085991438355,0.3966897223709909,572.05,1.374,0.4337416630962507,"Micron Technology, Inc."
STGT.BK,0.051783267066063905,0.1195361000927112,83.28,0.414,0.433201911605793,Sri Trang Gloves (Thailand) Public Company Limited
MICRON19.BK,0.1736557514547718,0.4012908299762973,583.11,1.39,0.4327428849172282,"Micron Technology, Inc."
SSSC-R.BK,0.012107482809562758,0.0279972010333346,15.54,0.097,0.43245332971489187,Siam Steel Service Center Public Company Limited
SCGP.BK,0.05118963480283872,0.11868747706224063,82.04,0.411,0.4312976909602222,SCG Packaging Public Company Limited
TRT-R.BK,0.012592760606244839,0.029214937946677805,16.2,0.101,0.43103841703270956,Tirathai Public Company Limited
GABLE-R.BK,0.0370505491564047,0.08606503059623102,54.74,0.298,0.43049481188504013,G-Able Public Company Limited
GABLE.BK,0.0370505491564047,0.08606503059623102,54.74,0.298,0.43049481188504013,G-Able Public Company Limited
GPSC-R.BK,0.004879657703224751,0.011341252646788902,6.02,0.039,0.43025738471722963,Global Power Synergy Public Company Limited
SCCC-R.BK,0.007113587626514539,0.016580896600269308,8.88,0.057,0.42902309796678906,Siam City Cement Public Company Limited
KGEN.BK,0.09782526017294298,0.22808419045110181,206.48,0.79,0.4288997846780415,King Gen Public Company Limited
SMCI03.BK,0.17205878140994577,0.40126357548911995,572.04,1.39,0.4287924245309703,"Super Micro Computer, Inc."
PSH-R.BK,0.0009913362419813577,0.002314050288518457,1.2,0.008,0.428398746086045,Pruksa Holding Public Company Limited
JAP03.BK,0.01874492239866597,0.04381248647514702,24.96,0.152,0.42784429523987816,Pi Securities Public Company Limited
KONAMI24.BK,0.04995911618984156,0.11690284428646862,79.5,0.405,0.42735586541776105,Konami Group Corporation
SEAOIL.BK,0.028189788138259543,0.06602636188636367,39.6,0.229,0.4269474696603197,Sea Oil Public Company Limited
HANA.BK,0.09204441153755014,0.2163090339347443,187.66,0.749,0.4255227341328607,Hana Microelectronics Public Company Limited
CTW.BK,0.10721040448862963,0.2525032705742819,239.44,0.875,0.424590161722639,Charoong Thai Wire and Cable Public Company Limited
MFEC-R.BK,0.021488119957197307,0.05061697913016844,29.06,0.175,0.42452395078611244,MFEC Public Company Limited
NIKKEI80.BK,0.03594839893130378,0.08472804085835206,52.78,0.294,0.4242798318847256,NIKKEI80_DR NIKKEI#KTB
CREDIT.BK,0.037701371779053354,0.08898382359143059,55.91,0.308,0.4236879272816965,Thai Credit Bank Public Company Limited
BTNC-R.BK,0.05229022141477319,0.12366933884858701,84.34,0.428,0.42282284276455995,Boutique Newcity Public Company Limited
S&J.BK,0.026632466210257333,0.06307451793779995,37.08,0.218,0.4222381253317,S & J International Enterprises Public Company Limited
S&J-R.BK,0.026632466210257333,0.06307451793779995,37.08,0.218,0.4222381253317,S & J International Enterprises Public Company Limited
ZAI23.BK,0.20944977405091084,0.49657259569609846,879.61,1.72,0.4217908436072733,"Z.AI Co., Ltd."
TSC-R.BK,0.008776063665982369,0.020916683299961342,11.05,0.072,0.419572431256278,Thai Steel Cable Public Company Limited
PFIZER19.BK,0.02294018992066281,0.054754200908532745,31.28,0.19,0.4189667557925747,Pfizer Inc.
KCG.BK,0.023733065839387144,0.05679460575009583,32.51,0.197,0.41787535146939725,KCG Corporation Public Company Limited
ADVANC.BK,0.029088424921749376,0.06971298145725892,41.07,0.241,0.4172598031771674,Advanced Info Service Public Company Limited
PB-R.BK,0.0026164152355005812,0.00628545983155169,3.19,0.022,0.41626472933081615,President Bakery Public Company Limited
BIREN23.BK,0.176420668272739,0.4240776983989845,602.67,1.469,0.4160102475060062,"Shanghai Biren Technology Co., Ltd."
FTREIT.BK,0.025817331439650714,0.062083799105378014,35.78,0.215,0.4158465140934696,Frasers Property Thailand Industrial Freehold & Leasehold REIT
JCT-R.BK,0.009401635141602959,0.022618165051710062,11.88,0.078,0.41566745667072325,Jack Chia Industries (Thailand) Public Company Limited
UPOIC-R.BK,0.01434932871807993,0.03485955258235504,18.65,0.121,0.41163261301704634,United Palm Oil Industry Public Company Limited
MGT-R.BK,0.015987939187823447,0.038947027712775695,20.97,0.135,0.410504732369576,Megachem (Thailand) Public Company Limited
ORI-R.BK,0.0022255589495944667,0.005423214401277036,2.7,0.019,0.4103763533800916,Origin Property Public Company Limited
GULF-R.BK,0.04461376709710038,0.11098818275966202,68.84,0.384,0.4019686239363763,Gulf Development Public Company Limited
GULF.BK,0.04461376709710038,0.11098818275966202,68.84,0.384,0.4019686239363763,Gulf Development Public Company Limited
ZJINNO80.BK,0.12480143482044179,0.3114191745924429,310.12,1.079,0.4007506441559694,"Zhongji Innolight Co., Ltd."
CENTEL.BK,0.04087370872121312,0.10221384536938215,61.72,0.354,0.3998842678651117,Central Plaza Hotel Public Company Limited
STEG19.BK,0.028602193832358902,0.07157933097737809,40.27,0.248,0.39958733117243483,Singapore Technologies Engineering Ltd
BA.BK,0.04467271987234516,0.11179881091223652,68.95,0.387,0.39958135071234174,Bangkok Airways Public Company Limited
KIAT.BK,0.020577296719207515,0.051520043861361955,27.69,0.178,0.39940371119597773,Kiattana Transport Public Company Limited
SANRIO80.BK,0.06383390013060647,0.1605129219154229,110.13,0.556,0.3976869860000535,"Sanrio Company, Ltd."
MOONG.BK,0.02682870415826251,0.06769553942024906,37.4,0.235,0.3963142090014504,Moong Pattana International Public Company Limited
LLY80.BK,0.058106093039713674,0.14721661115690343,96.95,0.51,0.3946979392005173,Eli Lilly and Company
SMART-R.BK,0.0267123702767772,0.06794096091260819,37.21,0.235,0.3931703337422187,Smart Concrete Public Company Limited
VENTURE19.BK,0.023876345903823693,0.06076753372079912,32.73,0.211,0.39291286714918056,Venture Corporation Limited
CHARAN.BK,0.04571785242299642,0.11647905174247827,70.99,0.403,0.39249849427065486,Charan Insurance Public Company Limited
TFM-R.BK,0.013561925105389621,0.03469252163498995,17.54,0.12,0.3909178251174289,Thai Union Feedmill Public Company Limited
PANW80.BK,0.0696769041140935,0.17865595017411987,124.4,0.619,0.39000606498795976,"Palo Alto Networks, Inc."
METCO-R.BK,0.04311929986633152,0.1106007272577722,65.96,0.383,0.38986452381850334,Muramoto Electron (Thailand) Public Company Limited
STGT-R.BK,0.04823657462813431,0.12377973723343716,76.0,0.429,0.38969685754918504,Sri Trang Gloves (Thailand) Public Company Limited
THANA.BK,0.04788706697637377,0.12317908405575873,75.3,0.427,0.3887597260805822,Thanasiri Group Public Company Limited
TAE.BK,0.13812532023789809,0.35632645956644826,372.37,1.234,0.38763700120939315,Thai Agro Energy Public Company Limited
WHAUP-R.BK,0.005799242431160081,0.015002556973482326,7.19,0.052,0.386550268824874,WHA Utilities and Power Public Company Limited
TAE-R.BK,0.1314252315676364,0.3408290531899663,340.06,1.181,0.3856045437956973,Thai Agro Energy Public Company Limited
ADVANT23.BK,0.07272987748970677,0.18907051493973362,132.21,0.655,0.38467064794788064,Advantest Corporation
SP50001.BK,0.015543716584236289,0.04052620481790143,20.33,0.14,0.38354730362933576,SP50001_DR SP500#BLS
WORLD03.BK,0.020527781866802982,0.053580189491262635,27.61,0.186,0.3831226067266982,WORLD03_DR WORLD#PI
WHA.BK,0.03656535903432822,0.09566219319396665,53.87,0.331,0.3822341701928947,WHA Corporation Public Company Limited
QH-R.BK,0.00374273805191791,0.009810062495403995,4.58,0.034,0.38152030669237624,Quality Houses Public Company Limited
SMIC03.BK,0.09306799382622763,0.244448635471995,190.92,0.847,0.3807261744232148,Semiconductor Manufacturing International Corporation
TEL23.BK,0.0849019427681504,0.22359297153411575,165.88,0.775,0.3797165098062847,Tokyo Electron Limited
ICC-R.BK,0.012368732238119585,0.03257613254433282,15.89,0.113,0.37968694476813636,I.C.C. International Public Company Limited
SHR-R.BK,0.0018112027302655724,0.004775506341369056,2.2,0.017,0.3792692545658586,S Hotels and Resorts Public Company Limited
UP-R.BK,0.03583427248014703,0.0946234585939141,52.57,0.328,0.37870389660912035,Union Plastic Public Company Limited
SBUX80.BK,0.02625667855235404,0.06939299061210719,36.48,0.24,0.37837652363368474,Starbucks Corporation
ESTAR.BK,0.04397645041683256,0.1163502815568366,67.61,0.403,0.3779659991226601,Eastern Star Real Estate Public Company Limited
SYNEX-R.BK,0.003682293493461603,0.009786392802392763,4.51,0.034,0.37626667637551664,Synnex (Thailand) Public Company Limited
UVAN.BK,0.031226627307939195,0.08300502273052926,44.63,0.288,0.3762016596190153,Univanich Palm Oil Public Company Limited
SPTECH80.BK,0.038145645358849234,0.10162021928359766,56.71,0.352,0.37537456254049095,SPTECH80_DR SPTECH#KTB
CN23.BK,0.014720496285117339,0.03931420774028122,19.17,0.136,0.3744319708122914,CN23_DR CN#INVX
MGT.BK,0.02982600450814145,0.07989162606808783,42.29,0.277,0.37333079793271656,Megachem (Thailand) Public Company Limited
EPG.BK,0.08176253991336065,0.21905731624264482,156.79,0.759,0.37324724558751615,Eastern Polymer Group Public Company Limited
CPI-R.BK,0.014364949202894843,0.03879856454567488,18.67,0.134,0.3702443472099071,Chumporn Palm Oil Industry Public Company Limited
AAPL80.BK,0.026858972448984397,0.07286027527115242,37.45,0.252,0.368636713888709,Apple Inc.
SNDK23.BK,0.13774931550749497,0.3747066579293092,370.5,1.298,0.3676190763962413,Sandisk Corporation
IT.BK,0.06828193365666496,0.18617573893565403,120.92,0.645,0.3667606426434785,IT City Public Company Limited
NDR-R.BK,0.016608006416246924,0.0453041960134643,21.85,0.157,0.3665887020997142,N.D. Rubber Public Company Limited
BGC.BK,0.04316589979086679,0.11792978333189275,66.05,0.409,0.36603051893501676,BG Container Glass Public Company Limited
BOFFICE.BK,0.013682623043377813,0.03764733284699892,17.71,0.13,0.3634420291866315,Bhiraj Office Leasehold Real Estate Investment Trust
MEGA.BK,0.01920507331660037,0.05288290231709419,25.64,0.183,0.36316224101021793,Mega Lifesciences Public Company Limited
CCET.BK,0.06869132823734105,0.18979939678357857,121.94,0.657,0.361915419128899,Cal-Comp Electronics (Thailand) Public Company Limited
SPFIN80.BK,0.014189626486341216,0.039212528949406106,18.42,0.136,0.3618646097692234,SPFIN80_DR SPFIN#KTB
NTF.BK,0.1423709121427516,0.39423318260270473,393.95,1.366,0.3611337615033495,NTF Intergroup (Thailand) Public Company Limited
NTF-R.BK,0.1423709121427516,0.39423318260270473,393.95,1.366,0.3611337615033495,NTF Intergroup (Thailand) Public Company Limited
WHART.BK,0.01808669519777238,0.050680763704693634,24.0,0.176,0.3568749536443418,WHA Premium Growth Freehold And Leasehold Real Estate Investment Trust
MSC-R.BK,0.005113157287381745,0.014333132874070955,6.31,0.05,0.3567368929253138,Metro Systems Corporation Public Company Limited
AWC.BK,0.03816098040002413,0.10699208594896195,56.74,0.371,0.35667105713059866,Asset World Corp Public Company Limited
SGP.BK,0.03150823697771298,0.08839284334622625,45.1,0.306,0.3564568780110201,Siamgas and Petrochemicals Public Company Limited
CTARAF.BK,0.007418772091709422,0.02087310490871305,9.27,0.072,0.3554225461020228,Centara Hotels and Resorts Leasehold Property Fund
PTTEP.BK,0.03291100524180093,0.092729512994609,47.49,0.321,0.35491403091607165,PTT Exploration and Production Public Company Limited
WHA-R.BK,0.03904426523534707,0.11016171301991252,58.35,0.382,0.35442681640480245,WHA Corporation Public Company Limited
ARROW.BK,0.016474261621195033,0.046823563510047184,21.66,0.162,0.3518369894606604,Arrow Syndicate Public Company Limited
AAPL01.BK,0.026038943268060746,0.07402678905191379,36.13,0.256,0.35175027313152885,Apple Inc.
SCL.BK,0.028571645604184622,0.08131520596369479,40.22,0.282,0.3513690368925727,S.C.L Motor Part Public Company Limited
SCL-R.BK,0.028571647678915582,0.08131523310380344,40.22,0.282,0.3513689451328545,S.C.L Motor Part Public Company Limited
SMART.BK,0.032226550470318756,0.09203253866626691,46.32,0.319,0.3501647453970635,MFC Smart Fixed Income
MTI-R.BK,0.007480134832995541,0.021385168096851034,9.35,0.074,0.3497814372615098,Muang Thai Insurance Public Company Limited
CNSEMI23.BK,0.07550036383947467,0.2163956142476195,139.51,0.75,0.34889969513467267,CNSEMI23_DR CNSEMI#INVX
KSL-R.BK,0.030402844527360386,0.08732330792382255,43.25,0.302,0.3481641413983383,Khon Kaen Sugar Industry Public Company Limited
CPW.BK,0.020776782240314793,0.05972758993459779,27.99,0.207,0.34785904241349,Copperwired Public Company Limited
CPI.BK,0.014460365278696279,0.04160245105587611,18.8,0.144,0.34758445504267554,Chumporn Palm Oil Industry Public Company Limited
TMILL.BK,0.020922519781008345,0.060393017996730386,28.21,0.209,0.3464393811572899,T S Flour Mill Public Company Limited
FTE-R.BK,0.01961926113310689,0.05663875419506267,26.26,0.196,0.3463928790795534,Firetrade Engineering Public Company Limited
HTC.BK,0.01011171880862096,0.02930594953523069,12.83,0.102,0.34503979461457035,Haad Thip Public Company Limited
EASTW.BK,0.07167559793192112,0.20822136272492187,129.49,0.721,0.34422787841711844,Eastern Water Resources Development and Management Public Company Limited
MBAX.BK,0.04696802108228766,0.13648194386607282,73.46,0.473,0.34413358831096735,Multibax Public Company Limited
MBK.BK,0.02886141912465189,0.08543034435809724,40.7,0.296,0.33783568755937426,MBK Public Company Limited
BEM.BK,0.033938116402261014,0.10069789615502407,49.26,0.349,0.33702905123274274,Bangkok Expressway and Metro Public Company Limited
STC.BK,0.07248045666344517,0.2154136878027231,131.56,0.746,0.3364709893914593,STC Concrete Product Public Company Limited
SYMC.BK,0.0439008835354701,0.130565227236278,67.46,0.452,0.33623717788216806,Symphony Communication Public Company Limited
KBS-R.BK,0.016481419452373004,0.0491596768812608,21.67,0.17,0.33526297359890833,Khonburi Sugar Public Company Limited
VIH.BK,0.014791670094721949,0.04476593566691099,19.27,0.155,0.33042244899742595,Srivichaivejvivat Public Company Limited
RBF.BK,0.036469338619123576,0.110557908218692,53.7,0.383,0.32986639496637754,R&B Food Supply Public Company Limited
READY.BK,0.01251438209083484,0.038035944702978546,16.1,0.132,0.32901462520674174,Readyplanet Public Company Limited
SPI.BK,0.013605744776354789,0.04142584093674114,17.61,0.144,0.32843617579498957,Saha Pathana Inter-Holding Public Company Limited
OIL03.BK,0.06793237951919984,0.20719867194276584,120.05,0.718,0.3278610759530577,OIL03_DR OIL#PI
SONIC.BK,0.008233284635663494,0.025232337201598027,10.34,0.087,0.32629893021333195,Sonic Interfreight Public Company Limited
GOOG80.BK,0.039460390149834684,0.12093948196574836,59.11,0.419,0.3262821165466078,Alphabet Inc.
KTC.BK,0.028949444414374137,0.08879950971138732,40.84,0.308,0.3260090569020537,Krungthai Card Public Company Limited
TRUBB.BK,0.04360973388052855,0.13405882946843836,66.9,0.464,0.325302958808809,Thai Rubber Latex Group Public Company Limited
DITTO-R.BK,0.024597017334794732,0.07570432764458583,33.86,0.262,0.3249089992618651,Ditto (Thailand) Public Company Limited
VHM19.BK,0.042069125971308026,0.12972340613027286,63.97,0.449,0.32429865377617906,Vinhomes Joint Stock Company
PJW-R.BK,0.013425954674123096,0.041503577413567375,17.36,0.144,0.3234890944541614,Panjawattana Plastic Public Company Limited
E1VFVN3001.BK,0.012624994662884087,0.039179254243125725,16.25,0.136,0.32223672723681895,DCVFMVN30 ETF
KCG-R.BK,0.018869672105190884,0.05865401515071911,25.15,0.203,0.3217115155152262,KCG Corporation Public Company Limited
ERW.BK,0.04400386506037454,0.13767071181017668,67.66,0.477,0.3196312743777196,The Erawan Group Public Company Limited
SVOA.BK,0.046062775707563536,0.14460866514182474,71.67,0.501,0.3185339942277147,SVOA Public Company Limited
SPHLTH80.BK,0.013116360164942723,0.04144025092075053,16.93,0.144,0.3165125662493255,SPHLTH80_DR SPHLTH#KTB
GOOGL01.BK,0.04010602530201526,0.12680586688194856,60.3,0.439,0.31627894109467697,Alphabet Inc.
TFM.BK,0.012696279641725105,0.04018303404864896,16.35,0.139,0.3159611996036417,Thai Union Feedmill Public Company Limited
BRKB23.BK,0.014031628846179827,0.04443871483686945,18.2,0.154,0.3157523546234107,Berkshire Hathaway Inc.
NDX01.BK,0.020630274074557423,0.06589506822218476,27.77,0.228,0.3130776647046838,ChinaAMC NASDAQ 100 ETF
CTW-R.BK,0.025821240201632945,0.08253012958855506,35.79,0.286,0.312870467190127,Charoong Thai Wire and Cable Public Company Limited
MSFT19.BK,0.03801480557071206,0.12188632799483608,56.47,0.422,0.3118873642031666,Microsoft Corporation
KBS.BK,0.01869243934820532,0.059955984508790736,24.89,0.208,0.31176936716741993,Khonburi Sugar Public Company Limited
QQQM19.BK,0.020799828188579884,0.06673299995198984,28.02,0.231,0.31168729419543617,Yuanta Securities (Thailand) Company Limited
DREIT.BK,0.005677322861792953,0.018219798474001885,7.03,0.063,0.3116018472923295,Dusit Thani Freehold and Leasehold Real Estate Investment Trust
KUMWEL.BK,0.08605096445602979,0.27624635200629033,169.28,0.957,0.31150081740833396,Kumwell Corporation Public Company Limited
MASTEC.BK,0.06609699340622346,0.21272904966574796,115.56,0.737,0.3107097667670628,Masstec Link Public Company Limited
MASTEC-R.BK,0.06609699340622346,0.21272904966574796,115.56,0.737,0.3107097667670628,Masstec Link Public Company Limited
BAC03.BK,0.021677392262150853,0.06978548331319893,29.35,0.242,0.3106289622565512,Bank of America Corporation
IRPC-R.BK,0.027167097254363594,0.08761996408071558,37.94,0.304,0.3100560190750277,IRPC Public Company Limited
TMT.BK,0.04385846813414696,0.14191397838160136,67.38,0.492,0.3090496696260124,TMT Steel Public Company Limited
ONEE.BK,0.03370025092984701,0.1091711668261713,48.85,0.378,0.3086918635165503,The ONE Enterprise Public Company Limited
SO.BK,0.01394720837991748,0.04553738708912647,18.08,0.158,0.3062803834708344,Siamrajathanee Public Company Limited
LST.BK,0.003977400467892318,0.013034709759664538,4.88,0.045,0.3051391662129867,Lam Soon (Thailand) Public Company Limited
CPN.BK,0.02254994049956439,0.07397661753704025,30.68,0.256,0.304825244115461,Central Pattana Public Company Limited
FORTH.BK,0.08696863086283023,0.28543873550283766,172.02,0.989,0.30468405316336483,Forth Corporation Public Company Limited
TRUE.BK,0.029336868972157006,0.09633047248940382,41.48,0.334,0.30454401617706184,True Corporation Public Company Limited
ITOCHU19.BK,0.01795880801066942,0.05921950352136446,23.81,0.205,0.3032583345483548,ITOCHU Corporation
AKP.BK,0.022249831873598913,0.07341497927912471,30.22,0.254,0.3030693748343204,Akkhie Prakarn Public Company Limited
COM7-R.BK,0.004098362141084691,0.01359272947697552,5.03,0.047,0.3015113445777637,Com7 Public Company Limited
CHARAN-R.BK,0.004283672539530072,0.014207334538370106,5.26,0.049,0.3015113445777637,Charan Insurance Public Company Limited
SCAP-R.BK,0.0010827582520045189,0.003591102860560066,1.31,0.012,0.3015113445777637,Srisawad Capital 1969 Public Company Limited
APCO-R.BK,0.001338002332181079,0.004437651704465106,1.62,0.015,0.3015113445777637,Asian Phytoceuticals Public Company Limited
ASEFA-R.BK,0.00881390463918199,0.029232414626139448,11.1,0.101,0.3015113445777637,Asefa Public Company Limited
EAST-R.BK,0.0021905783014687878,0.007265326299866004,2.66,0.025,0.3015113445777637,Eastern Commercial Leasing Public Company Limited
MODERN-R.BK,0.003952571901456061,0.01310919795403135,4.85,0.045,0.3015113445777637,Modernform Group Public Company Limited
ACG-R.BK,0.0020898621543256053,0.006931288629461844,2.54,0.024,0.3015113445777637,Autocorp Holding Public Company Limited
SALEE-R.BK,0.002673795619600388,0.008867976836310323,3.26,0.031,0.30151134457776363,Salee Industry Public Company Limited
TTI-R.BK,0.0018705574848422862,0.006203937326012771,2.27,0.021,0.30151134457776363,Thai Textile Industry Public Company Limited
COLOUR-R.BK,0.0027002674773212976,0.008955774055874253,3.29,0.031,0.30151134457776363,Salee Colour Public Company Limited
XPG-R.BK,0.00048069989299290083,0.001594301181821443,0.58,0.006,0.30151134457776363,XSpring Capital Public Company Limited
MICRO-R.BK,0.002982437817289138,0.009891627200514603,3.64,0.034,0.30151134457776363,Micro Leasing Public Company Limited
TPIPL-R.BK,0.0038833956066265216,0.012879766139694767,4.76,0.045,0.30151134457776363,TPI Polene Public Company Limited
EASON-R.BK,0.006611563799347362,0.021928076399931794,8.23,0.076,0.30151134457776363,Eason & Co Public Company Limited
WGE-R.BK,0.018570860190532095,0.06159257528614295,24.71,0.213,0.30151134457776363,Well Graded Engineering Public Company Limited
BUI-R.BK,0.0015758822564549088,0.005226610158439556,1.91,0.018,0.30151134457776363,Bangkok Union Insurance Public Company Limited
MITSIB-R.BK,0.003565059055348173,0.011823963242048754,4.36,0.041,0.30151134457776363,Mitsib Leasing Public Company Limited
CPT-R.BK,0.0029708896292661856,0.009853326193833995,3.62,0.034,0.30151134457776363,CPT Drives and Power Public Company Limited
BWG-R.BK,0.0007905130691733836,0.0026218352423203767,0.95,0.009,0.30151134457776363,Better World Green Public Company Limited
BAM-R.BK,0.003134796238244514,0.010396942916474607,3.83,0.036,0.30151134457776363,Bangkok Commercial Asset Management Public Company Limited
SPVI-R.BK,0.006541844050420908,0.021696842152264962,8.14,0.075,0.30151134457776363,S P V I Public Company Limited
BROCK-R.BK,0.0027758558507640597,0.00920647232909716,3.38,0.032,0.30151134457776363,Baan Rock Garden Public Company Limited
TYCN-R.BK,0.004381163445999584,0.014530675295601111,5.39,0.05,0.30151134457776363,Tycoons Worldwide Group (Thailand) Public Company Limited
CMAN-R.BK,0.006587619684010226,0.02184866275342152,8.2,0.076,0.30151134457776363,Chememan Public Company Limited
MCS-R.BK,0.008428654925720829,0.02795468587599685,10.6,0.097,0.30151134457776363,M.C.S. Steel Public Company Limited
KKP-R.BK,0.007130121144254051,0.023647936545270195,8.9,0.082,0.30151134457776363,Kiatnakin Phatra Bank Public Company Limited
THANI-R.BK,0.0035339978491799274,0.011720944875652811,4.32,0.041,0.30151134457776363,Ratchthani Leasing Public Company Limited
GTB-R.BK,0.007572287245939135,0.02511443559957375,9.47,0.087,0.30151134457776363,Getabec Public Company Limited
KDH-R.BK,0.00265930942477194,0.008819931563424374,3.24,0.031,0.30151134457776363,Thonburi Medical Centre Public Company Limited
GFPT-R.BK,0.0018001782332249005,0.005970515755371889,2.18,0.021,0.30151134457776363,GFPT Public Company Limited
FE-R.BK,0.003972890862351017,0.013176588323449825,4.87,0.046,0.30151134457776363,Far East Fame Line Public Company Limited
TMD-R.BK,0.00683829797955758,0.022680068602837913,8.52,0.079,0.30151134457776363,Thai Metal Drum Manufacturing Public Company Limited
KWC-R.BK,0.0038936854579312685,0.012913893715621162,4.77,0.045,0.30151134457776363,Krungdhep Sophon Public Company Limited
PG-R.BK,0.0053475935828877,0.0177359614457508,6.61,0.061,0.30151134457776363,People's Garment Public Company Limited
TGH-R.BK,0.0003040449460186768,0.0010084030053478129,0.37,0.003,0.30151134457776363,Thai Group Holdings Public Company Limited
SMD100-R.BK,0.0009804677542136074,0.003251843659768935,1.18,0.011,0.30151134457776363,SMD Rise Public Company Limited
SPG-R.BK,0.004253063348194768,0.014105815335574708,5.22,0.049,0.30151134457776363,Siam Pan Group Public Company Limited
PMTA-R.BK,0.006628785809182222,0.021985195344689835,8.25,0.076,0.30151134457776363,PM Thoresen Asia Holdings Public Company Limited
IFS-R.BK,0.0011692452842450532,0.0038779478957332897,1.41,0.013,0.30151134457776363,IFS Capital (Thailand) Public Company Limited
SCP-R.BK,0.017148274450943333,0.05687439215581679,22.63,0.197,0.30151134457776363,Southern Concrete Pile Public Company Limited
STC-R.BK,0.03194104025298908,0.10593644593280328,45.83,0.367,0.30151134457776363,STC Concrete Product Public Company Limited
Q-CON-R.BK,0.005726551102372351,0.018992821349365183,7.09,0.066,0.30151134457776363,Quality Construction Products Public Company Limited
SUC-R.BK,0.003333799144252976,0.01105696088789504,4.07,0.038,0.3015113445777636,Saha-Union Public Company Limited
GYT-R.BK,0.004381161007667032,0.014530667208566923,5.39,0.05,0.3015113445777636,Goodyear (Thailand) Public Company Limited
RPC-R.BK,0.0020661137432732993,0.006852524060634218,2.51,0.024,0.3015113445777636,RPCG Public Company Limited
ALUCON-R.BK,0.008896302474284126,0.029505697328710816,11.21,0.102,0.3015113445777636,Alucon Public Company Limited
PRINC-R.BK,0.0002441829756591897,0.0008098633104540178,0.29,0.003,0.3015113445777636,Principal Capital Public Company Limited
UNIQ-R.BK,0.0031797622683638464,0.010546078366692255,3.88,0.037,0.3015113445777636,Unique Engineering and Construction Public Company Limited
SAMCO-R.BK,0.0021141628534711316,0.007011884930670867,2.57,0.024,0.3015113445777636,Sammakorn Public Company Limited
TOPP-R.BK,0.002541864946257408,0.008430412294492717,3.09,0.029,0.3015113445777636,Thai O.P.P. Public Company Limited
MFC-R.BK,0.004686035613870665,0.015541821885451734,5.77,0.054,0.3015113445777636,MFC Asset Management Public Company Limited
MENA-R.BK,0.0005577283998412741,0.0018497758371988186,0.67,0.006,0.3015113445777636,Mena Transport Public Company Limited
MBAX-R.BK,0.007451566430458765,0.02471404995023964,9.32,0.086,0.3015113445777636,Multibax Public Company Limited
PTG-R.BK,0.0032026136467481208,0.01062186781473533,3.91,0.037,0.3015113445777636,PTG Energy Public Company Limited
SPA-R.BK,0.0011775137308662512,0.0039053712307748857,1.42,0.014,0.3015113445777636,Siam Wellness Group Public Company Limited
ALT.BK,0.03573490129568024,0.11876425036423716,52.4,0.411,0.3008893769470623,ALT Telecom Public Company Limited
SCCC.BK,0.010705711139351409,0.03558289973418834,13.63,0.123,0.3008667427142053,Siam City Cement Public Company Limited
QTC.BK,0.03626835556209504,0.12101260003729618,53.34,0.419,0.2997072664409913,QTC Energy Public Company Limited
TRUE-R.BK,0.026437576145540445,0.08835482280170552,36.77,0.306,0.2992205213842624,True Corporation Public Company Limited
ASAP.BK,0.07903460766500424,0.26422912359996786,149.13,0.915,0.2991139151816566,Synergetic Auto Performance Public Company Limited
KSL.BK,0.03231112780502037,0.10916731983042426,46.46,0.378,0.29597802579756527,Khon Kaen Sugar Industry Public Company Limited
TPP.BK,0.02220856934605317,0.07505937693172868,30.16,0.26,0.2958800119837564,Thai Packaging & Printing Public Company Limited
SALEE.BK,0.050676073836461666,0.17180370831324435,80.98,0.595,0.2949649593364164,Salee Industry Public Company Limited
GPSC.BK,0.040753248646591744,0.13826285236076008,61.5,0.479,0.2947519738726133,Global Power Synergy Public Company Limited
ADVANT19.BK,0.05671916666632186,0.1924303648890328,93.87,0.667,0.2947516453498886,Advantest Corporation
DELTA.BK,0.05839105862349268,0.1989168802347127,97.58,0.689,0.29354501515705417,Delta Electronics (Thailand) Public Company Limited
BKGI.BK,0.046263773465826524,0.15854762638773015,72.07,0.549,0.2917973262664173,Bangkok Genomics Innovation Public Company Limited
TSTH.BK,0.03422171258924695,0.11757510080757558,49.75,0.407,0.29106258343979224,Tata Steel (Thailand) Public Company Limited
EXPE06.BK,0.04288223193057345,0.14741607414789007,65.51,0.511,0.29089251072819466,"Expedia Group, Inc."
SIS-R.BK,0.020899454268883552,0.07210941336959915,28.17,0.25,0.28982976413582395,SiS Distribution (Thailand) Public Company Limited
PPM.BK,0.03369419805763036,0.11639005843143119,48.83,0.403,0.2894937807551717,Porn Prom Metal Public Company Limited
TRUBB-R.BK,0.028694560823328306,0.0992589023106647,40.42,0.344,0.289088032965737,Thai Rubber Latex Group Public Company Limited
LHK.BK,0.007048248675873909,0.024564872290432246,8.79,0.085,0.28692388841032673,Lohakit Metal Public Company Limited
MNIT.BK,0.007416645806295683,0.025954726135997946,9.27,0.09,0.2857531906687759,MFC-Nichada Thani Property Fund 2
SEAOIL-R.BK,0.028556529206605973,0.10027465296708828,40.2,0.347,0.2847831267586503,Sea Oil Public Company Limited
S11-R.BK,0.02250291363375465,0.07909062296374637,30.61,0.274,0.2845206269783657,S 11 Group Public Company Limited
VIH-R.BK,0.013701423162214415,0.048233406858952714,17.74,0.167,0.2840650091808985,Srivichaivejvivat Public Company Limited
SANKO.BK,0.03340853292115248,0.11807246576716393,48.34,0.409,0.28294939640740036,Sanko Diecasting (Thailand) Public Company Limited
SINGTEL80.BK,0.017489967860187212,0.06183160109258102,23.13,0.214,0.2828645474342371,Singapore Telecommunications Limited
TATG.BK,0.009662859580713916,0.03442008078116996,12.23,0.119,0.2807332046123533,Thai Auto Tools and Die Public Company Limited
TTA.BK,0.02409736194684493,0.08585545386631512,33.07,0.297,0.2806736306393156,Thoresen Thai Agencies Public Company Limited
CSS.BK,0.028335480725130605,0.101317387690594,39.84,0.351,0.2796704629975491,Communication & System Solution Public Company Limited
BDMS-R.BK,0.010160110407454792,0.036381104362692145,12.9,0.126,0.27926888381853837,Bangkok Dusit Medical Services Public Company Limited
AXTRART.BK,0.009741774280366142,0.03493732849114237,12.34,0.121,0.27883569526032775,Axtra Future City Freehold And Leasehold Real Estate Investment Trust
TMW.BK,0.015066954869862042,0.054477536314208305,19.66,0.189,0.27657188428934926,Thai Mitsuwa Public Company Limited
ORN.BK,0.024106619565955743,0.08722594884651608,33.09,0.302,0.2763698175226969,Ornsirin Holding Public Company Limited
QHOP.BK,0.016693521804428058,0.060466465942411195,21.98,0.209,0.2760790058464326,Quality Hospitality Leasehold Property Fund
PCC-R.BK,0.013672860723016328,0.04961976754326065,17.7,0.172,0.27555269603179294,Precise Corporation Public Company Limited
PCC.BK,0.013672860723016328,0.04961976754326065,17.7,0.172,0.27555269603179294,Precise Corporation Public Company Limited
GOLD19.BK,0.01724966469652064,0.06294844584664169,22.78,0.218,0.27402844445985497,Yuanta Securities (Thailand) Company Limited
PL-R.BK,0.008434776484949514,0.031048532586479924,10.6,0.108,0.27166425535429123,Phatra Leasing Public Company Limited
GBX.BK,0.03514445656438204,0.12938073727680482,51.36,0.448,0.2716359274502502,Globlex Holding Management Public Company Limited
UVAN-R.BK,0.03411189044767699,0.1257227685970048,49.56,0.436,0.27132627469428533,Univanich Palm Oil Public Company Limited
GREEN.BK,0.01623034826797604,0.0598637459264406,21.31,0.207,0.2711214946007484,Green Resources Public Company Limited
TSE.BK,0.057248943430382664,0.21164021401876143,95.04,0.733,0.2705012546684898,Thai Solar Energy Public Company Limited
STP.BK,0.015257881739567842,0.05644474254878141,19.93,0.196,0.2703153748355124,Sahathai Printing & Packaging Public Company Limited
STP-R.BK,0.015257881739567842,0.05644474254878141,19.93,0.196,0.2703153748355124,Sahathai Printing & Packaging Public Company Limited
AJ.BK,0.06649791444331231,0.24725925519563904,116.53,0.857,0.268940041862931,A.J. Plast Public Company Limited
PRG-R.BK,0.007903884182065805,0.02941223691589837,9.91,0.102,0.26872774772847935,PRG Corporation Public Company Limited
SIL03.BK,0.04046609523348693,0.15150099053797253,60.97,0.525,0.2671011924726949,SIL03_DR SIL#PI
NDR.BK,0.06488907141377558,0.2434554883052877,112.64,0.843,0.2665336150993078,N.D. Rubber Public Company Limited
SEAFCO.BK,0.035369199881728396,0.13274126188421473,51.75,0.46,0.2664521896181734,Seafco Public Company Limited
SPC-R.BK,0.002706236434270257,0.010172967364531462,3.3,0.035,0.26602232537437204,Saha Pathanapibul Public Company Limited
RJH.BK,0.01735323223990894,0.06525760019815026,22.93,0.226,0.2659189456433738,Rajthanee Hospital Public Company Limited
TPIPL.BK,0.023776352985288792,0.0896115031094607,32.57,0.31,0.26532701896815536,TPI Polene Public Company Limited
GOLDUS19.BK,0.017445097441955482,0.06628848823297985,23.06,0.23,0.263169336139366,GOLDUS19_DR GOLDUS#YUANTA
KWC.BK,0.00750059257200974,0.028505387519052055,9.38,0.099,0.2631289459579033,Krungdhep Sophon Public Company Limited
TLHPF.BK,0.02942917036014452,0.11257159721993078,41.63,0.39,0.2614262486002472,Thailand Hospitality Property Fund
ASICS23.BK,0.019385222474499402,0.07415750872859286,25.91,0.257,0.26140606402309,ASICS Corporation
AAPL03.BK,0.01939350735084253,0.07420756605493928,25.92,0.257,0.2613413750355944,Apple Inc.
TNDT.BK,0.05780315827661539,0.22158439606817204,96.27,0.768,0.26086294568698704,Thai Nondestructive Testing Public Company Limited
ONEE-R.BK,0.03790763831113914,0.1461513365266587,56.28,0.506,0.259372505322417,The ONE Enterprise Public Company Limited
HSHD23.BK,0.0119026983314179,0.04605898153080866,15.26,0.16,0.2584229597750926,Mirae Asset Global Investments (HK) Ltd
SPREME.BK,0.009909624850899924,0.03845999354403348,12.56,0.133,0.25766059579688255,Supreme Distribution Public Company Limited
TQM.BK,0.028507767095063672,0.11110230529805874,40.12,0.385,0.2565902392266723,TQM Alpha Public Company Limited
PTTEP-R.BK,0.01692261221350603,0.06606354767574737,22.31,0.229,0.25615657664292374,PTT Exploration and Production Public Company Limited
HTC-R.BK,0.009004938980148638,0.035543483078117506,11.36,0.123,0.2533499308539226,Haad Thip Public Company Limited
SFLEX.BK,0.01976175003846178,0.0781582291760465,26.47,0.271,0.25284285796636563,Starflex Public Company Limited
ORN-R.BK,0.02174534098989631,0.08752140965532161,29.45,0.303,0.2484573897465112,Ornsirin Holding Public Company Limited
SYNP03.BK,0.03696411922730399,0.14964836192627348,54.58,0.518,0.24700650746524658,"Synopsys, Inc."
GOLD03.BK,0.017398760108505607,0.07050738165898748,23.0,0.244,0.24676508613886117,GOLD03_DR GOLD#PI
MEGA-R.BK,0.020996520347106064,0.08519204885584498,28.32,0.295,0.24646103279702378,Mega Lifesciences Public Company Limited
GENCO.BK,0.030824438874728667,0.12515965052408137,43.95,0.434,0.24628095992324525,General Environmental Conservation Public Company Limited
D.BK,0.01859447366246098,0.07560221518711956,24.74,0.262,0.24595143960317373,Dental Corporation Public Company Limited
ITNS.BK,0.03121886125066302,0.1269822448874467,44.61,0.44,0.24585217624979377,International Network System Public Company Limited
ITNS-R.BK,0.03121886125066302,0.1269822448874467,44.61,0.44,0.24585217624979377,International Network System Public Company Limited
TEKA.BK,0.020693040858564143,0.08474025779644424,27.86,0.294,0.2441937444687882,Teka Construction Public Company Limited
TEKA-R.BK,0.020693040858564143,0.08474025779644424,27.86,0.294,0.2441937444687882,Teka Construction Public Company Limited
PETROCN80.BK,0.030324768552227117,0.124417100708353,43.12,0.431,0.24373473083343758,PetroChina Company Limited
NER-R.BK,0.014470455063395594,0.059474883661903344,18.82,0.206,0.2433036295733799,North East Rubber Public Company Limited
CMAN.BK,0.01450103884461114,0.0600173237218915,18.86,0.208,0.24161421978437606,Chememan Public Company Limited
GROREIT.BK,0.014046643786263115,0.05834682155246548,18.22,0.202,0.24074394135818294,Grande Royal Orchid Hospitality Real Estate Investment Trust with Buy-Back Condition
AKR-R.BK,0.007057363809065894,0.029342014185706783,8.81,0.102,0.24052076876521003,Ekarat Engineering Public Company Limited
AFC.BK,0.02124758189034473,0.088383184472573,28.7,0.306,0.2404029908759201,Asia Fiber Public Company Limited
BGRIM-R.BK,0.0717063867066835,0.2986118649103498,129.57,1.034,0.2401324097694893,B.Grimm Power Public Company Limited
JDF-R.BK,0.040109647813389174,0.16810170765666882,60.31,0.582,0.2386034524724114,JD Food Public Company Limited
JDF.BK,0.040109647813389174,0.16810170765666882,60.31,0.582,0.2386034524724114,JD Food Public Company Limited
ZIJIN80.BK,0.0340153380530897,0.14324482783709144,49.39,0.496,0.23746294066389917,Zijin Mining Group Company Limited
CN01.BK,0.008853949052492616,0.037299619689895716,11.16,0.129,0.2373737085284842,ChinaAMC ETF Series - ChinaAMC CSI 300 Index ETF
AH.BK,0.019688154598593324,0.08335507608761741,26.36,0.289,0.23619622850440952,AAPICO Hitech Public Company Limited
ACG.BK,0.025817037803883506,0.10952863535647252,35.78,0.379,0.23571039408880817,Autocorp Holding Public Company Limited
COM7.BK,0.02170492488694356,0.09224267517386837,29.39,0.32,0.23530242207342655,Com7 Public Company Limited
NVDA19.BK,0.0248856888819164,0.10577179330638665,34.31,0.366,0.23527717649478264,NVIDIA Corporation
APLD03.BK,0.09395938368769155,0.40135231224933066,193.77,1.39,0.2341069948273314,Applied Digital Corporation
WFX.BK,0.04230561175243475,0.18207324057577934,64.41,0.631,0.23235491178522225,World Flex Public Company Limited
WFX-R.BK,0.04230561175243475,0.18207324057577934,64.41,0.631,0.23235491178522225,World Flex Public Company Limited
LEE-R.BK,0.003453996618989724,0.014884502659415077,4.22,0.052,0.2320532098400295,Lee Feed Mill Public Company Limited
SNOW06.BK,0.0599628129729924,0.25860235571321055,101.13,0.896,0.23187264790229145,Snowflake Inc.
CHNXT5023.BK,0.026848571616900564,0.11620348787041153,37.43,0.403,0.2310478980359153,Invesco Great Wall Fund Management Co Ltd - Szse Chinext 50 Index ETF
ROCK.BK,0.016821466061471075,0.07299179893111704,22.16,0.253,0.23045693225543915,Rockworth Public Company Limited
NVDA23.BK,0.01692205570689035,0.07343557328999903,22.31,0.254,0.23043403828366266,NVIDIA Corporation
ITC.BK,0.016590226768552697,0.07232774652770703,21.83,0.251,0.229375690036152,i-Tail Corporation Public Company Limited
ITC-R.BK,0.016590226768552697,0.07232774652770703,21.83,0.251,0.229375690036152,i-Tail Corporation Public Company Limited
ASIMAR-R.BK,0.006490445142776955,0.02829955698259485,8.07,0.098,0.22934794162215297,Asian Marine Services Public Company Limited
MCOT.BK,0.08123157484390625,0.35555732407552443,155.28,1.232,0.22846266788376363,MCOT Public Company Limited
SFLEX-R.BK,0.020527771271056438,0.09006592725069736,27.61,0.312,0.2279193908026689,Starflex Public Company Limited
PTL.BK,0.04060294300825153,0.17838962837233238,61.22,0.618,0.22760820446077518,Polyplex (Thailand) Public Company Limited
NVDA80.BK,0.023690806646480912,0.10421017709237507,32.44,0.361,0.22733678521130102,NVIDIA Corporation
SCAP.BK,0.044598170658036645,0.1965154047451154,68.81,0.681,0.22694490905627174,Srisawad Capital 1969 Public Company Limited
HARN-R.BK,0.0046327358925832085,0.020451017050567982,5.7,0.071,0.22652838639409106,Harn Engineering Solutions Public Company Limited
AGE-R.BK,0.022938919747639553,0.10133570441252643,31.28,0.351,0.2263656218765476,Asia Green Energy Public Company Limited
SUNNY80.BK,0.061065643119261374,0.2701025045269779,103.66,0.936,0.22608321691131197,Sunny Optical Technology (Group) Company Limited
CPN-R.BK,0.016844009726070475,0.07480052994474667,22.19,0.259,0.22518570040229305,Central Pattana Public Company Limited
WP.BK,0.0043282199252617955,0.019298991991496556,5.32,0.067,0.2242718131169171,WP Energy Public Company Limited
NVDA01.BK,0.024148119114865585,0.10774307219411293,33.15,0.373,0.2241268846627991,NVIDIA Corporation
GOOGL03.BK,0.028113731447105373,0.1258851728862966,39.47,0.436,0.22332837777883952,Alphabet Inc.
VNM19.BK,0.014704031233964309,0.06584959457846722,19.14,0.228,0.22329721736468397,Vietnam Dairy Products Joint Stock Company
ROCK-R.BK,0.019730072734117605,0.08846952699964142,26.42,0.306,0.2230154653612828,Rockworth Public Company Limited
SGC-R.BK,0.042214204088095314,0.19025321776316198,64.24,0.659,0.2218843107328989,SG Capital Public Company Limited
SGC.BK,0.042214204088095314,0.19025321776316198,64.24,0.659,0.2218843107328989,SG Capital Public Company Limited
TOA.BK,0.021311018160925867,0.09608137104720552,28.79,0.333,0.22180176998573012,TOA Paint (Thailand) Public Company Limited
PACO.BK,0.016116840948042076,0.07276695017752112,21.15,0.252,0.2214857281873664,President Automobile Industries Public Company Limited
NVDA06.BK,0.02386297890296323,0.10796423135097125,32.71,0.374,0.2210267104610712,NVIDIA Corporation
CSC-R.BK,0.0015607059265229449,0.007066704785210911,1.89,0.024,0.22085342093095012,Crown Seal Public Company Limited
THANA-R.BK,0.05601534438381505,0.25406085272431017,92.33,0.88,0.22048002981631787,Thanasiri Group Public Company Limited
GEL.BK,0.12272728339515027,0.5591299417863993,301.14,1.937,0.21949689012010548,General Engineering Public Company Limited
ASK.BK,0.029906021986191952,0.13799526068311732,42.42,0.478,0.2167177469584702,Asia Sermkij Leasing Public Company Limited
SIA19.BK,0.014605985410484275,0.06776046107203008,19.01,0.235,0.21555321760514526,Singapore Airlines Limited
ASIAN.BK,0.005991308219094704,0.02781121615368356,7.43,0.096,0.21542776791877774,Asian Sea Corporation Public Company Limited
SOFTBANK23.BK,0.05712166959991698,0.2671294579064468,94.76,0.925,0.21383515710918688,SoftBank Group Corp.
MCOT-R.BK,0.07335847741154972,0.3431820643535034,133.85,1.189,0.2137596483946345,MCOT Public Company Limited
MC.BK,0.009936877799691657,0.04670600329428848,12.6,0.162,0.21275375966298543,MC Group Public Company Limited
BTNC.BK,0.028791131911264478,0.13599746049921782,40.58,0.471,0.21170345244373198,Boutique Newcity Public Company Limited
FPI.BK,0.012028930406012389,0.057051584542577916,15.43,0.198,0.21084305549892537,Fortune Parts Industry Public Company Limited
CRWV03.BK,0.06953761005114736,0.33012754767458563,124.05,1.144,0.21063861692539573,"CoreWeave, Inc."
TEGH.BK,0.01050377660424475,0.05003719568679026,13.36,0.173,0.20991937018200504,Thai Eastern Group Holdings Public Company Limited
TEGH-R.BK,0.01050377660424475,0.05003719568679026,13.36,0.173,0.20991937018200504,Thai Eastern Group Holdings Public Company Limited
ICN.BK,0.01646788331634201,0.07892916162819942,21.65,0.273,0.2086413054013543,Information and Communication Networks Public Company Limited
KISS.BK,0.027223515476580817,0.13071818752428468,38.03,0.453,0.20826111493875527,Rojukiss International Public Company Limited
KISS-R.BK,0.027223519767303583,0.13071822514752943,38.03,0.453,0.20826108782137262,Rojukiss International Public Company Limited
ADD.BK,0.02817209705520718,0.13587452901706967,39.57,0.471,0.20733905949118667,AddTech Hub Public Company Limited
TOP-R.BK,0.041983678121773754,0.20332891468744146,63.81,0.704,0.20648159257777646,Thai Oil Public Company Limited
AMZN06.BK,0.025892830811550284,0.12612995273345864,35.9,0.437,0.20528693026840136,"Amazon.com, Inc."
THAIBEV19.BK,0.008920164934950674,0.043522882235749454,11.25,0.151,0.20495345153459757,Thai Beverage Public Company Limited
CMO-R.BK,0.05923572595423646,0.2893558858635972,99.49,1.002,0.2047158148431799,CMO Public Company Limited
AMC.BK,0.018657164019839002,0.0911808120718919,24.84,0.316,0.20461721710844913,Asia Metal Public Company Limited
AMZN80.BK,0.02545091704600871,0.12470280711319504,35.2,0.432,0.2040925752610079,"Amazon.com, Inc."
KCM.BK,0.038148387877194205,0.18709392055600566,56.72,0.648,0.20389966581396574,K.C. Metalsheet Public Company Limited
TPLAS.BK,0.0260679679483424,0.1289902970100807,36.18,0.447,0.2020924717020007,Thai Plastic Industrial (1994) Public Company Limited
AMZN01.BK,0.02461885871644592,0.12270774778372395,33.89,0.425,0.20063002671874794,"Amazon.com, Inc."
KLINIQ-R.BK,0.01780037394594993,0.08930075532188031,23.58,0.309,0.19933060903896427,The Klinique Medical Clinic Public Company Limited
KLINIQ.BK,0.01780037394594993,0.08930075532188031,23.58,0.309,0.19933060903896427,The Klinique Medical Clinic Public Company Limited
UPOIC.BK,0.009785724788558894,0.04947391539442792,12.4,0.171,0.19779564060258362,United Palm Oil Industry Public Company Limited
SIS.BK,0.024095551029773257,0.12289419811025001,33.07,0.426,0.19606744175308274,SiS Distribution (Thailand) Public Company Limited
ETC.BK,0.016709193497753568,0.08534813371716217,22.0,0.296,0.19577690536417214,Earth Tech Environment Public Company Limited
III.BK,0.012926147242844088,0.06650961513156285,16.66,0.23,0.19435005325583135,Triple i Logistics Public Company Limited
DUOL06.BK,0.03445311223143662,0.17868619655383797,50.15,0.619,0.19281350711976195,"Duolingo, Inc."
FANUC23.BK,0.03495204539611595,0.1821841552359347,51.02,0.631,0.19185008350946794,Fanuc Corporation
FPT-R.BK,0.009535844925037494,0.04996980352605572,12.06,0.173,0.19083214766024095,Frasers Property (Thailand) Public Company Limited
RPH.BK,0.003912847758869072,0.02050695732715892,4.8,0.071,0.19080586634307717,Ratchaphruek Hospital Public Company Limited
LITE01.BK,0.04976154520813336,0.26188153594540536,79.1,0.907,0.19001547790871057,Lumentum Holdings Inc.
ESTEE80.BK,0.0284944728443561,0.1500904533784056,40.1,0.52,0.1898486692722308,The Estée Lauder Companies Inc.
SCC.BK,0.017872834803932622,0.09428277634728749,23.69,0.327,0.18956627600887171,The Siam Cement Public Company Limited
TLI.BK,0.015219027814448928,0.08091666993986397,19.87,0.28,0.18808272542307383,Thai Life Insurance Public Company Limited
TLI-R.BK,0.015219027814448928,0.08091666993986397,19.87,0.28,0.18808272542307383,Thai Life Insurance Public Company Limited
JMART.BK,0.025496738137289067,0.13575860950188776,35.27,0.47,0.1878093642151994,Jaymart Group Holdings Public Company Limited
UBIS.BK,0.02996278391841256,0.15980513042438468,42.51,0.554,0.1874957571064348,Ubis (Asia) Public Company Limited
NEM06.BK,0.0284835362828914,0.1519384265401777,40.08,0.526,0.18746762706114628,Newmont Corporation
UNH19.BK,0.02615112399071186,0.14093027411454903,36.31,0.488,0.185560726075478,UnitedHealth Group Incorporated
NDAQ06.BK,0.01811120864595472,0.09786000819021683,24.03,0.339,0.1850726254871223,"Nasdaq, Inc."
SICT.BK,0.019690849360709143,0.1065277962876318,26.36,0.369,0.18484236083831682,Silicon Craft Technology Public Company Limited
LITE23.BK,0.04534541705440831,0.24595551192109918,70.26,0.852,0.1843643051551323,Lumentum Holdings Inc.
CHMOBILE23.BK,0.011586622893658808,0.0631549587523432,14.83,0.219,0.18346339103940776,China Mobile Limited
CYPC80.BK,0.006080501802274618,0.033248356446320036,7.55,0.115,0.18288127451026573,"China Yangtze Power Co., Ltd."
SIMAT-R.BK,0.024053455536551246,0.13164444817342713,33.01,0.456,0.18271530528095992,Simat Technologies Public Company Limited
CK.BK,0.027894274106370943,0.15370992242710632,39.12,0.532,0.1814734772220005,CH. Karnchang Public Company Limited
BIOTEC.BK,0.03840164322942974,0.2116878184664689,57.18,0.733,0.1814069581689818,Bio Green Energy Tech Public Company Limited
ICHI.BK,0.01281406591197014,0.07064245678927525,16.51,0.245,0.1813932653870489,Ichitan Group Public Company Limited
STPI.BK,0.035818681625196476,0.19897834519018207,52.55,0.689,0.18001296367683248,STP&I Public Company Limited
XPG.BK,0.013280071528068675,0.07440391697855822,17.15,0.258,0.17848618819215845,XSpring Capital Public Company Limited
UMI.BK,0.021137901123061426,0.11849471776259839,28.53,0.41,0.17838686417575808,The Union Mosaic Industry Public Company Limited
THCOM.BK,0.017396960886439872,0.09762049712507348,22.99,0.338,0.17821012388566831,Thaicom Public Company Limited
SC-R.BK,0.01612404269400823,0.09049971248737183,21.16,0.314,0.1781667836376624,SC Asset Corporation Public Company Limited
BH.BK,0.02044808286084301,0.11485551986156135,27.49,0.398,0.17803308787849004,Bumrungrad Hospital Public Company Limited
KYE.BK,0.005426075824589718,0.030487308732972705,6.71,0.106,0.17797818338492097,Kang Yong Electric Public Company Limited
LOREAL80.BK,0.00926267365446824,0.05206349148290201,11.7,0.18,0.17791111181066607,L'Oréal S.A.
SPACK-R.BK,0.026259595217028555,0.14791242381535402,36.49,0.512,0.1775347502236163,S. Pack & Print Public Company Limited
BTG.BK,0.023260514106614057,0.13105544355844737,31.78,0.454,0.17748605838139386,Betagro Public Company Limited
EAST.BK,0.015233522997649905,0.08605009911004584,19.89,0.298,0.17703085940863816,Eastern Commercial Leasing Public Company Limited
SWC-R.BK,0.031012330004699475,0.1753517461680707,44.27,0.607,0.17685783393896093,Sherwood Corporation (Thailand) Public Company Limited
SPACK.BK,0.021664514671311752,0.12338937528614169,29.33,0.427,0.17557844523543004,S. Pack & Print Public Company Limited
STAR5001.BK,0.026241719366997995,0.15185827611207423,36.46,0.526,0.17280401199623205,Premia China STAR50 ETF
RPC.BK,0.03797935009446338,0.2223500735875397,56.41,0.77,0.1708088038006015,RPCG Public Company Limited
TMW-R.BK,0.012997204438071402,0.07616523043223561,16.76,0.264,0.1706448515196845,Thai Mitsuwa Public Company Limited
THMUI-R.BK,0.016213459700596077,0.09569199725374825,21.29,0.331,0.16943381020256632,Thai Mui Corporation Public Company Limited
BKD-R.BK,0.01493880050743066,0.08846765951540876,19.48,0.306,0.16886171273502168,Bangkok Dec-Con Public Company Limited
QH.BK,0.012095495324425774,0.07221498983943313,15.52,0.25,0.16749286195732463,Quality Houses Public Company Limited
EVER-R.BK,0.02922372931831502,0.17549516081171418,41.29,0.608,0.16652156779222346,Everland Public Company Limited
HARN.BK,0.006124142566096686,0.036870274680442176,7.6,0.128,0.16609972719691277,Harn Engineering Solutions Public Company Limited
CAZ.BK,0.02198433365391459,0.13245686773124177,29.82,0.459,0.1659735280659161,CAZ (Thailand) Public Company Limited
SIRI.BK,0.009456616868830932,0.05700674661316866,11.96,0.197,0.16588592457311774,Sansiri Public Company Limited
FPI-R.BK,0.009934585878285641,0.0598957804769206,12.59,0.207,0.16586453668658172,Fortune Parts Industry Public Company Limited
NEO.BK,0.020748350112429422,0.12515754218853054,27.95,0.434,0.16577786483834298,Neo Corporate Public Company Limited
AKR.BK,0.007461756636625069,0.04551184966768665,9.33,0.158,0.16395195297726836,Ekarat Engineering Public Company Limited
ILINK.BK,0.007377894412520173,0.04508533120650494,9.22,0.156,0.16364290147336627,Interlink Communication Public Company Limited
PRTR.BK,0.006683101964472357,0.04162088862309501,8.32,0.144,0.16057086202537185,PRTR Group Public Company Limited
SANRIO23.BK,0.024469860341996247,0.15398505657636286,33.66,0.533,0.15891061695237538,"Sanrio Company, Ltd."
BSM.BK,0.06115092771327983,0.3852213384223016,103.86,1.334,0.158742316725567,BuilderSmart Public Company Limited
KOOL.BK,0.004359394626940175,0.027616369881711626,5.36,0.096,0.15785545477601293,CL Venture Public Company Limited
SC.BK,0.014018798034881968,0.08884590732535948,18.18,0.308,0.15778777500177044,SC Asset Corporation Public Company Limited
PAF-R.BK,0.014304141272968448,0.09134697081658448,18.58,0.316,0.15659130396003743,Pan Asia Footwear Public Company Limited
THCOM-R.BK,0.015426708484596098,0.09977511933427344,20.17,0.346,0.15461478360063377,Thaicom Public Company Limited
BEYOND.BK,0.015645649782735447,0.10173516932910796,20.48,0.352,0.15378801535310357,Bound and Beyond Public Company Limited
SAF.BK,0.011913983323648958,0.0783129585690875,15.27,0.271,0.1521329744315364,S.A.F. Special Steel Public Company Limited
TOA-R.BK,0.019185647703652407,0.12661734926225018,25.61,0.439,0.1515246355688196,TOA Paint (Thailand) Public Company Limited
BGC-R.BK,0.01366967112847365,0.09038452795094114,17.69,0.313,0.15123906091420056,BG Container Glass Public Company Limited
CPF.BK,0.010081715362528741,0.06707150823306542,12.79,0.232,0.15031293656758088,Charoen Pokphand Foods Public Company Limited
SRIPANWA.BK,0.005730695623825766,0.038333976422844473,7.1,0.133,0.14949389963131132,Sri panwa Hospitality Real Estate Investment Trust
AVGO80.BK,0.021899999180885903,0.14716210508185118,29.69,0.51,0.14881547915276952,Broadcom Inc.
TPS-R.BK,0.009726204297211292,0.06581937117435989,12.32,0.228,0.14777115192191567,The Practical Solution Public Company Limited
MWG11.BK,0.009728603388324009,0.06592271288377005,12.32,0.228,0.1475758955108044,Mobile World Investment Corporation
DRT-R.BK,0.01167200375770158,0.07941975205756757,14.94,0.275,0.14696600600365894,Diamond Building Products Public Company Limited
JR-R.BK,0.004734151742879954,0.03234783469900721,5.83,0.112,0.14635142620613337,J.R.W. Utility Public Company Limited
STELLA.BK,0.025470119372084335,0.17428355540917775,35.23,0.604,0.14614183944254722,Stella X Public Company Limited
MWG19.BK,0.009893491764968721,0.06771543598869464,12.54,0.235,0.14610393657689036,Mobile World Investment Corporation
NCAP.BK,0.025399604667530315,0.17486474957776227,35.12,0.606,0.1452528581595865,Next Capital Public Company Limited
WP-R.BK,0.004121640885078625,0.028872331853641266,5.06,0.1,0.1427540008189127,WP Energy Public Company Limited
TIGER.BK,0.052930957777885895,0.3720082831106765,85.69,1.289,0.14228435274420587,Thai Enger Holding Public Company Limited
IVL.BK,0.018708093507311337,0.1320263659873294,24.91,0.457,0.14169967769246,Indorama Ventures Public Company Limited
BAFS.BK,0.012207994707650377,0.0878578344391759,15.67,0.304,0.13895169150910486,Bangkok Aviation Fuel Services Public Company Limited
DITTO.BK,0.017885510814416708,0.12903157401353335,23.7,0.447,0.13861344365636277,Ditto (Thailand) Public Company Limited
PINGAN01.BK,0.012741086446474953,0.0922795879674986,16.41,0.32,0.13807047394882643,"Ping An Insurance (Group) Company of China, Ltd."
LANNA-R.BK,0.0033988082995553724,0.025227254196405147,4.16,0.087,0.13472763516370714,Lanna Resources Public Company Limited
TBSP.BK,0.06158315943328088,0.4598634541984774,104.86,1.593,0.13391618505675285,TBSP Public Company Limited
ASIAN-R.BK,0.0026704530515980047,0.019973029102807176,3.25,0.069,0.13370295701530205,Asian Sea Corporation Public Company Limited
BONDAS19.BK,0.0020627369739811482,0.015473627462169445,2.5,0.054,0.1333066198617106,BONDAS19_DR BONDAS#YUANTA
AI-R.BK,0.008288826667309441,0.06230735948468537,10.41,0.216,0.13303126205094226,Asian Insulators Public Company Limited
BKD.BK,0.01148313314362445,0.08641406140828008,14.68,0.299,0.13288500686676616,Buakaew Income
ABM.BK,0.038600790867688306,0.2908384130861318,57.54,1.007,0.1327224641961469,Asia Biomass Public Company Limited
INET.BK,0.010153216849976719,0.07675040979741782,12.89,0.266,0.13228876401801717,Internet Thailand Public Company Limited
MOUTAI80.BK,0.01720482123849673,0.13098520938752822,22.72,0.454,0.1313493433262007,"Kweichow Moutai Co., Ltd."
PEP80.BK,0.006675951110559777,0.05087942039612422,8.31,0.176,0.13121122565044635,"PepsiCo, Inc."
JR.BK,0.004400243759138365,0.033634809316315004,5.41,0.117,0.1308241030224592,J.R.W. Utility Public Company Limited
BR.BK,0.008130930048684884,0.062310138863959585,10.21,0.216,0.13049128435481377,Bangkok Ranch Public Company Limited
CAZ-R.BK,0.03169433716215129,0.24372956010567046,45.42,0.844,0.1300389544395436,CAZ (Thailand) Public Company Limited
SCG.BK,0.01653671266364009,0.12865338376818136,21.75,0.446,0.12853694305808036,Ratch Pathana Energy Public Company Limited
PINGAN80.BK,0.011560767760624134,0.0901007464187536,14.79,0.312,0.12830934504020794,"Ping An Insurance (Group) Company of China, Ltd."
TAN.BK,0.006920239178948537,0.054021696735950614,8.63,0.187,0.12810110746379472,Tanachira Retail Corporation Public Company Limited
TAN-R.BK,0.006920239178948537,0.054021696735950614,8.63,0.187,0.12810110746379472,Tanachira Retail Corporation Public Company Limited
MA80.BK,0.0080628002769966,0.06308974347597811,10.12,0.219,0.12779890728302884,Mastercard Incorporated
TRU.BK,0.0020205574939073175,0.015838269657270986,2.45,0.055,0.127574383921398,Thai Rung Union Car Public Company Limited
NUT.BK,0.0134424159587001,0.1062859242010131,17.38,0.368,0.12647409390990616,Nutrition Profess Public Company Limited
NUT-R.BK,0.013442417148132525,0.10628593803043615,17.38,0.368,0.12647408864456877,Nutrition Profess Public Company Limited
JTS-R.BK,0.04141592881531301,0.3299599394229987,62.74,1.143,0.1255180519421148,Jasmine Technology Solution Public Company Limited
DRT.BK,0.006090448420754548,0.04855513694935391,7.56,0.168,0.1254336575573306,Diamond Building Products Public Company Limited
BIOTEC-R.BK,0.02568871994726727,0.2052340078477602,35.58,0.711,0.1251679495842756,Bio Green Energy Tech Public Company Limited
RPH-R.BK,0.0029600606975648622,0.023714604173236026,3.61,0.082,0.1248201604353804,Ratchaphruek Hospital Public Company Limited
COSTCO19.BK,0.005864422700765254,0.047492192524390645,7.27,0.165,0.12348182699195143,Costco Wholesale Corporation
KOOL-R.BK,0.004657901673966914,0.037981506528951214,5.73,0.132,0.12263604316001663,CL Venture Public Company Limited
JTS.BK,0.04770418645053362,0.3925834481929214,74.93,1.36,0.1215134939338835,Jasmine Technology Solution Public Company Limited
PT.BK,0.0038543917337670445,0.03236606193075666,4.72,0.112,0.11908744851360221,Premier Technology Public Company Limited
COMAN.BK,0.01874136401733473,0.15738940632020632,24.96,0.545,0.11907640072804973,Comanche International Public Company Limited
BTC.BK,0.046404510860145784,0.3919040587526825,72.34,1.358,0.11840783432516097,The Brooker Group Public Company Limited
PYPL06.BK,0.017955571456467954,0.1517014906060974,23.81,0.526,0.1183612065031763,"PayPal Holdings, Inc."
MP23.BK,0.047007443709826194,0.3999110909719878,73.54,1.385,0.11754473624518426,MP Materials Corp.
SAPPE-R.BK,0.010655121379934863,0.09126127293956295,13.56,0.316,0.11675402979521371,Sappe Public Company Limited
UBE-R.BK,0.03237960166294778,0.2799199333506647,46.58,0.97,0.11567451190546268,Ubon Bio Ethanol Public Company Limited
CATL23.BK,0.01647467176635078,0.14269616397648668,21.66,0.494,0.11545280060272299,"Contemporary Amperex Technology Co., Limited"
FTI-R.BK,0.009528635626433923,0.0825370560859414,12.05,0.286,0.1154467590473819,Function International Public Company Limited
FTI.BK,0.009528635626433923,0.0825370560859414,12.05,0.286,0.1154467590473819,Function International Public Company Limited
NVDA03.BK,0.011826297290632832,0.10312345203931225,15.15,0.357,0.11468096787648716,NVIDIA Corporation
KDH.BK,0.005067569023591604,0.044768296598660884,6.25,0.155,0.1131954844970176,Thonburi Medical Centre Public Company Limited
CATL80.BK,0.015926548169012213,0.14124057483013433,20.88,0.489,0.1127618475651673,"Contemporary Amperex Technology Co., Limited"
POWER.BK,0.012979878672305167,0.11516054673306299,16.74,0.399,0.11271115881719411,Power Solution Technologies Public Company Limited
NCAP-R.BK,0.017094351638527728,0.15381581385440268,22.56,0.533,0.1111352026177797,Next Capital Public Company Limited
STARM.BK,0.010631043473656414,0.09605117959806103,13.53,0.333,0.11068102982330288,Star Money Public Company Limited
STARM-R.BK,0.010631043473656414,0.09605117959806103,13.53,0.333,0.11068102982330288,Star Money Public Company Limited
M-STOR.BK,0.005702265453915661,0.051561883553677905,7.06,0.179,0.11059071276904349,MFC-Strategic Storage Fund
IT-R.BK,0.009663955958166255,0.08771864070841365,12.23,0.304,0.11016992374848011,IT City Public Company Limited
SAPPE.BK,0.0072268126246104345,0.06563810542579372,9.03,0.227,0.11010087170752682,Sappe Public Company Limited
CMO.BK,0.02381676182622258,0.2176287889472426,32.64,0.754,0.1094375516283198,CMO Public Company Limited
GLORY.BK,0.049635239365760954,0.4580337377175965,78.84,1.587,0.10836590250555705,Glory Forever Public Company Limited
BJCHI.BK,0.014442092750588546,0.1335702420588277,18.78,0.463,0.10812357998294175,BJC Heavy Industries Public Company Limited
I2.BK,0.016099873237212445,0.1494801690352678,21.13,0.518,0.10770574679651251,I2 Enterprise Public Company Limited
PORT-R.BK,0.021084140354154714,0.19655720225954168,28.45,0.681,0.10726719810711594,Sahathai Terminal Public Company Limited
PT-R.BK,0.004092254767572512,0.03818276736164519,5.02,0.132,0.10717543673073851,Premier Technology Public Company Limited
PRAKIT-R.BK,0.003521758859878314,0.03334202562478656,4.31,0.116,0.10562522203990593,Prakit Holdings Public Company Limited
TNPC.BK,0.0049838140742206015,0.047258468106031716,6.15,0.164,0.10545864633273004,Thai Nam Plastic Public Company Limited
ITEL-R.BK,0.0128290182538711,0.12285966531829001,16.53,0.426,0.10442009768328138,Interlink Telecom Public Company Limited
TURBO.BK,0.015494818036083307,0.14853181952556405,20.26,0.515,0.1043198560791647,Ngernturbo Public Company Limited
TU.BK,0.005022172663795891,0.04859785979386098,6.2,0.168,0.10334143695007544,Thai Union Group Public Company Limited
SJWD.BK,0.014298966876654105,0.13944340566217517,18.57,0.483,0.10254315583266611,SCGJWD Logistics Public Company Limited
IVL-R.BK,0.004669328906245679,0.04582239961148928,5.75,0.159,0.10190057582830983,Indorama Ventures Public Company Limited
BRKB80.BK,0.004020635140004305,0.03952901381484817,4.93,0.137,0.10171352007001108,Berkshire Hathaway Inc.
PLTR06.BK,0.01902010937505508,0.18845078458433256,25.37,0.653,0.10092878847391319,Palantir Technologies Inc.
PAF.BK,0.01983750060038119,0.1970621651524275,26.58,0.683,0.10066620644828951,Pan Asia Footwear Public Company Limited
PORT.BK,0.011922905504194581,0.11848378610666065,15.28,0.41,0.10062900499703333,Sahathai Terminal Public Company Limited
TRC.BK,0.03639581740945497,0.3617109909719466,53.57,1.253,0.10062126481602472,TRC Construction Public Company Limited
MMM.BK,0.006139859368253419,0.06255841604826136,7.62,0.217,0.09814601705255387,MFC Short Maturity Management
BAFS-R.BK,0.010016826526096832,0.10226767746695573,12.71,0.354,0.09794714003682566,Bangkok Aviation Fuel Services Public Company Limited
DTCENT.BK,0.004399356670696796,0.045207936500350564,5.41,0.157,0.09731381282272597,D.T.C. Enterprise Public Company Limited
FE.BK,0.00865839911351917,0.09056506896269709,10.9,0.314,0.09560417954394188,Far East Fame Line Public Company Limited
AIA19.BK,0.006530436396890776,0.06866962685438635,8.12,0.238,0.09509934298519691,AIA Group Limited
TQR-R.BK,0.005181361869184531,0.054603662974893455,6.4,0.189,0.09489037157757897,TQR Public Company Limited
CIVIL-R.BK,0.025760103808909283,0.2782460144082571,35.69,0.964,0.09258031553010033,Civil Engineering Public Company Limited
CIVIL.BK,0.025760103808909283,0.2782460144082571,35.69,0.964,0.09258031553010033,Civil Engineering Public Company Limited
AIA06.BK,0.006582322771190846,0.07266753182736792,8.19,0.252,0.09058134500602129,AIA Group Limited
TIDLOR.BK,0.01109025592407014,0.12258093910433712,14.15,0.425,0.09047292348307477,Tidlor Holdings Public Company Limited
MADAME.BK,0.0209232770117986,0.23241854897867056,28.21,0.805,0.09002412717807116,Madame Bioscience Public Company Limited
TOG.BK,0.004845149039077116,0.05705321997060898,5.97,0.198,0.0849233231984645,Thai Optical Group Public Company Limited
AIA23.BK,0.0067602282498188315,0.08003362971540252,8.42,0.277,0.08446734546287635,AIA Group Limited
TTA-R.BK,0.004903642546969778,0.05827197301724538,6.05,0.202,0.0841509613123716,Thoresen Thai Agencies Public Company Limited
HFT-R.BK,0.00419374715559034,0.04993050425432747,5.15,0.173,0.08399168440656933,Hwa Fong Rubber (Thailand) Public Company Limited
DCC.BK,0.0041520222314782905,0.04961470981430185,5.1,0.172,0.083685307180441,Dynasty Ceramic Public Company Limited
STOWER.BK,0.028090396176234864,0.3405408912501753,39.44,1.18,0.08248758636036607,Sky Tower Public Company Limited
BUI.BK,0.004603371470993506,0.056523432378389554,5.67,0.196,0.0814418246962918,Bangkok Union Insurance Public Company Limited
GEELY80.BK,0.013244809070468815,0.16283229228330348,17.1,0.564,0.08134018679430526,Geely Automobile Holdings Limited
ZIGA-R.BK,0.0138019947219615,0.1709512128193597,17.88,0.592,0.08073645395277633,Ziga Innovation Public Company Limited
OSP-R.BK,0.008770240737555824,0.10947406854041708,11.05,0.379,0.08011249471666353,Osotspa Public Company Limited
APO-R.BK,0.007375190539982593,0.09321762584488061,9.22,0.323,0.07911798303311571,Asian Palm Oil Public Company Limited
APO.BK,0.007375190539982593,0.09321762584488061,9.22,0.323,0.07911798303311571,Asian Palm Oil Public Company Limited
SUSCO-R.BK,0.005564618744895081,0.07036657075797713,6.89,0.244,0.07908043101935938,Susco Public Company Limited
STOWER-R.BK,0.02522819556691687,0.32623878827606145,34.85,1.13,0.07733045999903883,Sky Tower Public Company Limited
GEELY06.BK,0.012206143144409088,0.15872728793558843,15.67,0.55,0.07690009262529794,Geely Automobile Holdings Limited
SKR.BK,0.003538882900448341,0.04649029424522554,4.33,0.161,0.07612089701522542,Sikarin Public Company Limited
VRANDA.BK,0.004309767087308469,0.05663820851584709,5.3,0.196,0.07609292737609485,Veranda Resort Public Company Limited
ASIA-R.BK,0.00509427243750525,0.067309712767341,6.29,0.233,0.07568406145356507,Asia Hotel Public Company Limited
CNROBOAI23.BK,0.007741229493108143,0.10266670645125292,9.7,0.356,0.07540155675280914,CNROBOAI23_DR CNROBOAI#INVX
TRU-R.BK,0.0018765920215647934,0.025086585577506235,2.28,0.087,0.07480460087989936,Thai Rung Union Car Public Company Limited
CBG.BK,0.007999034685037014,0.10756377875111803,10.03,0.373,0.0743655046141996,Carabao Group Public Company Limited
ZIGA.BK,0.011051664373814813,0.1496962493261542,14.1,0.519,0.07382726303139193,Ziga Innovation Public Company Limited
SSF-R.BK,0.0020332103965347913,0.028319940816339824,2.47,0.098,0.07179430245707594,Surapon Foods Public Company Limited
MNRF.BK,0.0016566771385309778,0.02312392025171111,2.01,0.08,0.0716434376393591,MFC Multi-National Residence Fund
EGATIF.BK,0.0008061465869631878,0.011268623772301497,0.97,0.039,0.07153904533974347,Electricity Generating Authority Of Thailand- North Bangkok Power Plant Block 1 Infrastructure Fund
KYE-R.BK,0.0013154624036284571,0.01864798819679774,1.59,0.065,0.07054178658555513,Kang Yong Electric Public Company Limited
FSX.BK,0.018115236188448815,0.2637471684111803,24.04,0.914,0.06868409734055332,Finansia X Public Company Limited
FSX-R.BK,0.018115236188448815,0.2637471684111803,24.04,0.914,0.06868409734055332,Finansia X Public Company Limited
CSR.BK,0.0037125055282679984,0.055097039826615624,4.55,0.191,0.067381215759519,City Sports and Recreation Public Company Limited
MSFT01.BK,0.007409985077888057,0.11181999381998599,9.26,0.387,0.06626708538203875,Microsoft Corporation
QLT.BK,0.008510661269463189,0.12920642328942922,10.7,0.448,0.06586871652966399,Qualitech Public Company Limited
MMM-R.BK,0.004238565511865588,0.06463265726740813,5.21,0.224,0.06557931688200819,MMM Capital PCL
SKR-R.BK,0.003862347630854762,0.0596506084911999,4.73,0.207,0.06474950932687576,Sikarin Public Company Limited
PJW.BK,0.0037691158321686543,0.05823167901069406,4.62,0.202,0.06472620910478072,Panjawattana Plastic Public Company Limited
MSFT06.BK,0.007184146821232235,0.113394267710892,8.97,0.393,0.06335546731117667,Microsoft Corporation
PROUD-R.BK,0.003118241067461657,0.05139204370916149,3.81,0.178,0.06067556069784744,Proud Real Estate Public Company Limited
JMT.BK,0.008837141815925787,0.14698781631762178,11.14,0.509,0.06012159400225294,JMT Network Services Public Company Limited
MSFT80.BK,0.006545757835592669,0.10977174818620877,8.14,0.38,0.05963062394240933,Microsoft Corporation
TCJ.BK,0.0032815506299815156,0.05504015294217773,4.01,0.191,0.05962103036721099,T.C.J. Asia Public Company Limited
SSF.BK,0.0015026868388855056,0.02529467518764562,1.82,0.088,0.059407239971970276,Surapon Foods Public Company Limited
GFPT.BK,0.0036232388324359517,0.06100430683254833,4.44,0.211,0.05939316452494799,GFPT Public Company Limited
COIN80.BK,0.009964179135185236,0.16864976708322296,12.63,0.584,0.0590820806189922,"Coinbase Global, Inc."
GEL-R.BK,0.007575757575757619,0.1315217844996786,9.48,0.456,0.05760078153270595,General Engineering Public Company Limited
SPG.BK,0.002503576954939635,0.044055487540252486,3.05,0.153,0.056827811805559396,Siam Pan Group Public Company Limited
SPCOM80.BK,0.0017379391076140786,0.031250883688567314,2.11,0.108,0.055612478832074715,SPCOM80_DR SPCOM#KTB
KPNREIT.BK,0.001830151591891333,0.03333357348243251,2.22,0.115,0.05490415220125922,KPN Freehold and Leasehold Real Estate Investment Trust
CHMOBILE19.BK,0.0031335879392350857,0.057334625460293456,3.83,0.199,0.054654371840367595,China Mobile Limited
SE.BK,0.0030498093605548474,0.05645866572354934,3.72,0.196,0.05401844555605126,SiamEast Solutions Public Company Limited
PLTR03.BK,0.010679450694467218,0.1986111664064164,13.6,0.688,0.05377064586899382,Palantir Technologies Inc.
LANNA.BK,0.0016587841157318247,0.030868436245157272,2.01,0.107,0.05373722538316334,Lanna Resources Public Company Limited
NKI.BK,0.00684172968374304,0.12759420276968306,8.53,0.442,0.05362100734382789,The Navakij Insurance Public Company Limited
EKH.BK,0.001604854786419163,0.03022864875868871,1.94,0.105,0.05309052347097966,Ekachai Medical Care Public Company Limited
CPALL.BK,0.004213422278620831,0.08019887328093643,5.17,0.278,0.05253717547703226,CP ALL Public Company Limited
TNR-R.BK,0.005147571192478975,0.10115373337955204,6.36,0.35,0.050888593238215984,"Thai Nippon Rubber Industry Public Co., Ltd."
SABINA-R.BK,0.0024269277802570254,0.04850207611678084,2.95,0.168,0.05003760611017128,Sabina Public Company Limited
ALLA.BK,0.0014436102394658201,0.02886041669082996,1.75,0.1,0.05002042260618189,Alla Public Company Limited
CHG-R.BK,0.0042043574033909185,0.08569897789884072,5.16,0.297,0.04905959798439781,Chularat Hospital Public Company Limited
SPBOND80.BK,0.0008965184407899803,0.018530647479451223,1.08,0.064,0.04838030844762097,Spdr Series Trust
DEMCO-R.BK,0.009058314286081252,0.192339739694347,11.43,0.666,0.04709538601058782,Demco Public Company Limited
GLOBAL.BK,0.006457341398137636,0.1373457941430608,8.03,0.476,0.047015210319520974,Siam Global House Public Company Limited
QTCG.BK,0.015994536272883043,0.34396892609617863,20.98,1.192,0.04649994537125933,QTCG Public Company Limited
SABINA.BK,0.0022269767638553877,0.048059292567859395,2.71,0.166,0.04633810954896832,Sabina Public Company Limited
ITD.BK,0.008468988943761269,0.18414358640971484,10.65,0.638,0.04599122407075304,Italian-Thai Development Public Company Limited
TNR.BK,0.0028795213660698067,0.06339970482621618,3.51,0.22,0.04541852953358083,"Thai Nippon Rubber Industry Public Co., Ltd."
TTT.BK,0.0028045679750735384,0.061828909196789635,3.42,0.214,0.045360139965386306,Toray Textiles (Thailand) Public Company Limited
PRAKIT.BK,0.001936369462225529,0.042811118177875376,2.35,0.148,0.045230527597530434,Prakit Holdings Public Company Limited
BCT-R.BK,0.0016520663461436777,0.03658374424755548,2.0,0.127,0.04515848172796224,Birla Carbon (Thailand) Public Company Limited
INOX.BK,0.003761528469177672,0.08813806854843863,4.61,0.305,0.04267768208592435,POSCO-Thainox Public Company Limited
CHOW.BK,0.0039035501640044268,0.09497079541353555,4.79,0.329,0.041102637363486585,Chow Bright Ventures Holdings Public Company
KCC.BK,0.007195347110549963,0.18633721645057855,8.98,0.645,0.0386146538389359,Knight Club Capital Holding Public Company Limited
KCC-R.BK,0.00719534648997576,0.18633721344999402,8.98,0.645,0.03861465113036438,Knight Club Capital Holding Public Company Limited
PCSGH-R.BK,0.0007755553648716153,0.020168343669551368,0.93,0.07,0.0384540930866073,P.C.S. Machine Group Holding Public Company Limited
GLOBAL-R.BK,0.0056766881509847855,0.14764884246044582,7.03,0.511,0.03844722421379994,Siam Global House Public Company Limited
SEMB19.BK,0.002778131717214556,0.07510994092243727,3.39,0.26,0.03698753697707485,Sembcorp Industries Ltd
MINT.BK,0.003499347083464836,0.09497146388675123,4.28,0.329,0.03684630035436364,Minor International Public Company Limited
FLOYD-R.BK,0.0029854780941018437,0.08325944192160827,3.64,0.288,0.035857531893052776,Floyd Public Company Limited
CI.BK,0.0027576384910994,0.07933533820294515,3.36,0.275,0.03475927062975612,Charn Issara Development Public Company Limited
TURBO-R.BK,0.004947191988106067,0.1451871476341653,6.1,0.503,0.034074586275169017,Ngernturbo Public Company Limited
DEMCO.BK,0.0055947680683044315,0.16472841072074332,6.92,0.571,0.03396358918188673,Demco Public Company Limited
BBIK.BK,0.006971462832202699,0.2101891601967785,8.69,0.728,0.03316756594714987,Bluebik Group Public Company Limited
AMARIN.BK,0.00476070457761003,0.15047476720921124,5.86,0.521,0.03163789295643852,Amarin Corporations Public Company Limited
OHTL-R.BK,0.0017906336088154258,0.0567193815000604,2.17,0.196,0.031570048217354395,OHTL Public Company Limited
MOSHI.BK,0.002536863591605078,0.08067958673119156,3.09,0.279,0.031443685997765536,Moshi Moshi Retail Corporation Public Company Limited
LIT.BK,0.00510010712518103,0.16721898351425238,6.29,0.579,0.030499570192318137,Lease IT Public Company Limited
COMAN-R.BK,0.004235741000503736,0.14564332274329944,5.2,0.505,0.029082974218937258,Comanche International Public Company Limited
NCP-R.BK,0.001730070411379783,0.06044385041153612,2.1,0.209,0.028622769720996918,Nice Call Public Company Limited
NCP.BK,0.001730070411379783,0.06044385041153612,2.1,0.209,0.028622769720996918,Nice Call Public Company Limited
S-R.BK,0.0022900382437251957,0.08067454824049038,2.78,0.279,0.028386130367890065,Singha Estate Public Company Limited
BSBM.BK,0.002824533577615805,0.09980280901563339,3.44,0.346,0.028301143078782107,Bangsaphan Barmill Public Company Limited
CGH.BK,0.0031409778142564054,0.11851573587780186,3.83,0.411,0.026502622550434795,Country Group Holdings Public Company Limited
RABBIT.BK,0.0028640469928294084,0.11362303681823856,3.49,0.394,0.025206569662549954,Rabbit Holdings Public Company Limited
PM-R.BK,0.000928316278867275,0.036961988666331755,1.12,0.128,0.02511543107833014,Premier Marketing Public Company Limited
SAMART.BK,0.0019300680025336905,0.07729812127379139,2.34,0.268,0.024969145054604285,Samart Corporation Public Company Limited
HK01.BK,0.0013546666871946612,0.05541177188944488,1.64,0.192,0.024447272501905055,Tracker Fund Of Hong Kong
HK13.BK,0.0012320161423196453,0.0514363942698022,1.49,0.178,0.023952226041687178,HK13_DR TRAHK#KGI
KC.BK,0.007575757575757766,0.31722438924413415,9.48,1.099,0.023881384384753294,K.C. Property Public Company Limited
PREB-R.BK,0.001249224051438912,0.05559966588613346,1.51,0.193,0.02246819349593373,Pre-Built Public Company Limited
SANOFI80.BK,0.0010172571168186129,0.047975954612872386,1.23,0.166,0.0212034783888526,Sanofi
OSP.BK,0.0016954199674054946,0.07999716528357136,2.05,0.277,0.021193500562121482,Osotspa Public Company Limited
S.BK,0.0021119430273791244,0.1032773485726949,2.56,0.358,0.02044923748107814,Singha Estate Public Company Limited
HYDROGEN.BK,0.0008763703290571055,0.04493924159699531,1.06,0.156,0.019501226498573145,Hydrogen Freehold and Leasehold Real Estate Investment Trust
SPALI-R.BK,0.0008367957505725933,0.04782701034829251,1.01,0.166,0.01749630061504499,Supalai Public Company Limited
MITSU19.BK,0.0020110601935993044,0.1207765711833482,2.44,0.418,0.01665107871415193,"Mitsubishi Heavy Industries, Ltd."
TCJ-R.BK,0.0011816405236782285,0.07521960105395833,1.43,0.261,0.01570921019416981,T.C.J. Asia Public Company Limited
SCN-R.BK,0.0028903651383285515,0.18473137626570732,3.52,0.64,0.015646314106225308,Scan Inter Public Company Limited
BE8.BK,0.002390956384515997,0.157804342290003,2.91,0.547,0.015151397926186631,Beryl 8 Plus Public Company Limited
TNITY.BK,0.0019844569937067084,0.13287861928619144,2.41,0.46,0.014934358923707829,Trinity Watthana Public Company Limited
CHHONGQ19.BK,0.0019917199226693176,0.1347824945716271,2.42,0.467,0.014777289357935597,China Hongqiao Group Limited
QLT-R.BK,0.002773620134508235,0.2064525640637095,3.38,0.715,0.013434660630576231,Qualitech Public Company Limited
UV-R.BK,0.0013408130843710368,0.10594309874858043,1.62,0.367,0.012655973821881463,Univentures Public Company Limited
UEC.BK,0.0011900935389612146,0.10166982236802577,1.44,0.352,0.011705474753888112,Unimit Engineering Public Company Limited
JSP.BK,0.0007292186439125239,0.07322507968593277,0.88,0.254,0.009958591332917507,"JSP Pharmaceutical Manufacturing (Thailand) Public Co., Ltd."
COLOUR.BK,0.00021427337715975984,0.023134216075233627,0.26,0.08,0.009262184483058863,Salee Colour Public Company Limited
BDMS.BK,0.00043935766978084605,0.05471727567712732,0.53,0.19,0.008029596948016629,Bangkok Dusit Medical Services Public Company Limited
OCC.BK,0.00031329197367997025,0.04118751447282125,0.38,0.143,0.007606479237456896,O.C.C. Public Company Limited
ASP.BK,0.0006339900843879407,0.08510406698578009,0.76,0.295,0.007449586216530323,Asia Plus Group Holdings Public Company Limited
HANSOH19.BK,0.0006138145300099528,0.09950354937868916,0.74,0.345,0.00616877019807511,Hansoh Pharmaceutical Group Company Limited
GOLDUS80.BK,0.0005496547652808353,0.09381008599819989,0.66,0.325,0.005859228881757795,GOLDUS80_DR GOLDUS#KTB
CMR-R.BK,0.0002592754228574997,0.046156916428201265,0.31,0.16,0.005617260487078072,Chiang Mai Ram Medical Business Public Company Limited
MEITUAN23.BK,0.000924147886782184,0.1982883920566327,1.11,0.687,0.004660625249904897,Meituan
RT.BK,0.000402475188014713,0.08772494304127076,0.48,0.304,0.0045879219075168395,Right Tunnelling Public Company Limited
PM.BK,0.00013415104371693691,0.0390333660469099,0.16,0.135,0.003436830007325414,Premier Marketing Public Company Limited
SUPER.BK,0.0004344123917262438,0.1269374478874089,0.52,0.44,0.0034222555987698704,Super Energy Corporation Public Company Limited
PSGC.BK,0.000658434945904025,0.2577414536745023,0.79,0.893,0.0025546334767536164,PSG Corporation Public Company Limited
TOPP.BK,2.10836267467493e-05,0.030391708943343688,0.03,0.105,0.000693729555848717,Thai O.P.P. Public Company Limited
HKEX23.BK,1.735541657437426e-05,0.06291196467516727,0.02,0.218,0.00027586829729424784,Hong Kong Exchanges and Clearing Limited
SNPS.BK,3.577274148167109e-06,0.0434606112082965,0.0,0.151,8.231071880287358e-05,Specialty Natural Products Public Company Limited
SNDK80.BK,1.7575400691467274e-05,0.3118393044858308,0.02,1.08,5.636044090223353e-05,Sandisk Corporation
THIP.BK,-6.207190307296303e-05,0.05897260200207882,-0.07,0.204,-0.0010525549317083713,Thantawan Industry Public Company Limited
BKNG80.BK,-8.943635602032957e-05,0.08495141854667561,-0.11,0.294,-0.0010527941445873533,Booking Holdings Inc.
TKC-R.BK,-0.00010156956604721532,0.09275370030240192,-0.12,0.321,-0.001095045973541447,Turnkey Communication Services Public Company Limited
EOSE03.BK,-0.0008083748583742001,0.3961540197207836,-0.97,1.372,-0.0020405570008956543,"Eos Energy Enterprises, Inc."
TSLA23.BK,-0.0006377008752213066,0.17808326394321564,-0.76,0.617,-0.0035809141246683717,"Tesla, Inc."
THG.BK,-0.00021182976681903773,0.05259220664901886,-0.25,0.182,-0.004027778644708941,Thonburi Healthcare Group Public Company Limited
BEC.BK,-0.0004164960178126747,0.09050537458900826,-0.5,0.314,-0.004601892646751805,BEC World Public Company Limited
UV.BK,-0.0005877773660910597,0.11473200050780641,-0.7,0.397,-0.0051230464342079274,Univentures Public Company Limited
ADBE06.BK,-0.0006841247125895665,0.12906875746388058,-0.82,0.447,-0.00530046717758956,Adobe Inc.
AMANAH-R.BK,-0.000783081619581304,0.14201133590877002,-0.94,0.492,-0.005514219090822201,Amanah Leasing Public Company Limited
PRAPAT-R.BK,-0.0007455953229004618,0.11777417548306711,-0.89,0.408,-0.0063307199548822924,Peerapat Technology Public Company Limited
SYNP23.BK,-0.001372799531059482,0.21197314096662037,-1.63,0.734,-0.006476289990323152,"Synopsys, Inc."
SOFI23.BK,-0.0007817907828641182,0.11577153110234854,-0.93,0.401,-0.00675287590498368,"SoFi Technologies, Inc."
PSH.BK,-0.000539511299079483,0.07977172512253178,-0.65,0.276,-0.006763189566864417,Pruksa Holding Public Company Limited
INET-R.BK,-0.00011073506416728013,0.015866147293660045,-0.13,0.055,-0.006979329141330282,Internet Thailand Public Company Limited
TMAN.BK,-0.000685986756447601,0.08543054406150302,-0.82,0.296,-0.008029759894233456,T.Man Pharmaceutical Public Company Limited
TMAN-R.BK,-0.000685986756447601,0.08543054406150302,-0.82,0.296,-0.008029759894233456,T.Man Pharmaceutical Public Company Limited
PRAPAT.BK,-0.0008451828434841561,0.10337225121377691,-1.01,0.358,-0.008176109483543052,Peerapat Technology Public Company Limited
TURTLE.BK,-0.0012025866166234056,0.13520620200334305,-1.43,0.468,-0.008894463410736669,Super Turtle Public Company Limited
CKP.BK,-0.0008849452855148085,0.08553427380198317,-1.06,0.296,-0.010346089890977603,CK Power Public Company Limited
DISNEY19.BK,-0.0008282132215488733,0.05958086949182027,-0.99,0.206,-0.013900656848631203,The Walt Disney Company
EGCO-R.BK,-0.0009655438609785819,0.0660222082477208,-1.15,0.229,-0.014624531450929075,Electricity Generating Public Company Limited
CMBANK23.BK,-0.0010467932046383853,0.06644911827951464,-1.25,0.23,-0.01575330465989189,"China Merchants Bank Co., Ltd."
MFC.BK,-0.001184148435109573,0.07123625909836064,-1.41,0.247,-0.016622832951889578,MFC Asset Management Public Company Limited
UREKA-R.BK,-0.003138528181763073,0.1623892073718329,-3.7,0.563,-0.019327196878155734,Eureka Design Public Company Limited
HYDRO-R.BK,-0.003601116875316636,0.172766595027979,-4.24,0.598,-0.020843826173303045,Hydrotek Public Company Limited
ANTA13.BK,-0.0019325827655913663,0.09217089242967738,-2.29,0.319,-0.02096738693363361,ANTA Sports Products Limited
PCSGH.BK,-0.00045730017386678425,0.020361737359223905,-0.55,0.071,-0.02245879935484122,P.C.S. Machine Group Holding Public Company Limited
BM.BK,-0.0023556241758928074,0.1031147452820322,-2.79,0.357,-0.0228446879197526,Bangkok Sheet Metal Public Company Limited
STECH-R.BK,-0.0010886702381705917,0.04530278215649457,-1.3,0.157,-0.024030979695901986,Siam Technic Concrete Public Company Limited
BM-R.BK,-0.003000439757722179,0.1245736558997713,-3.54,0.432,-0.02408566832249231,Bangkok Sheet Metal Public Company Limited
ROCTEC.BK,-0.0032332819979823094,0.1333745823340593,-3.81,0.462,-0.024242115262141966,Roctec Global Public Company Limited
ANTA23.BK,-0.002268059818779861,0.08823885000569513,-2.69,0.306,-0.025703642087736584,ANTA Sports Products Limited
SKE.BK,-0.004680964098519549,0.17936008023193017,-5.47,0.621,-0.026098137849105574,Sakol Energy Public Company Limited
AMATAV.BK,-0.0029719640553804412,0.1138226654799942,-3.51,0.394,-0.026110476703805556,Amata VN Public Company Limited
NEP.BK,-0.0019330597356056745,0.06924887772916391,-2.3,0.24,-0.02791467239607803,NEP Realty and Industry Public Company Limited
SUC.BK,-0.000985741012427819,0.034577904394943626,-1.18,0.12,-0.02850782977385886,Saha-Union Public Company Limited
MUD.BK,-0.005434895324727461,0.18805600256218716,-6.33,0.651,-0.02890040865848048,Mud & Hound Public Company Limited
APPL03.BK,-0.00742917754767195,0.2541423769373825,-8.56,0.88,-0.029232344629807276,AppLovin Corporation
CHG.BK,-0.0019348681430842148,0.06506633772589673,-2.3,0.225,-0.029736853351654484,Chularat Hospital Public Company Limited
DEXON-R.BK,-0.0048699049667764015,0.1600750823529124,-5.69,0.555,-0.030422629775944007,Dexon Technology Public Company Limited
BCH-R.BK,-0.0034704193167056567,0.11283334239095283,-4.09,0.391,-0.03075703726546632,Bangkok Chain Hospital Public Company Limited
CGH-R.BK,-0.003891048794899664,0.12511165576267588,-4.57,0.433,-0.031100609860687873,Country Group Holdings Public Company Limited
TCC.BK,-0.004253403283081388,0.13543405520558824,-4.99,0.469,-0.03140571458651772,Thai Capital Corporation Public Company Limited
SINO.BK,-0.0016920653471504171,0.049605439966083235,-2.01,0.172,-0.034110479582629125,Sino Logistics Corporation Public Company Limited
SUNNY19.BK,-0.006402800296238033,0.18335757555608728,-7.42,0.635,-0.03491974780327241,Sunny Optical Technology (Group) Company Limited
SOLAR.BK,-0.011056561760649581,0.30599892828455044,-12.49,1.06,-0.03613268132223003,Solartron Public Company Limited
JPARK.BK,-0.005492094880906669,0.13985089850566884,-6.4,0.484,-0.039271073261528226,Jenkongklai Public Company Limited
JPARK-R.BK,-0.005492094880906669,0.13985089850566884,-6.4,0.484,-0.039271073261528226,Jenkongklai Public Company Limited
IRCP-R.BK,-0.005679867007567573,0.1418895792838602,-6.61,0.492,-0.04003019133776269,International Research Corporation Public Company Limited
DISCO24.BK,-0.010564773218290515,0.2572786589420378,-11.97,0.891,-0.04106354278172233,Disco Corporation
MEDEZE.BK,-0.001983912622379681,0.04820292526813766,-2.35,0.167,-0.04115751505419643,Medeze Group Public Company Limited
ASN.BK,-0.005030275218855929,0.12022499906308548,-5.87,0.416,-0.041840509528441754,ASN Broker Public Company Limited
REMX03.BK,-0.007106971542371776,0.1690244459169062,-8.2,0.586,-0.04204700393377193,REMX03_DR REMX#PI
ILM.BK,-0.0026588449503943956,0.06314052650549663,-3.14,0.219,-0.04210995849334472,Index Living Mall Public Company Limited
AXP06.BK,-0.002686000061672394,0.0631638553712491,-3.18,0.219,-0.04252432100424013,American Express Company
GOLDUS03.BK,-0.0030010853375451534,0.06420301789981715,-3.54,0.222,-0.04674368021497165,GOLDUS03_DR GOLDUS#PI
MUD-R.BK,-0.00732144446182956,0.15497531470400228,-8.44,0.537,-0.047242649423318,Mud & Hound Public Company Limited
HAIERS19.BK,-0.004575243228788822,0.09227140093148467,-5.35,0.32,-0.049584629501681986,"Haier Smart Home Co., Ltd."
PTG.BK,-0.006420007201133129,0.12516553907372743,-7.44,0.434,-0.05129213079449522,PTG Energy Public Company Limited
INDIA01.BK,-0.0023167382206421643,0.044960039102981283,-2.74,0.156,-0.05152883019820466,China Asset Management (HK) Limited
FERRARI80.BK,-0.004658396607295707,0.08703986645689905,-5.45,0.302,-0.05352026372423815,Ferrari N.V.
VNG-R.BK,-0.004750518165756967,0.08814545028124868,-5.55,0.305,-0.05389408245802055,Vanachai Group Public Company Limited
BVG-R.BK,-0.0028479064129113803,0.052068701363563216,-3.36,0.18,-0.054695168850596616,BlueVenture Group Public Company Limited
BVG.BK,-0.0028479069233304094,0.05206869157643321,-3.36,0.18,-0.0546951889342155,BlueVenture Group Public Company Limited
BRR.BK,-0.0031292348986998895,0.05702265439245521,-3.69,0.198,-0.05487704723745595,Buriram Sugar Public Company Limited
PMTA.BK,-0.0021010910665132444,0.03556094765165382,-2.49,0.123,-0.05908422596312699,PM Thoresen Asia Holdings Public Company Limited
LST-R.BK,-0.0009061733336644067,0.015266693021720925,-1.08,0.053,-0.059356229431949306,Lam Soon (Thailand) Public Company Limited
EA.BK,-0.007200579355587769,0.12100797992651313,-8.31,0.419,-0.05950499595118111,Energy Absolute Public Company Limited
TCC-R.BK,-0.007620662540666298,0.12741115051757398,-8.77,0.441,-0.05981158250050626,Thai Capital Corporation Public Company Limited
TSI.BK,-0.009090914396625379,0.1476413732013637,-10.38,0.511,-0.06157430129172905,The Thai Setakij Insurance Public Company Limited
ADBE03.BK,-0.007772936841517519,0.12472750075027361,-8.94,0.432,-0.06231935054226979,Adobe Inc.
CHOW-R.BK,-0.0020780921272061867,0.03240888647238822,-2.47,0.112,-0.06412105917235643,Chow Bright Ventures Holdings Public Company
TNP.BK,-0.0038663344213934465,0.060098351725425526,-4.54,0.208,-0.06433345192323693,Thanapiriya Public Company Limited
FN.BK,-0.004014489004176429,0.061952759478460906,-4.71,0.215,-0.06479919599985122,FN Factory Outlet Public Company Limited
BCPG.BK,-0.0056232419693813965,0.08546663622106053,-6.54,0.296,-0.06579458626213872,BCPG Public Company Limited
BCPG-R.BK,-0.0076329400735586535,0.11369023459713533,-8.78,0.394,-0.06713804488667123,BCPG Public Company Limited
SR.BK,-0.007174337629317452,0.10666327572544215,-8.28,0.369,-0.06726155352461366,Siamraj Public Company Limited
HOOD06.BK,-0.010580012469258594,0.15620073627686024,-11.98,0.541,-0.06773343533096989,"Robinhood Markets, Inc."
AEONTS.BK,-0.00527508161637178,0.07767002814709022,-6.15,0.269,-0.06791656630253716,AEON Thana Sinsap (Thailand) Public Company Limited
LVMH01.BK,-0.005528433677628544,0.0794669517967912,-6.44,0.275,-0.06956896612525884,"LVMH Moët Hennessy - Louis Vuitton, Société Européenne"
TRITN.BK,-0.015151515151515128,0.21672493389016725,-16.74,0.751,-0.06991126899682744,Triton Holding Public Company Limited
BIDU23.BK,-0.010021598988368251,0.1413009111909937,-11.38,0.489,-0.07092381007240818,"Baidu, Inc."
PPPM.BK,-0.012924044812278691,0.18024704839919214,-14.45,0.624,-0.07170183882099351,PP Prime Public Company Limited
BIG-R.BK,-0.006149606705804117,0.08522672552314497,-7.13,0.295,-0.0721558486267793,Big Camera Corporation Public Company Limited
SPALI.BK,-0.0032210119756527623,0.044260664735057166,-3.8,0.153,-0.07277369183074024,Supalai Public Company Limited
SAK-R.BK,-0.007082453167155284,0.0961084747486381,-8.18,0.333,-0.0736922855729291,Saksiam Leasing Public Company Limited
SNPS-R.BK,-0.003493433763742729,0.04733207954428481,-4.11,0.164,-0.07380689370460058,Specialty Natural Products Public Company Limited
ITTHI-R.BK,-0.00738378808749488,0.09979315158074349,-8.51,0.346,-0.07399092994393101,Itthirit Nice Corporation Public Company Limited
ITTHI.BK,-0.00738378808749488,0.09979315158074349,-8.51,0.346,-0.07399092994393101,Itthirit Nice Corporation Public Company Limited
NPK.BK,-0.007547089043511312,0.10183847532756567,-8.69,0.353,-0.07410842531995826,New Plus Knitting Public Company Limited
SONY80.BK,-0.0067170030140803385,0.08833332007108892,-7.77,0.306,-0.0760415549724003,Sony Group Corporation
PG.BK,-0.0037117731111944515,0.04799200014133901,-4.36,0.166,-0.07734149650489834,People's Garment Public Company Limited
AMANAH.BK,-0.007665872665935916,0.09836812278552869,-8.82,0.341,-0.07793045601418828,Amanah Leasing Public Company Limited
DOHOME.BK,-0.005940255513177422,0.07576209958758495,-6.9,0.262,-0.07840669075320669,Dohome Public Company Limited
TPA.BK,-0.006039348587334492,0.07542224123660847,-7.01,0.261,-0.08007384145995268,Thai Poly Acrylic Public Company Limited
DUSIT.BK,-0.006778839074614432,0.08347668397315144,-7.84,0.289,-0.0812063770620633,Dusit Thani Public Company Limited
TPP-R.BK,-0.014148251055037538,0.17339596055513729,-15.72,0.601,-0.08159504413909693,Thai Packaging & Printing Public Company Limited
ARIP.BK,-0.006479955443552943,0.07871797521422302,-7.5,0.273,-0.08231862450626301,ARIP Public Company Limited
EKH-R.BK,-0.00280998970950657,0.03405048160245661,-3.32,0.118,-0.08252422806565649,Ekachai Medical Care Public Company Limited
AIMCG.BK,-0.008586855097545355,0.1026936192838387,-9.83,0.356,-0.0836162476055287,AIM Commercial Growth Freehold And Leasehold Real Estate Investment Trust
JD80.BK,-0.009899271478057468,0.11817905209329471,-11.25,0.409,-0.08376502690377507,"JD.com, Inc."
SAMCO.BK,-0.010697682306729758,0.12730994438046758,-12.11,0.441,-0.08402864645639607,Sammakorn Public Company Limited
IVF.BK,-0.011064511103133322,0.13063878595083472,-12.5,0.453,-0.08469545259933292,Inspire IVF Public Company Limited
CHAYO-R.BK,-0.015021409145242415,0.1760652484382875,-16.61,0.61,-0.08531728594077188,Chayo Group Public Company Limited
INDIAESG19.BK,-0.0037723665153769157,0.0435477148541983,-4.43,0.151,-0.08662604979405099,BlackRock (Singapore) Ltd
SENA.BK,-0.004902099819992859,0.05559602965622764,-5.73,0.193,-0.08817355934055889,Sena Development Public Company Limited
RSP-R.BK,-0.0075890199595704255,0.08556856246837077,-8.74,0.296,-0.08868934735669541,Rich Sport Public Company Limited
HMPRO.BK,-0.0070250752382361335,0.07636082119272342,-8.11,0.265,-0.09199842443425121,Home Product Center Public Company Limited
SA.BK,-0.0006225408071620275,0.006597132941912909,-0.74,0.023,-0.09436535729133194,Siamese Asset Public Company Limited
VS.BK,-0.01669113730933911,0.17225849149801242,-18.29,0.597,-0.09689587528712162,Viserve Enterprise Public Company Limited
BWG.BK,-0.012451794050226556,0.12789923675565504,-13.96,0.443,-0.09735628113258465,Better World Green Public Company Limited
RSP.BK,-0.007643951292526669,0.07843941411266717,-8.8,0.272,-0.09745038739768262,Rich Sport Public Company Limited
SKE-R.BK,-0.00930655271146334,0.09286080782491174,-10.61,0.322,-0.10022045822615248,Sakol Energy Public Company Limited
L&E.BK,-0.009454911928205766,0.09366080564101234,-10.77,0.324,-0.10094843689947541,Lighting and Equipment Public Company Limited
L&E-R.BK,-0.009454911928205766,0.09366080564101234,-10.77,0.324,-0.10094843689947541,Lighting and Equipment Public Company Limited
SAK.BK,-0.008352672331309497,0.0827197507413784,-9.58,0.287,-0.10097555005241682,Saksiam Leasing Public Company Limited
IMH.BK,-0.009336524345407314,0.09157333167096814,-10.65,0.317,-0.10195680527333385,Intermedical Care and Lab Hospital Public Company Limited
HKCE01.BK,-0.006359038445214246,0.06197638464985254,-7.37,0.215,-0.1026042174150824,Hang Seng China Enterprises Index ETF
FSMART-R.BK,-0.012892329680773158,0.12484319245879091,-14.42,0.432,-0.1032681832854342,Forth Smart Service Public Company Limited
LPH-R.BK,-0.0027614934235942576,0.02671934593307597,-3.26,0.093,-0.10335183467855011,Ladprao General Hospital Public Company Limited
MP80.BK,-0.02989686070235013,0.2890974595969591,-30.53,1.001,-0.10341447048351926,MP Materials Corp.
ONON03.BK,-0.01458432415961335,0.14020935713032182,-16.16,0.486,-0.1040181943495933,On Holding AG
LPH.BK,-0.0032521746360911876,0.031192267528581837,-3.83,0.108,-0.10426220643020524,Ladprao General Hospital Public Company Limited
PK.BK,-0.0155284612050341,0.14689599780325216,-17.12,0.509,-0.1057105805280851,Patkol Public Company Limited
SYNEX.BK,-0.0074090878826198,0.06936215954703857,-8.54,0.24,-0.10681743375644555,Synnex (Thailand) Public Company Limited
GJS-R.BK,-0.012514575554244574,0.11618100686544251,-14.03,0.402,-0.10771619124233098,G J Steel Public Company Limited
TPCS-R.BK,-0.006285812941122703,0.058012847320669615,-7.29,0.201,-0.10835208460597498,TPCS Public Company Limited
KINGSOFT23.BK,-0.010974254111159354,0.10090116667108459,-12.4,0.35,-0.10876241051734303,Kingsoft Corporation Limited
MEITUAN19.BK,-0.01570144065693127,0.1418760529771187,-17.3,0.491,-0.1106701259828785,Meituan
M-R.BK,-0.02028514362813439,0.18190941533346253,-21.8,0.63,-0.11151233481207778,MK Restaurant Group Public Company Limited
IBM06.BK,-0.017315477040601275,0.15298382086417614,-18.91,0.53,-0.11318502141461417,International Business Machines Corporation
TGH.BK,-0.006441930917238297,0.05667498586074555,-7.46,0.196,-0.11366444683491544,Thai Group Holdings Public Company Limited
MEITUAN80.BK,-0.01589656703769223,0.13933175120911953,-17.49,0.483,-0.11409148955454865,Meituan
ASAP-R.BK,-0.004637779760617211,0.04018528754321684,-5.43,0.139,-0.11540989362411702,Synergetic Auto Performance Public Company Limited
TNITY-R.BK,-0.006398811878802013,0.05504794997029802,-7.41,0.191,-0.11624069347277403,Trinity Watthana Public Company Limited
MOTHER.BK,-0.007897888044221191,0.06751680905812882,-9.08,0.234,-0.11697661892494769,Mother Marketing Public Company Limited
UBTECH23.BK,-0.018424899150066176,0.1569541401368373,-20.0,0.544,-0.11739033538078573,Ubtech Robotics Corp Ltd
BAM.BK,-0.0090428887405395,0.07611645286159754,-10.33,0.264,-0.11880333883900468,Bangkok Commercial Asset Management Public Company Limited
EP.BK,-0.01042828870100344,0.08615184634854257,-11.82,0.298,-0.12104544641810634,Eastern Power Group Public Company Limited
ZAA.BK,-0.014848066174813214,0.12265131187089905,-16.43,0.425,-0.12105917130704699,ZALEKTA Public Company Limited
BIG.BK,-0.007691096664543855,0.06324860183549924,-8.85,0.219,-0.1216010542738529,Big Camera Corporation Public Company Limited
ASTR-R.BK,-0.014717959022422521,0.1207959836042801,-16.3,0.418,-0.12184146014852293,Astra Enterprise Public Company Limited
RWI.BK,-0.014213751780871853,0.11608191870203843,-15.78,0.402,-0.12244587218924265,Rayong Wire Industries Public Company Limited
TSLA80.BK,-0.01341800750798992,0.10924162452479841,-14.96,0.378,-0.12282870715588785,"Tesla, Inc."
MAGURO.BK,-0.010792735958700683,0.08728749931601264,-12.21,0.302,-0.12364583752854501,Maguro Group Public Company Limited
MAGURO-R.BK,-0.010792735958700683,0.08728749931601264,-12.21,0.302,-0.12364583752854501,Maguro Group Public Company Limited
SHANG.BK,-0.012185893690395787,0.09818879904701512,-13.68,0.34,-0.12410675971870165,Shangri-La Hotel Public Company Limited
BTW.BK,-0.016081640667043776,0.12946870799284305,-17.68,0.448,-0.12421256778072397,BT Wealth Industries Public Company Limited
GRAMMY.BK,-0.014447749678832372,0.11437618206772719,-16.02,0.396,-0.12631781737807282,GMM Grammy Public Company Limited
SORKON.BK,-0.006433926399129792,0.050650357957029615,-7.45,0.175,-0.12702627698284305,S. Khonkaen Foods Public Company Limited
TSLA01.BK,-0.014103402342930789,0.10759841818055679,-15.67,0.373,-0.13107443939616667,"Tesla, Inc."
SK-R.BK,-0.003959761103007963,0.030012820551807692,-4.65,0.104,-0.13193565383742195,Sirakorn Public Company Limited
KWM.BK,-0.008983046600854722,0.06759084641791871,-10.26,0.234,-0.13290330091906152,K.W. Metal Work Public Company Limited
TYCN.BK,-0.004693980930999299,0.03528271997775811,-5.49,0.122,-0.133039089218698,Tycoons Worldwide Group (Thailand) Public Company Limited
A5.BK,-0.0018484233763225407,0.013670113014511534,-2.2,0.047,-0.13521639319004483,Asset Five Group Public Company Limited
POPMART23.BK,-0.02275890536080137,0.1668497518626021,-24.14,0.578,-0.13640359129537658,Pop Mart International Group Limited
WGE.BK,-0.009827580973838767,0.07188803752365612,-11.18,0.249,-0.1367067639119348,Well Graded Engineering Public Company Limited
IND.BK,-0.01743309859677551,0.1270507649789658,-19.03,0.44,-0.1372136452673991,Index International Group Public Company Limited
BOL-R.BK,-0.008448045202935475,0.06074891967204162,-9.68,0.21,-0.13906494549274273,Business Online Public Company Limited
DEXON.BK,-0.017800042685107233,0.1279971578141621,-19.39,0.443,-0.1390659213773399,Dexon Technology Public Company Limited
TVT.BK,-0.012933723264750424,0.09284839731195617,-14.46,0.322,-0.13929937014739335,TV Thunder Public Company Limited
PRIME.BK,-0.026623375648856997,0.1893263311925837,-27.66,0.656,-0.14062162130937594,Prime Road Power Public Company Limited
SAWAD.BK,-0.014288373834325031,0.1002191891281779,-15.86,0.347,-0.14257123769032445,Srisawad Corporation Public Company Limited
CRANE.BK,-0.014869205225237297,0.1027477835554923,-16.45,0.356,-0.14471558130698456,Chukai Public Company Limited
SORKON-R.BK,-0.005947112846912538,0.04102356535468558,-6.91,0.142,-0.14496821023463966,S. Khonkaen Foods Public Company Limited
AHC.BK,-0.011138492466864179,0.07682427563237922,-12.58,0.266,-0.14498662532354065,Aikchol Hospital Public Company Limited
TSLA03.BK,-0.016251258336525357,0.11194301972097334,-17.85,0.388,-0.1451743786886657,"Tesla, Inc."
AMA-R.BK,-0.0026389351816626496,0.01802121408810545,-3.12,0.062,-0.1464349276780651,Ama Marine Public Company Limited
LEO-R.BK,-0.007467324071000911,0.0503814260146634,-8.6,0.175,-0.14821581407456713,Leo Global Logistics Public Company Limited
MTC.BK,-0.016433236032933132,0.11060559171796888,-18.03,0.383,-0.1485750926122789,Muangthai Capital Public Company Limited
CMR.BK,-0.00841727174239721,0.055221374050554134,-9.65,0.191,-0.1524277852030874,Chiang Mai Ram Medical Business Public Company Limited
ICC.BK,-0.002257862499418577,0.01474452965414218,-2.68,0.051,-0.15313221597301177,I.C.C. International Public Company Limited
LALIN-R.BK,-0.003656683573700031,0.023805127109452217,-4.3,0.082,-0.15360907576284627,Lalin Property Public Company Limited
IFS.BK,-0.006208077668174131,0.04035453139245938,-7.2,0.14,-0.15383842790289887,IFS Capital (Thailand) Public Company Limited
APCS.BK,-0.012092701944746901,0.07767677321706072,-13.58,0.269,-0.15567976685842677,Asia Precision Public Company Limited
APCS-R.BK,-0.01048951534345358,0.06724798350525095,-11.89,0.233,-0.1559826004691207,Asia Precision Public Company Limited
TRV.BK,-0.014865959762229512,0.09512252706899291,-16.45,0.33,-0.15628222062947453,T.R.V. Rubber Products Public Company Limited
KAMART.BK,-0.008873666379727136,0.05624044971632806,-10.14,0.195,-0.15778085745197876,Karmarts Public Company Limited
UEC-R.BK,-0.012165205090743085,0.07699829762320715,-13.66,0.267,-0.15799316954088755,Unimit Engineering Public Company Limited
MELI06.BK,-0.015522109173918832,0.09820945605555344,-17.12,0.34,-0.15805106552202622,"MercadoLibre, Inc."
SGF.BK,-0.025771944927376125,0.16222588106861957,-26.9,0.562,-0.15886457054577444,SGF Capital Public Company Limited
ALPHAX.BK,-0.028681317715827614,0.17491492781428244,-29.48,0.606,-0.16397295573468876,Alpha Divisions Public Company Limited
BIDU01.BK,-0.020976603539558228,0.12729972971809642,-22.46,0.441,-0.16478121034514875,"Baidu, Inc."
FPTVN11.BK,-0.01413070674741096,0.08550675687422818,-15.7,0.296,-0.16525836394655694,FPT Corporation
TENCENT23.BK,-0.010452636106914348,0.06296866292328948,-11.85,0.218,-0.16599742827075903,Tencent Holdings Limited
SAWAD-R.BK,-0.015065876114025078,0.09048767589370019,-16.65,0.313,-0.16649644236330724,Srisawad Corporation Public Company Limited
KCAR.BK,-0.004789342067853765,0.028730034472681975,-5.6,0.1,-0.1667015774870623,Krungthai Car Rent and Lease Public Company Limited
MATI-R.BK,-0.011037873846952172,0.06619686683840663,-12.47,0.229,-0.16674314622619163,Matichon Public Company Limited
HMPRO-R.BK,-0.011314122079209869,0.06762178023761609,-12.76,0.234,-0.16731476218835395,Home Product Center Public Company Limited
BJCHI-R.BK,-0.018610709848230676,0.11035170850141997,-20.18,0.382,-0.16864904133306827,BJC Heavy Industries Public Company Limited
CNEV24.BK,-0.01350234630223109,0.07989610381850781,-15.05,0.277,-0.16899880791312494,Mirae Asset Global Investments (HK) Ltd
SINOBIO19.BK,-0.016088078807085217,0.09483644004491465,-17.69,0.329,-0.1696402648545842,Sino Biopharmaceutical Limited
BABA06.BK,-0.025751156700594725,0.15155881053911047,-26.88,0.525,-0.16990867511426871,Alibaba Group Holding Limited
TPA-R.BK,-0.004299149426466711,0.024777850682130655,-5.04,0.086,-0.17350776230027012,Thai Poly Acrylic Public Company Limited
EA-R.BK,-0.013687334769174301,0.0786880295462482,-15.24,0.273,-0.17394430700707392,Energy Absolute Public Company Limited
MOTHER-R.BK,-0.010917721617826745,0.06257256511717525,-12.34,0.217,-0.17448096617713998,Mother Marketing Public Company Limited
NETEASE80.BK,-0.01272532799970729,0.07237113557520214,-14.25,0.251,-0.17583430049241353,"NetEase, Inc."
GEV80.BK,-0.025030064077081263,0.1422064362092541,-26.23,0.493,-0.1760121745843486,GE Vernova Inc.
SKN.BK,-0.013721496087565248,0.07634388096188464,-15.28,0.264,-0.17973275545705916,S.Kijchai Enterprise Public Company Limited
TWZ-R.BK,-0.04828513831986907,0.26802164177350163,-44.78,0.928,-0.18015387862101684,TWZ Corporation Public Company Limited
DUSIT-R.BK,-0.012574240741491605,0.06966019143746646,-14.09,0.241,-0.18050827139600134,Dusit Thani Public Company Limited
OR-R.BK,-0.008658163922022897,0.046710405628581524,-9.91,0.162,-0.18535835442895562,PTT Oil and Retail Business Public Company Limited
FPTVN19.BK,-0.014491055383992292,0.07814870234418321,-16.07,0.271,-0.18542925153345038,FPT Corporation
BIDU80.BK,-0.023104440107954885,0.12273702744943611,-24.46,0.425,-0.1882434387411998,"Baidu, Inc."
SPOT06.BK,-0.017742831207332114,0.09325982665298783,-19.33,0.323,-0.19025159968773836,Spotify Technology S.A.
NETBAY.BK,-0.033167837980536324,0.17426652506088716,-33.29,0.604,-0.19032822264027918,Netbay Public Company Limited
NEE80.BK,-0.008530574947673552,0.04470139242450122,-9.77,0.155,-0.19083465827337115,"NextEra Energy, Inc."
GAHREIT.BK,-0.014183812610687347,0.07390106351567431,-15.75,0.256,-0.1919297495316692,Grande Hospitality Real Estate Investment Trust
TKN-R.BK,-0.018221080951101844,0.09401728434175304,-19.8,0.326,-0.1938056505106888,Taokaenoi Food & Marketing Public Company Limited
UMI-R.BK,-0.013330032245579347,0.06828568611893965,-14.87,0.237,-0.19520975775744814,The Union Mosaic Industry Public Company Limited
AJA.BK,-0.02209409980843621,0.112710643814984,-23.52,0.39,-0.1960249632209001,AJ Advance Technology Public Company Limited
TGE.BK,-0.020937106249452695,0.10438773628009072,-22.42,0.362,-0.20057055546520083,Thachang Green Energy Public Company Limited
TGE-R.BK,-0.020937106249452695,0.10438773628009072,-22.42,0.362,-0.20057055546520083,Thachang Green Energy Public Company Limited
MSN11.BK,-0.009857179890618765,0.04877536963748446,-11.21,0.169,-0.20209339188776548,Masan Group Corporation
META23.BK,-0.011424452581465112,0.056400006647402204,-12.88,0.195,-0.20256119210920917,"Meta Platforms, Inc."
MODERN.BK,-0.008716000929272917,0.04298411048808951,-9.97,0.149,-0.20277262528645412,Modernform Group Public Company Limited
PRINC.BK,-0.012668111474337745,0.062002212566594155,-14.19,0.215,-0.20431708724477246,Principal Capital Public Company Limited
M-CHAI.BK,-0.014136665783334106,0.06905495178430604,-15.71,0.239,-0.20471617774044862,Mahachai Hospital Public Company Limited
UAC.BK,-0.00637644599141134,0.031030499591325676,-7.39,0.107,-0.20548963359886813,UAC Global Public Company Limited
POPMART80.BK,-0.03090994889468398,0.1503906342193154,-31.39,0.521,-0.20553107615470156,Pop Mart International Group Limited
TIPCO.BK,-0.012321555789329187,0.059762395339370916,-13.82,0.207,-0.20617573508155318,Tipco Foods Public Company Limited
BABA01.BK,-0.02861108044682622,0.13839598276401685,-29.41,0.479,-0.20673346057747813,Alibaba Group Holding Limited
SISB.BK,-0.01982371588242093,0.09573189928252052,-21.36,0.332,-0.2070753430256084,SISB Public Company Limited
BABA23.BK,-0.028234126200767963,0.13613608599478563,-29.08,0.472,-0.20739634164191706,Alibaba Group Holding Limited
TSI-R.BK,-0.027272728514490543,0.13065490489552742,-28.24,0.453,-0.20873865038819636,The Thai Setakij Insurance Public Company Limited
SK.BK,-0.00444701964970364,0.021177410143980203,-5.21,0.073,-0.2099888333591976,Sirakorn Public Company Limited
PLT-R.BK,-0.011109664255411338,0.052853807149793916,-12.55,0.183,-0.2101961023153023,Pilatus Marine Public Company Limited
PLT.BK,-0.011109664255411338,0.052853807149793916,-12.55,0.183,-0.2101961023153023,Pilatus Marine Public Company Limited
AAV.BK,-0.016144885591791575,0.07665763983784137,-17.74,0.266,-0.2106102617553038,Asia Aviation Public Company Limited
LPGOLD13.BK,-0.03741758989875445,0.17756254689044584,-36.72,0.615,-0.2107290673288252,"Laopu Gold Co., Ltd."
AVGO23.BK,-0.018662700636988338,0.0876363415986139,-20.23,0.304,-0.2129561811521753,Broadcom Inc.
SISB-R.BK,-0.01928351990455476,0.0890714078372633,-20.84,0.309,-0.21649506135331834,SISB Public Company Limited
JPROBOAI24.BK,-0.010269809339831138,0.04740457122942178,-11.65,0.164,-0.21664175149119697,Global X Japan Co. Ltd.
DTCI-R.BK,-0.015154156489513128,0.06992289284924745,-16.74,0.242,-0.21672668094818714,D.T.C. Industries Public Company Limited
AMR-R.BK,-0.023072526066571133,0.10641207517011753,-24.43,0.369,-0.21682244265686798,AMR Asia Public Company Limited
SNNP-R.BK,-0.016180835084580417,0.07461956116626499,-17.78,0.258,-0.21684441494538922,Srinanaporn Marketing Public Company Limited
ISSARA.BK,-0.015277826558478914,0.07014646434880281,-16.87,0.243,-0.2177989539502665,Issara Real Estate Investment Trust
BABA13.BK,-0.029356106480724665,0.1338700715306409,-30.06,0.464,-0.21928804657436432,Alibaba Group Holding Limited
THIP-R.BK,-0.004677740034663396,0.021207137915503674,-5.47,0.073,-0.22057384892299356,Thantawan Industry Public Company Limited
CSR-R.BK,-0.008026201782131053,0.036316906034810796,-9.22,0.126,-0.22100455844001987,City Sports and Recreation Public Company Limited
META80.BK,-0.017673060077078192,0.0798930938232535,-19.26,0.277,-0.22120885837987553,"Meta Platforms, Inc."
ZEN.BK,-0.01053029094524264,0.046866530669564345,-11.93,0.162,-0.22468680302980332,ZEN Corporation Group Public Company Limited
BROCK.BK,-0.010377692837660603,0.04595416480735984,-11.77,0.159,-0.22582703616013827,Baan Rock Garden Public Company Limited
ORCL19.BK,-0.03917979574502408,0.17338568014202083,-38.1,0.601,-0.22596904030904844,Oracle Corporation
ORCL06.BK,-0.039404632727060414,0.17389188176197534,-38.27,0.602,-0.22660421135126826,Oracle Corporation
CCJ23.BK,-0.022777698146545153,0.09956590012013572,-24.16,0.345,-0.22877007207348798,Cameco Corporation
TWZ.BK,-0.060606060606060816,0.2611164839335479,-52.77,0.905,-0.23210354127426355,TWZ Corporation Public Company Limited
CITY.BK,-0.017377742552310223,0.07483750666423855,-18.97,0.259,-0.23220632710648895,City Steel Public Company Limited
FNS.BK,-0.04142575695348842,0.17666360868805728,-39.81,0.612,-0.23448947556955946,FNS Holdings Public Company Limited
XIAOMI23.BK,-0.034435647931613834,0.14648288157339112,-34.33,0.507,-0.235083086581423,Xiaomi Corporation
SCC-R.BK,-0.012182689503014134,0.05140764056562905,-13.68,0.178,-0.2369820783247429,The Siam Cement Public Company Limited
BABA80.BK,-0.03137039403577821,0.13183795930939532,-31.78,0.457,-0.2379465989924696,Alibaba Group Holding Limited
FVC.BK,-0.026092296946828127,0.10952760793121424,-27.19,0.379,-0.2382257536676476,Filter Vision Public Company Limited
ACC-R.BK,-0.027398463602740928,0.11464884896214643,-28.35,0.397,-0.23897722350258457,Advanced Connection Corporation Public Company Limited
AS.BK,-0.03069244007672473,0.1284132493847149,-31.21,0.445,-0.23901303194012988,Asphere Innovations Public Company Limited
TBN-R.BK,-0.012007981886486269,0.05003312793266041,-13.49,0.173,-0.24000062324002233,TBN Corporation Public Company Limited
NSL-R.BK,-0.01632983438957354,0.06800296225656965,-17.93,0.236,-0.24013416250842723,NSL Foods Public Company Limited
HORIZON23.BK,-0.041809197728951836,0.17225639828273204,-40.1,0.597,-0.24271491884050977,Horizon Robotics
IIG-R.BK,-0.01919264664419629,0.07888685749091014,-20.75,0.273,-0.24329333496910804,I&I Group Public Company Limited
GSEMI24.BK,-0.030374624669571915,0.12375009383691969,-30.94,0.429,-0.24545132636101427,Global X Japan Co. Ltd.
OR.BK,-0.009011061377583236,0.03642118081555808,-10.29,0.126,-0.24741266416419896,PTT Oil and Retail Business Public Company Limited
AWC-R.BK,-0.02048824976776473,0.08240393994215477,-22.0,0.285,-0.24863191956776462,Asset World Corp Public Company Limited
NKT.BK,-0.006562441137497402,0.026112973738320586,-7.6,0.09,-0.2513096058403747,Nakornthon Hospital Public Company Limited
SENSE23.BK,-0.03400920260823215,0.13499983590707493,-33.98,0.468,-0.251920325530187,SenseTime Group Inc.
HENG.BK,-0.012860630469676308,0.05060608743848993,-14.39,0.175,-0.25413208411553234,Heng Leasing and Capital Public Company Limited
CM-R.BK,-0.004981088591428103,0.0194693014141856,-5.82,0.067,-0.25584321108711244,Chiangmai Frozen Foods Public Company Limited
IHL.BK,-0.012367454717924138,0.04814952811390781,-13.87,0.167,-0.25685515938320996,Interhides Public Company Limited
PQS.BK,-0.024712415834892223,0.09514024671995515,-25.94,0.33,-0.2597472330257152,Premier Quality Starch Public Company Limited
PQS-R.BK,-0.024712415834892223,0.09514024671995515,-25.94,0.33,-0.2597472330257152,Premier Quality Starch Public Company Limited
MAOGEP80.BK,-0.04038537110879141,0.15505152424156654,-39.02,0.537,-0.2604641992804403,"Mao Geping Cosmetics Co., Ltd."
HPG19.BK,-0.008928565197993095,0.034122393346932366,-10.2,0.118,-0.2616629234419098,Hoa Phat Group Joint Stock Company
NINTENDO19.BK,-0.029572618309674815,0.1125216921282564,-30.25,0.39,-0.262817042210553,"Nintendo Co., Ltd."
LULU06.BK,-0.027473655947761525,0.10396067088597427,-28.42,0.36,-0.264269706165085,lululemon athletica inc.
MATCH.BK,-0.03138174300963161,0.11809909146736501,-31.79,0.409,-0.2657238308924968,Matching Maximize Solution Public Company Limited
PDJ.BK,-0.016438239096537296,0.06163512991547119,-18.04,0.214,-0.26670243283467293,Pranda Jewelry Public Company Limited
PDJ-R.BK,-0.01900396877143222,0.07122282856093397,-20.57,0.247,-0.2668241230432679,Pranda Jewelry Public Company Limited
VIBHA-R.BK,-0.04209162769858172,0.15552718668465557,-40.31,0.539,-0.27063839188402494,Vibhavadi Medical Center Public Company Limited
FNS-R.BK,-0.033770530191776144,0.12285597509755293,-33.78,0.426,-0.274879021268285,FNS Holdings Public Company Limited
DDD.BK,-0.022305602024192798,0.08015941766870897,-23.72,0.278,-0.27826551979680875,Do Day Dream Public Company Limited
MONTAGE80.BK,-0.08419408172762037,0.30227815220693444,-65.2,1.047,-0.2785318128780361,"Montage Technology Co., Ltd."
CEYE-R.BK,-0.021827028664233764,0.07771320014974385,-23.27,0.269,-0.2808664245221628,Chamni's Eye Public Company Limited
CEYE.BK,-0.021827028664233764,0.07771320014974385,-23.27,0.269,-0.2808664245221628,Chamni's Eye Public Company Limited
SAAM-R.BK,-0.014008616583773668,0.049580563353894845,-15.57,0.172,-0.2825425052915057,SAAM Development Public Company Limited
VIBE.BK,-0.02767386486669128,0.09770513196677014,-28.59,0.338,-0.28323860077383917,Vibe Synergy Group Public Company Limited
STI-R.BK,-0.016715286270320005,0.058994616339875815,-18.31,0.204,-0.2833357907443795,Stonehenge Inter Public Company Limited
CM.BK,-0.00587895633181548,0.020668131804902797,-6.83,0.072,-0.2844454635431008,Chiangmai Frozen Foods Public Company Limited
CEG23.BK,-0.015052093772883083,0.05262789942820794,-16.64,0.182,-0.28600977687540646,Constellation Energy Corporation
SHANG-R.BK,-0.024096286205891302,0.08375663973385497,-25.38,0.29,-0.2876940417196731,Shangri-La Hotel Public Company Limited
DDD-R.BK,-0.006975399036194271,0.024173639923982117,-8.06,0.084,-0.28855393966856174,Do Day Dream Public Company Limited
TGPRO.BK,-0.04848484837196076,0.16674240754037933,-44.92,0.578,-0.29077694803116827,Thai-German Products Public Company Limited
SMD100.BK,-0.04992412856492998,0.1685790149707543,-45.91,0.584,-0.29614675689967107,SMD Rise Public Company Limited
PLE-R.BK,-0.025364062725443524,0.08412407901974107,-26.53,0.291,-0.30150776116659106,Power Line Engineering Public Company Limited
PPP-R.BK,-0.021043775224792536,0.06979430659321371,-22.53,0.242,-0.3015113445777636,Premier Products Public Company Limited
SIAM-R.BK,-0.013157896613090076,0.0436398060959079,-14.7,0.151,-0.3015113445777636,Siam Steel International Public Company Limited
MATCH-R.BK,-0.017453760166432856,0.0578875736529088,-19.05,0.201,-0.30151134457776363,Matching Maximize Solution Public Company Limited
EMC-R.BK,-0.04545454545454557,0.15075567228888218,-42.78,0.522,-0.30151134457776363,EMC Public Company Limited
RWI-R.BK,-0.023569025241432163,0.07816961340024607,-24.89,0.271,-0.30151134457776363,Rayong Wire Industries Public Company Limited
CPANEL-R.BK,-0.03679653510706268,0.12204030053526689,-36.23,0.423,-0.30151134457776363,CPanel Public Company Limited
VGI-R.BK,-0.04652406630856538,0.15430287166712636,-43.54,0.535,-0.30151134457776363,VGI Public Company Limited
NOVA-R.BK,-0.010560143827753892,0.035024034808847124,-11.96,0.121,-0.30151134457776363,Nova Empire Public Company Limited
BSM-R.BK,-0.05392740828297056,0.17885697919091728,-48.58,0.62,-0.30151134457776363,BuilderSmart Public Company Limited
BTW-R.BK,-0.04245454499976976,0.14080579640949525,-40.58,0.488,-0.30151134457776363,BT Wealth Industries Public Company Limited
TK-R.BK,-0.008666613919189462,0.02874390657282294,-9.92,0.1,-0.30151134457776363,Thitikorn Public Company Limited
B-R.BK,-0.022727272727272783,0.07537783614444109,-24.11,0.261,-0.30151134457776363,Begistics Public Company Limited
CIG-R.BK,-0.054545455900105615,0.18090681123952748,-48.99,0.627,-0.30151134457776363,C.I. Group Public Company Limited
GCAP-R.BK,-0.03463203493921175,0.11486146561984405,-34.49,0.398,-0.30151134457776363,G Capital Public Company Limited
TIGER-R.BK,-0.0752608056245322,0.24961185367644262,-60.9,0.865,-0.30151134457776363,Thai Enger Holding Public Company Limited
CHOTI-R.BK,-0.005967005967005967,0.019790319914370583,-6.93,0.069,-0.30151134457776363,Kiang Huat Sea Gull Trading Frozen Food Public Company Limited
TMC-R.BK,-0.07187938425094759,0.23839694772217424,-59.14,0.826,-0.3015113445777637,T.M.C. Industrial Public Company Limited
SGF-R.BK,-0.06662532225744817,0.22097119546446997,-56.28,0.765,-0.3015113445777637,SGF Capital Public Company Limited
WORK-R.BK,-0.017532752315135715,0.05786132576855427,-19.12,0.2,-0.30301331817502514,Workpoint Entertainment Public Company Limited
IFLYTEK80.BK,-0.023227297836954926,0.07626722151831478,-24.57,0.264,-0.3045515147208704,"iFLYTEK CO.,LTD"
PEER.BK,-0.02309457789239393,0.07515383773572745,-24.45,0.26,-0.3072973861109288,Peer For You Public Company Limited
NEX.BK,-0.021526835400253075,0.06984769957369623,-22.98,0.242,-0.3081967699958412,Nex Point Public Company Limited
PK-R.BK,-0.015240796684736853,0.04931832357840534,-16.83,0.171,-0.30902909058754446,Patkol Public Company Limited
FMT.BK,-0.029310814520877068,0.09443349637375435,-30.02,0.327,-0.31038578096133423,Fine Metal Technologies Public Company Limited
GDS23.BK,-0.034260606915672065,0.11018609481261375,-34.19,0.382,-0.3109340336812628,GDS Holdings Limited
VRT23.BK,-0.037016178617207594,0.1189167553132616,-36.4,0.412,-0.31127807447904315,Vertiv Holdings Co
CPNCG.BK,-0.013410524796182844,0.042839641545517046,-14.96,0.148,-0.3130400795238724,CPN Commercial Growth Leasehold Property Fund
M-CHAI-R.BK,-0.01673681167337069,0.052975254107472634,-18.33,0.184,-0.31593641135569017,Mahachai Hospital Public Company Limited
NFLX80.BK,-0.028663715004281862,0.0906133017566862,-29.46,0.314,-0.31633010218796953,"Netflix, Inc."
IHL-R.BK,-0.007272286075866246,0.022979057443426626,-8.39,0.08,-0.31647451570937046,Interhides Public Company Limited
NC.BK,-0.02057133644652938,0.06451925754988234,-22.08,0.224,-0.3188402537122328,Newcity (Bangkok) Public Company Limited
HERMES80.BK,-0.02064135786753997,0.06469775658131606,-22.14,0.224,-0.31904286884502187,Hermès International Société en commandite par actions
BEM-R.BK,-0.04175456583580525,0.12909813223878447,-40.06,0.447,-0.32343276476358723,Bangkok Expressway and Metro Public Company Limited
KCAR-R.BK,-0.008827287686918948,0.027151138755695567,-10.09,0.094,-0.3251166651368251,Krungthai Car Rent and Lease Public Company Limited
AUCT.BK,-0.027050895947248906,0.08289644866359994,-28.04,0.287,-0.3263215298525452,Union Auction Public Company Limited
KTMS.BK,-0.03621198499986545,0.1104057817665849,-35.76,0.382,-0.327989933320913,KT Medical Service Public Company Limited
KTMS-R.BK,-0.03621198499986545,0.1104057817665849,-35.76,0.382,-0.327989933320913,KT Medical Service Public Company Limited
XIAOMI19.BK,-0.04779144085543023,0.14565527447030205,-44.44,0.505,-0.32811335551857773,Xiaomi Corporation
NVD-R.BK,-0.02097003131036755,0.06374891971861335,-22.46,0.221,-0.32894724181882473,Nirvana Development Public Company Limited
K.BK,-0.017578419996377572,0.053393962982778306,-19.17,0.185,-0.329221114417885,Kingsmen C.M.T.I. Public Company Limited
SIRIPRT.BK,-0.030277469756854244,0.09111675963900333,-30.85,0.316,-0.33229309159819714,Siripinyo Real Estate Investment Trust
TRIPCOM23.BK,-0.0382853269468549,0.11499880828868216,-37.4,0.398,-0.3329193364399658,Trip.com Group Limited
PERM-R.BK,-0.040943980711163425,0.12164678012292544,-39.45,0.421,-0.33658088335580333,Permsin Steel Works Public Company Limited
GEV23.BK,-0.035634501750638495,0.10568494133934203,-35.3,0.366,-0.3371767188309284,GE Vernova Inc.
XIAOMI80.BK,-0.049265460262001466,0.14608514835559752,-45.46,0.506,-0.33723797946989437,Xiaomi Corporation
TFMAMA-R.BK,-0.0034392120323101026,0.010133865794190969,-4.05,0.035,-0.3393780914566246,Thai President Foods Public Company Limited
FMT-R.BK,-0.02808577526249926,0.08254110386104428,-28.95,0.286,-0.3402641102278073,Fine Metal Technologies Public Company Limited
RAM.BK,-0.006254379130087493,0.018298043607906947,-7.25,0.063,-0.341805892701275,Ramkhamhaeng Hospital Public Company Limited
OHTL.BK,-0.01694508239259901,0.04905252740020456,-18.54,0.17,-0.345447692314593,OHTL Public Company Limited
FANCY-R.BK,-0.038836616313829835,0.11125575535079994,-37.83,0.385,-0.3490751214746087,Fancy Wood Industries Public Company Limited
MTC-R.BK,-0.027633348737525744,0.07909044537130969,-28.56,0.274,-0.34938921645710985,Muangthai Capital Public Company Limited
KUAISH06.BK,-0.057004646623248535,0.16314028851789142,-50.56,0.565,-0.3494210237160203,Kuaishou Technology
XIAOMI01.BK,-0.04921950366141976,0.14052503158781074,-45.43,0.487,-0.3502543504547349,Xiaomi Corporation
SFT-R.BK,-0.036480540763967624,0.10381762319247138,-35.98,0.36,-0.35139063717857405,Shrinkflex (Thailand) Public Company Limited
TPIPP-R.BK,-0.016813061265423954,0.047674920849666715,-18.41,0.165,-0.3526604966674316,TPI Polene Power Public Company Limited
RS.BK,-0.051295367953705956,0.1453156146575811,-46.84,0.503,-0.35299281549733913,RS Public Company Limited
PPS-R.BK,-0.03443850483598852,0.09634006949639724,-34.33,0.334,-0.3574681336230134,Project Planning Service Public Company Limited
CPR-R.BK,-0.019777662422678866,0.05523255317978024,-21.31,0.191,-0.35807981496533736,CPR Gomu Industrial Public Company Limited
NTV-R.BK,-0.006835637624938094,0.019021876374869726,-7.9,0.066,-0.35935664233255266,Nonthavej Hospital Public Company Limited
NTV.BK,-0.018575216554729424,0.051666737410878426,-20.15,0.179,-0.35951982814417877,Nonthavej Hospital Public Company Limited
TNPF.BK,-0.02252154537798998,0.06244423499131921,-23.92,0.216,-0.3606665272001627,Trinity Freehold and Leasehold Property Fund
VL-R.BK,-0.02601474807516019,0.07139425220959685,-27.12,0.247,-0.3643815471137224,V.L. Enterprise Public Company Limited
MEB.BK,-0.02276693459296253,0.062438500123091274,-24.15,0.216,-0.3646297484417433,MEB Corporation Public Company Limited
TRIPCOM80.BK,-0.03952282097766206,0.10769225895745144,-38.36,0.373,-0.3669977894444325,Trip.com Group Limited
WORK.BK,-0.017201717476043373,0.046718924968590855,-18.8,0.162,-0.36819591819820535,Workpoint Entertainment Public Company Limited
THAI-R.BK,-0.0479084962929405,0.12915390268419683,-44.52,0.447,-0.3709411430646807,Thai Airways International Public Company Limited
GLORY-R.BK,-0.05175685825908428,0.1393786864681069,-47.15,0.483,-0.371339833733671,Glory Forever Public Company Limited
BRI-R.BK,-0.027514361007592105,0.07381200077389499,-28.45,0.256,-0.3727627041553259,Britania Public Company Limited
RML-R.BK,-0.030593077641514057,0.08183644186933413,-31.12,0.283,-0.37383196217598436,Raimon Land Public Company Limited
CWT-R.BK,-0.030273595458566924,0.08056872900012263,-30.85,0.279,-0.3757487034271181,Chai Watana Tannery Group Public Company Limited
SEI-R.BK,-0.03693672253919209,0.09814108571296921,-36.34,0.34,-0.3763635002696017,SEI Medical Public Company Limited
SEI.BK,-0.03693672253919209,0.09814108571296921,-36.34,0.34,-0.3763635002696017,SEI Medical Public Company Limited
NV-R.BK,-0.0400298368772635,0.10632714701012931,-38.75,0.368,-0.3764780491425208,Nova Organic Public Company Limited
VRT01.BK,-0.07434095040802921,0.1963735509403256,-60.43,0.68,-0.37856905908179095,Vertiv Holdings Co
GOOG23.BK,-0.0161484767648374,0.042651691607864375,-17.75,0.148,-0.3786128089198658,Alphabet Inc.
AMATAV-R.BK,-0.01898888618346548,0.05013368642733241,-20.55,0.174,-0.3787650088526687,Amata VN Public Company Limited
SR-R.BK,-0.02631965170301395,0.06867850689852228,-27.39,0.238,-0.383229818055061,Siamraj Public Company Limited
ASN-R.BK,-0.04192684728167431,0.10882627490415617,-40.19,0.377,-0.3852640120099626,ASN Broker Public Company Limited
KC-R.BK,-0.05037183113165073,0.13073831342601736,-46.22,0.453,-0.38528744796876485,K.C. Property Public Company Limited
MSC.BK,-0.022291971950604794,0.05750960040284444,-23.7,0.199,-0.3876217500113638,Metro Systems Corporation Public Company Limited
AU-R.BK,-0.023611952149809844,0.060548243822083854,-24.93,0.21,-0.38996923212490964,After You Public Company Limited
FVC-R.BK,-0.037373737400495856,0.09561660674447849,-36.69,0.331,-0.39087077729469893,Filter Vision Public Company Limited
PANEL.BK,-0.01221345713247209,0.031187028445493703,-13.71,0.108,-0.3916197772358413,Panelesmatic Solutions Public Company Limited
PANEL-R.BK,-0.01221345713247209,0.031187028445493703,-13.71,0.108,-0.3916197772358413,Panelesmatic Solutions Public Company Limited
TPCH-R.BK,-0.07120045848963855,0.1815235100011117,-58.78,0.629,-0.3922382202129217,TPC Power Holding Public Company Limited
STX.BK,-0.030887952097787785,0.07685919475540018,-31.37,0.266,-0.40187712343444215,Stone One Public Company Limited
NAM-R.BK,-0.015426831204579968,0.03826873955684276,-17.02,0.133,-0.4031183515115675,Namwiwat Medical Corporation Public Company Limited
NAM.BK,-0.015426831204579968,0.03826873955684276,-17.02,0.133,-0.4031183515115675,Namwiwat Medical Corporation Public Company Limited
CH.BK,-0.025749370030004617,0.06378980098462635,-26.88,0.221,-0.40365967023804233,Chin Huay Public Company Limited
CH-R.BK,-0.025749370030004617,0.06378980098462635,-26.88,0.221,-0.40365967023804233,Chin Huay Public Company Limited
NC-R.BK,-0.021643199629606133,0.053216894614134425,-23.09,0.184,-0.40669790649260645,Newcity (Bangkok) Public Company Limited
DIMET-R.BK,-0.037337659529871635,0.09051106776811474,-36.66,0.314,-0.41252037403347214,Dimet (Siam) Public Company Limited
PRIME-R.BK,-0.03750417787268364,0.0900019827687075,-36.79,0.312,-0.4167039071690691,Prime Road Power Public Company Limited
MSN19.BK,-0.016908909319635783,0.04050516600507743,-18.51,0.14,-0.41745068561171206,Masan Group Corporation
UPF-R.BK,-0.016054888507718693,0.03842997955906717,-17.65,0.133,-0.4177698945439772,Union Pioneer Public Company Limited
JDHEAL19.BK,-0.047112801405461584,0.1127596278535167,-43.96,0.391,-0.4178162193534789,JD Health International Inc.
TENCENT06.BK,-0.028224708227656443,0.0666404401215494,-29.08,0.231,-0.4235372421937152,Tencent Holdings Limited
EP-R.BK,-0.012675313968664493,0.029515896574817665,-14.19,0.102,-0.42944024880066833,Eastern Power Group Public Company Limited
LDC-R.BK,-0.03601731780176925,0.08385477145100763,-35.61,0.29,-0.42952019519619655,LDC Dental Public Company Limited
CNRE80.BK,-0.04536611278757685,0.10505740065922566,-42.71,0.364,-0.4318221515372416,"China Northern Rare Earth (Group) High-Tech Co.,Ltd"
PSGC-R.BK,-9.965258259643483e-08,2.2706799310897207e-07,-0.0,0.0,-0.4388667078614229,PSG Corporation Public Company Limited
TCMC.BK,-0.033410300724186964,0.0758800493911074,-33.49,0.263,-0.44030415098942216,TCM Corporation Public Company Limited
CMC-R.BK,-0.03519646033018939,0.07981178851146427,-34.95,0.276,-0.4409932540871919,Chaoprayamahanakorn Public Company Limited
HKTECH13.BK,-0.02585381372739305,0.05839795958923703,-26.97,0.202,-0.4427177577649135,HKTECH13_DR HSTECH#KGI
CNTECH01.BK,-0.02687063215679081,0.06037152995780316,-27.88,0.209,-0.44508781168163386,ChinaAMC Global ETF Series - ChinaAMC Hang Seng Tech Index ETF
TPOLY-R.BK,-0.068037269016258,0.15192478855802194,-57.07,0.526,-0.4478352062361024,Thai Polycons Public Company Limited
WIN.BK,-0.024433175719056132,0.05444526241419088,-25.68,0.189,-0.44876587301905907,Wyncoast Industrial Park Public Company Limited
CITY-R.BK,-0.020140202982942914,0.04487677638851484,-21.66,0.155,-0.4487889862806039,City Steel Public Company Limited
NKI-R.BK,-0.035958106650726115,0.08001336585609331,-35.56,0.277,-0.44940125022859256,The Navakij Insurance Public Company Limited
OGC.BK,-0.016983079742227573,0.037303400161270976,-18.58,0.129,-0.45526894783869315,Ocean Glass Public Company Limited
PHG.BK,-0.023129818274625027,0.05049034196541788,-24.48,0.175,-0.4581038149923253,Patrangsit Healthcare Group Public Company Limited
TENCENT01.BK,-0.030034974322152096,0.06514005746767543,-30.65,0.226,-0.46108301849528466,Tencent Holdings Limited
SUN-R.BK,-0.017436593254190603,0.037500366596568004,-19.03,0.13,-0.4649712745951231,Sunsweet Public Company Limited
BSBM-R.BK,-0.021845063077436302,0.046949282386886164,-23.28,0.163,-0.46529067041795824,Bangsaphan Barmill Public Company Limited
SAMTEL.BK,-0.03167155626741618,0.06750132698129588,-32.04,0.234,-0.4691990170236526,Samart Telcoms Public Company Limited
TENCENT80.BK,-0.030860475076358505,0.06563627277717753,-31.35,0.227,-0.470174093844784,Tencent Holdings Limited
PROEN.BK,-0.032368361180586905,0.06711308422507825,-32.62,0.232,-0.4822958377539706,PROEN Corp Public Company Limited
LALIN.BK,-0.007821538729742745,0.016213280553906015,-8.99,0.056,-0.4824155545657552,Lalin Property Public Company Limited
KUAISH80.BK,-0.070246329235431,0.1452694830974665,-58.27,0.503,-0.4835587470790422,Kuaishou Technology
GAC03.BK,-0.059402196809269656,0.1225177264435151,-52.04,0.424,-0.4848457323982103,"Guangzhou Automobile Group Co., Ltd."
DTCI.BK,-0.03306371403464119,0.06817495344186858,-33.2,0.236,-0.4849833020103777,D.T.C. Industries Public Company Limited
TENCENT19.BK,-0.030289859995909427,0.062296358993313754,-30.86,0.216,-0.48622199572145824,Tencent Holdings Limited
RICHY-R.BK,-0.05416098482273211,0.1107890026586335,-48.74,0.384,-0.48886607445699826,Richy Place 2002 Public Company Limited
TNH.BK,-0.011464408504014286,0.02323799028042846,-12.92,0.08,-0.49334767618307596,Thai Nakarin Hospital Public Company Limited
KUAISH23.BK,-0.06988262682189787,0.14141159434045472,-58.08,0.49,-0.4941789048333076,Kuaishou Technology
TME23.BK,-0.06341148428679688,0.12739236766590353,-54.44,0.441,-0.49776517580000135,Tencent Music Entertainment Group
AUCT-R.BK,-0.029450346818613048,0.05890974815299375,-30.14,0.204,-0.49992314925753767,Union Auction Public Company Limited
MJD-R.BK,-0.024025970772712412,0.04781453301677557,-25.31,0.166,-0.5024825980059866,Major Development Public Company Limited
APURE-R.BK,-0.023427549945665014,0.04640348617110526,-24.76,0.161,-0.5048661615482888,Agripure Holdings Public Company Limited
DOD-R.BK,-0.012114765003493016,0.02398305514878931,-13.61,0.083,-0.505138520857072,DOD Biotech Public Company Limited
AQUA-R.BK,-0.039104244516421874,0.07673417510060025,-38.04,0.266,-0.5096066317928787,Aqua Corporation Public Company Limited
TENCENT13.BK,-0.03212716202847829,0.06285585538294738,-32.42,0.218,-0.5111244104903916,Tencent Holdings Limited
SAMTEL-R.BK,-0.03218415690825971,0.06275274177672768,-32.47,0.217,-0.5128725215349147,Samart Telcoms Public Company Limited
RML.BK,-0.042274391895184865,0.08141291612743638,-40.45,0.282,-0.5192590304591519,Raimon Land Public Company Limited
GFC.BK,-0.028682929954099334,0.05502097068027981,-29.48,0.191,-0.5213090499760966,Genesis Fertility Center Public Company Limited
GFC-R.BK,-0.028682929954099334,0.05502097068027981,-29.48,0.191,-0.5213090499760966,Genesis Fertility Center Public Company Limited
HENG-R.BK,-0.015743495374360678,0.03000765509951437,-17.34,0.104,-0.5246493043908473,Heng Leasing and Capital Public Company Limited
AQUA.BK,-0.03922705781566677,0.0741317751003657,-38.13,0.257,-0.5291530893811454,Aqua Corporation Public Company Limited
TFMAMA.BK,-0.00327204233407163,0.0061826405716158776,-3.86,0.021,-0.5292305603358822,Thai President Foods Public Company Limited
COHR23.BK,-0.13593903330685195,0.25595007660565844,-82.68,0.887,-0.5311154234045916,Coherent Corp.
BTS-R.BK,-0.03914319663581745,0.07360449578885948,-38.07,0.255,-0.5318044260245042,BTS Group Holdings Public Company Limited
TCMC-R.BK,-0.03834805553166198,0.07201917954399599,-37.45,0.249,-0.5324700416537713,TCM Corporation Public Company Limited
CEN.BK,-0.05945743425339844,0.11149173374988784,-52.08,0.386,-0.5332900678249454,Capital Engineering Network Public Company Limited
HYDRO.BK,-0.14151321833037506,0.2650020870998262,-83.97,0.918,-0.5340079388773533,Hydrotek Public Company Limited
GANFENG23.BK,-0.09590373323381482,0.17955022474548193,-70.18,0.622,-0.5341331840144525,"Ganfeng Lithium Group Co., Ltd."
CEN-R.BK,-0.06515178610138751,0.12123657703347655,-55.45,0.42,-0.5373938104784781,Capital Engineering Network Public Company Limited
SNP.BK,-0.005704091171367507,0.010613890073032914,-6.63,0.037,-0.5374175850812788,S&P Syndicate Public Company Limited
ZEN-R.BK,-0.016193831463995407,0.03009469310032488,-17.79,0.104,-0.5380959164464977,ZEN Corporation Group Public Company Limited
PROS-R.BK,-0.09869238030152769,0.18305755748299482,-71.26,0.634,-0.539133055518321,Prosper Engineering Public Company Limited
SUN.BK,-0.029791372421684847,0.05505073486486758,-30.44,0.191,-0.5411621206295137,Sunsweet Public Company Limited
CPL-R.BK,-0.03544010210274846,0.06497329079636731,-35.14,0.225,-0.5454564740120864,CPL Group Public Company Limited
AE.BK,-0.09238816409746833,0.1691123380515589,-68.75,0.586,-0.546312381236791,All Energy & Utilities Public Company Limited
TKT-R.BK,-0.04513451770375698,0.08221802629588067,-42.55,0.285,-0.5489613377646642,T.Krungthai Industries Public Company Limited
SAAM.BK,-0.01382577796620844,0.024829648963086613,-15.39,0.086,-0.5568253496762178,SAAM Development Public Company Limited
PRI.BK,-0.026922826528540625,0.04825417069005386,-27.93,0.167,-0.5579378143595358,Primo Service Solutions Public Company Limited
GREEN-R.BK,-0.013922571713637748,0.024931188155001817,-15.49,0.086,-0.5584399599039781,Green Resources Public Company Limited
ISRG01.BK,-0.034220867128402235,0.06127359184363275,-34.15,0.212,-0.5584929183804377,"Intuitive Surgical, Inc."
MONO-R.BK,-0.06544271355704713,0.11643482923922488,-55.61,0.403,-0.5620544469781437,Mono Next Public Company Limited
BEAUTY.BK,-0.03666767951164917,0.06401742505829501,-36.13,0.222,-0.57277654448393,Beauty Community Public Company Limited
PATO-R.BK,-0.01581776177681955,0.02758157265989516,-17.41,0.096,-0.573490205648037,Pato Chemical Industry Public Company Limited
BC-R.BK,-0.036145012604678194,0.06301854769760586,-35.71,0.218,-0.5735614977691937,Boutique Corporation Public Company Limited
BOEING80.BK,-0.02238182769902104,0.03885225590144114,-23.79,0.135,-0.5760753701354786,The Boeing Company
GRAMMY-R.BK,-0.028271798612290344,0.048457532272479946,-29.12,0.168,-0.5834345515845943,GMM Grammy Public Company Limited
META.BK,-0.09177489373544967,0.15669620506280502,-68.5,0.543,-0.5856867669428599,Meta Corporation Public Company Limited
ISRG06.BK,-0.03344927825205441,0.05661644762713974,-33.52,0.196,-0.5908049631149962,"Intuitive Surgical, Inc."
BEAUTY-R.BK,-0.04499591947905962,0.07524127049615217,-42.45,0.261,-0.5980217928584912,Beauty Community Public Company Limited
NIKE80.BK,-0.04353565136995555,0.07264731349673137,-41.38,0.252,-0.5992740718748581,"NIKE, Inc."
SCM-R.BK,-0.04599788259286692,0.0760395424959717,-43.17,0.263,-0.6049205595273501,Successmore Being Public Company Limited
GRAB80.BK,-0.043165416668826104,0.07101580473701484,-41.11,0.246,-0.6078283112988148,Grab Holdings Limited
PROS.BK,-0.09413205095662915,0.15396896440026672,-69.47,0.533,-0.6113702935087487,Prosper Engineering Public Company Limited
ANAN-R.BK,-0.04176720363461394,0.0679263313856654,-40.07,0.235,-0.614889731015683,Ananda Development Public Company Limited
HL-R.BK,-0.035736713326058475,0.05808949808118969,-35.38,0.201,-0.6152009314336044,Healthlead Public Company Limited
HL.BK,-0.035736713326058475,0.05808949808118969,-35.38,0.201,-0.6152009314336044,Healthlead Public Company Limited
EFORL-R.BK,-0.03519074288111295,0.056936008326209146,-34.94,0.197,-0.618075343102578,E for L Aim Public Company Limited
NBIS01.BK,-0.10415049978088652,0.16850423252317492,-73.28,0.584,-0.6180883306095137,Nebius Group N.V.
SQ-R.BK,-0.07882046033376094,0.1265330704088768,-62.66,0.438,-0.6229237943808829,Sahakol Equipment Public Company Limited
JAS.BK,-0.039263670809185,0.06265916784210418,-38.16,0.217,-0.6266229214554228,Jasmine International Public Company Limited
CHEWA-R.BK,-0.07715026245880313,0.12189571324432058,-61.84,0.422,-0.6329202266872805,Chewathai Public Company Limited
MONO.BK,-0.0660163371923077,0.10418502603929873,-55.94,0.361,-0.633645157101619,Mono Next Public Company Limited
PPPM-R.BK,-0.051994603881850086,0.08007358987055511,-47.31,0.277,-0.6493352423177631,PP Prime Public Company Limited
NBIS23.BK,-0.10267218692096423,0.15552316547657707,-72.75,0.539,-0.6601729498389577,Nebius Group N.V.
RS-R.BK,-0.06532510933085672,0.09834052975742441,-55.54,0.341,-0.6642745314876126,RS Public Company Limited
YGG.BK,-0.07681037021484903,0.11472468425187828,-61.67,0.397,-0.6695191249880602,Yggdrazil Group Public Company Limited
SST.BK,-0.03855405097091803,0.05745365334145344,-37.61,0.199,-0.6710461168028259,Sub Sri Thai Public Company Limited
LLY23.BK,-0.02622659672815987,0.03879461978169059,-27.31,0.134,-0.6760369575921893,Eli Lilly and Company
NAT.BK,-0.0605876816053833,0.0891299830692809,-52.76,0.309,-0.6797676777105229,NAT Absolute Technologies Public Company Limited
EFORL.BK,-0.04203990722734087,0.06082510364562292,-40.27,0.211,-0.6911604700630236,E for L Aim Public Company Limited
DCON.BK,-0.0455300997144196,0.06582378012928114,-42.83,0.228,-0.6916968248404489,Dcon Products Public Company Limited
ISRG19.BK,-0.03565517700423663,0.05153129361735825,-35.32,0.179,-0.6919130978739146,"Intuitive Surgical, Inc."
ASEMI23.BK,-0.07954545823995723,0.11249426586813019,-63.01,0.39,-0.7071067811865475,Mirae Asset Global Investments (HK) Ltd
BONDUS01.BK,-0.0025773294700019702,0.0036448942911806474,-3.05,0.013,-0.7071067811865475,BONDUS01_DR BONDUS#BLS
XPENG03.BK,-0.06741419798516253,0.09084644141433147,-56.72,0.315,-0.7420675695782136,XPeng Inc.
NOVA.BK,-0.04164405844246164,0.053518056842591644,-39.98,0.185,-0.7781309879195719,Nova Empire Public Company Limited
SQ.BK,-0.07777637617924706,0.09959434903363101,-62.15,0.345,-0.7809316184493915,Sahakol Equipment Public Company Limited
MNSO80.BK,-0.06887799730145522,0.08766798441478045,-57.53,0.304,-0.7856687679230216,MINISO Group Holding Limited
ANAN.BK,-0.036996686912928935,0.04591194675359589,-36.39,0.159,-0.8058183006589957,Ananda Development Public Company Limited
LRCX01.BK,-0.14178098192869049,0.1741975069661634,-84.03,0.603,-0.813909362986638,Lam Research Corporation
INSURE.BK,-0.030174162632273058,0.03683697996468364,-30.77,0.128,-0.8191269387773276,Indara Insurance Public Company Limited
NVTS23.BK,-0.18310274703818644,0.21565409237511196,-91.17,0.747,-0.8490576043402634,Navitas Semiconductor Corporation
CPANEL.BK,-0.06789487133677667,0.07725212532139888,-56.99,0.268,-0.8788738310345198,CPanel Public Company Limited
WARRIX.BK,-0.048374137511246064,0.053312097809009744,-44.84,0.185,-0.9073763648271,Warrix Sport Public Company Limited
WARRIX-R.BK,-0.048374137511246064,0.053312097809009744,-44.84,0.185,-0.9073763648271,Warrix Sport Public Company Limited
RKLB01.BK,-0.19018721228641355,0.20526193107762347,-92.05,0.711,-0.9265586233547167,Rocket Lab Corporation
KUN.BK,-0.040582293174890656,0.041951539965476306,-39.17,0.145,-0.9673612269844573,Villa Kunalai Public Company Limited
PLE.BK,-0.1022215511590757,0.10551539196148264,-72.58,0.366,-0.9687833145366193,Power Line Engineering Public Company Limited
KLAC23.BK,-0.19507894755804833,0.19802868987278016,-92.6,0.686,-0.9851044698794562,KLA Corporation
ON23.BK,-0.08836403624495036,0.08901101411126684,-67.05,0.308,-0.9927314852799257,ON Semiconductor Corporation
ASTS01.BK,-0.1787965407237181,0.18006603507386534,-90.59,0.624,-0.9929498400427016,"AST SpaceMobile, Inc."
HUAHONG23.BK,-0.2379493854320337,0.23867262245686674,-96.16,0.827,-0.9969697528883367,Hua Hong Grace Semiconductor Limited
KLAC01.BK,-0.19702876697968932,0.18522141753154736,-92.82,0.642,-1.063747214579712,KLA Corporation
RKLB23.BK,-0.20107873532997822,0.1842469063264274,-93.24,0.638,-1.0913547442350544,Rocket Lab Corporation
SFT.BK,-0.040387860393201684,0.03605603384769052,-39.03,0.125,-1.1201415153926761,Shrinkflex (Thailand) Public Company Limited
PEACE.BK,-0.024670436550930593,0.0220177402599442,-25.9,0.076,-1.1204799520599449,Peace & Living Public Company Limited
INTEL23.BK,-0.16635106711826678,0.1426219458955503,-88.73,0.494,-1.1663777693798583,Intel Corporation
PEACE-R.BK,-0.026802664871399446,0.02282604395263741,-27.82,0.079,-1.1742141970379656,Peace & Living Public Company Limited
INTEL01.BK,-0.16658159248462553,0.13895864875624803,-88.77,0.481,-1.198785350718485,Intel Corporation
SOFTBANK80.BK,-0.10509851351134708,0.08328907782650906,-73.62,0.289,-1.261852289087256,SoftBank Group Corp.
TER01.BK,-0.1215538384723462,0.09055461160596956,-78.89,0.314,-1.3423263190754287,"Teradyne, Inc."
ALAB01.BK,-0.19154196860992284,0.1276698794464836,-92.2,0.442,-1.5002909804595925,"Astera Labs, Inc."
TER23.BK,-0.11646339404033185,0.0756198000103544,-77.37,0.262,-1.5401177208136607,"Teradyne, Inc."
RKLB80.BK,-0.2237930538952183,0.141983504680831,-95.22,0.492,-1.5761905187387044,Rocket Lab Corporation
AMAT01.BK,-0.19119953936303632,0.10244106680417665,-92.16,0.355,-1.8664344810907503,"Applied Materials, Inc."
AMAT23.BK,-0.19239548711027787,0.09262989962535638,-92.3,0.321,-2.0770343904983766,"Applied Materials, Inc."
SPTX-R.BK,0.0,0.0,0.0,0.0,,SPT X Public Company Limited
SPTX.BK,0.0,0.0,0.0,0.0,,SPT X Public Company Limited
STELLA-R.BK,0.0,0.0,0.0,0.0,,Stella X Public Company Limited
STM03.BK,-0.08241760584309492,,-64.38,,,STMicroelectronics N.V.
SUPER-R.BK,0.0,0.0,0.0,0.0,,Super Energy Corporation Public Company Limited
SYM03.BK,-0.08791213253819463,,-66.85,,,Symbotic Inc.
SYM23.BK,-0.089041106627971,,-67.34,,,Symbotic Inc.
TENCENT11.BK,-0.04975124283688592,,-45.79,,,Tencent Holdings Limited
TER80.BK,-0.04878050861438621,,-45.13,,,"Teradyne, Inc."
TFI-R.BK,0.0,0.0,0.0,0.0,,Thai Future Incorporation Public Company Limited
TGPRO-R.BK,0.0,0.0,0.0,0.0,,Thai-German Products Public Company Limited
TH-R.BK,0.0,0.0,0.0,0.0,,Tong Hua Holding Public Company Limited
THE-R.BK,0.0,0.0,0.0,0.0,,The Steel Public Company Limited
TL-R.BK,0.0,0.0,0.0,0.0,,Techlead Next Public Company Limited
TM-R.BK,0.0,0.0,0.0,0.0,,Techno Medical Public Company Limited
TRITN-R.BK,0.0,0.0,0.0,0.0,,Triton Holding Public Company Limited
TSEMI03.BK,-0.04294481758089831,,-40.95,,,Tower Semiconductor Ltd.
TSEMI23.BK,-0.06666666666666667,,-56.3,,,Tower Semiconductor Ltd.
TURTLE-R.BK,0.0,0.0,0.0,0.0,,Super Turtle Public Company Limited
TVT-R.BK,0.0,0.0,0.0,0.0,,TV Thunder Public Company Limited
USAR03.BK,0.16535436322902114,,527.33,,,"USA Rare Earth, Inc."
V3011.BK,0.05389219026429912,,87.74,,,Kim Vietnam Fund Management JSC
VARO-R.BK,0.0,0.0,0.0,0.0,,Varopakorn Public Company Limited
VDIAMOND11.BK,0.09333330790201823,,191.76,,,Kim Growth Vn Diamond ETF
VGT80.BK,0.20645166212512625,,850.87,,,"Victory Giant Technology (HuiZhou) Co.,Ltd"
VIBE-R.BK,0.0,0.0,0.0,0.0,,Vibe Synergy Group Public Company Limited
VICR80.BK,-0.14084507231437082,,-83.82,,,Vicor Corporation
VRT80.BK,0.05590062847814013,,92.08,,,Vertiv Holdings Co
VST03.BK,-0.0841584082361106,,-65.18,,,Vistra Corp.
WAVE-R.BK,0.0,0.0,0.0,0.0,,Wave Exponential Public Company Limited
WDC03.BK,-0.18644063857335447,,-91.59,,,Western Digital Corporation
WIN-R.BK,0.0,0.0,0.0,0.0,,Wyncoast Industrial Park Public Company Limited
WMT80.BK,-0.07366373055492478,,-60.08,,,Walmart Inc.
XYZ-R.BK,0.0,0.0,0.0,0.0,,RSXYZ Public Company Limited
YGG-R.BK,0.0,0.0,0.0,0.0,,Yggdrazil Group Public Company Limited
ZAA-R.BK,0.0,0.0,0.0,0.0,,ZALEKTA Public Company Limited
OKLO03.BK,-0.07042247017941754,,-58.37,,,Oklo Inc.
OKLO23.BK,-0.06214690140704691,,-53.7,,,Oklo Inc.
ONDS03.BK,0.015503861641813223,,20.28,,,Ondas Inc.
ORCL80.BK,0.12272726139746447,,301.14,,,Oracle Corporation
OXY03.BK,0.06951871965703957,,124.01,,,Occidental Petroleum Corporation
PANW19.BK,0.11818181128541315,,282.08,,,"Palo Alto Networks, Inc."
PEER-R.BK,0.0,0.0,0.0,0.0,,Peer For You Public Company Limited
PLAB03.BK,-0.02586204504569775,,-26.98,,,Planet Labs PBC
PNG80.BK,-0.020491783255629073,,-22.0,,,The Procter & Gamble Company
POWER-R.BK,0.0,0.0,0.0,0.0,,Power Solution Technologies Public Company Limited
PRECHA-R.BK,0.0,0.0,0.0,0.0,,Preecha Group Public Company Limited
PRIN-R.BK,0.0,0.0,0.0,0.0,,Prinsiri Public Company Limited
PWR03.BK,-0.09821429806856471,,-71.08,,,"Quanta Services, Inc."
QBTS03.BK,-0.10191087928996824,,-72.47,,,D-Wave Quantum Inc.
RABBIT-R.BK,0.0,0.0,0.0,0.0,,Rabbit Holdings Public Company Limited
SCHDER80.BK,0.026548688997442876,,36.95,,,Schneider Electric S.E.
SCI-R.BK,0.0,0.0,0.0,0.0,,SCI Electric Public Company Limited
SHINCHEM19.BK,0.03278685320900652,,47.27,,,"Shin-Etsu Chemical Co., Ltd."
SHINCHEM80.BK,0.0162601468425821,,21.36,,,"Shin-Etsu Chemical Co., Ltd."
SLP-R.BK,0.0,0.0,0.0,0.0,,Salee Printing Public Company Limited
SMR03.BK,0.047619001279188486,,74.76,,,NuScale Power Corporation
SPACEX01.BK,0.21093748981365912,,894.17,,,Space Exploration Technologies Corp.
SPACEX03.BK,0.21093748981365912,,894.17,,,Space Exploration Technologies Corp.
SPACEX06.BK,0.20155038616418133,,805.53,,,Space Exploration Technologies Corp.
SPACEX23.BK,0.21250001769512866,,909.67,,,Space Exploration Technologies Corp.
SPACEX80.BK,0.20833332557231157,,868.82,,,Space Exploration Technologies Corp.
HYGON80.BK,-0.07299270174614986,,-59.73,,,"Hygon Information Technology Co., Ltd."
ICN-R.BK,0.0,0.0,0.0,0.0,,Information and Communication Networks Public Company Limited
IMH-R.BK,0.0,0.0,0.0,0.0,,Intermedical Care and Lab Hospital Public Company Limited
INFQ03.BK,0.27380962602270753,,1724.96,,,"Infleqtion, Inc."
INOX-R.BK,0.0,0.0,0.0,0.0,,POSCO-Thainox Public Company Limited
INSURE-R.BK,0.0,0.0,0.0,0.0,,Indara Insurance Public Company Limited
INTEL19.BK,-0.06832298964456295,,-57.23,,,Intel Corporation
IONQ23.BK,0.03968250213867144,,59.52,,,"IonQ, Inc."
ISRG80.BK,0.05084740831330804,,81.33,,,"Intuitive Surgical, Inc."
ITD-R.BK,0.0,0.0,0.0,0.0,,Italian-Thai Development Public Company Limited
J-R.BK,0.0,0.0,0.0,0.0,,JAS Asset Public Company Limited
JCI03.BK,-0.0714285646594173,,-58.91,,,Johnson Controls International plc
JCK-R.BK,0.0,0.0,0.0,0.0,,JCK International Public Company Limited
JOBY03.BK,-0.0491803775260399,,-45.4,,,"Joby Aviation, Inc."
KASET-R.BK,0.0,0.0,0.0,0.0,,Thai Ha Public Company Limited
KCM-R.BK,0.0,0.0,0.0,0.0,,K.C. Metalsheet Public Company Limited
KGEN-R.BK,0.0,0.0,0.0,0.0,,King Gen Public Company Limited
KLAC19.BK,-0.0628374639023918,,-54.1,,,KLA Corporation
KUN-R.BK,0.0,0.0,0.0,0.0,,Villa Kunalai Public Company Limited
LITE80.BK,0.2131147412836026,,915.83,,,Lumentum Holdings Inc.
LRCX19.BK,-0.019999980926513783,,-21.53,,,Lam Research Corporation
LRCX80.BK,-0.03846150319251643,,-37.54,,,Lam Research Corporation
MADAME-R.BK,0.0,0.0,0.0,0.0,,Madame Bioscience Public Company Limited
MDX-R.BK,0.0,0.0,0.0,0.0,,MDX Public Company Limited
MK-R.BK,0.0,0.0,0.0,0.0,,M.K. Real Estate Development Public Company Limited
MKSI03.BK,-0.13573239234567647,,-82.63,,,MKS Inc.
MORE-R.BK,0.0,0.0,0.0,0.0,,More Return Public Company Limited
MPWR23.BK,-0.11297079811463784,,-76.27,,,"Monolithic Power Systems, Inc."
MRAM03.BK,0.12000000476837158,,289.6,,,"Everspin Technologies, Inc."
NBIS80.BK,0.0,,0.0,,,Nebius Group N.V.
NEP-R.BK,0.0,0.0,0.0,0.0,,NEP Realty and Industry Public Company Limited
NEX-R.BK,0.0,0.0,0.0,0.0,,Nex Point Public Company Limited
NRF-R.BK,0.0,0.0,0.0,0.0,,NR Instant Produce Public Company Limited
BKSY03.BK,0.031250064028428434,,44.67,,,BlackSky Technology Inc.
BTC-R.BK,0.0,0.0,0.0,0.0,,The Brooker Group Public Company Limited
BYD-R.BK,0.0,0.0,0.0,0.0,,BYDH SECURITIES Public Company Limited
CAT19.BK,-0.03636360168457031,,-35.89,,,Caterpillar Inc.
CBRS03.BK,-0.1502890101715153,,-85.83,,,Cerebras Systems Inc.
CDNS23.BK,0.008849506735177053,,11.15,,,"Cadence Design Systems, Inc."
CFRESH-R.BK,0.0,0.0,0.0,0.0,,Seafresh Industry Public Company Limited
CIEN03.BK,-0.023255792462719665,,-24.6,,,Ciena Corporation
COHR80.BK,0.04494388644374404,,69.48,,,Coherent Corp.
COSTCO80.BK,-0.012499987892806711,,-14.01,,,Costco Wholesale Corporation
CRD-R.BK,0.0,0.0,0.0,0.0,,Chiangmai Rimdoi Public Company Limited
CRDO23.BK,0.07638891740345737,,141.9,,,Credo Technology Group Holding Ltd
CRWD06.BK,0.15,,435.03,,,"CrowdStrike Holdings, Inc."
CRWD80.BK,0.15461849158441734,,461.39,,,"CrowdStrike Holdings, Inc."
DBO80.BK,0.04285717010498047,,65.46,,,Krung Thai Bank Public Company Limited
DEAM19.BK,0.019417457749564656,,25.96,,,DEAM19_DR DEAM#YUANTA
DISCO80.BK,-0.03225803474481737,,-32.53,,,Disco Corporation
DOLLARG80.BK,-0.08144799260190398,,-63.92,,,Dollar General Corporation
ETN03.BK,0.0201880203354796,,27.1,,,Eaton Corporation plc
ETN23.BK,0.025012778467960937,,34.51,,,Eaton Corporation plc
FABRINET03.BK,-0.08609271261766391,,-66.05,,,Fabrinet
FABRINET23.BK,-0.07936506735104153,,-62.93,,,Fabrinet
FN-R.BK,0.0,0.0,0.0,0.0,,FN Factory Outlet Public Company Limited
FSLR03.BK,-0.05524856784194285,,-49.44,,,"First Solar, Inc."
FTNT03.BK,0.05343515687761191,,86.76,,,"Fortinet, Inc."
GANFENG80.BK,0.08805030362005616,,175.29,,,"Ganfeng Lithium Group Co., Ltd."
GFS03.BK,-0.13793106283217257,,-83.15,,,GLOBALFOUNDRIES Inc.
GGC-R.BK,0.0,0.0,0.0,0.0,,Global Green Chemicals Public Company Limited
GIGA80.BK,0.05670105170615741,,93.83,,,GigaDevice Semiconductor Inc.
GLW80.BK,0.04411485178610338,,67.87,,,Corning Incorporated
GOOG06.BK,-0.015706811840860754,,-17.3,,,Alphabet Inc.
GOOGL19.BK,-0.008695688971136536,,-9.95,,,Alphabet Inc.
GTV-R.BK,0.0,0.0,0.0,0.0,,Green Tech Ventures Public Company Limited
AAOI03.BK,0.08256872606723206,,159.1,,,"Applied Optoelectronics, Inc."
AAV-R.BK,0.0,0.0,0.0,0.0,,Asia Aviation Public Company Limited
ADVANT80.BK,0.04411760374749117,,67.88,,,Advantest Corporation
AIRA-R.BK,0.0,0.0,0.0,0.0,,AIRA Capital Public Company Limited
ALPHAX-R.BK,0.0,0.0,0.0,0.0,,Alpha Divisions Public Company Limited
AMARIN-R.BK,0.0,0.0,0.0,0.0,,Amarin Corporations Public Company Limited
AMAT19.BK,-0.13561642008041225,,-82.6,,,"Applied Materials, Inc."
AMC-R.BK,0.0,0.0,0.0,0.0,,Asia Metal Public Company Limited
AMKR03.BK,-0.05294121364694495,,-47.94,,,"Amkor Technology, Inc."
AMPX03.BK,0.006097555213709185,,7.57,,,"Amprius Technologies, Inc."
AMZN19.BK,-0.026785688626827134,,-27.81,,,"Amazon.com, Inc."
BABA19.BK,-0.030150784774517617,,-30.75,,,Alibaba Group Holding Limited
BE03.BK,-0.06711410953141468,,-56.55,,,Bloom Energy Corporation
