Date,BCV261.SW,BDC25.SW,BE-USD.SW,BEAN.SW,BEC25.SW,BEC26.SW,BION.SW,BIOV.SW,BJB26.SW,BJB261.SW,BKW.SW,BKW26.SW,BMW.SW,BNP.SW,BOM25.SW,BOSN.SW,BPC26.SW,BRK.SW,BRKN.SW,BS261.SW,BS262.SW,BSK251.SW,BSKP.SW,BSLN.SW,BUCN.SW,BYS.SW,C.SW,CAL255.SW,CAL263.SW,CALN.SW,CCAP.SW,CCJ-USD.SW,CFR.SW,CFS25.SW,CFT.SW,CFTE.SW,CHAM.SW,CHU26.SW,CIB25.SW,CICN.SW,CLN.SW,CMB25.SW,CMB263.SW,CMBN.SW,CMUS.SW,COIN.SW,COR261.SW,COT26.SW,COTN.SW,CPEN.SW,CPHN.SW,CSP25.SW,CSP261.SW,CURN.SW,DAE.SW,DAT25.SW,DBK.SW,DESN.SW,DHL.SW,DHS251.SW,DHS252.SW,DHS254.SW,DKSH.SW,DOCM.SW,DOKA.SW,DOR25.SW,DSFIR.SW,DTE26.SW,E319.SW,EFG261.SW,EFGN.SW,EGI251.SW,ELMN.SW,EMMN.SW,EMSN.SW,ENR.SW,EON26.SW,EON261.SW,EPIC.SW,ESUN.SW,FHZN.SW,FI261.SW,FORN.SW,FREN.SW,FTON.SW,GALD.SW,GALE.SW,GAM.SW,GAV.SW,GEB25.SW,GEB26.SW,GEBN.SW,GEBNE.SW,GF.SW,GFI251.SW,GFI252.SW,GIV26.SW,GIV261.SW,GIVN.SW,GKB261.SW,GLW-USD.SW,GMI.SW,GOOG.SW,GRE251.SW,GURN.SW,HBAN.SW,HBMN.SW,HBMNE.SW,HIAG.SW,HIL251.SW,HOLN.SW,HOOD-USD.SW,HOOD.SW,IBR26.SW,IBR261.SW,IFC.SW,IFX.SW,IMP26.SW,IMPN.SW,INFRAC.SW,INGA.SW,INRN.SW,INTC.SW,IREN.SW,ISH26.SW,ISN.SW,JFN.SW,KAL25.SW,KARN.SW,KLIN.SW,KLL25.SW,KNI251.SW,KNI26.SW,KNI261.SW,KNIN.SW,KOMN.SW,KSA25.SW,KUD.SW,KURN.SW,LAH26.SW,LAH261.SW,LAH262.SW,LAND.SW,LBK26.SW,LEHN.SW,LIN25.SW,LIN251.SW,LISN.SW,LISP.SW,LISPE.SW,LLB251.SW,LLB26.SW,LLY.SW,LMN.SW,LOGN.SW,LOGNE.SW,LUG251.SW,LUK25.SW,LUKN.SW,MA-USD.SW,MDT-USD.SW,MED.SW,META-USD.SW,METN.SW,MFSP.SW,MOB25.SW,MOB26.SW,MOBN.SW,MOVE.SW,MPL26.SW,MRNA-USD.SW,MRVL-USD.SW,MRVL.SW,MTG.SW,MU.SW,NBEN.SW,NDA261.SW,NDD26.SW,NDX1.SW,NEAG.SW,NEM.SW,NESN.SW,NFLX.SW,NGR261.SW,NIBEB.SW,NKE.SW,NLW252.SW,NOVN.SW,NOVNEE.SW,NOW-USD.SW,NREN.SW,NVDA-USD.SW,NVDA.SW,NYG26.SW,OBE26.SW,OCO26.SW,OFN.SW,ORCL.SW,ORON.SW,OTP26.SW,PAAS-USD.SW,PB524.SW,PB559.SW,PB599.SW,PB604.SW,PB605.SW,PB608.SW,PB610.SW,PB612.SW,PB623.SW,PB627.SW,PB631.SW,PB639.SW,PB641.SW,PB644.SW,PB645.SW,PB647.SW,PB651.SW,PB653.SW,PB660.SW,PB661.SW,PB662.SW,PB663.SW,PB667.SW,PB671.SW,PB672.SW,PB675.SW,PB676.SW,PB678.SW,PB683.SW,PB684.SW,PB685.SW,PB686.SW,PB687.SW,PB688.SW,PB690.SW,PB692.SW,PB694.SW,PB695.SW,PB701.SW,PB704.SW,PB705.SW,PB708.SW,PB710.SW,PB712.SW,PB717.SW,PB720.SW,PB725.SW,PB726.SW,PB728.SW,PB736.SW,PB740.SW,PB744.SW,PB745.SW,PB746.SW,PB751.SW,PB7512.SW,PB753.SW,PB755.SW,PB7581.SW,PB765.SW,PB768.SW,PB770.SW,PB771.SW,PB772.SW,PB777.SW,PB781.SW,PB782.SW,PB786.SW,PB788.SW,PB791.SW,PB793.SW,PBC261.SW,PBC262.SW,PEHN.SW,PFE-USD.SW,PGHN.SW,PLA26.SW,PLAN.SW,PLTR-USD.SW,POM26.SW,PSP25.SW,PSPN.SW,PZ422.SW,PZ429.SW,PZ474.SW,PZ475.SW,PZ476.SW,PZ478.SW,PZ483.SW,PZ489.SW,PZ493.SW,PZ494.SW,PZ497.SW,PZ498.SW,PZ499.SW,PZ509.SW,PZ514.SW,PZ517.SW,PZ528.SW,PZ529.SW,PZ531.SW,PZ532.SW,PZ534.SW,PZ536.SW,PZ539.SW,PZ544.SW,PZ553.SW,PZ559.SW,PZ565.SW,PZ566.SW,PZ575.SW,PZ576.SW,PZ583.SW,PZ588.SW,PZ596.SW,PZ600.SW,PZ605.SW,PZ606.SW,PZ608.SW,PZ609.SW,PZ613.SW,PZ615.SW,PZ616.SW,PZ619.SW,PZ620.SW,PZ621.SW,PZ630.SW,PZ631.SW,REHN.SW,RHM.SW,RIEN.SW,RKLB.SW,RLB26.SW,RO.SW,ROA251.SW,ROLL.SW,ROP.SW,RSGN.SW,SANN.SW,SCHN.SW,SCHNE.SW,SCHP.SW,SCHPE.SW,SCM25.SW,SCM251.SW,SCM26.SW,SCO26.SW,SDZ.SW,SENS.SW,SFPN.SW,SFSN.SW,SFZ25.SW,SFZ26.SW,SFZN.SW,SGK253.SW,SGK263.SW,SGK264.SW,SGKN.SW,SGSN.SW,SIGN.SW,SIKA.SW,SKAN.SW,SLDCS.SW,SLH26.SW,SLH261.SW,SLHN.SW,SMG.SW,SMHN.SW,SNOW.SW,SON25.SW,SOON.SW,SPCX-USD.SW,SPCX.SW,SPSN.SW,SQL.SW,SQN.SW,SRA26.SW,SRA261.SW,SRAIL.SW,SREN.SW,SRENE.SW,SRG25.SW,STGN.SW,STM25.SW,STMN.SW,STRN.SW,SUNN.SW,SVK262.SW,SVT25.SW,SWON.SW,SWTQ.SW,T.SW,TEC25.SW,TECN.SW,TEMN.SW,TG25.SW,TI256.SW,TIBN.SW,TKBP.SW,TMF26.SW,TMF261.SW,TQF25.SW,TSLA.SW,TXGN.SW,TXGNE.SW,UBER.SW,UBG462.SW,UBG463.SW,UBS256.SW,UBS262.SW,UBSGE.SW,UHR.SW,UHRN.SW,V-USD.SW,VAHN.SW,VALL.SW,VALLD.SW,VARN.SW,VATN.SW,VATNE.SW,VETN.SW,VLH25.SW,VLRT.SW,VNA.SW,VNA26.SW,VOW3.SW,VZN.SW,VZUG.SW,WARN.SW,WDAY-USD.SW,WKB29.SW,WMT.SW,XLS.SW,YPSN.SW,ZAL.SW,ZBH250.SW,ZBH251.SW,ZEH25.SW,ZEHN.SW,ZM-USD.SW,ZUBN.SW,ZUGN.SW,ZURN.SW,^SSMI,AAPL.SW,ABB25.SW,ABB251.SW,ABC26.SW,ABC261.SW,ABC262.SW,ABC263.SW,ABC264.SW,ACLN.SW,ACLNE.SW,AD.SW,ADBE-USD.SW,ADEN.SW,ADVN.SW,AEM.SW,AERO.SW,AFC26.SW,AG.SW,AI1.SW,AKE251.SW,ALC.SW,ALF26.SW,ALF261.SW,ALL26.SW,ALLN.SW,ALPN.SW,AMG251.SW,AMG252.SW,AMG253.SW,AMG262.SW,AMG263.SW,AMRZE.SW,AMS.SW,AMZN.SW,APLD-USD.SW,ARBN.SW,ARO261.SW,ASCN.SW,ASML.SW,ASWN.SW,ATH251.SW,AUTN.SW,AVGO-USD.SW,AVGO.SW,AVOL.SW,AXP-USD.SW,AXP25.SW,AXP26.SW,BAA26.SW,BAC26.SW,BAC261.SW,BANB.SW,BAS.SW,BAY025.SW,BAY251.SW,BBN.SW,BCHN.SW,BCM25.SW
2023-09-29,,,,413.9253234863281,,,35.6769905090332,,,,150.29185485839844,,,,,187.8309631347656,,,78.24175262451172,,,,56.83949279785156,41.0,316.96173095703125,532.742919921875,,,,28.27644920349121,0.8500000238418579,,104.50846862792967,,105.8846664428711,117.0,16.425945281982422,,,45.0,12.744494438171388,,,53.32819747924805,,,,,201.8567047119141,2.005563735961914,76.52699279785156,,,7.167998790740967,164.55795288085938,,,215.0,,,,,55.47694778442383,50.79999923706055,42.9949836730957,,,,,,9.164878845214844,,1004.6268310546876,812.75244140625,579.2647094726562,,,,56.14225387573242,112.55349731445312,159.5850830078125,,1020.8898315429688,15.091836929321287,20.700334548950195,,62.04466247558594,0.4524999856948852,327.7962341308594,,,426.5333251953125,,47.9241943359375,,,,,2813.98486328125,,,251.69407653808597,,,92.34983825683594,113.41100311279295,155.57615661621094,203.0,71.53829193115234,,53.6821517944336,,,,,,,,28.261415481567383,,12.15926742553711,2386.59521484375,,87.10794830322266,,107.46466827392578,142.8226776123047,,186.49493408203125,16.826629638671875,,,,,231.2203369140625,207.0634307861328,,1.600000023841858,2.109999895095825,,,,61.27349472045898,,1972.482177734375,,,96131.9609375,9754.890625,10310.0,,,479.8507690429688,21.600446701049805,60.38463973999024,63.900001525878906,,,67.56693267822266,,,84.0999984741211,,1381.7213134765625,,,,225.72381591796875,113.804443359375,,,,,35.10065078735352,,6.847437858581543,,,24.15999984741211,39.24176406860352,38.95469665527344,93.18424987792967,,,4.296543598175049,193.9335021972656,,80.3401870727539,,,32.66556930541992,,,,,,63.46534729003906,,70.04541778564453,,,,,,,,,,,,,,,,,,,,,,,,,,,,,,,,,,,,,,,,,,,,,,,,,,,,,,,,,,,,,,,,,,,,,,,,,,,,66.07971954345703,,915.8627319335938,,277.76177978515625,,,,99.21493530273438,,,,,,,,,,,,,,,,,,,,,,,,,,,,,,,,,,,,,,,,,,,,,,,51.28292846679688,267.9621276855469,84.68152618408203,,,243.44174194335935,,,225.86253356933597,9.510045051574709,8.34000015258789,164.65936279296875,,170.8500518798828,,,,,,,73.4000015258789,79.4620361328125,93.79859161376952,,,77.4002456665039,,,,446.8468933105469,66.02738952636719,21.35767936706543,220.2864227294922,76.65520477294922,,,,498.7156372070313,,10.062973976135254,,,205.71339416503903,,,76.08485412597656,,15.953526496887209,,,33.5924072265625,78.74063110351562,,,46.83370590209961,,114.0584487915039,20.16469955444336,,,,16.68320083618164,513.7352905273438,,,293.58966064453125,60.44970703125,,,43.311790466308594,114.47216033935548,,,,2000.0,83.71186828613281,,49.630001068115234,,,,,,215.7134704589844,41.09558868408203,,389.7091064453125,,,30.824323654174805,82.77103424072266,,36.84520721435547,,12.386956214904783,56.12290954589844,,,90.06673431396484,60.89826583862305,1764.747314453125,,,34.99188232421875,40.400001525878906,263.49786376953125,99.44000244140624,,,,50.401161193847656,,24.547531127929688,1491.364501953125,357.1053161621094,10963.5,,,,,,,,,22.28678131103516,,,,31.73126602172852,110.0,,11.260000228881836,,,,,70.12303924560547,,,,130.02340698242188,7.129896640777588,,,,,,,23.18733787536621,,,4.173302173614502,,9.332447052001951,,1.5399999618530271,,111.26203155517578,,,32.67698669433594,,,,,,,65.36322784423828,52.56856155395508,,,18.20375633239746,455.3724365234375,
2023-10-31,,,,361.8759765625,,,31.362964630126957,,,,142.009521484375,,,,,174.93508911132812,,,75.65451049804688,,,,55.79656600952149,35.29999923706055,292.3714294433594,406.3452453613281,,,,23.883081436157227,0.449999988079071,,99.74960327148438,,105.43022918701172,116.5,17.102306365966797,,,43.70000076293945,11.311838150024414,,,53.45659637451172,,,,,175.8839569091797,2.005563735961914,72.74565887451172,,,2.68799901008606,149.75148010253906,,,200.0,,,,,49.79961013793945,37.560001373291016,40.343711853027344,,,,,,9.587873458862305,,1014.5736694335938,807.1083374023438,576.4752807617188,,,,56.85291290283203,105.67250061035156,154.47251892089844,,913.139404296875,15.31776237487793,19.601547241210938,,62.77729797363281,0.4275000095367431,301.611328125,,,391.9646301269531,,43.53539657592773,,,,,2838.421630859375,,,228.9716796875,,,70.57952880859375,107.58147430419922,140.17784118652344,158.1999969482422,70.63273620605469,,51.21631622314453,,,,,,,,26.615577697753903,,12.15926742553711,2267.74072265625,,88.41925811767578,,106.9326629638672,138.86036682128906,,163.14816284179688,15.055405616760254,,,,,216.6029510498047,176.44552612304688,,1.3300000429153442,2.700000047683716,,,,62.105255126953125,,1774.751708984375,,,94791.484375,9620.8681640625,10100.0,,,526.6654663085938,21.185937881469727,67.90409088134766,68.4800033569336,,,64.66861724853516,,,71.9000015258789,,1260.94140625,,,,230.78076171875,102.40433502197266,,,,,27.252058029174805,,6.629365921020508,,,24.15999984741211,37.11809539794922,38.95469665527344,88.08218383789062,,,3.674675226211548,193.9335021972656,,76.34056091308594,,,32.934051513671875,,,,,,61.5315055847168,,71.29450225830078,,,,,,,,,,,,,,,,,,,,,,,,,,,,,,,,,,,,,,,,,,,,,,,,,,,,,,,,,,,,,,,,,,,,,,,,,,,,63.781288146972656,,847.073486328125,,280.5486755371094,,,,102.42428588867188,,,,,,,,,,,,,,,,,,,,,,,,,,,,,,,,,,,,,,,,,,,,,,,51.8323860168457,267.9621276855469,76.53142547607422,,,223.3808441162109,,,210.8922119140625,9.462016105651855,11.359999656677246,164.3799591064453,,171.03677368164062,,,,,,22.608905792236328,68.0,77.67637634277344,84.62467956542969,,,70.98722076416016,,,,441.4793701171875,63.42127227783203,18.85777473449707,204.9769287109375,67.09793090820312,,,,507.6150512695313,,10.062973976135254,,,202.6895904541016,,,76.49269104003906,,16.553213119506836,,,28.857908248901367,82.74778747558594,,,45.93305969238281,,104.0832061767578,19.79806900024414,,,,16.379871368408203,446.1154479980469,,,247.2533416748047,61.125335693359375,,,41.08819580078125,114.47216033935548,,,,2000.0,76.471923828125,,49.630001068115234,,,,,,212.78109741210935,40.2251205444336,,373.8026123046875,,,33.05557632446289,86.3470230102539,,32.47296905517578,,12.386956214904783,56.12290954589844,,,84.12515258789062,56.36943435668945,1783.034912109375,,,34.99188232421875,38.0,244.43215942382807,99.44000244140624,,,,44.030757904052734,,24.178396224975582,1407.2122802734375,366.0308227539063,10391.16015625,,,,,,,,,20.90204620361328,,,,28.773271560668945,111.0,,10.920000076293944,,,,,64.07351684570312,,,,129.8452911376953,6.848453998565674,,,,,,,17.347524642944336,,,3.849982738494873,,8.444070816040039,,1.5800000429153442,,96.14085388183594,,,29.68167304992676,,,,,,,63.05628204345703,52.56856155395508,,,17.41228675842285,419.3619689941406,
2023-11-30,,,,404.99713134765625,,,32.87287521362305,,,,143.68460083007812,,,,,186.522705078125,,,80.65056610107422,,,,56.14420700073242,34.70000076293945,311.8990478515625,471.8847961425781,,,,26.6406192779541,0.75,,101.89575958251952,,105.8846664428711,116.0,17.102306365966797,,,46.29999923706055,11.48762321472168,,,56.195762634277344,,,,,237.2112579345703,2.178771495819092,71.84534454345703,,,2.68799901008606,185.9242401123047,,,222.5,,,,,51.632450103759766,62.34999847412109,46.04445266723633,,,,,,9.305877685546877,,1014.5736694335938,862.6088256835938,576.9401245117188,,,,57.741241455078125,101.2490005493164,169.171142578125,,906.7474365234376,15.31776237487793,19.56230735778809,,66.53202056884766,0.421999990940094,294.8226318359375,,,454.7830200195313,,53.1666259765625,,,,,3075.27001953125,,,237.7110595703125,,,73.16413116455078,105.72661590576172,154.86819458007812,175.0,71.90050506591797,,58.72341537475586,,,,,,,,26.850696563720703,,12.15926742553711,2386.59521484375,,88.04459381103516,,108.52867126464844,143.36297607421875,,194.86627197265625,15.66135025024414,,,,,224.310302734375,189.59552001953125,,1.25,3.920000076293945,,,,67.835205078125,,1811.4041748046875,,,102451.3984375,10357.9892578125,10830.0,,,522.893310546875,22.01495361328125,72.75165557861328,76.0999984741211,,,64.57805633544922,,,71.5,,1352.734130859375,,,,238.1363220214844,115.7699737548828,,,,,31.568782806396484,,6.672980785369873,,,24.15999984741211,36.47175598144531,39.2995719909668,89.24093627929688,,,3.769369125366211,193.9335021972656,,76.86431121826172,,,32.934051513671875,,,,,,65.0475845336914,,69.75715637207031,,,,,,,,,,,,,,,,,,,,,,,,,,,,,,,,,,,,,,,,,,,,,,,,,,,,,,,,,,,,,,,,,,,,,,,,,,,,65.88818359375,,1020.3305053710938,,276.832763671875,,,,106.00041961669922,,,,,,,,,,,,,,,,,,,,,,,,,,,,,,,,,,,,,,,,,,,,,,,50.18400573730469,267.9621276855469,90.24745178222656,,,225.73031616210935,,,212.876220703125,9.89428997039795,8.899999618530273,174.53146362304688,,182.7535400390625,,,,,,23.90903854370117,80.0,78.12278747558594,92.39442443847656,,,77.79489135742188,,,,432.0862121582031,63.69560241699219,19.282289505004883,224.1610412597656,78.5272445678711,,,,489.1182556152344,,10.062973976135254,,,238.4083251953125,,,79.75541687011719,,18.961469650268555,,,30.45486068725586,86.19561004638672,,,46.38338470458984,,117.02668762207033,21.081275939941406,,,,16.361486434936523,443.48089599609375,,,302.8948669433594,69.45804595947266,,,39.83138275146485,114.47216033935548,,,,2000.0,92.3093032836914,,49.630001068115234,,,,,,210.3069000244141,40.2251205444336,,385.2906494140625,,,33.55140686035156,82.16049194335938,,32.70069122314453,,13.008696556091309,56.12290954589844,,,89.21794128417969,59.54925155639648,1709.884765625,,,34.99188232421875,39.09999847412109,297.7183532714844,99.44000244140624,,,,45.48283386230469,,24.178396224975582,1477.3392333984375,372.2361755371094,10854.3203125,,,,,,,,,23.521818161010746,,,,35.3531379699707,113.0,,15.65999984741211,,,,,65.16084289550781,,,,127.88604736328124,6.754639148712158,,,,,,,17.100000381469727,,,4.232991695404053,,9.35039520263672,,1.75,,110.51530456542967,,,28.5771541595459,,,,,,,62.47955703735352,52.56856155395508,,,18.90728187561035,446.711669921875,
2023-12-29,,,,440.5198974609375,,,36.88491821289063,,,,139.12466430664062,,,,,206.52061462402344,,,82.70250701904297,,,,54.92745971679688,35.29999923706055,319.3122863769531,446.1370849609375,,,,27.481903076171875,0.7300000190734863,,108.00763702392578,,107.24799346923828,119.0,16.860750198364258,,,49.79999923706055,10.916319847106934,,,56.15296173095703,,,,,261.90020751953125,2.005563735961914,76.52699279785156,,,1.7919989824295044,182.9254608154297,,,229.0,,,,,52.213600158691406,73.75,44.24165725708008,,,,,,9.517374992370604,,994.6800537109376,856.9646606445312,633.1929931640625,,,,58.27423858642578,108.12999725341795,160.31546020507812,,962.448974609375,15.182205200195312,17.79640007019043,,66.62360382080078,0.3914999961853027,310.3396301269531,,,500.8746643066406,,56.692508697509766,,,,,3274.5234375,,,244.7025604248047,,,81.11675262451172,102.3702163696289,161.59390258789062,181.8000030517578,72.26272583007812,,60.29423904418945,,,,,,,,28.68463516235352,,12.15926742553711,2538.728759765625,,91.41651153564452,,109.06067657470705,144.08338928222656,,202.7725372314453,15.288460731506348,,,,,256.7342834472656,196.7593231201172,,1.2100000381469729,3.490000009536743,,,,70.23809051513672,,2001.41845703125,,,97663.953125,9659.16015625,10160.0,,,493.5722351074219,21.462276458740234,76.11060333251953,79.81999969482422,,,65.2120590209961,,,84.0,,1473.513916015625,,,,239.9752197265625,123.43555450439452,,,,,32.222835540771484,,6.54213809967041,,,24.15999984741211,35.82542419433594,39.2995719909668,87.5881576538086,,,4.220223426818848,194.2468719482422,,76.63855743408203,,,32.57607650756836,,,,,,66.10240936279297,,69.27674102783203,,,,,,,,,,,,,,,,,,,,,,,,,,,,,,,,,,,,,,,,,,,,,,,,,,,,,,,,,,,,,,,,,,,,,,,,,,,,70.48503112792969,,1073.8922119140625,,278.69073486328125,,,,107.83434295654295,,,,,,,,,,,,,,,,,,,,,,,,,,,,,,,,,,,,,,,,,,,,,,,50.36716079711914,267.9621276855469,89.55170440673828,,,236.2125701904297,,,220.4966583251953,10.18247413635254,9.8100004196167,185.8005828857422,,196.3375244140625,,,,,,25.86879539489746,83.4000015258789,83.03337097167969,97.54304504394533,,,84.79988861083984,,,,439.6902160644531,62.186790466308594,18.254026412963867,258.6546325683594,79.6110610961914,,,,509.5345458984375,,10.062973976135254,,,259.2914733886719,,,81.43209838867188,,19.47548484802246,,,28.444580078125,78.94098663330078,,,44.67214584350586,,131.96524047851562,23.647689819335938,,,,15.074627876281738,455.7754211425781,,,326.06298828125,73.3991928100586,,,40.21809005737305,111.66876220703124,,,,2000.0,109.32318115234376,,49.630001068115234,,,,,,209.482177734375,40.36255645751953,,388.825439453125,,,34.365325927734375,83.2071304321289,,35.61551284790039,,12.147826194763184,56.12290954589844,,,92.61312103271484,62.43999481201172,1691.5970458984375,,,35.484588623046875,49.900001525878906,296.25177001953125,99.44000244140624,,,,50.1201171875,,23.99382781982422,1500.71484375,373.6812744140625,11137.7900390625,,,,,,,,,24.56972885131836,,,,34.68086242675781,112.0,,17.65999984741211,,,,,64.88407135009766,,,,133.94190979003906,7.364432811737059,,,,,,,21.13999938964844,,,4.79009485244751,,7.376223564147949,,1.649999976158142,,127.3166275024414,,,30.96404457092285,,,,,,,62.47955703735352,52.56856155395508,,,21.54550552368164,462.2098693847656,
2024-01-31,,,,384.2913818359375,,,38.52425003051758,,,,127.95746612548828,,,,,193.43785095214844,,,78.59861755371094,,,,57.013309478759766,33.900001525878906,331.607421875,405.8770751953125,,,,25.70586395263672,0.699999988079071,,120.37136840820312,,108.61131286621094,122.5,16.619190216064453,,,49.5,9.76491928100586,,,57.137351989746094,,,,,283.2314147949219,1.8597043752670288,80.66845703125,,,17.023998260498047,164.74537658691406,,,228.0,,,,,54.13584518432617,81.19999694824219,42.341407775878906,,,,,,9.816996574401855,,994.6800537109376,853.201904296875,609.4830932617188,,,,60.40622329711914,107.1469955444336,163.14561462402344,,931.4021606445312,15.408130645751951,17.364736557006836,,69.82886505126953,0.3700000047683716,302.5811462402344,,,464.8191223144531,,53.90892028808594,,,,,3392.0078125,,,230.7195587158203,,,75.15228271484375,110.4962387084961,161.23992919921875,183.3999938964844,68.64053344726562,,60.42210388183594,,,,,,,,28.872730255126957,,12.15926742553711,2410.365966796875,,92.54048919677734,,109.94734954833984,152.90850830078125,,205.097900390625,15.568130493164062,,,,,260.27789306640625,163.49179077148438,,1.25,5.300000190734863,,,,65.66337585449219,,1902.0709228515625,,,104749.3828125,10530.3037109375,11060.0,,,537.553955078125,22.15312385559082,69.14461517333984,72.36000061035156,,,65.1214828491211,,,75.5999984741211,,1391.3836669921875,,,,234.91827392578125,127.56317138671876,,,,,32.44084930419922,,6.585752487182617,,,24.15999984741211,37.0257568359375,39.2995719909668,88.53131866455078,,,3.604008436203003,194.2468719482422,,80.72920227050781,,,31.323150634765625,,,,,,64.87178802490234,,64.08818817138672,,,,,,,,,,,,,,,,,,,,,,,,,,,,,,,,,,,,,,,,,,,,,,,,,,,,,,,,,,,,,,,,,,,,,,,,,,,,67.03739929199219,,1038.4794921875,,286.1224670410156,,,,105.72533416748048,,,,,,,,,,,,,,,,,,,,,,,,,,,,,,,,,,,,,,,,,,,,,,,50.36716079711914,267.9621276855469,90.7444076538086,,,236.5740203857422,,,222.84141540527344,10.470656394958496,9.4399995803833,192.22677612304688,,201.6591033935547,,,,,,28.488176345825195,72.0,83.47978210449219,97.54304504394533,,,85.14520263671875,,,,447.294189453125,68.61636352539062,17.131427764892578,226.90164184570312,75.0787353515625,,,,542.1657104492188,,10.062973976135254,,,262.4097900390625,,,79.4835205078125,,20.71293067932129,,,25.964603424072266,82.73108673095703,,,41.42981719970703,,128.8509979248047,23.097745895385746,,,,14.94594383239746,417.135498046875,,,315.8082275390625,82.93302154541016,,,41.86161804199219,111.20152282714844,,,,2000.0,117.64910888671876,,49.630001068115234,,,,,,186.66455078125,36.19343948364258,,387.9417114257813,,,34.094024658203125,90.1846694946289,,34.24918746948242,,11.47826099395752,56.12290954589844,,,96.00831604003906,58.29660034179688,1677.8814697265625,,,35.484588623046875,48.79999923706055,298.6960754394531,99.44000244140624,,,,48.52751159667969,,23.624691009521484,1552.14111328125,373.2562255859375,11333.3798828125,,,,,,,,,25.97317695617676,,,,31.5463924407959,104.0,,16.8799991607666,,,,,64.6863784790039,,,,137.14796447753906,7.129896640777588,,,,,,,20.5,,,4.994034767150879,,6.613474845886231,,1.559999942779541,,120.03605651855467,,,31.08572578430176,,,,,,,55.94322967529297,52.56856155395508,,,20.79800796508789,442.15338134765625,
2024-02-29,,,,398.5384826660156,,,39.51647186279297,,,,115.39437103271484,,,,,187.3637237548828,,,81.89957427978516,,,,58.75152206420898,35.150001525878906,338.2974548339844,405.8770751953125,,,,26.50040626525879,0.5,,131.19546508789062,,107.70243072509766,120.0,16.909061431884766,,,51.400001525878906,9.615501403808594,,,64.32767486572266,,,,,309.1054077148437,1.9964475631713867,76.52699279785156,,,21.50399780273437,170.3680877685547,,,238.5,,,,,58.06974029541016,82.75,44.72889709472656,,,,,,11.15647792816162,,994.6800537109376,846.6171264648438,573.2210083007812,,,,61.47220993041992,99.77449798583984,170.26669311523438,,927.7496337890624,15.227392196655272,18.640111923217773,,69.55413055419922,0.3499999940395355,304.520751953125,,,476.8995971679688,,60.77511596679688,,,,,3484.11572265625,,,237.7110595703125,,,64.31683349609375,110.31958770751952,159.29299926757812,182.0,64.29390716552734,,65.84693908691406,,,,,,,,29.10784912109375,,12.15926742553711,2643.3203125,,88.04459381103516,,109.06067657470705,151.28756713867188,,218.58506774902344,15.288460731506348,,,,,263.64434814453125,161.33282470703125,,1.4550000429153442,5.300000190734863,,,,63.72258377075195,,1630.0709228515625,,,101685.40625,10357.9892578125,10930.0,,,646.3187866210938,19.527908325195312,74.41204071044922,78.4000015258789,,,64.12519836425781,,,72.5999984741211,,1376.89013671875,,,,238.1363220214844,124.41831970214844,,,,,29.737445831298828,,6.411295413970947,,,24.15999984741211,36.47175598144531,39.2995719909668,82.42323303222656,,,3.47539496421814,194.2468719482422,,80.81047058105469,,,31.323150634765625,,,,,,65.22339630126953,,62.16650390625,,,,,,,,,,,,,,,,,,,,,,,,,,,,,,,,,,,,,,,,,,,,,,,,,,,,,,,,,,,,,,,,,,,,,,,,,,,,65.12203979492188,,1123.47021484375,,281.4776306152344,,,,103.15785217285156,,,,,,,,,,,,,,,,,,,,,,,,,,,,,,,,,,,,,,,,,,,,,,,48.35247421264648,339.0939025878906,93.2292022705078,,,221.7542724609375,,,209.17872619628903,10.18247413635254,10.399999618530272,209.3632659912109,,217.4370574951172,,,,,,26.25118637084961,66.80000305175781,82.14054107666016,103.34696197509766,,,87.41442108154297,,,,446.8468933105469,72.69699096679688,16.508808135986328,241.455078125,80.10369873046875,,,,559.7899780273438,,10.062973976135254,,,257.3070983886719,,,76.58332061767578,,22.36920547485352,,,26.133691787719727,88.99227142333984,,,41.42981719970703,,135.8580322265625,21.631223678588867,,,,15.166547775268556,387.27734375,,,327.3923034667969,62.213844299316406,,,40.50812530517578,114.0049285888672,,,,2000.0,120.54508972167967,,49.630001068115234,,,,,,191.1547698974609,37.06391906738281,,397.6623840332031,,,33.357276916503906,89.48690795898438,,32.609596252441406,,11.47826099395752,56.12290954589844,,,104.68489837646484,58.00752639770508,1705.3128662109375,,,106.45376586914062,41.09999847412109,356.382080078125,99.44000244140624,,,,50.58852767944336,,23.99382781982422,1687.7197265625,399.522705078125,11438.8603515625,,,,,,,,,27.88187026977539,,,,29.77327537536621,100.0,,15.539999961853027,,,,,74.314208984375,,,,135.3668212890625,7.129896640777588,,,,,,,13.470000267028809,,,6.0485520362854,,6.622448444366455,,1.559999942779541,,120.40941619873048,,,32.37745666503906,,,,,,,67.28567504882812,52.56856155395508,,,19.34698486328125,479.5312805175781,
2024-03-28,,,,428.0538024902344,,,41.043601989746094,,,,128.7949981689453,,,,,204.6516571044922,,,87.16326904296875,,,,58.09304428100586,37.650001525878906,358.72906494140625,446.605224609375,,,,27.29495048522949,0.4300000071525574,,128.3028106689453,,124.9711685180664,138.0,16.425945281982422,,,51.400001525878906,10.714165687561035,,,64.62726593017578,,,,,310.2904968261719,2.005563735961914,82.76778411865234,,,20.60799789428711,177.33206176757812,,,238.0,,,,,56.85133743286133,90.5500030517578,46.23935317993164,,,,,,10.393625259399414,,994.6800537109376,841.9136352539062,643.4207153320312,,,,63.604190826416016,100.26599884033205,186.79124450683597,,1051.9365234375,14.188133239746094,18.6204891204834,63.10667037963867,68.8672866821289,0.2615000009536743,315.1886901855469,,,495.2990417480469,,62.07412338256836,,,,,3838.11572265625,,,239.4589385986328,,,66.00677490234375,109.78962707519533,171.32847595214844,194.3999938964844,71.71939086914062,,74.57782745361328,,,,,,,,31.322324752807617,,12.15926742553711,2852.504150390625,,91.04186248779295,,114.91272735595705,162.63414001464844,,235.3277587890625,15.521517753601074,,,,,222.361328125,171.53880310058594,,1.5800000429153442,6.059999942779541,,,,63.99983596801758,,1645.5035400390625,,,104174.8828125,10329.2705078125,11020.0,,,675.6968994140625,19.75819206237793,77.06484985351562,81.0199966430664,,,64.03460693359375,,,89.4000015258789,,1275.43505859375,,,,247.34857177734372,120.29070281982422,,,,,29.345016479492188,,6.411295413970947,,,24.15999984741211,36.47175598144531,39.5181884765625,86.00724792480469,,,3.250674247741699,194.56468200683597,,81.86278533935547,,,30.33870887756348,,,,,,67.68465423583984,,63.89602279663086,,,,,,,,,,,,,,,,,,,,,,,,,,,,,,,,,,,,,,,,,,,,,,,,,,,,,,,,,,,,,,,,,,,,,,,,,,,,67.03739929199219,,1140.291259765625,,286.1224670410156,,,,108.38451385498048,,,,,,,,,,,,,,,,,,,,,,,,,,,,,,,,,,,,,,,,,,,,,,,49.26824188232422,339.0939025878906,129.60646057128906,,,228.189697265625,,,215.7435607910156,10.374595642089844,9.770000457763672,209.4663848876953,,216.6212921142578,,,,,,26.012191772460938,66.69999694824219,83.03337097167969,111.02308654785156,,,90.86759185791016,,,,434.7699890136719,75.01164245605469,18.867210388183597,257.0103454589844,83.84778594970703,,,,551.5885620117188,,10.062973976135254,,,246.7238006591797,,,80.15243530273438,,24.10162734985352,,,26.979137420654297,96.7978744506836,,,46.83370590209961,,140.14007568359375,22.181167602539062,,,,15.276850700378418,446.1154479980469,,,354.9281921386719,60.50601196289063,,,40.41144561767578,117.74279022216795,,,,2000.0,134.84397888183594,,,,,,,,191.88784790039065,37.47624969482422,,396.7786865234375,,,33.81547927856445,92.2779312133789,,29.649229049682617,,10.952174186706545,56.12290954589844,,,103.74179077148438,57.52573394775391,1677.8814697265625,,,106.63411712646484,45.0,352.4711303710937,99.44000244140624,,,,56.02210998535156,,23.80925750732422,1701.7451171875,413.3785095214844,11730.4296875,,,,,,,,,31.605688095092773,,,,29.966550827026367,99.0,,16.899999618530273,,,,,73.8792724609375,,,,137.8604278564453,7.223711013793945,,,,,,,10.475000381469728,,,5.998810768127441,,7.385195732116699,,1.5499999523162842,,150.8384552001953,,,35.129398345947266,,,,,,,83.04974365234375,52.56856155395508,,,19.523265838623047,515.0859375,
2024-04-30,,,,412.9528503417969,,,37.25911712646485,,,,130.02346801757812,,,,,200.06109619140625,,,89.92894744873047,,,,60.833282470703125,39.5,332.8753662109375,394.7107543945313,,,,27.63703346252441,0.5,,119.3449478149414,,131.78778076171875,146.5,17.87529182434082,,,50.20000076293945,12.111664772033691,,,63.707706451416016,,,,,290.39141845703125,2.3246304988861084,81.07095336914062,,,16.25,182.0990447998047,,,240.0,,,,,55.50766754150391,82.05000305175781,47.798526763916016,,,,,,9.858251571655272,,996.63427734375,857.5513305664062,685.2616577148438,,,,65.55852508544922,100.0,172.9077606201172,,994.00830078125,15.523275375366213,17.75,68.23689270019531,66.34172058105469,0.2849999964237213,294.8226318359375,,,470.662353515625,,61.08711242675781,,,,,3771.216552734375,,,230.7195587158203,,,59.0,106.25657653808594,164.9567413330078,186.3999938964844,69.9652099609375,,70.48635864257812,,,,,,,,32.328086853027344,,12.84708309173584,2823.979248046875,,94.72605895996094,,114.26454162597656,183.70632934570312,,231.7648162841797,16.50035285949707,,,,,215.8942413330078,158.8000030517578,,1.4299999475479126,6.480000019073486,,,,63.02943801879883,,1510.468017578125,,,103264.34375,10295.28125,11020.0,,,675.6968994140625,19.48185157775879,68.76290893554688,71.69999694824219,,,63.76290130615234,,,80.19999694824219,,1246.3720703125,,,,245.4385528564453,109.48026275634766,,,,,27.911359786987305,,6.411295413970947,,,24.15999984741211,36.51956558227539,39.5181884765625,85.51203918457031,,,3.010406970977783,194.56468200683597,,83.4368896484375,,,31.57904052734375,,,,,,70.32171630859375,,63.12734603881836,,,,,,,,,,,,,,,,,,,,,,,,,,,,,,,,,,,,,,,,,,,,,,,,,,,,,,,,,,,,,,,,,,,,,,,,,,,,66.84585571289062,,1053.0872802734375,,287.05145263671875,,,,107.94879913330078,,,,,,,,,,,,,,,,,,,,,,,,,,,,,,,,,,,,,,,,,,,,,,,53.11445999145508,339.0939025878906,128.56568908691406,,,226.123779296875,,,207.1964874267578,10.134443283081056,9.260000228881836,213.75091552734372,,219.38748168945312,,,,,,29.778751373291016,60.70000076293945,87.81060791015625,104.77053833007812,,,87.019775390625,,,,423.5875854492188,75.24158477783203,17.809173583984375,251.9390106201172,80.59634399414062,,,,541.8167114257812,,10.062973976135254,,,241.33763122558597,,,80.19954681396484,,23.797027587890625,,,25.64521026611328,88.96495056152344,,,48.162818908691406,,120.43287658691406,23.647689819335938,,,,14.715497970581056,374.3253784179688,,,313.3118896484375,53.956199645996094,,,40.41144561767578,118.67726135253906,,,,2000.0,134.92478942871094,,,,,,,,177.45504760742188,35.00226593017578,,395.0112915039063,,,32.44086456298828,93.6734390258789,,29.24970245361328,,11.382608413696287,56.12290954589844,,,102.27532196044922,55.11678314208984,1645.8782958984375,,,106.63411712646484,32.0,321.6726989746094,99.44000244140624,,,,51.57748794555664,,23.99382781982422,1723.935791015625,399.74261474609375,11260.91015625,,,,,,,,,33.55180740356445,,,,29.22250747680664,100.0,,17.760000228881836,,,,,70.28118896484375,,,,138.49827575683594,7.317525863647461,,,,,,,11.164999961853027,,,6.038603782653809,,6.901144027709961,,1.5099999904632568,,139.7324981689453,,,32.74251174926758,,,,,,,77.82128143310547,55.75740051269531,,,16.8862361907959,534.230712890625,
2024-05-31,,,,405.983154296875,,,35.99762725830078,,,,135.4609832763672,,,,,209.11148071289065,,,86.39988708496094,,,,58.82377624511719,43.70000076293945,348.8158569335937,426.5189514160156,,,,29.97591781616211,0.7300000190734863,,134.41470336914062,,136.25747680664062,146.0,17.97191619873047,,,50.59999847412109,13.028854370117188,,,66.15103912353516,,,,,330.53082275390625,2.351759433746338,85.03022003173828,,,6.900000095367432,177.14138793945312,,,262.0,,,,,56.71233749389648,67.25,47.360008239746094,,,,,,11.205915451049805,,996.63427734375,862.3421630859375,691.770263671875,,,,66.77193450927734,88.5,180.13571166992188,,1027.64013671875,15.523275375366213,18.5,72.98857116699219,70.54414367675781,0.277999997138977,308.3999938964844,,,524.8228759765625,,61.75007247924805,,,,,4049.32666015625,,,228.1363525390625,,,59.70000076293945,112.45518493652344,184.07192993164065,209.0,69.39945983886719,,74.50411224365234,,,,,,,,33.04648971557617,,12.84708309173584,2662.89501953125,,92.9967803955078,,111.11624145507812,181.50650024414065,,236.51409912109372,15.381684303283691,,,,,235.75942993164065,163.0,,1.440000057220459,9.239999771118164,,,,70.79259490966797,,1468.0283203125,,,104040.7578125,10198.2470703125,11020.0,,,711.3414306640625,18.837064743041992,85.30952453613281,88.80000305175781,,,64.32634735107422,,,76.5,,1319.976806640625,,,,245.4385528564453,121.2587432861328,,,,,29.950340270996094,,6.603969573974609,,,24.15999984741211,36.51956558227539,39.5181884765625,88.62831115722656,,,3.7452526092529297,194.56468200683597,,87.29718017578125,,,31.114643096923828,,,,,,71.32000732421875,,61.59999847412109,,,,,,,,,,,,,,,,,,,,,,,,,,,,,,,,,,,,,,,,,,,,,,,,,,,,,,,,,,,,,,,,,,,,,,,,,,,,72.40038299560547,,1101.8262939453125,,284.1904602050781,,,,107.38014221191406,,,,,,,,,,,,,,,,,,,,,,,,,,,,,,,,,,,,,,,,,,,,,,,53.55646514892578,344.6283874511719,130.9575958251953,,,237.3924102783203,,,216.96456909179688,11.527328491210938,9.869999885559082,217.0833282470703,,222.8213806152344,,,,,,31.100147247314453,75.30000305175781,86.325439453125,116.83734130859376,,,89.0593032836914,,,,404.5536193847656,77.9705581665039,18.12857818603516,261.1247863769531,79.6579818725586,,,,576.45947265625,,10.062973976135254,,,269.11883544921875,,,78.50320434570312,,26.645212173461918,,,26.72244644165039,102.226806640625,,,48.162818908691406,,114.55810546875,26.66666603088379,,,,16.162616729736328,405.5946960449219,,,306.030029296875,55.66349792480469,,,40.31476974487305,119.61173248291016,,,,2000.0,149.6438446044922,,,,,,,,183.06797790527344,35.62649154663086,,404.07427978515625,,,32.52861404418945,94.54595184326172,,29.62590217590332,,11.199999809265137,56.95259475708008,,,107.8609848022461,50.29888153076172,1644.8072509765625,,,106.82107543945312,33.0,373.4922790527344,99.44000244140624,,,,58.28831481933594,,23.80925750732422,1699.9923095703125,426.2901306152344,12000.8603515625,,,,,,,,,34.8469123840332,,,,30.94467544555664,97.0,,19.600000381469727,,,,,79.6719970703125,,,,142.5991668701172,7.505154609680176,,,,,,,14.395000457763672,,,6.317155361175537,,7.56328010559082,,1.5700000524520874,,138.97412109375,,,34.86748123168945,,,,,,,78.50094604492188,55.75740051269531,,,16.83997344970703,549.7288818359375,
2024-06-28,,,,436.1850891113281,,,36.13278198242188,,,,136.7011260986328,,,,,201.49009704589844,,,86.02626037597656,,,,59.73719024658203,39.04999923706055,339.4390869140625,364.830322265625,,,,28.925804138183597,0.9049999713897704,,130.86888122558594,,133.89190673828125,144.0,17.778669357299805,,,52.59999847412109,12.793612480163574,,,69.40882110595703,,,,,358.777099609375,2.3850393295288086,64.668212890625,,,6.5,160.93362426757812,,,253.0,,,,,56.24900436401367,53.5,44.92379379272461,,,,,,12.202817916870115,,1026.5333251953125,850.8442993164062,684.7967529296875,,,,66.77193450927734,83.0,186.51885986328125,,977.1923217773438,14.915435791015623,18.399999618530277,73.67591857910156,69.4581298828125,0.2000000029802322,267.6679382324219,,,506.1336364746094,,57.06199264526367,,,,,4071.30810546875,,,215.3607177734375,,,52.70000076293945,112.82662963867188,181.41702270507807,209.0,69.21087646484375,,75.29852294921875,,,,,,,,30.79549789428711,,12.84708309173584,2547.534912109375,,97.0317611694336,,109.44950103759766,180.38954162597656,,216.56712341308597,16.54696273803711,,,,,238.43536376953125,130.39999389648438,,1.399999976158142,11.84000015258789,,,,69.2176513671875,,1379.290771484375,,,100740.9609375,10178.83984375,,,,804.5515747070312,18.942964553833008,82.94300079345703,87.55999755859375,,,62.072566986083984,,,68.5999984741211,,1212.0233154296875,,,,243.05101013183597,120.66626739501952,,,,,28.00198173522949,,6.512880802154541,,,24.15999984741211,36.14112854003906,39.74069595336914,85.06685638427734,,,3.11884880065918,194.8904571533203,,90.10808563232422,,,31.300405502319336,,,,,,70.2114028930664,,55.70000076293945,,,,,,,,,,,,,,,,,,,,,,,,,,,,,,,,,,,,,,,,,,,,,,,,,,,,,,,,,,,,,,,,,,,,,,,,,,,,74.50479125976562,,1054.3179931640625,,288.005126953125,,,,109.27564239501952,,,,,,,,,,,,,,,,,,,,,,,,,,,,,,,,,,,,,,,,,,,,,,,52.992713928222656,344.6283874511719,114.61282348632812,,,257.11248779296875,,,234.34051513671875,12.632030487060549,8.3100004196167,213.2748565673828,,215.38128662109372,,,,,,31.56577491760254,78.0999984741211,83.91204071044922,114.34737396240234,,,92.4275131225586,,,,403.1553955078125,74.2576675415039,15.92179012298584,246.1022186279297,78.9653091430664,,,,606.5771484375,,10.25571632385254,,,266.3251037597656,,,80.29378509521484,,27.438570022583008,,,24.78252220153809,99.3748016357422,,,48.162818908691406,,108.97706604003906,24.190475463867188,,,,15.880708694458008,361.1831970214844,,,288.2085876464844,59.50235748291016,,,39.34798812866211,116.54230499267578,,,,2000.0,153.41796875,,,,,,,,174.44297790527344,34.77373504638672,,423.581298828125,,,31.599225997924805,93.4444580078125,,30.47235870361328,,11.0,56.95259475708008,,,110.9427261352539,48.37172317504883,1570.2550048828125,,,106.82107543945312,29.600000381469727,395.00238037109375,99.44000244140624,,,,50.618797302246094,,24.916667938232425,1652.105224609375,431.149658203125,11993.830078125,,,,,,,,,33.698116302490234,,,,27.02900505065918,100.0,,18.71999931335449,,,,,79.5530014038086,,,,143.34478759765625,7.270618438720703,,,,,,,12.44499969482422,,,6.347000598907471,,7.13429069519043,,1.4700000286102295,,123.23760986328124,,,33.284332275390625,,,,,,,80.05445098876953,55.75740051269531,,,16.19228172302246,537.8773193359375,
2024-07-31,,,,515.4650268554688,,,37.70965194702149,,,,151.4873504638672,,,,,212.9221649169922,,,82.757080078125,,,,60.28524017333984,39.75,333.81304931640625,304.5875549316406,,,,27.92342567443848,0.800000011920929,,125.03692626953124,,135.78436279296875,145.5,16.329320907592773,,,52.79999923706055,11.825494766235352,,,69.45407104492188,,,,,349.3616638183594,2.3850393295288086,63.5369987487793,,,6.039999961853027,174.09051513671875,,,252.0,,,,,63.75505065917969,44.540000915527344,51.84264373779297,,,,,,11.630521774291992,,1026.5333251953125,884.3797607421875,682.0073852539062,,,,65.84454345703125,78.5,190.9307098388672,,882.8363037109375,15.102462768554688,18.0,68.82462310791016,72.19678497314453,0.2364999949932098,257.0,,,534.358154296875,,61.27652740478516,,,,,4116.2265625,,,215.3607177734375,,,43.84999847412109,121.8341827392578,174.33734130859375,198.6000061035156,70.3423843383789,,77.77632141113281,,,,,,,,30.556028366088867,,12.84708309173584,2730.188232421875,,104.71745300292967,,108.52352905273438,187.09132385253903,,254.08642578125,15.80118465423584,,,,,251.44598388671875,133.8000030517578,,1.6299999952316284,13.260000228881836,,,,75.79618835449219,,1284.0,,,105399.5,10683.416015625,,,,760.3994140625,16.101520538330078,75.55714416503906,79.36000061035156,,,62.729923248291016,,,75.0,,1251.279052734375,,,,251.1686248779297,124.4185791015625,,,,,25.50989532470703,,6.33070182800293,,,24.15999984741211,35.951904296875,39.74069595336914,82.67400360107422,,,3.202808141708374,194.8904571533203,,92.36618041992188,,,30.650245666503903,,,,,,71.50477600097656,58.170372009277344,55.59999847412109,,,,,,,,,,,,,,,,,,,,,,,,,,,,,,,,,,,,,,,,,,,,,,,,,,,,,,,,,,,,,,,,,,,,,,,,,,,,71.7884750366211,,1082.183349609375,,297.5417175292969,,,,111.26592254638672,,,,,,,,,,,,,,,,,,,,,,,,,,,,,,,,,,,,,,,,,,,,,,,49.98603439331055,344.6283874511719,103.6498565673828,,,290.9183959960937,,,268.4349670410156,13.640671730041504,9.289999961853027,219.4636383056641,,224.1567840576172,,,,,,37.02721405029297,82.4000015258789,84.46897888183594,122.77497863769533,,,101.44241333007812,,,,404.5536193847656,89.20203399658203,17.857568740844727,255.28797912597656,78.47053527832031,,,,618.6976928710938,,10.25571632385254,,,258.3621826171875,,,82.97967529296875,,27.148317337036133,,,26.140470504760746,96.6564712524414,,,46.46295547485352,,111.08219146728516,23.04762077331543,,,,16.444520950317383,373.4190368652344,,,313.5035400390625,58.44667434692383,,,39.34798812866211,118.460693359375,,,,2000.0,152.4744415283203,,,,,,,,171.41001892089844,33.73146438598633,,418.00787353515625,,,29.833385467529297,91.51680755615234,,31.365835189819336,,10.5,56.95259475708008,,,114.21707916259766,54.73134994506836,1546.95751953125,,,106.82107543945312,36.79999923706055,396.4762573242188,99.44000244140624,,,,52.919654846191406,,24.341665267944336,1628.16162109375,434.8393249511719,12317.4404296875,,,,,,,,,41.64397430419922,,,,27.155900955200195,95.0,,18.700000762939453,,,,,82.68671417236328,,,,145.95445251464844,7.317525863647461,,,,,,,11.795000076293944,,,6.317155361175537,,5.912601947784424,,1.4199999570846558,,130.82147216796875,,,31.66303062438965,,,,,,,76.75324249267578,55.75740051269531,,,16.60865592956543,573.5145263671875,
2024-08-30,,,,551.765380859375,,,35.096561431884766,,,,152.25051879882812,,,,,207.2061462402344,,,84.4383773803711,,,,59.73719024658203,46.0,334.2818603515625,296.39453125,,,,26.73011589050293,0.6549999713897705,,124.89695739746094,,140.9886474609375,150.0,17.778669357299805,,,51.20000076293945,12.06978702545166,,,70.94721984863281,,,,,343.4150695800781,2.373945951461792,62.21723937988281,,,5.900000095367432,173.70913696289062,,,258.5,,,,,63.01371383666992,38.70000076293945,51.74519729614258,,,,,,11.132071495056152,,1016.5669555664062,846.053466796875,676.85888671875,,,,67.32836151123047,67.5,186.3311004638672,,822.1121215820312,15.102462768554688,15.899999618530272,81.98388671875,69.55256652832031,0.1850000023841858,244.0,,,515.859619140625,531.0,63.59689712524414,,,,,4163.05615234375,,,217.18582153320312,,,33.849998474121094,124.712890625,166.5850830078125,182.6000061035156,74.30268859863281,,77.2845458984375,,,,,,,,30.07709312438965,,,2422.561279296875,,105.67816162109376,,113.7089614868164,187.55670166015625,,261.2103576660156,15.769229888916016,,,,,242.77224731445312,132.1999969482422,,1.409999966621399,15.460000038146973,,,,72.84061431884766,,1250.0,,,107728.7734375,10887.1865234375,11210.0,,,786.3004150390625,18.7535343170166,73.30512237548828,76.9000015258789,,,61.69693756103516,,,63.5,,1197.3023681640625,,,,257.376220703125,128.36837768554688,,,,,23.7880916595459,,6.285157680511475,,,24.15999984741211,36.51956558227539,,84.4176254272461,,,3.535353660583496,,,95.68304443359376,,,30.37160873413086,,,,,,72.05907440185547,58.170372009277344,53.09999847412109,,,,,,,,,,,,,,,,,,,,,,,,,,,,,,,,,,,,,,,,,,,,,,,,,,,,,,,,,,,,,,,,,,,,,,,,,,,,71.7884750366211,,1115.5306396484375,,300.4027099609375,,,,116.76287078857422,,,,,,,,,,,,,,,,,,,,,,,,,,,,,,,,,,,,,,,,,,,,,,,49.2343635559082,344.6283874511719,101.05860900878906,,,289.60369873046875,,,269.7499084472656,16.138259887695312,9.0,218.5115203857422,,224.9198760986328,,,,,,36.18326187133789,67.0,86.1397933959961,123.54113006591795,,,110.7545166015625,,,,389.6392211914063,87.8468246459961,17.36394500732422,260.2636108398437,80.15274810791016,,,,629.8999633789062,,,,,283.785888671875,,,90.09491729736328,,29.35424041748047,,,27.110431671142575,103.1180648803711,,,44.00759506225586,,122.8317413330078,20.571428298950195,,,,14.771879196166992,371.1531372070313,,,273.07000732421875,56.71918487548828,,,39.25130844116211,117.50150299072266,,,,2000.0,138.13278198242188,,,,,,,,168.5192108154297,33.541969299316406,,429.1547546386719,,,31.146076202392575,90.59889221191406,,30.002105712890625,,10.600000381469728,56.95259475708008,,,122.69187927246094,51.84061050415039,1593.5526123046875,,,,25.5,407.7760620117188,99.44000244140624,,,,51.86509704589844,,25.108333587646484,1752.6680908203125,442.2186279296875,12436.58984375,,,,,,,,,42.467281341552734,,,,26.14072799682617,85.0,,19.299999237060547,,,,,81.6156997680664,,,,150.0553436279297,7.270618438720703,,,,,,,10.4399995803833,,,6.496224403381348,,5.222487449645996,,1.4199999570846558,,117.1705322265625,,,31.3959903717041,,,,,,,78.79222869873047,,,,15.220746040344238,564.15869140625,
2024-09-30,,,,584.1937255859375,,,32.7988395690918,,,,146.3360137939453,,,,,226.73590087890625,,,83.3175048828125,,,,60.10255813598633,46.34999847412109,359.5991516113281,334.46795654296875,,,,27.49383544921875,0.800000011920929,,127.82937622070312,,150.4509735107422,160.5,19.32464027404785,,,52.59999847412109,11.581205368041992,,,71.44493103027344,,,,,330.53082275390625,2.251920700073242,63.5369987487793,,,8.760000228881836,164.55653381347656,,,259.0,,,,,62.27237319946289,37.29999923706055,61.0028076171875,,,,,,10.48593044281006,,1036.4996337890625,828.806640625,675.431884765625,,,,67.14289093017578,51.0,190.9307098388672,,823.0463256835938,14.868678092956545,17.5,78.29810333251953,70.30805206298828,0.1943999975919723,230.0,,,525.7763671875,553.5999755859375,60.47150421142578,,,,,4434.4765625,,,206.2352752685547,,,26.5,135.5776824951172,174.31610107421875,189.1999969482422,78.26297760009766,,78.07894897460938,,,,,,,,30.31656265258789,,,2465.8212890625,,105.1977996826172,,110.56066131591795,163.82125854492188,,263.1100769042969,15.0,,,,,212.9678192138672,120.0,,1.340000033378601,18.31999969482422,,,,74.9381103515625,,1374.0,,,104623.078125,10586.3818359375,10990.0,,,737.1566772460938,17.048667907714844,73.26056671142578,75.66000366210938,,,59.443172454833984,,,57.900001525878906,,1207.1163330078125,,,,260.2412414550781,123.4311294555664,,,,,23.87871360778809,,5.875255584716797,,,,35.47885513305664,,78.79721069335938,,,3.926341772079468,,,91.0263214111328,,,31.300405502319336,,,,,,70.58094787597656,58.170372009277344,51.09999847412109,,,,,,,,,,,,,,,,,,,,,,,,,,,,,,,,,,,,,,,,,,,,,,,,,,,,,,,,,,,,,,,,,,,,,,,,,,,,64.99766540527344,,1160.2979736328125,,305.17095947265625,,,,117.42630004882812,,,,,,,,,,,,,,,,,,,,,,,,,,,,,,,,,,,,,,,,,,,,,,,46.03976821899414,,97.96904754638672,,,271.76171875,,,254.1584930419922,18.53978729248047,8.850000381469727,228.98483276367188,,236.55694580078125,,,,,,34.21403884887695,73.0,87.62496948242188,126.4141845703125,,,112.73580932617188,,,,386.3766784667969,87.56835174560547,18.254404067993164,268.0140991210937,78.86634826660156,,,,648.264404296875,,,,,291.4609375,,,89.38809967041016,,29.450990676879883,,,25.70398712158203,104.00931549072266,,,42.3077278137207,,135.36459350585938,22.66666603088379,,,,14.038923263549805,386.5611877441406,,,266.74627685546875,56.81515502929688,,,38.76791763305664,119.89948272705078,,,,2000.0,133.60385131835938,,,,,,,,171.7891387939453,34.34735107421875,,431.94146728515625,,,31.146076202392575,91.24143981933594,,29.908052444458008,,11.0,,,,130.39620971679688,51.84061050415039,1621.509765625,,,,30.799999237060547,404.8282775878906,99.44000244140624,,,,53.11139678955078,,26.06666755676269,1771.822998046875,458.7770690917969,12168.8701171875,,,,,,,,,41.9694709777832,,,,26.086345672607425,91.5,,20.25,,,,,83.61890411376953,,,,148.00489807128906,7.129896640777588,,,,,,,11.8100004196167,,,6.436534404754639,,5.157206535339356,,1.399999976158142,,113.56820678710938,,,34.14266586303711,,,,,,,69.13131713867188,,,,14.943161964416504,566.9653930664062,
2024-10-31,,,,553.701416015625,,,32.888946533203125,,,,144.61891174316406,,,,,197.67941284179688,,,82.85047912597656,,,,59.91986846923828,42.79999923706055,315.5283203125,318.0819396972656,,,,24.820823669433597,0.7799999713897705,,119.75643920898438,,143.35423278808594,154.5,19.179706573486328,,,52.400001525878906,10.848331451416016,,,70.3590087890625,,,,,283.9492492675781,2.041149854660034,65.61090850830078,,,10.0,138.6240997314453,,,237.5,,,,,57.17567443847656,34.0,64.92772674560547,,,,,,10.89207649230957,,1036.4996337890625,787.6058349609375,632.147216796875,,,,70.48148345947266,42.20000076293945,190.9307098388672,,793.1513671875,14.868678092956545,16.299999237060547,80.4996109008789,71.0163345336914,0.1288000047206878,207.0,,,515.6689453125,540.0,59.38235855102539,,,,,3915.528076171875,,,204.41017150878903,,,19.0,135.76339721679688,172.6594696044922,188.0,77.50862884521484,,80.46217346191406,,,,,,,,29.21501350402832,,,2187.03466796875,,105.67816162109376,,112.41260528564452,153.21011352539062,,249.81207275390625,14.038461685180664,,,,,198.9422149658203,109.5999984741211,,1.4049999713897705,24.950000762939453,,,,66.26207733154297,,1152.0,,,97441.15625,9868.3330078125,10160.0,,,737.1566772460938,15.154372215270996,68.60664367675781,70.76000213623047,,,59.9127082824707,,,55.0,,1182.5814208984375,,,,255.4661865234375,113.35914611816406,,,,,25.917694091796875,,5.920800685882568,,,,34.15431213378906,,75.66239166259766,,,3.5575783252716064,,,87.88748168945312,,,31.671920776367188,,,,,,71.13524627685547,58.170372009277344,42.95000076293945,,,,,,,,,,,,,,,,,,,,,,,,,,,,,,,,,,,,,,,,,,,,,,,,,,,,,,,,,,,,,,,,,,,,,,,,,,,,67.90801239013672,,1089.94921875,,311.8466186523437,,,,116.19422149658205,,,,,,,,,,,,,,,,,,,,,,,,,,,,,,,,,,,,,,,,,,,,,,,43.50288009643555,,91.09227752685548,,,275.33013916015625,,,251.6225433349609,20.07676315307617,8.65999984741211,234.22149658203125,,239.8000640869141,,,,,,38.1718864440918,63.0,84.46897888183594,118.36963653564452,,,111.94329071044922,,,,392.4356689453125,84.93221282958984,17.993074417114258,230.12278747558597,76.39250183105469,,,,646.7952880859375,,,,,302.39794921875,,,88.2572021484375,,28.464130401611328,,,23.95805549621582,98.61724090576172,,,37.77475738525391,,111.62071228027344,21.904762268066406,,,,7.329558372497559,358.464111328125,,,208.8746032714844,57.34299850463867,,,38.96127700805664,119.89948272705078,,,,,139.8311309814453,,,,,,,,167.33447265625,33.11558532714844,,427.29693603515625,,,30.391019821166992,92.34294128417967,,26.898439407348636,,12.0,,,,134.24839782714844,52.22604370117188,1616.8502197265625,,,,24.899999618530277,376.8243713378906,99.44000244140624,,,,46.208831787109375,,28.36666679382324,1814.92138671875,459.677001953125,11792.919921875,,,,,,,,,44.30535888671875,,,,24.527326583862305,79.0,,15.239999771118164,,,,,78.91831970214844,,,,143.15838623046875,7.129896640777588,,,,,,,8.350000381469727,,,6.058500289916992,,4.490406513214111,,1.399999976158142,,109.58668518066406,,,32.57858657836914,,,,,,,66.36412048339844,,,,13.555253028869627,594.097412109375,
2024-11-29,,,,570.6416015625,,,33.65485000610352,,,,144.4281005859375,,,,,189.9627685546875,,,85.55923461914062,,,,61.92938232421875,41.70000076293945,319.279052734375,322.9013671875,,,,23.48431968688965,0.8399999737739563,,117.22469329833984,,152.81654357910156,161.5,21.257102966308597,,,59.0,9.599732398986816,,,73.39054870605469,,,,,277.0115966796875,2.207547903060913,64.29114532470703,,,13.5,131.18759155273438,,,233.0,,,,,60.69702911376953,30.0,65.91446685791016,,,,,,11.076687812805176,,1046.466064453125,738.7398071289062,595.997314453125,,,,71.03791046142578,40.59999847412109,196.5628967285156,,728.6902465820312,14.915435791015623,15.75,89.90335083007812,72.38566589355469,0.1099999994039535,198.0,,,505.7522583007813,528.0,64.68605041503906,,,,,3709.095458984375,,,219.01089477539065,,,11.359999656677246,143.37802124023438,167.68951416015625,183.0,77.88580322265625,,84.86924743652344,,,,,,,,27.96978187561035,,,2090.9013671875,,105.1977996826172,,114.079345703125,156.7471466064453,,259.7855529785156,13.076923370361328,,,,,194.3285217285156,114.0,,1.2599999904632568,22.200000762939453,,,,61.018314361572266,,783.0,,,97052.953125,9878.03515625,10140.0,,,649.94970703125,15.722661972045898,69.32412719726562,71.19999694824219,,,59.81880187988281,,,56.0,,1099.162841796875,,,,273.6114501953125,109.01437377929688,,,,,24.33181953430176,,5.920800685882568,,,,32.64054870605469,,70.93232727050781,,,3.1534204483032227,,,87.39087677001953,,,32.13631820678711,,,,,,70.95048522949219,58.170372009277344,41.150001525878906,,,,,,,,,,,,,,,,,,,,,,,,,,,,,,,,,,,,,,,,,,,,,,,,,,,,,,,,,,,,,,,,,,,,,,,,,,,,67.51996612548828,,1169.4342041015625,,313.75390625,,,,121.69116973876952,,,,,,,,,,,,,,,,,,,,,,,,,,,,,,,,,,,,,,,,,,,,,,,40.40224456787109,,86.00945281982422,,,254.2953338623047,,,239.97596740722656,19.40433692932129,8.199999809265137,237.5539093017578,,242.66163635253903,,,,,,38.938236236572266,56.400001525878906,86.1397933959961,122.20037078857422,,,110.3582534790039,,,,397.0964050292969,81.20076751708984,16.860641479492188,218.25784301757807,73.52283477783203,,,,662.7722778320312,,,,,288.5827941894531,,,91.74413299560548,,33.45648193359375,,,18.836658477783203,115.9966812133789,,,35.697147369384766,,112.25714874267578,21.33333396911621,37.40680313110352,,,7.291971206665039,369.7936096191406,,,201.40110778808597,55.51953506469727,,,36.73767852783203,120.8586883544922,,,,,151.3422088623047,,,,,,,,151.6009521484375,29.657161712646484,,437.514892578125,,,26.00382804870605,96.38179779052734,,24.782302856445312,,12.0,,,,140.41189575195312,47.600860595703125,1658.7857666015625,,,,27.700000762939453,351.76824951171875,99.44000244140624,,,,44.0517807006836,,29.899999618530277,1925.0616455078125,502.6929321289063,11764.2001953125,,,,,,,,,47.292240142822266,,,,21.300525665283203,71.5,,15.359999656677246,,,,,77.7282943725586,,,,150.80096435546875,7.036082267761231,,,,,,,5.673999786376953,,,5.670517444610596,,3.879561901092529,,1.3300000429153442,,97.83170318603516,,,31.05265998840332,,,,,,,66.12138366699219,,,,11.195806503295898,617.4871215820312,
2024-12-30,,,,580.3216552734375,,,31.89777183532715,,,,143.28338623046875,,,,,181.9603271484375,,,84.9988021850586,,,,63.20815658569336,41.34999847412109,305.6827392578125,298.80426025390625,,,,23.150192260742188,0.8650000095367432,,131.7464141845703,,174.57989501953125,184.5,20.58074188232422,,,60.0,9.129246711730955,,,74.20499420166016,,,,,246.2875823974609,2.1077089309692383,69.193115234375,,,13.0,126.99263763427734,,,221.0,,,,,62.36503982543945,19.979999542236328,63.54628372192383,,,,,,12.14743423461914,,1046.466064453125,705.2042236328125,581.7276000976562,,,,75.11842346191406,40.59999847412109,204.2602081298828,,705.3347778320312,15.71030044555664,13.699999809265137,100.2534408569336,70.213623046875,0.0877000018954277,183.5,,,490.68646240234375,512.7999877929688,65.01752471923828,,,,,3790.33056640625,,,251.86253356933597,,,15.199999809265137,138.73495483398438,161.98329162597656,176.8000030517578,80.5260009765625,,82.61842346191406,,,,,,,,29.406587600708008,,,1916.8997802734373,,107.59957885742188,,117.5980224609375,161.9596405029297,,256.9360046386719,12.740384101867676,,,,,191.74485778808597,115.0,,1.3250000476837158,21.350000381469727,,,,54.82114028930664,,741.0,,,97052.953125,9771.298828125,10070.0,,,679.492919921875,15.38168716430664,72.75639343261719,74.72000122070312,,,60.00661849975586,,,56.59999847412109,,1108.976806640625,,,,279.81903076171875,105.2620620727539,,,,,25.60051727294922,,5.875255584716797,,,,32.829769134521484,,69.4483871459961,,,2.8809633255004883,,,83.10894775390625,,,32.879356384277344,,,,,,71.13524627685547,58.170372009277344,41.20000076293945,,,,,,,,,,,,,,,,,,,,,,,,,,,,,,,,,,,,,,,,,,,,,,,,,,,,,,,,,,,,,,,,,,,,,,,,,,,,72.176513671875,,1123.753173828125,,323.29052734375,,,,122.16504669189452,,,,,,,,,,,,,,,,,,,,,,,,,,,,,,,,,,,,,,,,,,,,,,,40.40224456787109,,84.61416625976562,,,254.1075439453125,,,239.97596740722656,17.915388107299805,13.81999969482422,235.6496734619141,247.5,238.84619140625,,,,,,36.05715560913086,55.400001525878906,91.33788299560548,120.28500366210938,,,97.67794036865234,,,,407.816162109375,84.3567123413086,17.305870056152344,206.48855590820312,75.4029541015625,,,,642.3877563476562,,,,,284.2655639648437,,,93.11064910888672,,33.66933059692383,,,19.30223846435547,116.9324951171875,,,34.941650390625,,111.86549377441406,20.571428298950195,33.69611740112305,,,5.732090473175049,374.3253784179688,,,194.1192321777344,61.51775741577149,,,36.35096740722656,121.81787872314452,,,,,171.53375244140625,,,,,,,,156.38734436035156,30.415170669555664,,458.8797607421875,,,27.82697486877441,96.93255615234376,,23.982873916625977,,12.5,,,,138.67840576171875,47.31178283691406,1784.592529296875,,,,25.399999618530277,321.7991943359375,99.44000244140624,,,,43.332763671875,,31.433332443237305,1963.371337890625,484.8746337890625,11600.900390625,,,,,,,,,44.70744323730469,,,,20.267223358154297,79.0,,14.31999969482422,,,,,76.26060485839844,,,,154.34263610839844,7.223711013793945,,,,,,,5.935999870300293,,,5.561086654663086,,3.879561901092529,,1.350000023841858,,113.37860870361328,,,34.65766906738281,,,,,,,56.21774673461914,,,,10.409323692321776,606.2600708007812,
2025-01-31,,,,647.5983276367188,,,36.62837219238281,,,,148.43472290039062,,,,,193.8687286376953,,,92.09760284423828,,,,66.31375885009766,40.70000076293945,345.0651550292969,315.6722106933594,,,,21.47955703735352,0.7200000286102295,,169.19717407226562,,183.0959930419922,195.0,20.29087257385254,,,67.80000305175781,9.301155090332031,,,81.35401916503906,,,,,273.0472106933594,2.2962934970855717,75.22630310058594,,,13.0,132.3316650390625,,,219.0,,,,,66.3497314453125,19.86000061035156,64.63169860839844,,,,,,13.18125820159912,,1056.432373046875,761.735595703125,615.0235595703125,,,,71.96530151367188,63.5,206.5130615234375,,817.4409790039062,15.803815841674805,14.399999618530272,110.27479553222656,76.82418060302734,0.09740000218153,191.0,,,487.0630493164063,512.0,68.37967681884766,,,,,3810.400390625,,,250.03744506835935,,,18.5,148.1139678955078,183.5196990966797,199.1999969482422,82.78903198242188,,86.94983673095703,,,,,,,,33.38174057006836,,,2057.254638671875,,107.59957885742188,,126.3021240234375,169.0337371826172,,268.3342590332031,12.40384578704834,,,,,191.560302734375,134.8000030517578,,1.2799999713897705,22.950000762939453,,,,59.683536529541016,,863.0,,,100352.7421875,10188.5439453125,10540.0,,,733.6553955078125,14.983884811401367,88.69609832763672,91.77999877929688,,,64.04461669921875,,,69.5,,1035.3720703125,,,,288.89166259765625,115.13655090332033,,,,,25.147411346435547,,6.011889457702637,,,,32.451324462890625,,71.85979461669922,,,3.080161571502685,,,89.5552749633789,,,32.13631820678711,,,,,,71.50477600097656,58.170372009277344,39.400001525878906,,,,,,,,,,,,,,,,,,,,,,,,,,,,,,,,,,,,,,,,,,,,,,,,,,,,,,,,,,,,,,,,,,,,,,,,,,,,74.50479125976562,,1272.67333984375,,330.9197692871094,,,,127.66200256347656,,,,,,,,,,,,,,,,,,,,,,,,,,,,,,,,,,,,,,,,,,,,,,,43.97267532348633,,88.30170440673828,,,284.908447265625,,,268.622802734375,18.155542373657227,17.1200008392334,244.69482421875,255.0,251.81869506835935,,,,,,42.33344650268555,66.30000305175781,90.96659088134766,109.94203186035156,,,101.8386688232422,,,,420.4002075195313,82.1661148071289,19.241649627685547,223.2334747314453,78.07472229003906,,,,685.9114990234375,,,,,306.2354736328125,,,98.1054458618164,,38.54558181762695,,,19.690223693847656,124.24077606201172,,,36.83039093017578,,127.62947845458984,20.571428298950195,39.08646774291992,,,5.600534439086914,412.8455505371094,,,226.12112426757807,74.80982208251953,,,40.60480499267578,126.13426208496094,,,,,175.8739776611328,,,,,,,,160.6524658203125,31.64694023132324,,470.0266418457031,,,29.17034339904785,99.13556671142578,,23.888822555541992,,12.5,,,,151.197998046875,45.095550537109375,1789.2520751953125,,,,20.799999237060547,353.2421569824219,,,,,48.50968170166016,,33.349998474121094,2011.25830078125,498.3733825683594,12597.08984375,,,,,,,,,43.78840255737305,,,,19.77776336669922,70.0,,16.260000228881836,,,,,83.02389526367188,,,,159.0027313232422,7.223711013793945,,,,,,,6.817999839782715,,,6.1878275871276855,,3.222087860107422,,1.3600000143051147,,120.77286529541016,,,39.50249099731445,,,,,,,56.751766204833984,,,,12.491189002990724,647.4259033203125,
2025-02-28,,,,588.0657348632812,,,33.3394775390625,35.380001068115234,,,151.29656982421875,,,,,191.48704528808597,,,94.5261459350586,,,,71.79423522949219,47.150001525878906,359.5991516113281,293.0209350585937,,,,21.19316673278809,0.7450000047683716,,175.31158447265625,,182.6228790283203,195.0,20.677364349365234,,,73.0,9.043292045593262,,,87.46235656738281,,,,,259.6674194335937,2.329573154449463,66.5535888671875,,,11.399999618530272,119.17477416992188,,,201.5,,,,,66.16439819335938,20.459999084472656,64.3356704711914,,,,,,12.922801971435549,,1046.466064453125,787.6058349609375,599.326904296875,,,,73.07817077636719,47.59999847412109,208.01498413085935,,866.95458984375,15.803815841674805,12.100000381469728,109.5177230834961,76.2103500366211,0.1106000021100044,223.0,,,503.8451843261719,529.2000122070312,65.86991119384766,,,,,3878.255615234375,,,242.7370758056641,,,16.219999313354492,156.7500762939453,178.9178924560547,196.0,86.1835708618164,,93.19161987304688,,,,,,,,34.96222686767578,,,2081.2880859375,,106.6388702392578,,128.15406799316406,173.1292724609375,,247.9123687744141,12.307692527770996,,,,,191.560302734375,124.4000015258789,,1.4199999570846558,22.100000381469727,,,,48.14726257324219,,841.0,,,106758.2421875,11052.14453125,11370.0,,,779.56103515625,13.297961235046388,85.70982360839844,88.91999816894531,,,64.70197296142578,,,73.9000015258789,,1035.3720703125,,,,294.1442565917969,129.5532989501953,,,,,25.917694091796875,,6.148523807525635,,,,31.03217124938965,,80.80052947998047,,,2.785480260848999,,,91.5041732788086,,,34.17966842651367,,,,,,75.7544174194336,58.170372009277344,29.75,,,,,,,,,,,,,,,,,,,,,,,,,,,,,,,,,,,,,,,,,,,,,,,,,,,,,,,,,,,,,,,,,,,,,,,,,,,,75.08686065673828,,1208.7198486328125,,339.5027160644531,,,,125.9560546875,,,,,,,,,,,,,,,,,,,,,,,,,,,,,,,,,,,,,,,,,,,,,,,41.05995559692383,,86.80675506591797,,,296.9283142089844,,,281.0207824707031,15.946138381958008,16.260000228881836,252.311767578125,265.0,262.8834533691406,,,,,,38.36590194702149,60.900001525878906,91.7091827392578,111.8573989868164,,,95.20132446289062,,,,441.8396606445313,85.95325469970703,17.32522964477539,218.8319396972656,72.1374740600586,,,,720.6202392578125,,,,,277.2620544433594,,,98.1054458618164,,35.41084671020508,,,19.787220001220703,128.60792541503906,,,36.45264434814453,,119.5027084350586,20.571428298950195,35.69286346435547,,,5.750884056091309,404.2351684570313,,,187.12481689453125,70.87498474121094,,,41.87269592285156,130.93023681640625,,,,,197.19775390625,,,,,,,,165.86537170410156,32.40494918823242,,470.0266418457031,,,28.289216995239254,106.29535675048828,,26.19305992126465,,13.0,,,,146.3827667236328,47.600860595703125,1812.549560546875,,,,18.899999618530277,343.90753173828125,,,,,51.57748794555664,,32.96666717529297,2030.413330078125,534.1900024414062,13004.48046875,,,,,,,,,40.99298858642578,,,,22.06190490722656,68.0,,17.5,,,,,82.70655822753906,,,,160.49395751953125,7.317525863647461,,,,,,,9.54800033569336,,,6.237569332122803,,3.5345046520233154,,1.2999999523162842,,124.37519073486328,,,38.9493408203125,,,,,,,56.26629257202149,,,,12.72250747680664,584.7415161132812,
2025-03-31,,,,532.553466796875,,,29.03595733642578,35.599998474121094,,,147.48077392578125,,,,,182.9130096435547,,,97.7019271850586,,,,71.98703002929688,45.20000076293945,346.0028076171875,303.1416931152344,,,,17.18364715576172,0.699999988079071,,146.12481689453125,,192.085205078125,203.0,21.160480499267575,,,95.5999984741211,8.618043899536133,,,89.99617767333984,,,,,217.5457763671875,2.196454763412476,65.50061798095703,,,11.300000190734863,112.75543975830078,,,185.1999969482422,,,,,64.37646484375,17.219999313354492,64.92772674560547,,,,,,12.640898704528809,,1096.2977294921875,776.10791015625,570.7875366210938,,,,75.11842346191406,45.0,196.37515258789065,,750.1773071289062,16.59868049621582,11.550000190734863,93.2105941772461,75.07711029052734,0.0890000015497207,199.5,,,524.44140625,550.0,60.802982330322266,,,,,3695.887939453125,,,237.2618103027344,,,15.359999656677246,169.65780639648438,166.5850830078125,182.1999969482422,89.38951873779297,,89.37088775634766,,,,,,,,39.13580322265625,,,2009.1878662109373,,112.88348388671876,,125.1909637451172,177.03863525390625,,221.31640625,11.538461685180664,,,,,187.77708435058597,100.4000015258789,,1.2699999809265137,19.200000762939453,,,,49.768062591552734,,709.0,,,112387.3125,11585.830078125,12000.0,,,730.2217407226562,13.638934135437012,71.67047119140625,74.12000274658203,,,65.64104461669922,,,73.30000305175781,,1074.6279296875,,,,298.4418029785156,124.81356048583984,,,,,29.58785629272461,,5.829711437225342,,,,31.78905296325684,,82.8594970703125,,,2.7937114238739014,,,94.95086669921876,,,35.01558303833008,,,,,,86.47089385986328,58.170372009277344,21.200000762939453,,,,,,,,,,,,,,,,,,,,,,,,,,,,,,,,,,,,,,,,,,,,,,,,,,,,,,,,,,,,,,,,,,,,,,,,,,,,72.75858306884766,,1138.37109375,,346.1783142089844,,,,130.97914123535156,,,,,,,,,,,,,,,,,,,,,,,,,,,,,,,,,,,,,,,,,,,,,,,40.12036895751953,,72.6545639038086,,,296.6910400390625,,,281.873046875,17.723268508911133,15.140000343322754,259.82373046875,268.0,268.6636047363281,,,,,,35.93104934692383,68.69999694824219,92.82305908203124,106.4943618774414,,,89.75276184082031,,,,450.6951293945313,81.60918426513672,15.786283493041992,207.28665161132807,68.87199401855469,,,,737.3319091796875,,,,,246.0820770263672,,,105.7760772705078,,36.51380920410156,,,19.9812126159668,133.6880645751953,,,36.64151382446289,,103.73871612548828,20.952381134033203,36.592681884765625,,,5.111896991729736,362.9959106445313,,,159.7220001220703,65.35662078857422,,,40.887454986572266,136.68540954589844,,,,,168.89186096191406,,,,,,,,143.7815704345703,28.75702476501465,,525.760986328125,,,20.973039627075195,109.5998764038086,,26.381160736083984,,13.0,,,,162.36932373046875,62.24727630615234,1807.89013671875,,,,22.399999618530277,333.5903015136719,,,,,47.838600158691406,,33.92499923706055,2011.25830078125,553.4482421875,12598.1201171875,,,,,,,,,39.0400276184082,,,,23.947229385375977,66.0,,17.020000457763672,,,,,82.52804565429688,,,,171.305419921875,6.989174842834473,,,,,,,7.702000141143799,,,5.491448402404785,,3.156806945800781,,1.2300000190734863,,109.96587371826172,,,36.66044616699219,,,,,,,50.29497528076172,,,,8.659830093383789,554.8027954101562,
2025-04-30,,,,687.102294921875,,,28.08551597595215,34.900001525878906,,,157.8788299560547,,,,,175.14073181152344,,,114.5148696899414,,,,72.1805419921875,44.20000076293945,343.93768310546875,247.18853759765625,,,,15.61793613433838,0.75,,138.7684326171875,,206.2786865234375,218.0,21.549633026123047,,,111.0,8.314942359924316,,,94.00493621826172,,,,,211.85641479492188,2.251920700073242,64.14409637451172,,,10.100000381469728,116.279052734375,,,196.8000030517578,,,,,58.24537658691406,23.200000762939453,68.4800033569336,,,,,,11.966461181640623,,1098.2945556640625,791.9015502929688,577.92236328125,,,,75.84210205078125,42.70000076293945,200.19271850585935,,762.9432373046875,16.50147247314453,11.100000381469728,95.6911392211914,83.95379638671875,0.1040000021457672,194.0,,,556.6288452148438,566.5999755859375,57.59878921508789,,,,,3874.94091796875,,,222.6610870361328,,,12.979999542236328,174.78875732421875,164.74436950683594,180.6000061035156,97.45178985595705,,86.6282958984375,,,,,,,,45.69104766845703,,,1730.4010009765625,,116.72633361816406,,130.4672088623047,184.4850616455078,,202.05914306640625,10.769229888916016,,,,,174.2589874267578,102.8000030517578,,1.2000000476837158,26.71999931335449,,,,50.43545150756836,,686.0,,,114835.140625,11829.3876953125,11930.0,,,710.4860229492188,11.981425285339355,60.15200805664063,61.720001220703125,,,67.94121551513672,,,76.80000305175781,,1010.8372192382812,,,,314.3027038574219,131.5281982421875,,,,,33.08338165283203,,5.829711437225342,,,,30.65373420715332,,84.29790496826172,,,2.736915111541748,,,91.0204620361328,,,34.7369499206543,,,,,,90.5357666015625,58.170372009277344,18.63999938964844,,,,,,,,,,,,,,,,,,,,,,,,,,,,,,,,,,,,,,,,,,,,,,,,,,,,,,,,,,,,,,,,,,,,,,,,,,,,68.87812042236328,,982.5988159179688,,350.1145324707031,,,,143.3070831298828,,,,,,,,,,,,,,,,,,,,,,,,,,,,,,,,,,,,,,,,,,,,,,,40.30828475952149,,70.0,,,278.4867553710937,,,261.3026123046875,19.05851554870605,14.5,284.1517944335937,249.0,293.0167236328125,,,,,,35.350337982177734,63.70000076293945,89.76714324951172,106.30282592773438,,,97.50032043457033,,,,463.2791442871094,77.7087631225586,15.90999984741211,200.09190368652344,66.4970932006836,,,,754.778076171875,,,,,243.1079864501953,,,113.27586364746094,,40.92565155029297,,,21.028772354125977,138.87612915039062,,,34.75014877319336,,99.54225158691406,20.380952835083008,38.04953002929688,,,5.356215000152588,360.0,,,156.17510986328125,59.11847305297852,,,40.887454986572266,139.08340454101562,,,,,179.8407745361328,,,,,,,,134.73007202148438,27.155725479125977,,559.20166015625,,,19.99754905700684,111.61930084228516,,27.82941246032715,,11.0,,,,166.46060180664062,68.07960510253906,1798.571044921875,,,,22.5,343.4162292480469,,,,,53.68325805664063,,35.07499694824219,2076.896240234375,551.7581176757812,12116.98046875,,,,,,,,,42.25666809082031,,,,20.344158172607425,62.5,,16.5,,,,,78.99765014648438,,,,176.0675811767578,7.082989692687988,,,,,,,7.264999866485596,,,6.239999771118164,,3.1043806076049805,,1.149999976158142,,120.4197998046875,,,35.76396560668945,,,,,,,48.88710403442383,,,,8.443825721740723,522.0572509765625,
2025-05-30,,,,781.6034545898438,,,27.89542961120605,35.79999923706055,,,168.70980834960938,,,,,186.05050659179688,,,124.10389709472656,,,,73.92216491699219,45.150001525878906,384.6288757324219,338.4128723144531,,,,16.779926300048828,0.7300000190734863,,147.94004821777344,,217.2227935791016,226.0,22.232200622558597,,,125.0,8.39184856414795,,,95.51657104492188,,,,,219.4441070556641,2.6574389934539795,67.0509262084961,,,11.550000190734863,115.49602508544922,,,276.5,,,,,61.50251770019531,8.454999923706055,72.22962188720703,,,,,,14.105393409729004,,1118.2635498046875,818.3309326171875,594.5703735351562,,,,77.77192687988281,48.59999847412109,220.07687377929688,,817.0938110351562,17.469301223754883,12.0,107.4654312133789,82.78776550292969,0.1000000014901161,206.0,,,598.41015625,618.5999755859375,63.70774841308594,,,,,4017.015625,,,229.4399871826172,,,18.540000915527344,187.80392456054688,157.1974334716797,173.39999389648438,98.8161163330078,,88.8827896118164,,,,,,,,47.2564811706543,,,1920.7451171875,,120.16666412353516,,134.3271942138672,191.0201568603516,,239.241943359375,12.307692527770996,,,,,178.77713012695312,113.1999969482422,,1.1699999570846558,26.26000022888184,,,,49.38669967651367,,748.0,,,127026.5390625,12998.5712890625,13260.0,,,598.6089477539062,15.438515663146973,66.35724639892578,68.62000274658203,,,66.67401885986328,,,79.5,,1015.0,,,,314.3027038574219,133.96588134765625,,,,,37.18896484375,,5.954724311828613,,,,28.99940299987793,,84.25947570800781,,,2.963134765625,,,91.2533721923828,,,35.29422378540039,,,,,,92.0667495727539,58.170372009277344,14.399999618530272,,,,,,,,,,,,,,,,,,,,,,,,,,,,,,,,,,,,,,,,,,,,,,,,,,,,,,,,,,,,,,,,,,,,,,,,,,,,68.87812042236328,,1045.675537109375,,374.5638732910156,,,,141.160888671875,,,,,,,,,,,,,,,,,,,,,,,,,,,,,,,,,,,,,,,,,,,,,,,41.7440185546875,,76.9000015258789,,,271.1275939941406,,,257.6154479980469,23.762229919433597,13.039999961853027,274.4205627441406,249.0,284.8340759277344,257.3999938964844,,,,,41.22888946533203,71.19999694824219,92.66285705566406,114.21065521240234,,,96.10746002197266,,,,468.945556640625,82.57999420166016,16.799999237060547,213.6063690185547,71.56768798828125,,,,787.307373046875,,,,,247.13742065429688,,,113.86026000976562,,48.26901626586914,,,20.48124122619629,136.52627563476562,,,34.36187744140625,,104.3883285522461,23.0,39.20925521850586,,,7.410508155822754,371.8421020507813,,,160.18711853027344,60.39300155639648,,,41.084503173828125,150.07020568847656,,,,,199.33807373046875,,,,,,,,135.4619598388672,27.73662376403809,,593.4317626953125,,,18.049999237060547,116.39124298095705,,31.58882141113281,,11.0,,,,171.16619873046875,72.38349151611328,1928.712890625,,,,19.850000381469727,398.9327087402344,,,,,62.10800552368164,,35.650001525878906,2125.879638671875,546.8317260742188,12227.080078125,,,,,,,,,46.623477935791016,,,,21.84480094909668,54.0,,18.36000061035156,,,,,70.35821533203125,,,,182.2657623291016,6.848453998565674,,,,,,,7.96999979019165,,,5.960000038146973,,3.59124755859375,,1.159999966621399,,141.23548889160156,,,42.99219131469727,,,,,,,50.993431091308594,,,,9.091840744018556,570.707763671875,
2025-06-30,,,,795.3848876953125,,,28.703304290771484,34.79999923706055,,,169.10012817382812,,,,,170.0754852294922,,,126.43447875976562,,,,72.1805419921875,46.95000076293945,381.7223815917969,377.649169921875,,,,15.066483497619627,0.7300000190734863,,142.781005859375,,212.35232543945312,221.0,22.037181854248047,,,162.0,7.984340190887451,,,94.19388580322266,,,,,248.7965087890625,2.812743902206421,71.70185852050781,,,11.300000190734863,117.64933776855467,,,305.5,,,,,59.01176452636719,6.375,71.53890228271484,,,,,,14.163202285766602,,1148.217041015625,776.23974609375,569.836181640625,,,,80.47368621826172,53.0,218.1463623046875,,796.787353515625,17.614477157592773,11.899999618530272,114.7495346069336,84.39105224609375,0.1019999980926513,204.0,,,609.1483154296875,624.4000244140625,62.883522033691406,,,,,3737.73193359375,,,219.87998962402344,,,17.3799991607666,179.4163818359375,157.38150024414062,172.60000610351562,107.78167724609376,,57.51699066162109,,,,,,,,54.300926208496094,,,1936.5673828125,,124.5809555053711,,137.0291748046875,195.4714813232422,,270.06451416015625,12.59615421295166,,,,,165.8313446044922,96.8000030517578,,1.3650000095367432,27.21999931335449,,,,54.10904693603516,,833.0,,,129976.0703125,13116.47265625,13380.0,,,613.4505004882812,15.343802452087402,69.26595306396484,71.95999908447266,,,69.69579315185547,,,80.80000305175781,,1050.0,,,,320.2236328125,133.17201232910156,,,,,37.52313995361328,,6.0023627281188965,,,,27.73432922363281,,75.73745727539062,,,3.09574556350708,,,93.3301773071289,,,37.00800323486328,,,,,,93.41783142089844,58.170372009277344,12.84000015258789,,,,,,,,,,,,,,,,,,,,,,,,,,,,,,,,,,,,,,,,,,,,,,,,,,,,,,,,,,,,,,,,,,,,,,,,,,,,68.89936828613281,,982.1000366210938,,388.2555236816406,,,,142.5266571044922,,,,,,,,,,,,,,,,,,,,,,,,,,,,,,,,,,,,,,,,,,,,,,,40.967384338378906,,68.0999984741211,,,266.2860107421875,,,250.72630310058597,28.377206802368164,11.960000038146973,279.7727355957031,279.0,287.3668212890625,287.6000061035156,,,,,42.89859390258789,84.5,94.59333038330078,106.57049560546876,,,88.84468078613281,,,,467.0077819824219,77.49696350097656,14.65999984741211,209.42562866210935,71.26907348632812,,,,769.28759765625,,,,,230.7427673339844,,,115.71085357666016,,44.07170486450195,,,19.13997459411621,128.91275024414062,,,32.61466217041016,,102.41033935546876,24.399999618530277,41.39371871948242,,,7.759180068969727,357.15789794921875,,,158.32789611816406,60.39300155639648,,,42.06974411010742,150.07020568847656,,,,,201.76312255859372,,,,,,,,126.22258758544922,26.075164794921875,,589.5657348632812,,,19.799999237060547,116.39124298095705,,31.1982364654541,,12.0,,,,170.1858673095703,63.38446807861328,1948.0,,,,19.950000762939453,415.1455078125,,,,,65.6346435546875,,43.31666564941406,2125.879638671875,525.4207153320312,11921.4599609375,,,,,,,,,54.8395881652832,,,,22.39566993713379,49.20000076293945,,25.950000762939453,,,,,69.86063385009766,,,,180.32882690429688,7.036082267761231,,,,,,,10.630000114440918,,,5.309999942779541,,3.4755563735961914,,1.1100000143051147,,135.01023864746094,,,41.95834732055664,,,,,,,57.26271057128906,,,,7.481622219085693,616.5514526367188,
2025-07-31,,,,938.6132202148438,,,31.6496696472168,34.0,,,176.90625,,,,,168.32212829589844,,,142.16595458984375,,,,72.76107788085938,58.0,373.0028381347656,394.8150329589844,,,,14.140829086303713,0.699999988079071,,127.4472198486328,,229.8860015869141,237.0,22.329710006713867,,,202.0,7.960647106170654,,,86.3050308227539,,,,,206.864501953125,2.881768226623535,73.25216674804688,,,12.199999809265137,142.11883544921875,,,318.0,,,,,54.22184753417969,7.699999809265137,77.65670776367188,,,,,,15.550617218017578,,1178.1705322265625,725.3387451171875,611.2183227539062,,,,80.66666412353516,48.5,222.0073699951172,,749.4055786132812,17.227344512939453,12.25,127.2223129272461,83.95379638671875,0.1030000001192092,185.0,,,609.1483154296875,626.4000244140625,62.01081466674805,,,,,3319.292724609375,,,225.61599731445312,,,15.0,189.2500457763672,162.67567443847656,167.0,105.44283294677734,,63.45423126220703,,,,,,,,53.81172561645508,,,2237.507080078125,,123.10952758789062,,145.328125,196.4391632080078,,307.247314453125,12.355769157409668,,,,,160.61441040039062,111.5999984741211,,1.5,30.040000915527344,,,,65.10603332519531,,664.0,,,116998.125,11770.4375,12010.0,,,618.3977661132812,15.77383804321289,73.82292175292969,76.76000213623047,,,71.5478515625,,,86.4000015258789,,1000.0,,,,314.3027038574219,147.66017150878906,,,,,34.70651626586914,,6.0023627281188965,,,,32.113433837890625,,68.31070709228516,,,3.3690314292907715,,,91.40865325927734,,,38.16449737548828,,,,,,101.3313217163086,58.170372009277344,12.260000228881836,,,,,,,,,,,,,,,,,,,,,,,,,,,,,,,,,,,,,,,,,,,,,,,,,,,,,,,,,,,,,,,,,,,,,,,,,,,,66.93081665039062,,1045.201171875,,389.2334899902344,,,,134.72232055664062,,,,,,,,,,,,,,,,,,,,,,,,,,,,,,,,,,,,,,,,,,,,,,,40.2878303527832,,62.0,,,264.1557312011719,,,249.4649200439453,36.57615661621094,14.899999618530272,278.79962158203125,279.0,287.5616455078125,287.6000061035156,,,,,46.16884613037109,81.0999984741211,95.3655242919922,103.43606567382812,,,91.03346252441406,,,,481.0567626953125,79.71116638183594,13.199999809265137,187.25802612304688,74.45428466796875,,,,810.694580078125,,,,,216.98020935058597,,,109.67206573486328,,53.39796447753906,,,21.14698028564453,137.46621704101562,,,33.19706726074219,,98.0488739013672,22.600000381469727,40.50512313842773,,,6.541283130645752,358.5789489746094,,,158.5236053466797,71.71669006347656,,,41.57712173461914,152.0319061279297,,,,,214.3733062744141,,,,,,,,141.67042541503906,29.104887008666992,,606.9627685546875,,,20.100000381469727,123.52116394042967,,29.391765594482425,,11.199999809265137,,,,169.20553588867188,51.25534057617188,1914.24755859375,,,,22.899999618530277,387.7107543945313,,,,,70.53275299072266,,54.14583206176758,2096.489501953125,527.3154907226562,11836.0,,,,,,,,,73.0703125,,,,24.44718170166016,43.20000076293945,,28.399999618530277,,,,,71.4728012084961,,,,178.1981964111328,7.552062034606934,,,,,,,10.859999656677246,,,5.550000190734863,,3.9576032161712646,,1.0800000429153442,,140.45733642578125,,,41.56821823120117,,,,,,,68.36970520019531,,,,7.697627067565918,698.4594116210938,
2025-08-29,,,,866.2607421875,,,30.41409683227539,29.399999618530277,,,162.5625,,,,,165.01022338867188,,,141.77752685546875,,,,77.40540313720703,47.09999847412109,368.15863037109375,345.2792358398437,,,,14.318082809448242,0.675000011920929,,133.51385498046875,,252.2901611328125,261.0,22.329710006713867,,,185.0,7.785324096679687,,,85.73816680908203,,,,,170.82296752929688,2.916280508041382,66.46955871582031,,,11.600000381469728,132.33103942871094,,,285.0,,,,,56.32941055297852,6.599999904632568,73.4137191772461,,,,,,15.319381713867188,,1198.1395263671875,730.2330932617188,599.8748779296875,,,,80.66666412353516,48.79999923706055,235.71389770507807,,766.8110961914062,17.227344512939453,10.949999809265137,139.29595947265625,83.27361297607422,0.1014999970793724,170.0,,,572.248046875,587.5999755859375,61.96233367919922,,,,,3279.39501953125,,,217.96798706054688,,,14.300000190734863,198.4088592529297,169.22120666503906,176.0,103.10399627685548,,65.42679595947266,,,,,,,,62.42160415649414,,,2193.53857421875,,125.56190490722656,,148.80210876464844,203.2129364013672,,327.30645751953125,12.899999618530272,,,,,157.28135681152344,85.4000015258789,,1.3700000047683716,24.76000022888184,,,,62.3811149597168,,523.0,,,117784.671875,11976.763671875,12220.0,,,585.2184448242188,15.288488388061523,80.10572814941406,80.86000061035156,,,74.37467956542969,,,91.0,,960.0,,,,311.8356628417969,144.2862091064453,,,,,34.46781921386719,,6.0023627281188965,,,,32.113433837890625,,72.43240356445312,,,3.04467248916626,,,98.17283630371094,,,38.45362854003906,,,,,,107.12168884277344,58.170372009277344,16.1200008392334,,,,,,,,,,,,,,,,,,,,,,,,,,,,,,,,,,,,,,,,,,,,,,,,,,,,,,,,,,,,,,,,,,,,,,,,,,,,66.93081665039062,,1041.405517578125,,393.1453857421875,,,,129.74705505371094,,,,,,,,,,,,,,,,,,,,,,,,,,,,,,,,,,,,,,,,,,,,,,,40.870304107666016,,56.59999847412109,,,265.5113830566406,,,252.5698699951172,36.13429641723633,13.800000190734863,278.31304931640625,279.0,289.5098876953125,287.6000061035156,,,,,49.557655334472656,66.0,94.786376953125,107.74590301513672,,,83.37272644042969,,,,488.323486328125,78.51741790771484,12.670000076293944,180.35494995117188,61.11621856689453,,,,828.13916015625,,,,,227.32652282714844,,,108.3084716796875,,51.3875732421875,,,20.83369255065918,136.19728088378906,,,31.64398765563965,,92.78742218017578,22.0,46.46611785888672,,,6.777005672454834,297.9473876953125,,,161.5570831298828,69.70685577392578,,,42.46383666992188,153.99362182617188,,,,,189.92893981933597,,,,,,,,141.32823181152344,28.850780487060547,,612.7617797851562,,,19.700000762939453,127.37518310546876,,25.38823509216309,,12.5,,,,177.6363983154297,44.50606536865234,1899.7821044921875,,,,21.200000762939453,387.21685791015625,,,,,70.04293823242188,,53.1875,2106.2861328125,553.6528930664062,12187.580078125,,,,,,,,,67.61583709716797,,,,24.3142147064209,47.20000076293945,,25.299999237060547,,,,,63.35225296020508,,,,175.48648071289062,7.974226951599121,,,,,,,9.984999656677246,,,5.800000190734863,,4.4251885414123535,,1.0399999618530271,,154.46417236328125,,,44.84529876708984,,,,,,,62.74216079711914,,,,7.324527740478516,692.6870727539062,
2025-09-30,,,,818.5179443359375,,,34.453468322753906,30.5,,,165.7825164794922,,,,,163.64651489257812,,,131.4840850830078,,,,76.63134765625,47.29999923706055,365.2521057128906,299.66705322265625,,,,12.545555114746094,0.5600000023841858,,147.76202392578125,,272.7461242675781,279.0,23.49982643127441,,,183.0,6.965566635131836,,,86.39950561523438,,,,,192.0884704589844,2.881768226623535,69.76397705078125,,,14.300000190734863,136.44190979003906,,,301.0,,,,,51.539493560791016,5.880000114440918,72.03227996826172,,,,,,15.589158058166504,,1228.093017578125,672.4800415039062,550.007568359375,,,,78.7368392944336,53.0,234.1695098876953,,701.0568237304688,17.178953170776367,10.199999809265137,137.99879455566406,84.05096435546875,0.1480000019073486,158.5,,,582.9862060546875,594.5999755859375,60.07146453857422,,,,,3145.105224609375,,,216.05599975585935,,,11.520000457763672,187.7075042724609,174.03408813476562,182.1999969482422,108.75619506835938,,65.7588119506836,,,,,,,,65.1611099243164,,,2428.037353515625,,126.54285430908205,,151.31109619140625,213.3735809326172,,302.3548583984375,11.899999618530272,,,,,143.12796020507812,69.4000015258789,,1.350000023841858,25.459999084472656,,,,62.47843170166016,,478.5,,,117588.03125,11947.2890625,12130.0,,,575.2994384765625,15.045814514160156,85.35909271240234,85.81999969482422,,,77.98130798339844,,,87.0,,812.0,,,,322.6907043457031,144.6831512451172,,,,,34.658775329589844,,5.8118109703063965,,,,32.30805969238281,,70.20342254638672,,,2.786618947982788,,,97.16354370117188,,,37.77899932861328,,,,,,106.15662384033205,58.170372009277344,12.039999961853027,,,,,,,,,,,,,,,,,,,,,,,,,,,,,,,,,,,,,,,,,,,,,,,,,,,,,,,,,,,,,,,,,,,,,,,,,,,,63.97798538208008,,980.6766967773438,,387.2775268554688,,,,133.35655212402344,,,,,,,,,,,,,,,,,,,,,,,,,,,,,,,,,,,,,,,,,,,,,,,40.38490676879883,,6.53000020980835,,,263.57476806640625,,,252.1817626953125,27.29710578918457,10.779999732971191,278.79962158203125,286.0,293.4064025878906,300.79998779296875,,,,,46.60356140136719,59.900001525878906,93.0489501953125,104.61148071289062,,,78.89566802978516,,,,491.2301635742188,79.40310668945312,8.204999923706055,172.1879425048828,53.053653717041016,,,,820.0878295898438,44.67926788330078,,,,211.41661071777344,,,108.40587615966795,,54.47671127319336,,,18.98332977294922,138.21817016601562,,,30.090909957885746,,83.9655990600586,20.799999237060547,43.52264404296875,,,8.029278755187988,272.84210205078125,,,139.73562622070312,62.94205474853516,,,43.25203323364258,153.99362182617188,,,,,195.45802307128903,201.0,,,,,,,146.1190185546875,29.71083068847656,,596.3312377929688,,,20.899999618530277,123.90657806396484,,23.04470634460449,,12.0,,,,163.12745666503906,42.94102096557617,1880.4949951171875,,,,20.5,308.6868896484375,,,,,67.10407257080078,,44.275001525878906,2076.896240234375,536.7893676757812,12109.419921875,,,,,,,,,65.79767608642578,,,,21.17995834350586,40.59999847412109,,27.799999237060547,,,,,58.9735221862793,,,,180.52252197265625,8.208763122558594,,,,,,,11.100000381469728,,,5.210000038146973,,3.3646857738494877,,0.8799999952316284,,152.90785217285156,,,41.99736022949219,,,,,,,57.75635528564453,,,,7.265617370605469,593.5942993164062,
2025-10-31,,,,852.4793090820312,,,39.06310272216797,24.0,,,175.54017639160156,,,,,170.0754852294922,,,138.6700897216797,,,,77.79243469238281,46.5,345.39093017578125,293.2911682128906,,,,13.39242935180664,0.625,,154.68226623535156,,296.1243591308594,305.0,22.817258834838867,,,221.0,6.83762788772583,,,86.87189483642578,,,,,195.7824859619141,2.8299999237060547,67.82608795166016,,,12.699999809265137,144.8594207763672,,,317.0,,,,,53.64706039428711,5.519999980926514,68.5999984741211,,,,,,16.128707885742188,,1258.0465087890625,699.8883056640625,538.2740478515625,,,,80.66666412353516,53.79999923706055,228.9571533203125,,714.594482421875,16.695039749145508,9.5,148.17657470703125,84.14813232421875,0.1784999966621399,159.5,,,573.0289916992188,587.2000122070312,54.93217849731445,,,,,3209.330810546875,,,212.23199462890625,,,10.5,190.3105316162109,192.9968719482422,200.5,107.78167724609376,,69.66488647460938,,,,,,,,62.32376480102539,,,2423.15185546875,,128.9952392578125,,152.0830841064453,228.85647583007807,,295.50537109375,10.399999618530272,,,,,148.7796630859375,66.19999694824219,,1.2999999523162842,30.0,,,,56.73664855957031,,457.5,,,121127.4765625,12153.615234375,12420.0,,,783.5975341796875,12.570534706115724,95.09699249267578,87.69999694824219,,,79.73589324951172,,,81.5,,744.0,,,,336.5061950683594,147.66017150878906,,,,,37.71409606933594,,5.66889762878418,,,,32.30805969238281,,73.86395263671875,,,2.825147867202759,,,96.33863830566406,,,38.35725021362305,,,,,,109.53433990478516,58.170372009277344,13.600000381469728,,,,,,,,,,,,,,,,,,,,,,,,,,,,,,,,,,,,,,,,,,,,,,,,,,,,,,,,,,,,,,,,,,,,,,,,,,,,60.04087829589844,,932.1884765625,,390.2114562988281,,,,135.69786071777344,,,,,,,,,,,,,,,,,,,,,,,,,,,,,,,,,,,,,,,,,,,,,,,42.035255432128906,,3.430000066757202,,,263.1874084472656,,,251.21145629882807,25.97152709960937,10.199999809265137,264.2027587890625,272.5,278.5997009277344,286.3999938964844,,,,,52.857547760009766,57.70000076293945,94.786376953125,106.76639556884766,,,77.00535583496094,,,,494.1368408203125,87.23944854736328,8.975000381469727,152.83987426757812,52.157814025878906,,,,836.1905517578125,43.821571350097656,,,,213.3687438964844,,,111.32786560058594,,50.01462173461914,,,19.286828994750977,137.79519653320312,,,30.576248168945312,,99.88839721679688,20.0,40.76429748535156,,,8.117673873901367,262.4210510253906,,,143.5519256591797,74.36378479003906,,,46.3062744140625,153.0127716064453,,,,,196.9130401611328,204.0,,,,,,,164.06002807617188,33.268314361572266,,597.2977905273438,,,19.399999618530277,127.37518310546876,,20.945295333862305,,12.600000381469728,,,,153.91233825683594,40.49563217163086,1870.8514404296875,,,,19.5,311.1564025878906,,,,,69.25923919677734,,46.76666641235352,2096.489501953125,529.5892333984375,12234.5,,,,,,,,,64.66747283935547,,,,21.29393196105957,41.0,,31.850000381469727,,,,,59.51091384887695,,,,186.1396331787109,8.443299293518066,,,,,,,11.09000015258789,,,5.079999923706055,,3.451453924179077,,0.824999988079071,,155.6313934326172,,,41.17809295654297,,,,,,,57.5095329284668,,,,8.443825721740723,534.9083251953125,
2025-11-28,,,,773.2361450195312,,,42.817344665527344,22.399999618530277,,,163.53826904296875,,,,,152.9315643310547,,,135.1741943359375,,,,79.53404998779297,49.04999923706055,346.8441772460937,247.18853759765625,,,,12.072881698608398,0.6600000262260437,,165.9886016845703,,289.3056945800781,299.0,22.817258834838867,,,179.0,6.899228096008301,,,89.70621490478516,223.65286254882807,,,,191.8887939453125,2.812743902206421,67.0509262084961,,,12.199999809265137,153.08116149902344,,,354.5,,,,,53.74285507202149,5.494999885559082,66.0999984741211,,,,,,17.747360229492188,,1258.0465087890625,709.6769409179688,535.82958984375,,,,81.0526351928711,51.0,231.27377319335935,,711.6935424804688,16.985387802124023,9.479999542236328,159.65151977539062,88.5693130493164,0.1564999967813491,174.0,,,610.7102661132812,627.4000244140625,51.44134140014648,,,,,3295.93798828125,,,210.3199920654297,,,10.600000381469728,200.9154815673828,200.2162170410156,209.0,112.45936584472656,,73.45378875732422,,,,,,,,66.1395034790039,,,2188.6533203125,,134.88095092773438,,154.39907836914062,251.5969696044922,,272.5107727050781,10.0,,,,,155.6389923095703,61.0,,1.284999966621399,32.0,,,,50.605587005615234,,320.0,,,117588.03125,11613.236328125,11810.0,,,859.6864624023438,11.648372650146484,88.82145690917969,94.5199966430664,,,85.194580078125,,,86.5,,800.0,,,,354.2689819335937,153.6142120361328,,,,,38.04827117919922,,5.716535568237305,,,,32.21074676513672,,76.69822692871094,,,2.581430673599243,,,101.3947982788086,,,38.54999923706055,,,,,,110.98192596435548,194.18362426757807,12.140000343322754,,,,,,,,,,,,,,,,,,,,,,,,,,,,,,,,,,,,,,,,,,,,,,,,,,,,,,,,,,,,,,,,,,,,,,,,,,,,60.533016204833984,,904.101318359375,,394.1233520507813,,,,138.72203063964844,,,,,,,,,,,,,,,,,,,,,,,,,,,,,,,,,,,,,,,,,,,,,,,43.49143981933594,,3.1600000858306885,,,309.27911376953125,,,298.2711486816406,17.301259994506836,12.199999809265137,265.1759033203125,270.5,279.5738220214844,284.20001220703125,,,,,56.03888320922852,58.29999923706055,94.97943115234376,100.49754333496094,,,71.63288879394531,,,,525.1415405273438,88.72200012207031,9.734999656677246,153.8607635498047,49.02237319946289,,,,844.2418823242188,33.815067291259766,,,,195.31146240234372,,,115.41864776611328,,48.66128540039063,,,19.71759986877441,133.04849243164062,,,28.34369659423828,,90.59185791015624,19.5,38.59834671020508,,,8.736444473266602,249.15789794921875,,,135.43003845214844,71.42256927490234,,,48.96642303466797,154.48403930664062,,,,,170.140625,175.60000610351562,,,,,,,158.53594970703125,32.38871383666992,,645.622802734375,,,19.049999237060547,134.89051818847656,,21.775293350219727,,12.0,,,,146.26573181152344,40.59344482421875,1890.1385498046875,,,,17.299999237060547,326.46728515625,,,,,67.98573303222656,,45.42499923706055,2076.896240234375,546.8317260742188,12833.9599609375,,,,,,,,,62.3579216003418,,,,21.33192253112793,38.0,,24.75,,,,,63.55128479003906,,,,195.6306304931641,8.255670547485352,,,,,,,8.46500015258789,,,5.159999847412109,,3.379147291183472,,0.7549999952316284,,146.87713623046875,,,43.03120040893555,,,,,,,51.19088745117188,,,,8.856199264526367,520.4773559570312,
2025-12-30,,,,768.806396484375,,,42.7223014831543,24.399999618530277,,,164.31886291503906,,,,,152.54193115234375,,396.0799865722656,136.14527893066406,,,,86.30702209472656,54.70000076293945,357.0169982910156,264.8448791503906,,,,11.718375205993652,0.5600000023841858,,167.69430541992188,,279.56475830078125,289.0,22.71974754333496,,,127.0,6.785504341125488,,,93.86321258544922,222.6783447265625,,,,224.6356964111328,2.8299999237060547,67.0509262084961,,,12.0,160.12838745117188,,,348.5,40.485347747802734,,,,54.98823547363281,5.949999809265137,64.4000015258789,,,,,,18.363988876342773,,1278.0155029296875,719.465576171875,537.2962646484375,,,,83.94737243652344,55.20000076293945,243.0498046875,,845.1360473632812,16.985387802124023,11.350000381469728,161.74696350097656,94.9338607788086,0.1465000063180923,162.0,,,604.85302734375,620.0,51.97466278076172,,,,,3061.41748046875,,,217.96798706054688,,,11.5,201.68675231933597,218.0239105224609,227.0,115.57781982421876,,75.93414306640625,,,,,,,,74.84722137451172,,,2149.5703125,,141.74761962890625,,158.64503479003906,276.75665283203125,,270.55377197265625,11.050000190734863,,,,,165.44491577148438,64.0999984741211,,1.2300000190734863,27.479999542236328,,,,50.02167510986328,,295.0,,,114441.8671875,11387.259765625,11640.0,,,844.778564453125,12.619070053100586,80.20488739013672,81.45999908447266,,,90.36083984375,,,88.19999694824219,,816.0,,,,361.1767578125,155.2019500732422,,,,,37.80957412719727,,5.716535568237305,,,,31.62686538696289,79.23300170898438,75.6509780883789,,,2.6988091468811035,46.38392639160156,,106.36360168457033,,,38.45362854003906,,,,,,115.32469940185548,193.36642456054688,13.600000381469728,,,,,,,,,,,,,,,,,,,,,,,,,,,,,,,,,,,,,,,,,,,,,,,,,,,,,,,,,,,,,,,,,,,,,,,,,,,,62.50157165527344,,932.1884765625,,405.8590393066406,,,,139.99024963378906,,,,,,,,,,,,,,,,,,,,,,,,,,,,,,,,,,,,,,,,,,,,,,,42.1323356628418,,3.184999942779541,,,324.5784606933594,,,318.4534606933594,15.533820152282717,12.600000381469728,273.9339904785156,273.0,291.4581604003906,287.0,,,,,57.14543151855469,61.59999847412109,97.00643157958984,106.37458801269533,,,74.2196273803711,,,,553.239501953125,87.47048950195312,11.34000015258789,158.09011840820312,52.555965423583984,,,,878.7476806640625,35.83608627319336,35.08534240722656,,,202.1439514160156,,,119.9964370727539,,47.75905990600586,,,19.776342391967773,124.87102508544922,,,28.82903289794922,,92.43138122558594,20.600000381469727,39.264793395996094,,,8.888681411743164,239.6842193603516,,,125.74249267578124,78.0403060913086,,,54.58229064941406,159.87872314453125,,,,,159.8584747314453,165.1999969482422,,,,,,,164.5,33.67879104614258,,703.6129150390625,,,19.5,145.4890594482422,,21.48235321044922,,12.199999809265137,,,,146.4617919921875,41.27815628051758,1880.4949951171875,,,88.20995330810547,24.700000762939453,323.9977722167969,,,,,80.13304138183594,,44.08333206176758,2184.65966796875,570.1373901367188,13267.48046875,,,,,,,,,60.49061965942383,,,,21.95877456665039,39.59999847412109,,28.299999237060547,,,,,62.97408676147461,,,,197.56756591796875,8.396391868591309,,,,,,,7.849999904632568,,,5.260000228881836,,3.682836532592773,,0.6899999976158142,,163.02389526367188,,,45.9766731262207,,,,,,,59.1385612487793,39.756866455078125,,,9.916585922241213,526.249755859375,
2026-01-30,,,,831.8071899414062,,,44.05291748046875,24.0,,,142.36415100097656,,76.30821228027344,,,148.06112670898438,,368.5199890136719,136.3394775390625,,,,94.62811279296876,54.0,346.8441772460937,264.3544006347656,86.6849136352539,,,11.974407196044922,0.5550000071525574,,145.76393127441406,,286.3834228515625,298.0,24.572433471679688,,,123.0,6.771288871765137,,,93.29635620117188,228.0382232666016,151.5500030517578,,,298.91522216796875,2.881768226623535,65.30683135986328,,,16.700000762939453,154.4514617919922,,29.163990020751957,372.0,41.12614822387695,,,,54.31764602661133,5.599999904632568,58.09999847412109,,,,,,18.961349487304688,,1278.0155029296875,765.4722290039062,587.6525268554688,131.5817413330078,,,86.64912414550781,62.0,231.27377319335935,,882.8480834960938,18.291955947875977,10.199999809265137,143.5865936279297,93.86500549316406,0.1305000036954879,159.0,,,575.5670776367188,590.0,49.88985824584961,,,,,2907.665283203125,,,231.35198974609372,258.8134765625,,20.549999237060547,188.6715850830078,231.01870727539065,242.0,121.2300262451172,,77.67234802246094,,79.08000183105469,,,,38.459999084472656,,72.40122985839844,,22.193050384521484,1817.3638916015625,36.15999984741211,152.04762268066406,,161.54002380371094,294.65875244140625,,265.17205810546875,11.399999618530272,,,,,172.64236450195312,66.9000015258789,,1.2200000286102295,25.6200008392334,,,,52.84391021728516,,281.5,,,112082.2421875,10866.5302734375,11150.0,,,790.116455078125,13.832442283630373,65.54885864257812,66.63999938964844,,,95.9170150756836,,,89.9000015258789,,806.0,,,,383.8736572265625,163.93453979492188,,,,62.47112274169922,34.70651626586914,334.53778076171875,5.66889762878418,,,,31.82149314880371,90.27098846435548,70.54930114746094,64.0,,2.6351919174194336,46.69575119018555,,111.2353744506836,,,38.8391227722168,,146.82493591308594,,,,115.8072280883789,165.13330078125,11.0,,,,,,,,,,,,,,,,,,,,,,,,,,,,,,,,,,,,,,,,,,,,,,,,,,,,,,,,,,,,,,,,,,,,,,,,,,,,60.533016204833984,,996.3333129882812,,428.3524169921875,,,,151.20896911621094,,,,,,,,,,,,,,,,,,,,,,,,,,,,,,,,,,,,,,,,,,,,,,,41.54985809326172,,3.315000057220459,,,344.7193603515625,,,340.2853088378906,15.828394889831545,12.640000343322754,276.8533630371094,286.0,290.4840087890625,299.6000061035156,,,,,60.4453239440918,57.29999923706055,100.86737823486328,111.07623291015624,,,94.41613006591795,,,,575.5241088867188,89.33811950683594,11.9399995803833,144.18673706054688,57.83146667480469,,,,811.2697143554688,35.39244842529297,44.86126327514648,154.52999877929688,,206.4386444091797,,,127.88581848144533,,42.97334671020508,,,19.39452171325684,116.03558349609376,,,29.50850486755371,,92.07534790039062,19.399999618530277,40.54214859008789,,,7.793556213378906,238.73684692382807,19.21228408813477,,133.08154296875,67.0107421875,,,60.0996322631836,167.72552490234375,,,,,161.41049194335938,168.1999969482422,,,,,,,178.92124938964844,35.868011474609375,,710.37841796875,,,20.200000762939453,149.5357666015625,,22.068235397338867,,12.5,,,89.19882202148438,148.2263946533203,39.02840042114258,1894.9603271484373,,,89.66075897216797,23.0,301.7723083496094,,,,,80.52488708496094,,44.46666717529297,2282.62646484375,520.1153564453125,13188.259765625,197.34266662597656,,,,,,,,72.52977752685547,,30.59113311767578,,21.483888626098636,33.0,,33.349998474121094,,,,,62.11824417114258,,,,218.87387084960935,8.537114143371582,,,,,,,8.050000190734863,186.75,,5.050000190734863,,5.157899379730225,1094.2923583984375,0.6899999976158142,,122.94880676269533,,,46.13272476196289,,,,,,,69.11016845703125,40.03488540649414,,,11.094794273376465,513.742919921875,
2026-02-27,,,,759.9469604492188,,,44.7657470703125,24.399999618530277,,,147.73086547851562,,76.30821228027344,,,161.50352478027344,,384.739990234375,158.09165954589844,,,,108.85134887695312,55.20000076293945,370.0963134765625,250.1312561035156,87.14920806884766,,,12.703112602233888,0.4979999959468841,,153.26898193359375,,263.9792785644531,269.0,25.840057373046875,,,166.5,7.984340190887451,,,94.0994110107422,233.3980865478516,137.89999389648438,,,297.1181335449219,2.9335367679595947,63.75652313232422,,,18.649999618530277,164.4350128173828,,26.492626190185547,360.0,43.067684173583984,,,,59.68235397338867,5.164999961853027,57.5,,,,,,18.190561294555664,,1268.031005859375,792.8804321289062,624.80859375,154.66000366210938,,,87.22807312011719,65.5999984741211,254.8258514404297,,868.3434448242188,18.38873863220215,10.449999809265137,145.5822296142578,93.37915802001952,0.12950000166893,157.0,,,632.5771484375,650.0,47.300819396972656,,,,,3008.869384765625,,,217.96798706054688,237.77520751953125,,27.450000762939453,192.81716918945312,213.6923065185547,226.0,132.33953857421875,,69.21569061279297,,59.08000183105469,,,,41.94499969482422,,70.64012145996094,,22.575687408447266,1889.6676025390625,35.27000045776367,151.55714416503906,,164.62802124023438,301.4325256347656,,255.38710021972656,11.050000190734863,,,,,173.2703399658203,67.9000015258789,,1.1449999809265137,27.059999465942383,,,,51.28681564331055,,318.5,,,124666.9140625,12438.5419921875,12570.0,,,786.838134765625,13.201489448547363,69.68008422851562,71.04000091552734,,,100.9857940673828,,,92.0,,802.0,,,,395.22210693359375,158.17897033691406,,,,61.192325592041016,35.422607421875,319.7680358886719,5.621260166168213,,,30.979999542236328,31.52955436706543,99.14309692382812,80.68541717529297,71.98999786376953,,2.738234043121338,47.0173225402832,,126.64644622802734,,,41.63400268554688,,139.80526733398438,,,,126.42288970947266,150.73272705078125,11.779999732971191,,,,,,,,,,,,,,,,,,,,,,,,,,,,,,,,,,,,,,,,,,,,,,,,,,,,,,,,,,,,,,,,,,,,,,,,,,,,60.533016204833984,,813.577392578125,,428.3524169921875,,,,161.6472625732422,,,,,,,,,,,,,,,,,,,,,,,,,,,,,,,,,,,,,,,,,,,,,,,44.073917388916016,1512.20556640625,3.119999885559082,,,369.3144836425781,,,356.1012268066406,24.35137367248535,16.899999618530273,273.9339904785156,281.0,286.0030517578125,295.0,,,,,67.20318603515625,56.20000076293945,102.79785919189452,119.6958999633789,,,85.26303100585938,,,,620.0933227539062,93.38143920898438,12.520000457763672,155.07608032226562,52.05827713012695,,,,844.8170166015625,29.97020721435547,46.70049285888672,128.61000061035156,,197.06837463378903,,,142.88536071777344,,40.38435745239258,,,20.08963203430176,127.78482818603516,,,33.19706726074219,,91.58084869384766,19.5,45.46644592285156,,,6.634590148925781,247.2631683349609,20.8820743560791,,133.27725219726562,70.0990219116211,,,56.59999847412109,178.514892578125,,,,311.5,156.1724090576172,161.1999969482422,57.77999877929688,,,,,32.0,192.4136657714844,37.50992584228516,,708.4454345703125,,,18.100000381469727,160.9051055908203,,22.21470642089844,,12.5,24.122211456298828,,87.3307876586914,141.9522705078125,39.81092071533203,2005.861328125,,,96.56690979003906,22.5,263.7420959472656,18.93000030517578,,,,79.83915710449219,,46.0,2409.9833984375,550.0527954101562,14014.2998046875,207.83811950683597,,,,,,,,71.3012924194336,,30.59113311767578,,20.477127075195312,34.79999923706055,,31.200000762939453,,,,,66.53678131103516,,,,228.55856323242188,8.490206718444824,,,,,,,8.5649995803833,161.6300048828125,,4.945000171661377,,4.839748382568359,1165.7054443359375,0.6499999761581421,,123.5324249267578,,,49.49758529663086,,,,,,,58.64491653442383,43.52451705932617,,,8.699103355407715,553.1875610351562,
2026-03-31,,,,635.5,,,44.45000076293945,28.600000381469727,,,152.41453552246094,,67.14070892333984,,,140.4632568359375,,379.5,155.5668487548828,,,,104.5,54.400001525878906,336.67138671875,205.0095367431641,87.06029510498047,,,12.68341827392578,0.6600000262260437,,135.0424041748047,,256.1865234375,266.0,24.669940948486328,,,117.0,7.325691223144531,,,93.1073989868164,217.0,132.3699951171875,,,246.79974365234372,2.847256183624268,58.20000076293945,,,22.0,141.0,,22.043556213378903,343.5,39.00288772583008,,,,57.900001525878906,4.809999942779541,50.79999923706055,,,,,,16.81999969482422,,1268.031005859375,831.05615234375,608.6749877929688,131.9600067138672,,,84.91228485107422,70.0,239.38185119628903,,711.6935424804688,17.953216552734375,8.899999618530273,153.06590270996094,88.27780151367188,0.1059999987483024,153.0,,,519.9237060546875,539.7999877929688,39.17493438720703,,,,,2684.0,,,214.1439971923828,223.3899688720703,,39.400001525878906,198.02322387695312,216.5800323486328,223.5,131.75482177734375,,63.395633697509766,,53.33000183105469,,,,35.43000030517578,,60.758331298828125,,19.897214889526367,1434.349609375,33.779998779296875,151.06666564941406,,162.50502014160156,255.95152282714844,,230.92474365234372,10.5,,,,,174.18814086914062,50.20000076293945,,1.2999999523162842,22.26000022888184,,,,49.145809173583984,,288.5,,,112278.875,11033.556640625,11240.0,,,727.0782470703125,10.968884468078612,71.17520141601562,72.30000305175781,,,102.9353256225586,,,76.80000305175781,,734.0,,,,374.4988403320313,148.45404052734375,,,,75.37895202636719,33.56077194213867,260.9026794433594,5.573622226715088,,,40.63999938964844,31.52955436706543,84.5413818359375,75.34353637695312,75.61000061035156,,2.88159704208374,40.79400634765625,,120.86000061035156,121.83999633789062,,41.44124984741211,,135.5074920654297,,,,134.6259002685547,141.2652130126953,11.119999885559082,,,,,,,,,,,,,,,,,,,,,,,,,,,,,,,,,,,,,,,,,,,,,,,,,,,,,,,,,,,,,,,,,,,,,,,,,,,,62.50157165527344,,802.9497680664062,,444.0,,,,154.6233673095703,,,,,,,,,,,,,,,,,,,,,,,,,,,,,,,,,,,,,,,,,,,,,,,47.76292419433594,1327.512451171875,3.025000095367432,,,327.20001220703125,,,314.70001220703125,20.1291618347168,15.5600004196167,249.0,251.0,260.3999938964844,262.0,,,,,60.99860000610352,59.29999923706055,98.45428466796876,115.58197021484376,,,74.61759185791016,,,,645.2846069335938,80.9626693725586,11.850000381469728,129.89999389648438,42.054725646972656,,,,828.9059448242188,27.01262092590332,46.10074234008789,120.25,,174.71640014648438,,,135.0,,38.1287956237793,,,19.75676155090332,124.2600555419922,128.89999389648438,,33.099998474121094,,81.0975112915039,18.799999237060547,43.800331115722656,,,6.835936069488525,272.84210205078125,22.40624237060547,,130.53733825683594,67.50094604492188,,,49.0,183.9095764160156,,,,291.5799865722656,128.8179931640625,134.0,56.43999862670898,,,,,30.790000915527344,169.6329803466797,33.97198867797852,,777.0670166015625,,,17.600000381469727,170.34744262695312,,22.165884017944336,,11.199999809265137,18.592235565185547,,73.78750610351562,150.8000030517578,37.26771545410156,1996.2177734375,,,98.40758514404295,19.899999618530277,272.6322631835937,19.7549991607666,,,,66.30000305175781,,46.57499694824219,2370.796630859375,531.863037109375,12776.7900390625,197.98049926757807,,,,,,,,70.02366638183594,,30.59113311767578,,18.03620719909668,35.0,,25.850000381469727,,,,,58.9735221862793,,,,217.9054107666016,8.255670547485352,,,,,,,8.220000267028809,161.22000122070312,,4.454999923706055,,5.061490058898926,1016.2560424804688,0.5799999833106995,,112.2491455078125,,,46.093711853027344,,,,,,,64.025634765625,45.61446380615234,,,7.820000171661377,454.0948486328125,
2026-04-30,,,,713.0,,,44.150001525878906,28.399999618530277,,,156.1999969482422,,69.01930236816406,82.62999725341797,,159.5,,374.1000061035156,179.8438262939453,,,,97.3000030517578,54.400001525878906,309.5,194.6000061035156,99.92227172851562,,,15.699999809265137,0.4480000138282776,,144.74050903320312,,286.3834228515625,295.0,25.93756866455078,,,137.39999389648438,7.624215602874756,,,95.5500030517578,226.0,146.7100067138672,,,307.0,2.8645122051239014,57.59999847412109,,,24.399999618530277,157.0,,24.06629753112793,343.0,42.92422103881836,,,,59.59999847412109,7.110000133514404,51.900001525878906,,,,,,16.799999237060547,,1290.0,817.0,650.2311401367188,160.6199951171875,,,87.80000305175781,72.0,221.6000061035156,,734.0,18.0,9.31999969482422,163.8000030517578,83.25,0.0803999975323677,150.0,,,527.2000122070312,529.7999877929688,42.63999938964844,,,,,2785.0,,,225.61599731445312,289.606201171875,,37.09999847412109,206.3143615722656,226.205810546875,234.0,136.39999389648438,,70.77812194824219,,57.2400016784668,,,,52.16999816894531,,61.5,,21.897953033447266,1596.54443359375,74.44000244140625,155.971435546875,,169.60000610351562,264.17681884765625,,273.0,10.75,,,,,176.50677490234375,54.0,,1.25,20.280000686645508,,,,50.9948616027832,,304.0,,,100900.0,9575.0,9575.0,,,682.2583618164062,11.454233169555664,75.48348236083984,72.30000305175781,,,103.0,,,76.9000015258789,,725.0,,,,373.0,140.5153350830078,,,,127.9312973022461,33.79999923706055,403.3068542480469,6.097638130187988,,,43.31999969482422,33.5,85.57675170898438,79.05000305175781,72.62999725341797,,3.1548826694488525,34.11434555053711,,115.9000015258789,116.0999984741211,,42.01949691772461,,158.0738067626953,,,,159.2349395751953,162.1037139892578,13.0,,,,,,,,,,,,,,,,,,,,,,,,,,,,,,,,,,,,,,,,,,,,,,,,,,,,,,,,,,,,,,,,,,,,,,,,,,,,62.2062873840332,,804.6577758789062,,446.0,,,,156.10000610351562,,,,,,,,,,,,,,,,,,,,,,,,,,,,,,,,,,,,,,,,,,,,,,,50.28697967529297,1240.26611328125,3.255000114440918,,,326.6000061035156,,,318.3999938964844,25.6867733001709,17.0,262.0,261.0,273.3999938964844,273.3999938964844,,,,,62.540000915527344,67.4000015258789,101.0,119.0,,,78.69999694824219,,,,623.0,84.63999938964844,12.670000076293944,143.6999969482422,45.38924026489258,,,,878.7476806640625,28.0,65.47264862060547,108.11000061035156,,167.10305786132812,,,135.3000030517578,,38.71720123291016,,,22.28265190124512,125.9499969482422,126.4499969482422,,32.900001525878906,,84.5,18.600000381469727,43.18942260742188,,,6.7720947265625,276.5,20.240589141845703,,117.6999969482422,72.45199584960938,,,52.59999847412109,186.3616943359375,,,,297.70001220703125,124.0,125.1999969482422,58.470001220703125,,,,,34.56999969482422,176.7213897705078,35.37934494018555,,790.5980224609375,,,14.850000381469728,174.97227478027344,,20.25,,12.399999618530272,20.30648231506348,,75.5995101928711,152.39999389648438,39.79999923706055,1976.9306640625,,,101.2454071044922,20.700000762939453,269.6688842773437,19.7549991607666,,,,65.69999694824219,,50.79166412353516,2380.0,543.7999877929688,13136.26953125,211.67941284179688,,,,,,,,82.16110229492188,,31.30988121032715,,17.920000076293945,36.20000076293945,,20.5,,,169.09637451171875,,57.93855285644531,,,,213.5,8.443299293518066,,,,,,,12.43000030517578,204.7400054931641,,4.130000114440918,,5.269999980926514,1089.6058349609375,0.6200000047683716,,114.0,,,41.9388427734375,,,,,,,69.9000015258789,47.87217712402344,,,7.579999923706055,502.1981201171875,
2026-05-29,,,,827.0,,,43.650001525878906,27.0,,,148.0,,68.81999969482422,82.62999725341797,,171.5,,384.239990234375,163.0,,,,93.6999969482422,52.09999847412109,316.5,204.5,97.6068115234375,,,17.18000030517578,0.449999988079071,,164.62403869628906,,261.5,261.5,24.600000381469727,,,158.0,7.605261325836182,,,95.0,222.0,136.0,,,371.2000122070313,3.0,58.0,,,24.899999618530277,158.60000610351562,,25.59000015258789,310.0,45.31999969482422,,,,62.0,7.034999847412109,52.0,,66.04000091552734,,,,16.299999237060547,,1300.0,863.0,697.6539916992188,148.74000549316406,,,84.0,68.80000305175781,237.0,,748.0,17.200000762939453,10.449999809265137,166.5500030517578,83.3499984741211,0.0678000003099441,156.0,,,513.4000244140625,,43.41999816894531,,,,,2900.0,,,240.0,302.57586669921875,,38.400001525878906,203.0,229.0935516357422,240.0,141.0,,77.41999816894531,,70.16999816894531,,,,74.5,,62.20000076293945,,23.07149887084961,1629.7650146484375,95.11000061035156,153.5,,179.39999389648438,265.0,,270.0,10.699999809265137,,,,,180.3500061035156,56.79999923706055,,1.184999942779541,21.34000015258789,,,,49.243125915527344,,480.0,,,95500.0,9305.0,9435.0,,,893.4515991210938,13.298558235168455,93.34613800048828,94.63999938964844,,,107.0,,,77.80000305175781,,700.0,,,,355.0,143.1999969482422,,,,150.6944122314453,30.299999237060547,769.830322265625,5.954724311828613,,,38.86000061035156,32.400001525878906,85.83055877685547,79.44000244140625,69.0,,3.049999952316284,35.91912841796875,,117.81999969482422,118.83999633789062,,41.15212631225586,,172.10418701171875,,,,150.5,217.7626953125,13.5,,,,,,,,,,,,,,,,,,,,,,,,,,,,,,,,,,,,,,,,,,,,,,,,,,,,,,,,,,,,,,,,,,,,,,,,,,,,62.99370956420898,,827.2000122070312,,443.0,,,,148.8000030517578,,,,,,,,,,,,,,,,,,,,,,,,,,,,,,,,,,,,,,,,,,,,,,,50.0,1206.0,3.309999942779541,,,336.6000061035156,,,329.29998779296875,26.299999237060547,16.299999237060547,256.5,255.0,264.0,263.3999938964844,,,,,65.5999984741211,83.69999694824219,99.5999984741211,127.5999984741211,,,81.80000305175781,,,,641.0,88.87999725341797,12.079999923706056,153.3000030517578,49.59999847412109,105.0,,,850.7999877929688,28.850000381469727,85.16442108154297,190.94000244140625,,202.63198852539065,,,130.89999389648438,,39.59999847412109,,,22.86000061035156,117.6999969482422,117.5999984741211,,32.0,,94.72000122070312,19.0,43.119998931884766,,,8.369999885559082,296.0,19.276750564575195,,155.39999389648438,67.55000305175781,,,50.20000076293945,184.3999938964844,,,,341.19000244140625,129.8000030517578,131.0,55.29999923706055,,,,,37.09999847412109,216.1999969482422,42.59999847412109,,822.0,,,15.149999618530272,159.0,,19.739999771118164,,10.600000381469728,19.76499938964844,,74.60944366455078,148.60000610351562,40.0,1945.0,,,90.14485931396484,23.5,346.1244506835937,20.979999542236328,,,,64.5999984741211,,49.83333206176758,2130.0,557.0,13542.66015625,243.24888610839844,,,,,,,,77.6500015258789,78.55000305175781,33.475975036621094,,16.56999969482422,41.20000076293945,,23.600000381469727,,,172.4600067138672,,52.09999847412109,,,,209.5,8.81855583190918,,,,,,42.290000915527344,20.13999938964844,211.77999877929688,,4.130000114440918,,6.059999942779541,1255.3936767578125,0.6000000238418579,,118.8000030517578,,,49.29999923706055,,,,,,,76.8499984741211,47.5,,,7.460000038146973,497.3877868652344,
2026-06-30,,,,910.0,,,48.75,26.5,,,136.3000030517578,,53.97999954223633,92.68000030517578,,195.0,,399.55999755859375,154.0,,,,100.0,53.400001525878906,318.0,142.39999389648438,113.6063003540039,,,19.540000915527344,0.3600000143051147,,181.82720947265625,,301.0,303.5,23.600000381469727,,,122.1999969482422,7.050000190734863,,,94.5999984741211,231.0,117.86000061035156,,,409.0,2.9600000381469727,55.20000076293945,,,22.200000762939453,154.60000610351562,,27.815000534057617,276.0,47.77000045776367,,,,62.20000076293945,8.760000228881836,52.20000076293945,,76.69999694824219,,,,16.219999313354492,,1320.0,881.0,677.6093139648438,150.67999267578125,,,82.5999984741211,66.4000015258789,250.0,,744.0,16.850000381469727,9.420000076293944,183.8999938964844,84.30000305175781,0.06700000166893,144.5,,,539.7999877929688,543.7999877929688,41.900001525878906,,,,,3420.0,,,238.0,283.781005859375,,41.400001525878906,208.6000061035156,236.0,236.5,135.60000610351562,,72.87999725341797,,82.33999633789062,,,,72.0,,71.30000305175781,,25.1671142578125,1274.0,108.0,153.0,,172.60000610351562,262.0,,226.5,11.100000381469728,,,,,195.9499969482422,42.84999847412109,,1.2799999713897705,19.299999237060547,,,,43.29999923706055,,464.0,,,96000.0,9400.0,9445.0,,,968.3218994140624,12.522000312805176,74.4998550415039,74.91999816894531,,,110.1999969482422,,,82.80000305175781,,728.0,194.6000061035156,,,347.5,136.0,,,,238.8477478027344,31.100000381469727,944.6486206054688,6.099999904632568,,,41.02000045776367,30.799999237060547,75.35247039794922,83.08000183105469,59.15999984741211,,2.950000047683716,33.079673767089844,,126.58000183105467,126.9000015258789,,39.59999847412109,,155.27879333496094,,,,151.0,146.3577423095703,14.699999809265137,,,,,,,,,,,,,,,,,,,,,,,,,,,,,,,,,,,,,,,,,,,,,,,,,,,,,,,,,,,,,,,,,,,,,,,,,,,,63.78113555908203,,662.2000122070312,,436.0,,,,144.10000610351562,,,,,,,,,,,,,,,,,,,,,,,,,,,,,,,,,,,,,,,,,,,,,,,48.400001525878906,931.5,2.970000028610229,,,339.20001220703125,,,332.79998779296875,27.26000022888184,15.699999809265137,257.0,258.5,268.0,269.20001220703125,,,,,73.12000274658203,80.69999694824219,99.1999969482422,133.1999969482422,,,70.80000305175781,,,,642.0,93.72000122070312,13.529999732971191,166.75,55.29999923706055,105.8000030517578,,,889.5999755859375,25.700000762939453,87.19999694824219,202.69000244140625,,192.1000061035156,,137.60000610351562,131.89999389648438,,37.900001525878906,,,23.239999771118164,128.5,127.9499969482422,,31.700000762939453,,106.4000015258789,18.899999618530277,40.20000076293945,,,7.800000190734863,295.0,16.631114959716797,,161.8000030517578,66.0999984741211,,,50.59999847412109,184.5,,,,333.5899963378906,124.5999984741211,126.8000030517578,59.81999969482422,,,,,40.22999954223633,197.6000061035156,39.25,,786.0,,,13.800000190734863,160.8000030517578,162.60000610351562,18.020000457763672,,10.600000381469728,19.3700008392334,,65.33999633789062,151.39999389648438,40.5,1965.0,,,92.0902099609375,18.549999237060547,360.3487243652344,23.63999938964844,,,,62.400001525878906,,52.51666641235352,2100.0,598.5999755859375,14193.919921875,231.2417755126953,,,,,,,,83.0,82.9000015258789,31.831714630126957,,14.899999618530272,40.400001525878906,,21.25,,6.793200492858887,157.66000366210938,,54.59999847412109,,,,212.0,9.300000190734863,,,,,,43.130001068115234,17.450000762939453,198.27999877929688,,3.559999942779541,,5.829999923706055,1585.37158203125,0.6100000143051147,,108.0,,,54.0,,,,,,,75.6500015258789,44.06999969482422,,,6.840000152587891,455.0569152832031,
2026-07-31,,,,840.0,,,51.09999847412109,26.600000381469727,,,133.89999389648438,,55.0,101.4000015258789,,226.0,,412.8999938964844,136.8000030517578,,,,99.6999969482422,51.900001525878906,316.0,139.1999969482422,106.6500015258789,,,15.31999969482422,0.3580000102519989,,186.06707763671875,,296.0,298.5,24.0,,,117.4000015258789,9.149999618530272,,,89.80000305175781,229.5,113.81999969482422,,,326.3999938964844,2.8399999141693115,58.0,,,20.399999618530277,137.39999389648438,,28.875,278.5,52.59999847412109,,,,67.0,9.81999969482422,58.09999847412109,,86.8499984741211,,,,16.079999923706055,,1310.0,868.0,799.3442993164062,134.02000427246094,,,83.0,68.4000015258789,237.0,,912.0,17.100000381469727,9.81999969482422,175.75,85.94999694824219,0.065600000321865,156.5,,,532.2000122070312,533.4000244140625,51.75,,,,,3230.0,,,240.0,280.6734924316406,,27.799999237060547,216.8000030517578,250.5,252.0,132.0,,73.33999633789062,,68.91999816894531,,,,57.9900016784668,,64.0,53.0,26.552684783935547,1352.0,74.79000091552734,152.0,,172.1999969482422,260.5,,238.0,10.899999618530272,,,,,205.6999969482422,52.20000076293945,,1.2200000286102295,22.65999984741211,,,,45.650001525878906,,506.0,,,95100.0,9320.0,9380.0,,,928.3910522460938,13.050000190734863,80.73604583740234,83.45999908447266,,,111.4000015258789,,,87.80000305175781,,791.0,192.8000030517578,,,349.5,132.0,,,,160.67999267578125,33.79999923706055,731.5,6.199999809265137,,,35.41999816894531,31.200000762939453,75.08302307128906,81.01000213623047,57.91999816894531,,,33.97518539428711,,126.5999984741211,126.66000366210938,,39.900001525878906,,159.66282653808594,,,,140.5,126.41999816894533,14.31999969482422,,,,,,,,,,,,,,,,,,,,,,,,,,,,,,,,,,,,,,,,,,,,,,,,,,,,,,,,,,,,,,,,,,,,,,,,,,,,63.59999847412109,,672.0,,434.0,,,,146.0,,,,,,,,,,,,,,,,,,,,,,,,,,,,,,,,,,,,,,,,,,,,,,,49.59999847412109,1082.800048828125,3.039999961853028,,,358.6000061035156,,,353.6000061035156,20.920000076293945,14.15999984741211,247.5,250.0,254.6000061035156,256.0,,,,,65.76000213623047,73.0,102.0,132.0,,,75.75,,,,650.0,95.77999877929688,14.6899995803833,181.8500061035156,58.5,105.4000015258789,,,954.7999877929688,25.549999237060547,66.05000305175781,238.6999969482422,,220.0,,90.4800033569336,131.8000030517578,4.0,41.880001068115234,,,24.479999542236328,134.85000610351562,135.25,,34.599998474121094,,99.87999725341795,18.5,42.68000030517578,,,8.789999961853027,349.0,18.875999450683597,,186.1000061035156,66.94999694824219,,,51.79999923706055,164.0,,,,246.5500030517578,138.1999969482422,140.39999389648438,56.369998931884766,,,,,42.709999084472656,180.3000030517578,36.09999847412109,,803.0,,,13.0,158.0,161.39999389648438,18.920000076293945,,11.699999809265137,19.31999969482422,,68.5999984741211,154.8000030517578,42.70000076293945,1945.0,,,89.91539764404297,16.850000381469727,385.2000122070313,27.200000762939453,,,,67.69999694824219,,52.79999923706055,2220.0,615.7999877929688,14346.1396484375,249.68197631835935,,,,,,,,72.8499984741211,73.44999694824219,32.58000183105469,,22.5,45.20000076293945,116.99972534179688,24.200000762939453,,12.023964881896973,157.66000366210938,,55.380001068115234,,,,211.5,9.25,,,,,,40.02000045776367,15.949999809265137,215.3999938964844,,3.839999914169312,,5.110000133514404,1364.0,0.574999988079071,,130.60000610351562,,,48.34000015258789,,,,,,,74.80000305175781,46.25,,,7.300000190734863,483.0,
2026-08-31,,,,855.0,,,55.900001525878906,24.799999237060547,,,125.1999969482422,,57.220001220703125,101.83999633789062,,236.0,,406.8999938964844,131.1999969482422,,,,96.9000015258789,63.5,316.0,151.1999969482422,107.0,,,14.079999923706056,0.2660000026226043,,187.28543090820312,,271.0,267.5,23.600000381469727,,,127.4000015258789,10.859999656677246,,,88.6500015258789,221.5,147.6999969482422,,,332.0,2.759999990463257,59.0,,,19.0,133.8000030517578,,33.04999923706055,273.0,52.59999847412109,,,,65.9000015258789,10.899999618530272,57.79999923706055,,90.4499969482422,,,,16.0,,1330.0,841.0,790.0,138.4600067138672,,,83.80000305175781,69.5999984741211,208.8000030517578,,973.0,17.0,12.0,167.89999389648438,83.0999984741211,0.0768000036478042,159.0,,,570.2000122070312,574.2000122070312,56.09999847412109,,,,,3282.0,,,230.0,277.1263732910156,,48.70000076293945,214.3999938964844,233.5,237.0,126.8000030517578,,71.04000091552734,,83.44999694824219,,,,53.5099983215332,,66.19999694824219,52.29999923706055,26.924999237060547,1608.0,72.77999877929688,146.5,,159.60000610351562,257.5,,258.5,10.600000381469728,,,,,215.8000030517578,76.5999984741211,,1.3300000429153442,19.600000381469727,,,,46.45000076293945,,549.0,,,90200.0,8755.0,8765.0,,,940.0,12.0,78.09992980957031,80.04000091552734,,,115.5999984741211,,,89.0999984741211,,875.0,191.0,,,342.5,126.1999969482422,,,,171.44000244140625,34.400001525878906,760.0999755859375,6.449999809265137,,,36.060001373291016,31.0,101.86703491210938,78.81999969482422,66.20999908447266,,,31.298534393310547,,123.26000213623048,123.16000366210938,,39.59999847412109,,176.16036987304688,,,,145.0,150.3000030517578,14.18000030517578,,,,,,,,,,,,,,,,,,,,,,,,,,,,,,,,,,,,,,,,,,,,,,,,,,,,,,,,,,,,,,,,,,,,,,,,,,,,60.59999847412109,,732.7999877929688,,431.0,,,,145.39999389648438,,,,,,,,,,,,,,,,,,,,,,,,,,,,,,,,,,,,,,,,,,,,,,,47.900001525878906,1040.0,3.055000066757202,,,360.3999938964844,,9.277000427246094,352.79998779296875,19.1200008392334,14.920000076293944,257.0,258.5,263.0,264.3999938964844,,,,,67.91999816894531,81.0,102.0,134.8000030517578,,,72.4000015258789,,,,656.0,92.76000213623048,13.68000030517578,192.0500030517578,64.69999694824219,104.8000030517578,,,919.0,32.25,66.44999694824219,265.20001220703125,,232.1999969482422,,115.0199966430664,124.9000015258789,3.5,41.86000061035156,,,29.84000015258789,140.5500030517578,141.0500030517578,,34.099998474121094,,93.9000015258789,17.899999618530273,42.619998931884766,,,9.505000114440918,360.0,21.059999465942383,,197.6000061035156,74.4000015258789,,,51.0,162.5,,,,280.25,163.0,166.0,61.4900016784668,,,,,44.33000183105469,187.3999938964844,36.75,,766.0,5.005000114440918,5.007999897003174,12.949999809265137,149.60000610351562,152.39999389648438,21.549999237060547,,10.600000381469728,18.899999618530277,,71.45999908447266,179.1999969482422,42.0,1925.0,,,83.97000122070312,13.0,397.7999877929688,22.200000762939453,,,,72.5999984741211,,53.20000076293945,2190.0,592.5999755859375,14286.4296875,257.70001220703125,,,,,,,,72.75,73.05000305175781,33.09000015258789,,24.059999465942383,42.79999923706055,164.38999938964844,23.549999237060547,,16.672000885009766,160.0,,58.560001373291016,,,,198.3999938964844,9.0,,,,,,35.66999816894531,18.25,215.8999938964844,,4.650000095367432,,5.340000152587891,1360.0,0.6299999952316284,,128.0,,,45.619998931884766,,,,,,,75.5999984741211,48.025001525878906,,,7.139999866485596,511.0,
