Rank,Ticker,Name,Return (%),Risk,Industry,Sector,Rating
1,1545.HK,Design Capital Limited,114.93,0.279,,,
2,1184.HK,S.A.S. Dragon Holdings Limited,120.94,0.291,,,
3,0900.HK,AEON Credit Service (Asia) Company Limited,37.63,0.12,,,
4,0002.HK,CLP Holdings Limited,29.79,0.098,,,
5,0536.HK,Tradelink Electronic Commerce Limited,23.94,0.091,,,
6,2315.HK,"Biocytogen Pharmaceuticals (Beijing) Co., Ltd.",121.69,0.357,,,
7,9879.HK,Migao Group Holdings Limited,51.66,0.185,,,
8,1362.HK,SiS Mobile Holdings Limited,108.7,0.338,,,
9,0995.HK,Anhui Expressway Company Limited,51.96,0.204,,,
10,0064.HK,Get Nice Holdings Limited,34.23,0.147,,,
11,3808.HK,Sinotruk (Hong Kong) Limited,98.18,0.361,,,
12,1161.HK,Water Oasis Group Limited,62.23,0.254,,,
13,1398.HK,Industrial and Commercial Bank of China Limited,45.62,0.198,,,
14,0019.HK,Swire Pacific Limited,81.43,0.322,,,
15,2885.HK,Peiport Holdings Ltd.,44.93,0.202,,,
16,0005.HK,HSBC Holdings plc,65.5,0.279,,,
17,1832.HK,S.A.I. Leisure Group Company Limited,120.49,0.445,,,
18,8502.HK,Ocean Line Port Development Limited,40.69,0.192,,,
19,0945.HK,Manulife Financial Corporation,47.23,0.219,,,
20,2569.HK,Soft International Group Ltd.,93.64,0.387,,,
21,0408.HK,Yip's Chemical Holdings Limited,54.39,0.258,,,
22,1187.HK,"Cofoe Medical Technology Co.,Ltd.",77.68,0.346,,,
23,2388.HK,BOC Hong Kong (Holdings) Limited,61.41,0.288,,,
24,6193.HK,Tailam Tech Construction Holdings Limited,114.13,0.469,,,
25,1038.HK,CK Infrastructure Holdings Limited,37.03,0.192,,,
26,1927.HK,Jiujiuwang Food International Limited,112.57,0.473,,,
27,2116.HK,Jiangsu Innovative Ecological New Materials Limited,64.93,0.314,,,
28,0901.HK,"Shenzhen SDMC Technology Co., Ltd.",113.34,0.482,,,
29,1070.HK,TCL Electronics Holdings Limited,84.75,0.391,,,
30,0006.HK,Power Assets Holdings Limited,30.42,0.167,,,
31,2129.HK,Legion Consortium Limited,97.66,0.438,,,
32,2888.HK,Standard Chartered PLC,69.81,0.343,,,
33,0113.HK,Dickson Concepts (International) Limited,28.25,0.159,,,
34,0178.HK,Sa Sa International Holdings Limited,86.75,0.411,,,
35,1925.HK,Kwung's Aroma Holdings Limited,39.82,0.218,,,
36,0987.HK,China Renewable Energy Investment Limited,76.28,0.373,,,
37,3698.HK,Huishang Bank Corporation Limited,79.45,0.393,,,
38,8270.HK,China CBM Group Company Limited,104.37,0.485,,,
39,8049.HK,Jilin Province Huinan Changlong Bio-pharmacy Company Limited,24.72,0.148,,,
40,8616.HK,Sunray Engineering Group Limited,110.42,0.515,,,
41,0270.HK,Guangdong Investment Limited,40.21,0.23,,,
42,0645.HK,Ares Asia Limited,61.85,0.333,,,
43,0293.HK,Cathay Pacific Airways Limited,57.01,0.314,,,
44,0794.HK,Come Sure Group (Holdings) Limited,95.02,0.475,,,
45,1837.HK,Natural Food International Holding Limited,96.71,0.491,,,
46,82388.HK,BOC Hong Kong (Holdings) Limited,48.87,0.285,,,
47,1615.HK,AB Builders Group Limited,95.09,0.487,,,
48,1650.HK,Hygieia Group Limited,76.43,0.414,,,
49,1319.HK,Oi Wah Pawnshop Credit Holdings Limited,30.11,0.191,,,
50,0001.HK,CK Hutchison Holdings Limited,50.81,0.301,,,
51,0133.HK,China Merchants China Direct Investments Limited,84.56,0.457,,,
52,6288.HK,"Fast Retailing Co., Ltd.",67.92,0.388,,,
53,2457.HK,Buyang International Holding Inc,59.13,0.348,,,
54,3296.HK,"Huaqin Co., Ltd.",103.33,0.538,,,
55,2502.HK,"Henan Jinyuan Hydrogenated Chemicals Co., Ltd.",91.46,0.492,,,
56,0087.HK,Swire Pacific Limited,44.13,0.275,,,
57,0687.HK,Tysan Holdings Limited,20.29,0.139,,,
58,6699.HK,Angelalign Technology Inc.,70.69,0.41,,,
59,2139.HK,"Bank of Gansu Co., Ltd.",68.82,0.403,,,
60,3773.HK,Yinsheng Digifavor Company Limited,78.41,0.451,,,
61,1277.HK,Kinetic Development Group Limited,116.28,0.607,,,
62,2356.HK,Dah Sing Banking Group Limited,69.8,0.414,,,
63,0857.HK,PetroChina Company Limited,64.31,0.39,,,
64,0114.HK,Herald Holdings Limited,30.27,0.207,,,
65,1088.HK,China Shenhua Energy Company Limited,39.35,0.264,,,
66,2789.HK,Yuanda China Holdings Limited,80.75,0.484,,,
67,1947.HK,"Meihao Medical Group Co., Ltd",75.36,0.46,,,
68,1581.HK,Progressive Path Group Holdings Limited,114.41,0.631,,,
69,8042.HK,KOS International Talent Group Limited,117.39,0.643,,,
70,2031.HK,Ausupreme International Holdings Limited,57.08,0.37,,,
71,1451.HK,MS Group Holdings Limited,72.56,0.455,,,
72,8040.HK,Coolpoint Innonism Holding Limited,103.17,0.596,,,
73,0998.HK,China CITIC Bank Corporation Limited,40.08,0.281,,,
74,1284.HK,New Media Lab Limited,48.03,0.328,,,
75,1866.HK,China XLX Fertiliser Ltd.,63.88,0.425,,,
76,0215.HK,Hutchison Telecommunications Hong Kong Holdings Limited,11.09,0.089,,,
77,0034.HK,Kowloon Development Company Limited,46.95,0.332,,,
78,3877.HK,CSSC (Hong Kong) Shipping Company Limited,37.98,0.279,,,
79,0626.HK,Public Financial Holdings Limited,44.32,0.321,,,
80,1752.HK,Top Education Group Ltd,44.92,0.327,,,
81,2319.HK,China Mengniu Dairy Company Limited,30.95,0.24,,,
82,2189.HK,Kato (Hong Kong) Holdings Limited,14.47,0.121,,,
83,0322.HK,Tingyi (Cayman Islands) Holding Corp.,42.4,0.321,,,
84,3348.HK,China PengFei Group Limited,32.02,0.254,,,
85,2530.HK,Numans Health Food Holdings Company Limited,31.74,0.254,,,
86,1975.HK,Sun Hing Printing Holdings Limited,33.81,0.269,,,
87,8241.HK,Ying Kee Tea House Group Limited,82.48,0.572,,,
88,0883.HK,CNOOC Limited,49.26,0.379,,,
89,0440.HK,Dah Sing Financial Holdings Limited,51.93,0.397,,,
90,0669.HK,Techtronic Industries Company Limited,52.04,0.399,,,
91,1288.HK,Agricultural Bank of China Limited,33.8,0.278,,,
92,2628.HK,China Life Insurance Company Limited,61.52,0.462,,,
93,0738.HK,Le Saunda Holdings Limited,60.51,0.458,,,
94,6636.HK,"Shandong Extreme Vision Technology Co., Ltd.",109.64,0.725,,,
95,2317.HK,Vedan International (Holdings) Limited,21.07,0.183,,,
96,1997.HK,Wharf Real Estate Investment Company Limited,61.36,0.464,,,
97,0066.HK,MTR Corporation Limited,35.66,0.295,,,
98,8200.HK,Sau San Tong Holdings Limited,46.06,0.368,,,
99,1182.HK,Success Dragon International Holdings Limited,65.7,0.493,,,
100,2263.HK,Fu Shek Financial Holdings Limited,35.31,0.295,,,
101,8668.HK,Ying Hai Group Holdings Company Limited,38.9,0.325,,,
102,1171.HK,Yankuang Energy Group Company Limited,61.26,0.476,,,
103,1452.HK,Denox Environmental & Technology Holdings Limited,83.93,0.611,,,
104,1737.HK,A & S Group (Holdings) Limited,67.41,0.522,,,
105,2416.HK,Edianyun Limited,85.63,0.63,,,
106,1340.HK,Huisheng International Holdings Limited,50.36,0.414,,,
107,1205.HK,CITIC Resources Holdings Limited,44.02,0.37,,,
108,1202.HK,Chengdu SIWI Science and Technology Company Limited,117.57,0.803,,,
109,1579.HK,Yihai International Holding Ltd.,41.94,0.359,,,
110,1440.HK,Star Shine Holdings Group Limited,87.47,0.657,,,
111,0966.HK,China Taiping Insurance Holdings Company Limited,76.18,0.59,,,
112,0104.HK,Asia Commercial Holdings Limited,12.91,0.125,,,
113,0426.HK,One Media Group Limited,120.16,0.844,,,
114,0655.HK,Hongkong Chinese Limited,57.26,0.482,,,
115,2321.HK,Swang Chai Chuan Limited,24.25,0.23,,,
116,1113.HK,CK Asset Holdings Limited,30.39,0.282,,,
117,0130.HK,Moiselle International Holdings Limited,41.4,0.37,,,
118,8432.HK,Bar Pacific Group Holdings Limited,68.22,0.562,,,
119,2159.HK,Mediwelcome Healthcare Management & Technology Inc.,64.87,0.54,,,
120,2638.HK,HK Electric Investments and HK Electric Investments Limited,14.12,0.141,,,
121,2700.HK,Green International Holdings Limited,22.76,0.22,,,
122,0038.HK,First Tractor Company Limited,60.52,0.514,,,
123,8311.HK,Perfect Optronics Limited,122.93,0.892,,,
124,2630.HK,"Vigonvita Life Sciences Co., Ltd.",105.87,0.803,,,
125,9869.HK,Helens International Holdings Company Limited,72.41,0.604,,,
126,1898.HK,China Coal Energy Company Limited,51.41,0.458,,,
127,1213.HK,Mobicon Group Limited,65.26,0.559,,,
128,2314.HK,Lee & Man Paper Manufacturing Limited,66.97,0.571,,,
129,2637.HK,"Fujian Haixi Pharmaceuticals Co., Ltd.",117.85,0.882,,,
130,1767.HK,TS Wonders Holding Limited,17.67,0.181,,,
131,1871.HK,China Oriented International Holdings Limited,54.88,0.493,,,
132,0737.HK,Shenzhen Investment Holdings Bay Area Development Company Limited,12.9,0.135,,,
133,80883.HK,CNOOC Limited,39.0,0.371,,,
134,9689.HK,JTF International Holdings Limited,73.38,0.626,,,
135,2420.HK,Zibuyu Group Limited,38.25,0.366,,,
136,3339.HK,Lonking Holdings Limited,37.67,0.363,,,
137,3396.HK,Legend Holdings Corporation,122.75,0.93,,,
138,0610.HK,Wai Kee Holdings Limited,25.59,0.261,,,
139,0316.HK,Orient Overseas (International) Limited,37.18,0.365,,,
140,0353.HK,Energy International Investments Holdings Limited,30.03,0.304,,,
141,6083.HK,World-Link Logistics (Asia) Holding Limited,81.62,0.703,,,
142,1208.HK,MMG Limited,69.34,0.62,,,
143,1490.HK,AI X Tech Inc.,38.89,0.386,,,
144,0808.HK,Prosperity Real Estate Investment Trust,10.81,0.12,,,
145,1538.HK,Zhong Ao Home Group Limited,56.53,0.531,,,
146,1977.HK,Analogue Holdings Limited,17.69,0.191,,,
147,1364.HK,Guming Holdings Limited,30.78,0.316,,,
148,8370.HK,Zhi Sheng Group Holdings Limited,62.89,0.582,,,
149,0398.HK,Oriental Watch Holdings Limited,6.68,0.076,,,
150,1330.HK,"Dynagreen Environmental Protection Group Co., Ltd.",25.13,0.266,,,
151,8065.HK,KML Technology Group Limited,25.98,0.274,,,
152,0315.HK,SmarTone Telecommunications Holdings Limited,12.36,0.138,,,
153,1009.HK,International Entertainment Corporation,32.02,0.334,,,
154,0267.HK,CITIC Limited,26.67,0.289,,,
155,0111.HK,Cinda International Holdings Limited,123.79,1.021,,,
156,8100.HK,Famous Tech International Holdings Limited,97.82,0.863,,,
157,1112.HK,Health and Happiness (H&H) International Holdings Limited,81.95,0.755,,,
158,0257.HK,China Everbright Environment Group Limited,20.63,0.235,,,
159,0016.HK,Sun Hung Kai Properties Limited,44.68,0.469,,,
160,6823.HK,HKT Trust and HKT Limited,16.34,0.191,,,
161,8416.HK,HM International Holdings Limited,60.26,0.605,,,
162,8229.HK,Future Data Group Limited,93.53,0.854,,,
163,1903.HK,JBB Builders International Limited,82.46,0.777,,,
164,2678.HK,Texhong International Group Limited,41.82,0.447,,,
165,2729.HK,"Zhejiang Galaxis Technology Group Co., Ltd.",42.82,0.459,,,
166,1496.HK,AP Rentals Holdings Limited,20.56,0.241,,,
167,2136.HK,Lifestyle China Group Limited,70.53,0.699,,,
168,2535.HK,WK Group (Holdings) Limited,98.08,0.902,,,
169,6693.HK,Chifeng Jilong Gold Mining Group Limited,76.2,0.744,,,
170,8309.HK,Man Shing Global Holdings Limited,30.11,0.347,,,
171,1891.HK,Heng Hup Holdings Limited,34.9,0.396,,,
172,2613.HK,"Contiocean Environment Tech Group Co., Ltd.",15.93,0.195,,,
173,1408.HK,Macau E&M Holding Limited,83.48,0.818,,,
174,1235.HK,Travel Expert (Asia) Enterprises Limited,12.86,0.161,,,
175,6993.HK,Blue Moon Group Holdings Limited,24.38,0.291,,,
176,1221.HK,Sino Hotels (Holdings) Limited,27.37,0.324,,,
177,3968.HK,"China Merchants Bank Co., Ltd.",18.31,0.225,,,
178,2199.HK,Regina Miracle International (Holdings) Limited,42.94,0.482,,,
179,0369.HK,Wing Tai Properties Limited,35.18,0.406,,,
180,2108.HK,K2 F&B Holdings Limited,46.51,0.516,,,
181,6821.HK,"Asymchem Laboratories (Tianjin) Co., Ltd.",39.04,0.445,,,
182,8447.HK,MS Concept Limited,115.55,1.058,,,
183,1702.HK,Dongguang Chemical Limited,69.51,0.72,,,
184,1823.HK,Huayu Expressway Group Limited,58.41,0.629,,,
185,2198.HK,China Sanjiang Fine Chemicals Company Limited,84.1,0.84,,,
186,6805.HK,Kimou Environmental Holding Limited,42.6,0.484,,,
187,3668.HK,Yancoal Australia Ltd,48.65,0.542,,,
188,0472.HK,New Silkroad Holding Group Limited,117.61,1.089,,,
189,3388.HK,"Shenzhen Creality 3D Technology Co., Ltd.",104.59,1.002,,,
190,6058.HK,China Industrial Securities International Financial Group Limited,28.53,0.345,,,
191,8627.HK,Orange Tour Cultural Holding Limited,68.56,0.728,,,
192,3625.HK,"Shanghai FourSemi Semiconductor Co., Ltd.",121.38,1.12,,,
193,1731.HK,Prosperous Industrial (Holdings) Limited,8.93,0.117,,,
194,1179.HK,H World Group Limited,28.35,0.348,,,
195,0306.HK,Kwoon Chung Bus Holdings Limited,28.93,0.355,,,
196,0086.HK,Sun Hung Kai & Co. Limited,8.61,0.115,,,
197,1039.HK,Changyou International Group Limited,27.73,0.343,,,
198,1532.HK,China Partytime Culture Holdings Limited,39.98,0.474,,,
199,1986.HK,"Tsaker New Energy Tech Co., Limited",48.65,0.56,,,
200,3618.HK,"Chongqing Rural Commercial Bank Co., Ltd.",20.44,0.262,,,
201,6812.HK,Winson Holdings Hong Kong Limited,59.06,0.661,,,
202,0358.HK,Jiangxi Copper Company Limited,48.39,0.562,,,
203,8417.HK,Dadi Education Holdings Limited,33.85,0.416,,,
204,1420.HK,Chuan Holdings Limited,58.35,0.666,,,
205,8060.HK,Global Link Communications Holdings Limited,20.03,0.263,,,
206,0526.HK,Lisi Group (Holdings) Limited,51.95,0.615,,,
207,1960.HK,TBK & Sons Holdings Limited,98.67,1.024,,,
208,0676.HK,Pegasus International Holdings Limited,3.46,0.049,,,
209,0720.HK,Auto Italia Holdings Limited,120.68,1.19,,,
210,0725.HK,Perennial International Limited,39.09,0.489,,,
211,1072.HK,Dongfang Electric Corporation Limited,69.96,0.793,,,
212,0219.HK,Shun Ho Property Investments Limited,24.94,0.329,,,
213,8337.HK,Directel Holdings Limited,29.07,0.381,,,
214,1225.HK,Lerado Financial Group Company Limited,30.65,0.41,,,
215,8220.HK,Bingo Group Holdings Limited,32.58,0.434,,,
216,3393.HK,Wasion Holdings Limited,47.92,0.606,,,
217,1577.HK,"Quanzhou Huixin Micro-credit Co., Ltd.",22.76,0.316,,,
218,8280.HK,China Digital Video Holdings Limited,56.42,0.698,,,
219,1146.HK,Huicheng International Holdings Limited,70.71,0.843,,,
220,3699.HK,Everbright Grand China Assets Limited,15.59,0.226,,,
221,80016.HK,Sun Hung Kai Properties Limited,32.83,0.447,,,
222,8331.HK,P.B. Group Limited,41.74,0.552,,,
223,2057.HK,ZTO Express (Cayman) Inc.,18.82,0.273,,,
224,8152.HK,M&L Holdings Group Limited,30.05,0.417,,,
225,1425.HK,Justin Allen Holdings Limited,13.85,0.206,,,
226,8149.HK,Altus Holdings Limited,17.19,0.253,,,
227,3306.HK,JNBY Design Limited,24.29,0.347,,,
228,1792.HK,CMON Limited,105.45,1.181,,,
229,2670.HK,"Beijing Yunji Technology Co., Ltd.",106.06,1.187,,,
230,1134.HK,Kelfred Holdings Limited,77.75,0.94,,,
231,1283.HK,Accel Group Holdings Limited,26.38,0.378,,,
232,1416.HK,CTR Holdings Limited,48.72,0.647,,,
233,9998.HK,Kwan Yong Holdings Limited,44.69,0.602,,,
234,2481.HK,"SL Gemini Energy Co., Ltd",6.03,0.094,,,
235,3696.HK,InSilico Medicine Cayman TopCo,86.8,1.033,,,
236,8188.HK,GME Group Holdings Limited,20.53,0.303,,,
237,2529.HK,"Hollwin Urban Operation Service Group Co., Ltd",11.23,0.173,,,
238,0240.HK,Build King Holdings Limited,23.54,0.345,,,
239,8043.HK,Atlinks Group Limited,22.61,0.333,,,
240,0237.HK,"Safety Godown Company, Limited",12.71,0.197,,,
241,9858.HK,China Youran Dairy Group Limited,64.07,0.83,,,
242,2588.HK,BOC Aviation Limited,15.56,0.24,,,
243,1523.HK,Plover Bay Technologies Limited,28.03,0.415,,,
244,2788.HK,Chuangxin Industries Holdings Limited,57.25,0.771,,,
245,3330.HK,Lingbao Gold Group Company Ltd.,64.26,0.855,,,
246,0628.HK,Tong Tong AI Social Group Limited,72.41,0.94,,,
247,0659.HK,CTF Services Limited,17.73,0.279,,,
248,2571.HK,"Beijing Saimo Technology Co., Ltd.",14.95,0.241,,,
249,1059.HK,Kantone Holdings Limited,33.76,0.509,,,
250,2889.HK,PATEO CONNECT Technology (Shanghai) Corporation,75.61,1.003,,,
251,3822.HK,Sam Woo Construction Group Limited,72.73,0.974,,,
252,1483.HK,Net-A-Go Technology Company Limited,19.17,0.315,,,
253,8246.HK,Zhonghua Gas Holdings Limited,26.33,0.422,,,
254,2336.HK,Shuoao International Holdings Limited,32.78,0.514,,,
255,1673.HK,Huazhang Technology Holding Limited,24.74,0.399,,,
256,8227.HK,"Xi'an Haitian Antenna Technologies Co., Ltd.",66.9,0.938,,,
257,8436.HK,Takbo Group Holdings Limited,29.61,0.472,,,
258,6893.HK,Hin Sang Group (International) Holding Co. Ltd.,100.61,1.292,,,
259,3355.HK,FS.COM Limited,42.78,0.654,,,
260,9908.HK,"JiaXing Gas Group Co., Ltd.",10.84,0.188,,,
261,0026.HK,"China Motor Bus Company, Limited",6.12,0.109,,,
262,8512.HK,Hyfusin Group Holdings Limited,19.05,0.32,,,
263,0041.HK,Great Eagle Holdings Limited,15.39,0.262,,,
264,2883.HK,China Oilfield Services Limited,28.67,0.474,,,
265,8371.HK,Taste Gourmet Group Limited,12.2,0.219,,,
266,8162.HK,Loco Hong Kong Holdings Limited,38.7,0.628,,,
267,1348.HK,Quali-Smart Holdings Limited,60.17,0.912,,,
268,6667.HK,Mega Genomics Limited,1.07,0.02,,,
269,2350.HK,MTT Group Holdings Limited,63.15,0.961,,,
270,0083.HK,Sino Land Company Limited,16.67,0.3,,,
271,0071.HK,"Miramar Hotel and Investment Company, Limited",6.83,0.128,,,
272,1130.HK,China Environmental Resources Group Limited,23.36,0.413,,,
273,1729.HK,Time Interconnect Technology Limited,43.02,0.708,,,
274,1972.HK,Swire Properties Limited,19.87,0.358,,,
275,9916.HK,Xingye Wulian Service Group Co. Ltd.,12.04,0.224,,,
276,1258.HK,China Nonferrous Mining Corporation Limited,29.18,0.515,,,
277,8516.HK,Zhong Ying International Group Limited,72.85,1.116,,,
278,2483.HK,K Cash Corporation Limited,12.57,0.238,,,
279,1023.HK,Sitoy Group Holdings Limited,5.11,0.1,,,
280,0928.HK,King International Investment Limited,47.12,0.788,,,
281,0387.HK,Leeport (Holdings) Limited,17.37,0.325,,,
282,7788.HK,CSOP NVIDIA Daily (2x) Leveraged Product,48.62,0.815,,,
283,0164.HK,China Baoli Technologies Holdings Limited,19.06,0.358,,,
284,1845.HK,Weigang Environmental Technology Holding Group Limited,26.93,0.503,,,
285,0403.HK,Starlite Holdings Limited,20.0,0.387,,,
286,1995.HK,Ever Sunshine Services Group Limited,10.52,0.212,,,
287,0107.HK,Sichuan Expressway Group Company Limited,16.37,0.322,,,
288,2516.HK,FAR International Holdings Group Company Limited,30.2,0.565,,,
289,0575.HK,Regent Pacific Group Limited,63.14,1.059,,,
290,0261.HK,GBA Holdings Limited,33.12,0.616,,,
291,1957.HK,MBV International Limited,23.75,0.46,,,
292,2318.HK,"Ping An Insurance (Group) Company of China, Ltd.",17.43,0.348,,,
293,1027.HK,Asia Strategy Digit Technology Holdings Limited,51.0,0.903,,,
294,8282.HK,Gameone Holdings Limited,18.46,0.367,,,
295,0836.HK,China Resources Power Holdings Company Limited,14.69,0.299,,,
296,1123.HK,China-Hongkong Photo Products Holdings Limited,20.11,0.402,,,
297,0711.HK,Asia Allied Infrastructure Holdings Limited,6.38,0.135,,,
298,1455.HK,Fourace Industries Group Holdings Limited,12.06,0.255,,,
299,0251.HK,S E A Holdings Limited,5.05,0.111,,,
300,0621.HK,Taung Gold International Limited,41.61,0.799,,,
301,0008.HK,PCCW Limited,10.81,0.236,,,
302,1816.HK,"CGN Power Co., Ltd.",13.11,0.284,,,
303,1920.HK,Junwea Group (China) Company Limited,111.82,1.776,,,
304,2600.HK,Aluminum Corporation of China Limited,26.38,0.544,,,
305,1231.HK,Newton Resources Ltd,22.89,0.479,,,
306,0641.HK,CHTC Fong's International Company Limited,32.85,0.663,,,
307,6123.HK,YTO International Express and Supply Chain Technology Limited,20.55,0.438,,,
308,0145.HK,CCIAM Future Energy Limited,27.68,0.579,,,
309,0081.HK,China Overseas Grand Oceans Group Limited,29.71,0.625,,,
310,3268.HK,"MeiG Smart Technology Co., Ltd",40.45,0.825,,,
311,1087.HK,InvesTech Holdings Limited,110.43,1.839,,,
312,1245.HK,"Niraku GC Holdings, Inc.",18.98,0.421,,,
313,2265.HK,Hongcheng Environmental Technology Company Limited,30.54,0.648,,,
314,1956.HK,"Beijing Zhongke WengeAI Science and Technology Co., Ltd.",92.56,1.621,,,
315,0088.HK,Tai Cheung Holdings Limited,9.51,0.221,,,
316,2648.HK,"Anjoy Foods Group Co., Ltd.",21.03,0.467,,,
317,0878.HK,Soundwill Holdings Limited,6.7,0.158,,,
318,8621.HK,Metropolis Capital Holdings Limited,39.06,0.815,,,
319,3300.HK,China Glass Holdings Limited,31.24,0.675,,,
320,9882.HK,Best Linking Group Holdings Limited,44.29,0.919,,,
321,0021.HK,Great China Holdings (Hong Kong) Limited,44.83,0.936,,,
322,1762.HK,Wanka Online Inc.,61.38,1.217,,,
323,0551.HK,Yue Yuen Industrial (Holdings) Limited,16.0,0.373,,,
324,3200.HK,"Shenzhen Han's CNC Technology Co., Ltd.",59.24,1.184,,,
325,2232.HK,Crystal International Group Limited,17.01,0.4,,,
326,2205.HK,Kangqiao Service Group Limited,68.1,1.35,,,
327,1768.HK,"Busy Ming Group Co., Ltd.",28.37,0.649,,,
328,1652.HK,Fusen Pharmaceutical Company Limited,35.63,0.794,,,
329,9886.HK,Dingdang Health Technology Group Ltd.,28.66,0.661,,,
330,6127.HK,"Joinn Laboratories(China)Co.,Ltd.",23.15,0.546,,,
331,3908.HK,China International Capital Corporation Limited,12.96,0.319,,,
332,2187.HK,Zhixin Group Holding Limited,40.07,0.907,,,
333,9901.HK,New Oriental Education & Technology Group Inc.,17.19,0.425,,,
334,0100.HK,MiniMax Group Inc.,76.58,1.556,,,
335,8092.HK,ITE (Holdings) Limited,14.23,0.359,,,
336,8079.HK,LIT Life Holdings Limited,40.55,0.938,,,
337,0116.HK,Chow Sang Sang Holdings International Limited,17.97,0.452,,,
338,9887.HK,"Nanjing Leads Biolabs Co., Ltd.",30.35,0.729,,,
339,1045.HK,APT Satellite Holdings Limited,35.96,0.848,,,
340,1162.HK,Lumina Group Limited,24.11,0.595,,,
341,1809.HK,Prinx Chengshan Holdings Limited,7.24,0.193,,,
342,8367.HK,Simplicity Holding Limited,54.22,1.218,,,
343,2698.HK,Softcare Limited,19.81,0.506,,,
344,3689.HK,"Guangdong Kanghua Healthcare Group Co., Ltd.",16.77,0.434,,,
345,1883.HK,CITIC Telecom International Holdings Limited,8.4,0.229,,,
346,1065.HK,Tianjin Capital Environmental Protection Group Company Limited,8.63,0.236,,,
347,0014.HK,Hysan Development Company Limited,12.41,0.338,,,
348,1672.HK,Ascletis Pharma Inc.,32.1,0.81,,,
349,8137.HK,Honbridge Holdings Limited,23.79,0.621,,,
350,0050.HK,Hong Kong Ferry (Holdings) Company Limited,4.16,0.118,,,
351,3860.HK,EPS Creative Health Technology Group Limited,22.14,0.586,,,
352,3750.HK,"Contemporary Amperex Technology Co., Limited",15.75,0.428,,,
353,2778.HK,Champion Real Estate Investment Trust,13.14,0.362,,,
354,6188.HK,"Beijing Digital Telecom Co., Ltd.",65.03,1.501,,,
355,1582.HK,CR Construction Group Holdings Limited,9.07,0.258,,,
356,3718.HK,Beijing Enterprises Urban Resources Group Limited,4.99,0.146,,,
357,0363.HK,Shanghai Industrial Holdings Limited,10.32,0.298,,,
358,1830.HK,Perfect Medical Health Management Limited,11.01,0.317,,,
359,6198.HK,"Qingdao Port International Co., Ltd.",9.38,0.277,,,
360,1785.HK,"Chengdu Expressway Co., Ltd.",3.3,0.1,,,
361,3302.HK,Kinergy Corporation Ltd.,17.22,0.497,,,
362,1763.HK,China Isotope & Radiation Corporation,11.29,0.335,,,
363,3708.HK,World Digital Economy Asset Group Limited,44.47,1.164,,,
364,6160.HK,BeOne Medicines AG,11.55,0.356,,,
365,8455.HK,Lai Group Holding Company Limited,68.84,1.743,,,
366,1592.HK,Anchorstone Holdings Limited,57.97,1.519,,,
367,2877.HK,China Shineway Pharmaceutical Group Limited,7.93,0.257,,,
368,2245.HK,"Lygend Resources & Technology Co., Ltd.",32.82,0.963,,,
369,2266.HK,Lai Si Enterprise Holding Limited,6.2,0.205,,,
370,1894.HK,Hang Yick Holdings Company Limited,22.95,0.708,,,
371,0372.HK,PT International Development Corporation Limited,42.15,1.215,,,
372,6601.HK,Cheerwin Group Limited,7.61,0.251,,,
373,0419.HK,Hony Media Group,29.51,0.893,,,
374,1932.HK,CPM Group Limited,28.14,0.863,,,
375,1655.HK,Okura Holdings Limited,23.72,0.75,,,
376,8123.HK,Sinofortune Financial Holdings Limited,88.53,2.281,,,
377,0823.HK,Link Real Estate Investment Trust,6.31,0.216,,,
378,0206.HK,"CM Energy Tech Co., Ltd.",48.91,1.438,,,
379,1299.HK,AIA Group Limited,7.35,0.254,,,
380,1431.HK,YuanShengTai Dairy Farm Limited,18.14,0.602,,,
381,0821.HK,Value Convergence Holdings Limited,23.82,0.775,,,
382,8072.HK,Langu Company Limited,19.78,0.656,,,
383,3839.HK,CPBIO Holding Company Limited,12.2,0.418,,,
384,6963.HK,Sunshine Insurance Group Company Limited,5.66,0.202,,,
385,9987.HK,"Yum China Holdings, Inc.",8.95,0.326,,,
386,8023.HK,Kwong Man Kee Group Limited,11.76,0.423,,,
387,8196.HK,Futian Holdings Limited,16.17,0.584,,,
388,6190.HK,"Bank of Jiujiang Co., Ltd.",14.26,0.519,,,
389,0635.HK,Playmates Holdings Limited,4.75,0.181,,,
390,2162.HK,Keymed Biosciences Inc.,13.38,0.501,,,
391,1093.HK,CSPC Pharmaceutical Group Limited,10.5,0.41,,,
392,2458.HK,Gala Technology Holding Limited,9.93,0.396,,,
393,8113.HK,V & V Technology Holdings Limited,11.62,0.463,,,
394,1389.HK,Major Holdings Limited,28.67,1.073,,,
395,0640.HK,Infinity Development Holdings Company Limited,4.64,0.192,,,
396,2886.HK,Binhai Investment Company Limited,3.62,0.154,,,
397,0525.HK,Guangshen Railway Company Limited,5.01,0.213,,,
398,2520.HK,"Shanxi Installation Group Co., Ltd.",8.86,0.374,,,
399,2656.HK,160 Health International Limited,38.63,1.459,,,
400,0184.HK,Keck Seng Investments (Hong Kong) Limited,3.98,0.172,,,
401,8056.HK,Life Concepts Holdings Limited,32.71,1.291,,,
402,3680.HK,Ruihe Data Technology Holdings Limited,9.52,0.433,,,
403,3833.HK,"Xinjiang Xinxin Mining Industry Co., Ltd.",21.28,0.921,,,
404,1159.HK,Smart Digital Technology Group Limited,17.02,0.75,,,
405,2039.HK,"China International Marine Containers (Group) Co., Ltd.",14.65,0.653,,,
406,3759.HK,"Pharmaron Beijing Co., Ltd.",11.21,0.508,,,
407,0351.HK,Asia Energy Logistics Group Limited,14.91,0.676,,,
408,8036.HK,eBroker Group Limited,10.67,0.494,,,
409,1200.HK,Midland Holdings Limited,10.12,0.477,,,
410,1772.HK,"Ganfeng Lithium Group Co., Ltd.",12.54,0.594,,,
411,0012.HK,Henderson Land Development Company Limited,8.21,0.397,,,
412,2328.HK,PICC Property and Casualty Company Limited,5.54,0.271,,,
413,0527.HK,China Ruifeng Renewable Energy Holdings Limited,9.7,0.468,,,
414,1658.HK,"Postal Savings Bank of China Co., Ltd.",3.96,0.196,,,
415,7366.HK,CSOP Tesla Daily (-2x) Inverse Product USD,16.37,0.775,,,
416,0896.HK,Hanison Construction Holdings Limited,4.88,0.243,,,
417,0619.HK,South China Financial Holdings Limited,12.56,0.621,,,
418,8347.HK,F8 Enterprises (Holdings) Group Limited,11.24,0.56,,,
419,3737.HK,Zhongzhi Pharmaceutical Holdings Limited,6.61,0.338,,,
420,2197.HK,"Clover Biopharmaceuticals, Ltd.",14.41,0.717,,,
421,1240.HK,CNQC International Holdings Limited,4.57,0.238,,,
422,8413.HK,Asia Grocery Distribution Limited,22.87,1.109,,,
423,1983.HK,"Luzhou Bank Co., Ltd.",5.32,0.281,,,
424,8419.HK,AV Promotions Holdings Limited,7.73,0.408,,,
425,3899.HK,CIMC Enric Holdings Limited,9.29,0.489,,,
426,1982.HK,Nameson Holdings Limited,8.86,0.477,,,
427,2285.HK,Chervon Holdings Limited,8.99,0.487,,,
428,6633.HK,Qingci Games Inc.,10.34,0.558,,,
429,0656.HK,Fosun International Limited,6.39,0.351,,,
430,0222.HK,Min Xin Holdings Limited,12.32,0.667,,,
431,0868.HK,Xinyi Glass Holdings Limited,5.83,0.328,,,
432,0433.HK,North Mining Shares Company Limited,11.43,0.656,,,
433,1355.HK,Biosysen Limited,6.96,0.407,,,
434,2378.HK,Prudential plc,4.89,0.297,,,
435,2865.HK,"Hainan Drinda New Energy Technology Co., Ltd.",17.92,1.037,,,
436,0919.HK,Modern Healthcare Technology Holdings Limited,6.11,0.378,,,
437,0842.HK,Leoch International Technology Limited,19.68,1.152,,,
438,8027.HK,KPM Holding Limited,9.88,0.605,,,
439,8018.HK,Finsoft Financial Investment Holdings Limited,12.12,0.739,,,
440,3363.HK,Zhengye International Holdings Company Limited,3.44,0.22,,,
441,1419.HK,Human Health Holdings Limited,2.18,0.144,,,
442,1797.HK,East Buy Holding Limited,9.95,0.639,,,
443,0822.HK,Ka Shui International Holdings Limited,4.89,0.328,,,
444,1270.HK,Langham Hospitality Investments Limited,4.32,0.291,,,
445,1314.HK,Tsui Wah Holdings Limited,4.13,0.282,,,
446,0751.HK,Skyworth Group Limited,10.45,0.697,,,
447,8536.HK,TL Natural Gas Holdings Limited,7.2,0.495,,,
448,2018.HK,AAC Technologies Holdings Inc.,6.37,0.441,,,
449,8062.HK,EFT Solutions Holdings Limited,5.2,0.364,,,
450,1168.HK,Z Fin Limited,16.26,1.123,,,
451,3398.HK,China Ting Group Holdings Limited,13.86,0.974,,,
452,8646.HK,China Hongguang Holdings Limited,8.32,0.6,,,
453,1071.HK,Huadian Power International Corporation Limited,4.67,0.346,,,
454,0392.HK,Beijing Enterprises Holdings Limited,4.34,0.323,,,
455,8406.HK,China Oral Industry Group Holdings Limited,12.0,0.872,,,
456,1164.HK,CGN Mining Company Limited,12.05,0.886,,,
457,7618.HK,"JINGDONG Industrials, Inc.",7.4,0.556,,,
458,0975.HK,Mongolian Mining Corporation,10.74,0.799,,,
459,6655.HK,"Huaxin Building Materials Group Co., Ltd.",5.63,0.451,,,
460,6816.HK,Prosper Construction Holdings Limited,5.98,0.487,,,
461,1237.HK,China Environmental Technology and Bioenergy Holdings Limited,11.5,0.936,,,
462,0334.HK,China Display Optoelectronics Technology Holdings Limited,5.8,0.495,,,
463,2611.HK,"Guotai Haitong Securities Co., Ltd.",3.05,0.268,,,
464,1955.HK,"Hong Kong Johnson Holdings Co., Ltd.",4.55,0.417,,,
465,7311.HK,CSOP Coinbase Daily (-2x) Inverse Product USD,10.74,0.997,,,
466,8226.HK,KOALA Financial Group Limited,4.21,0.404,,,
467,1884.HK,eprint Group Limited,4.36,0.431,,,
468,1948.HK,Uju Holding Limited,6.46,0.638,,,
469,3998.HK,Bosideng International Holdings Limited,3.09,0.314,,,
470,2691.HK,"Nanhua Futures Co., Ltd.",3.62,0.373,,,
471,6613.HK,"Lens Technology Co., Ltd.",7.61,0.792,,,
472,0505.HK,Xingye Alloy Materials Group Limited,2.74,0.294,,,
473,0941.HK,China Mobile Limited,1.64,0.178,,,
474,2399.HK,China Anchu Energy Storage Group Limited,6.03,0.646,,,
475,0156.HK,Lippo China Resources Limited,3.81,0.426,,,
476,2135.HK,Raily Aesthetic Medicine International Holdings Limited,3.87,0.449,,,
477,0817.HK,China Jinmao Holdings Group Limited,6.33,0.743,,,
478,0162.HK,Century Ginwa Retail Holdings Limited,6.77,0.817,,,
479,0255.HK,Lung Kee Group Holdings Limited,1.84,0.228,,,
480,1004.HK,China Smarter Energy Group Holdings Limited,9.6,1.225,,,
481,1775.HK,BExcellent Group Holdings Limited,4.58,0.615,,,
482,8412.HK,New Amante Group Limited,3.2,0.445,,,
483,2583.HK,"Shenzhen Hipine Precision Technology Co., Ltd.",7.23,1.025,,,
484,8341.HK,Aeso Holding Limited,4.64,0.681,,,
485,1935.HK,JH Educational Technology INC.,4.88,0.776,,,
486,8601.HK,Boltek Holdings Limited,1.29,0.21,,,
487,2182.HK,Tian Chang Group Holdings Ltd.,2.54,0.417,,,
488,2307.HK,Kam Hing International Holdings Limited,4.23,0.725,,,
489,0089.HK,Tai Sang Land Development Limited,1.39,0.255,,,
490,1571.HK,Xin Point Holdings Limited,0.68,0.129,,,
491,3366.HK,Overseas Chinese Town (Asia) Holdings Limited,3.39,0.636,,,
492,1100.HK,Mainland Headwear Holdings Limited,1.38,0.284,,,
493,1051.HK,G-Resources Group Limited,2.7,0.562,,,
494,1547.HK,IBI Group Holdings Limited,1.91,0.402,,,
495,6990.HK,"Sichuan Kelun-Biotech Biopharmaceutical Co., Ltd.",1.52,0.338,,,
496,0094.HK,Greenheart Group Limited,3.31,0.769,,,
497,1660.HK,Seven Elements Investment Holdings Limited,4.51,1.079,,,
498,1747.HK,Home Control International Limited,2.53,0.622,,,
499,8035.HK,Janco Holdings Limited,1.86,0.458,,,
500,1497.HK,"Xiamen Yan Palace Bird's Nest Industry Co., Ltd.",2.23,0.56,,,
501,3347.HK,"Hangzhou Tigermed Consulting Co., Ltd",1.98,0.535,,,
502,0175.HK,Geely Automobile Holdings Limited,1.77,0.491,,,
503,6600.HK,"OneRobotics (Shenzhen) Co., Ltd.",4.7,1.447,,,
504,3700.HK,Inkeverse Group Limited,4.11,1.295,,,
505,1808.HK,Enterprise Development Holdings Limited,2.9,0.933,,,
506,8245.HK,Canopy SkyFire Group Limited,2.06,0.727,,,
507,0983.HK,SOCAM Development Limited,1.25,0.466,,,
508,0131.HK,Cheuk Nang (Holdings) Limited,0.5,0.191,,,
509,0989.HK,China Changbaishan International Holdings Limited,1.33,0.511,,,
510,6158.HK,Zhenro Properties Group Limited,3.41,1.303,,,
511,2389.HK,Beijing Health (Holdings) Limited,0.85,0.331,,,
512,1796.HK,Metaspacex Limited,5.98,2.51,,,
513,1965.HK,Landsea Green Life Service Company Limited,0.32,0.154,,,
514,0856.HK,VSTECS Holdings Limited,0.53,0.337,,,
515,2579.HK,"CNGR Advanced Material Co., Ltd.",1.02,0.668,,,
516,1682.HK,Hang Pin Living Technology Company Limited,1.47,1.059,,,
517,8535.HK,Vistar Holdings Limited,0.74,0.65,,,
518,8095.HK,Beijing Beida Jade Bird Universal Sci-Tech Company Limited,0.88,0.825,,,
519,1378.HK,China Hongqiao Group Limited,0.47,0.464,,,
520,1629.HK,Champion Alliance International Holdings Limited,0.36,0.374,,,
521,2191.HK,SF Real Estate Investment Trust,0.09,0.145,,,
522,1870.HK,Green Power Group Limited,0.51,0.959,,,
523,1897.HK,Million Hope Industries Holdings Limited,0.09,0.238,,,
524,1909.HK,Fire Rock Holdings Limited,0.09,0.786,,,
525,0866.HK,China Qinfa Group Limited,-0.45,0.946,,,
526,0627.HK,Vision Synergy Holdings Limited,-0.42,0.833,,,
527,0723.HK,Reliance Global Holdings Limited,-0.53,0.783,,,
528,1260.HK,Wonderful Sky Financial Group Holdings Limited,-0.28,0.417,,,
529,2616.HK,CStone Pharmaceuticals,-0.65,0.783,,,
530,0224.HK,Pioneer Global Group Limited,-0.18,0.192,,,
531,6871.HK,"Robotphoenix Intelligent Technology Co., Ltd.",-1.13,1.178,,,
532,8357.HK,Republic Healthcare Limited,-1.06,1.033,,,
533,6088.HK,FIT Hon Teng Limited,-0.65,0.623,,,
534,1979.HK,Ten Pao Group Holdings Limited,-0.68,0.55,,,
535,2511.HK,"HighTide Therapeutics, Inc.",-0.86,0.668,,,
536,0513.HK,Continental Holdings Limited,-0.87,0.674,,,
537,3969.HK,China Railway Signal & Communication Corporation Limited,-0.48,0.226,,,
538,0611.HK,China Nuclear Energy Technology Corporation Limited,-0.86,0.377,,,
539,8087.HK,China 33 Group Limited,-2.8,1.208,,,
540,3322.HK,Win Hanverky Holdings Limited,-0.74,0.308,,,
541,8377.HK,Harbour Equine Holdings Limited,-1.53,0.593,,,
542,2507.HK,Cirrus Aircraft Limited,-1.7,0.641,,,
543,8262.HK,Super Strong Holdings Limited,-1.81,0.643,,,
544,1269.HK,China First Capital Group Limited,-1.41,0.479,,,
545,6099.HK,"China Merchants Securities Co., Ltd.",-1.0,0.329,,,
546,6675.HK,"SENASIC Electronics Technology Co., Ltd.",-3.99,1.337,,,
547,2272.HK,Keytop Parking Inc.,-1.9,0.583,,,
548,0825.HK,New World Department Store China Limited,-2.17,0.617,,,
549,1384.HK,"Deepexi Technology Co., Ltd.",-5.02,1.44,,,
550,0688.HK,China Overseas Land & Investment Limited,-1.78,0.482,,,
551,1450.HK,Be Friends Holding Limited,-1.91,0.499,,,
552,8189.HK,Tianjin TEDA Biomedical Engineering Company Limited,-4.09,1.037,,,
553,81299.HK,AIA Group Limited,-1.03,0.257,,,
554,1209.HK,China Resources Mixc Lifestyle Services Limited,-1.02,0.237,,,
555,1097.HK,CTF Media & Entertainment Limited,-3.67,0.816,,,
556,2078.HK,PanAsialum Holdings Company Limited,-1.69,0.357,,,
557,1272.HK,"Datang Environment Industry Group Co., Ltd.",-1.19,0.237,,,
558,0670.HK,China Eastern Airlines Corporation Limited,-2.98,0.593,,,
559,1525.HK,Shanghai Gench Education Group Limited,-2.28,0.448,,,
560,2309.HK,ZO Future Group,-1.59,0.31,,,
561,8093.HK,Web3 Meta Limited,-4.17,0.757,,,
562,1443.HK,Fulum Group Holdings Limited,-3.57,0.638,,,
563,1050.HK,Karrie International Holdings Limited,-3.55,0.601,,,
564,2120.HK,"Wenzhou Kangning Hospital Co., Ltd.",-2.21,0.372,,,
565,0325.HK,Bloks Group Limited,-4.33,0.666,,,
566,3310.HK,"Viewtrix Technology Co., Ltd",-7.43,1.156,,,
567,1091.HK,South Manganese Investment Limited,-3.8,0.547,,,
568,1480.HK,Yan Tat Group Holdings Limited,-2.95,0.402,,,
569,1758.HK,Bojun Education Company Limited,-6.38,0.884,,,
570,0137.HK,Jinhui Holdings Company Limited,-2.68,0.353,,,
571,1127.HK,Lion Rock Group Limited,-0.79,0.103,,,
572,8210.HK,DLC Asia Limited,-2.99,0.391,,,
573,0582.HK,Shin Hwa World Limited,-7.9,1.058,,,
574,0683.HK,Kerry Properties Limited,-2.79,0.357,,,
575,0288.HK,WH Group Limited,-2.08,0.262,,,
576,0480.HK,HKR International Limited,-2.24,0.28,,,
577,3878.HK,Vicon Holdings Limited,-2.73,0.337,,,
578,0464.HK,China In-Tech Limited,-9.36,1.186,,,
579,3329.HK,BOCOM International Holdings Company Limited,-4.98,0.611,,,
580,6929.HK,OrbusNeich Medical Group Holdings Limited,-2.06,0.248,,,
581,7666.HK,"Metis TechBio Co., Ltd.",-9.01,1.096,,,
582,1470.HK,Prosper One International Holdings Company Limited,-4.46,0.524,,,
583,2235.HK,"MicroTech Medical (Hangzhou) Co., Ltd.",-2.89,0.332,,,
584,0746.HK,Lee & Man Chemical Company Limited,-3.63,0.408,,,
585,1427.HK,China Tianbao Group Development Company Limited,-5.95,0.664,,,
586,2382.HK,Sunny Optical Technology (Group) Company Limited,-5.88,0.648,,,
587,2268.HK,WuXi XDC Cayman Inc.,-4.12,0.449,,,
588,0004.HK,The Wharf (Holdings) Limited,-4.44,0.482,,,
589,6872.HK,TenNor Therapeutics (Suzhou) Limited,-7.33,0.8,,,
590,0681.HK,Chinese People Holdings Company Limited,-3.72,0.395,,,
591,2236.HK,Wison Engineering Services Co. Ltd.,-6.58,0.706,,,
592,0728.HK,China Telecom Corporation Limited,-2.72,0.285,,,
593,2505.HK,EDA Group Holdings Limited,-18.94,2.142,,,
594,2005.HK,SSY Group Limited,-2.88,0.299,,,
595,1226.HK,China Investment and Finance Group Limited,-2.28,0.235,,,
596,1033.HK,Sinopec Oilfield Service Corporation,-5.35,0.553,,,
597,0456.HK,New City Development Group Limited,-4.86,0.492,,,
598,2618.HK,"JD Logistics, Inc.",-5.36,0.542,,,
599,2798.HK,Perennial Energy Holdings Limited,-4.69,0.462,,,
600,1787.HK,"Shandong Gold Mining Co., Ltd.",-7.37,0.729,,,
601,1907.HK,China Risun Group Limited,-5.57,0.518,,,
602,0182.HK,Concord New Energy Group Limited,-7.24,0.654,,,
603,0053.HK,Guoco Group Limited,-1.67,0.145,,,
604,2425.HK,AustAsia Group Ltd.,-4.51,0.396,,,
605,6866.HK,Zuoli Kechuang Company Limited,-4.07,0.34,,,
606,1663.HK,Sino Harbour Holdings Group Limited,-7.49,0.632,,,
607,1346.HK,Lever Style Corporation,-2.33,0.187,,,
608,8132.HK,Century Energy International Holdings Limited,-6.99,0.57,,,
609,8473.HK,Mi Ming Mart Holdings Limited,-2.95,0.226,,,
610,2608.HK,Sunshine 100 China Holdings Ltd,-4.37,0.334,,,
611,0467.HK,United Energy Group Limited,-8.42,0.649,,,
612,0899.HK,Zhong Jia Guo Xin Holdings Company Limited,-7.91,0.595,,,
613,2603.HK,"Xiamen Jihong Co., Ltd",-6.5,0.473,,,
614,0411.HK,Lam Soon (Hong Kong) Limited,-2.75,0.194,,,
615,8169.HK,Eco-Tek Holdings Limited,-5.42,0.383,,,
616,0646.HK,China Environmental Technology Holdings Limited,-5.11,0.357,,,
617,1789.HK,AK Medical Holdings Limited,-3.49,0.238,,,
618,2682.HK,Yun Lee Marine Group Holdings Limited,-5.03,0.346,,,
619,9686.HK,Xikang Cloud Hospital Holdings Inc.,-3.77,0.257,,,
620,1559.HK,Kwan On Holdings Limited,-7.7,0.535,,,
621,1733.HK,E-Commodities Holdings Limited,-5.29,0.36,,,
622,6831.HK,Green Tea Group Limited,-7.17,0.476,,,
623,1913.HK,Prada S.p.A.,-4.93,0.321,,,
624,2433.HK,Zhongtian Construction (Hunan) Group Limited,-9.85,0.653,,,
625,0341.HK,Café de Coral Holdings Limited,-6.64,0.431,,,
626,2132.HK,Landrich Holding Limited,-7.57,0.487,,,
627,6690.HK,"Haier Smart Home Co., Ltd.",-5.37,0.339,,,
628,9889.HK,"Dongguan Rural Commercial Bank Co., Ltd.",-1.59,0.099,,,
629,3382.HK,Tianjin Port Development Holdings Limited,-2.75,0.17,,,
630,8490.HK,Niche-Tech Semiconductor Materials Limited,-14.19,0.926,,,
631,8238.HK,Jiufang Digital Technology Holdings Limited,-13.38,0.868,,,
632,0146.HK,Tai Ping Carpets International Limited,-4.4,0.271,,,
633,3999.HK,DaChan Food (Asia) Limited,-4.96,0.301,,,
634,0042.HK,Northeast Electric Development Company Limited,-8.34,0.514,,,
635,2696.HK,"Shanghai Henlius Biotech, Inc.",-6.66,0.406,,,
636,0616.HK,Asset Chain Limited,-16.48,1.025,,,
637,0317.HK,CSSC Offshore & Marine Engineering (Group) Company Limited,-10.05,0.593,,,
638,1526.HK,Rici Healthcare Holdings Limited,-9.83,0.564,,,
639,0118.HK,Cosmos Machinery Enterprises Limited,-8.8,0.494,,,
640,0810.HK,China Castson 81 Finance Company Limited,-13.49,0.767,,,
641,1228.HK,CANbridge Pharmaceuticals Inc.,-11.94,0.666,,,
642,6938.HK,"Suzhou Ribo Life Science Co., Ltd.",-9.88,0.542,,,
643,0287.HK,Winfair Investment Company Limited,-2.34,0.119,,,
644,1686.HK,SUNeVision Holdings Ltd.,-13.26,0.689,,,
645,0193.HK,Capital Estate Limited,-5.21,0.256,,,
646,1153.HK,Jiayuan Services Holdings Limited,-12.96,0.657,,,
647,0428.HK,Cocoon Holdings Limited,-10.2,0.504,,,
648,9639.HK,Wing Lee Development Construction Holdings Limited,-6.75,0.319,,,
649,0276.HK,Mongolia Energy Corporation Limited,-12.49,0.607,,,
650,2086.HK,Leadway Technology Investment Group Limited,-8.38,0.398,,,
651,9996.HK,Peijia Medical Limited,-10.96,0.521,,,
652,1929.HK,Chow Tai Fook Jewellery Group Limited,-7.75,0.36,,,
653,0871.HK,China Dredging Environment Protection Holdings Limited,-10.47,0.485,,,
654,1057.HK,Zhejiang Shibao Company Limited,-11.95,0.557,,,
655,0583.HK,Great Wall Pan Asia Holdings Limited,-7.35,0.331,,,
656,1766.HK,CRRC Corporation Limited,-6.18,0.275,,,
657,1461.HK,Zhongtai Futures Company Limited,-8.42,0.376,,,
658,0506.HK,China Foods Limited,-5.97,0.262,,,
659,1993.HK,Asiaray Media Group Limited,-12.59,0.567,,,
660,2376.HK,"Lushang Life Services Co., Ltd.",-11.8,0.529,,,
661,9698.HK,GDS Holdings Limited,-11.78,0.514,,,
662,1899.HK,Xingda International Holdings Limited,-5.64,0.239,,,
663,0383.HK,Tian An Medicare Limited,-7.03,0.295,,,
664,8319.HK,Expert Systems Holdings Limited,-5.52,0.228,,,
665,1872.HK,Guan Chao Holdings Limited,-15.47,0.651,,,
666,0010.HK,Hang Lung Group Limited,-7.6,0.302,,,
667,1508.HK,China Reinsurance (Group) Corporation,-9.23,0.365,,,
668,8293.HK,SingAsia Holdings Limited,-22.8,0.964,,,
669,0768.HK,UBA Investments Limited,-12.86,0.514,,,
670,8547.HK,Pacific Legend Group Limited,-27.47,1.178,,,
671,0381.HK,AOM International Group Company Limited,-40.32,1.867,,,
672,9918.HK,Wise Ally International Holdings Limited,-5.91,0.225,,,
673,2545.HK,Zhonggan Communication (Group) Holdings Limited,-11.59,0.45,,,
674,8509.HK,Wine's Link International Holdings Limited,-13.69,0.536,,,
675,0451.HK,Dynasty Digital Holdings Limited,-20.53,0.827,,,
676,1223.HK,Symphony Holdings Limited,-5.54,0.202,,,
677,1193.HK,China Resources Gas Group Limited,-8.01,0.296,,,
678,1881.HK,Regal Real Estate Investment Trust,-11.98,0.452,,,
679,8213.HK,StarGlory Holdings Company Limited,-23.67,0.945,,,
680,1339.HK,The People's Insurance Company (Group) of China Limited,-8.79,0.321,,,
681,0336.HK,Huabao International Holdings Limited,-12.77,0.475,,,
682,2155.HK,Morimatsu International Holdings Company Limited,-17.47,0.663,,,
683,2190.HK,"Zylox-Tonbridge Medical Technology Co., Ltd.",-8.22,0.296,,,
684,3316.HK,Binjiang Service Group Co. Ltd.,-6.85,0.245,,,
685,9939.HK,Kintor Pharmaceutical Limited,-17.27,0.647,,,
686,1760.HK,Intron Technology Holdings Limited,-12.84,0.465,,,
687,2476.HK,"Victory Giant Technology (HuiZhou) Co.,Ltd",-31.5,1.266,,,
688,0603.HK,China Oil And Gas Group Limited,-11.0,0.387,,,
689,2273.HK,Gushengtang Holdings Limited,-7.75,0.267,,,
690,2392.HK,Xuan Wu Cloud Technology Holdings Limited,-11.33,0.393,,,
691,1818.HK,Zhaojin Mining Industry Company Limited,-15.94,0.565,,,
692,80941.HK,China Mobile Limited,-5.24,0.176,,,
693,0510.HK,CASH Financial Services Group Limited,-26.1,0.969,,,
694,2549.HK,Carote Ltd,-7.69,0.258,,,
695,8420.HK,Nexion Technologies Limited,-22.92,0.827,,,
696,2499.HK,"Folangsi Co., Ltd.",-3.61,0.117,,,
697,9909.HK,Powerlong Commercial Management Holdings Limited,-9.08,0.303,,,
698,3788.HK,Hanking Gold International Limited,-16.08,0.551,,,
699,0338.HK,Sinopec Shanghai Petrochemical Company Limited,-10.63,0.352,,,
700,6838.HK,Winox Holdings Limited,-12.45,0.413,,,
701,1229.HK,Nan Nan Resources Enterprise Limited,-15.22,0.51,,,
702,0709.HK,Giordano International Limited,-4.17,0.132,,,
703,1335.HK,Sheen Tai Holdings Group Company Limited,-16.89,0.567,,,
704,6093.HK,Hevol Services Group Co. Limited,-11.27,0.364,,,
705,6199.HK,"Bank of Guizhou Co., Ltd.",-8.09,0.257,,,
706,2503.HK,Zhongshen Jianye Holding Limited,-30.39,1.086,,,
707,1044.HK,Hengan International Group Company Limited,-8.34,0.261,,,
708,1303.HK,Huili Resources (Group) Limited,-16.04,0.52,,,
709,3996.HK,China Energy Engineering Corporation Limited,-8.01,0.249,,,
710,2619.HK,"X.J. Electrics (Hu Bei) Group Co., Ltd",-20.78,0.681,,,
711,6090.HK,Butong Group,-29.12,0.998,,,
712,1971.HK,Redsun Services Group Limited,-8.9,0.273,,,
713,1282.HK,Renze Harvest International Limited,-19.45,0.627,,,
714,2714.HK,"Muyuan Foods Group Co., Ltd.",-14.76,0.463,,,
715,1511.HK,"Uisee Technologies (Beijing) Co., Ltd.",-34.94,1.218,,,
716,0185.HK,Zensun Enterprises Limited,-28.4,0.944,,,
717,0675.HK,K & P International Holdings Limited,-5.53,0.163,,,
718,0375.HK,YGM Trading Limited,-16.38,0.507,,,
719,80175.HK,Geely Automobile Holdings Limited,-17.54,0.541,,,
720,1937.HK,JiaChen Holding Group Limited,-23.69,0.751,,,
721,1578.HK,"Bank of Tianjin Co., Ltd.",-7.24,0.211,,,
722,0912.HK,Suga International Holdings Limited,-7.3,0.211,,,
723,0031.HK,China Aerospace International Holdings Limited,-21.63,0.672,,,
724,1996.HK,Redsun Properties Group Limited,-27.0,0.862,,,
725,3681.HK,SinoMab BioScience Limited,-25.19,0.79,,,
726,7777.HK,CSOP Berkshire Daily (2x) Leveraged Product USD,-9.72,0.279,,,
727,0308.HK,China Travel International Investment Hong Kong Limited,-10.88,0.313,,,
728,0470.HK,"Wuxi Lead Intelligent Equipment CO.,LTD.",-29.65,0.946,,,
729,6680.HK,"JL Mag Rare-Earth Co., Ltd.",-16.48,0.486,,,
730,1234.HK,China Lilang Limited,-7.25,0.204,,,
731,1025.HK,KNT Holdings Limited,-17.39,0.512,,,
732,2657.HK,"Shanghai Forest Cabin Cosmetics Group Co., Ltd.",-26.62,0.825,,,
733,2233.HK,West China Cement Limited,-23.78,0.721,,,
734,3288.HK,Foshan Haitian Flavouring and Food Company Ltd.,-10.17,0.285,,,
735,0990.HK,Deep Source Holdings Limited,-15.64,0.451,,,
736,1741.HK,Shing Chi Holdings Limited,-26.04,0.795,,,
737,1446.HK,Hung Fook Tong Group Holdings Limited,-21.89,0.651,,,
738,1173.HK,Veeko International Holdings Limited,-15.97,0.459,,,
739,0119.HK,"Poly Property Group Co., Limited",-15.27,0.435,,,
740,8299.HK,GT Gold Holdings Limited,-23.19,0.687,,,
741,8030.HK,Fengyinhe Holdings Limited,-39.04,1.272,,,
742,1836.HK,Stella International Holdings Limited,-11.22,0.31,,,
743,1302.HK,LifeTech Scientific Corporation,-19.19,0.551,,,
744,0217.HK,China Chengtong Development Group Limited,-15.12,0.422,,,
745,3896.HK,Kingsoft Cloud Holdings Limited,-21.61,0.62,,,
746,1779.HK,"LongBio Pharma (Suzhou) Co., Ltd.",-45.77,1.527,,,
747,0484.HK,Forgame Holdings Limited,-12.22,0.331,,,
748,0069.HK,Shangri-La Asia Limited,-7.96,0.21,,,
749,2337.HK,United Strength Power Holdings Limited,-13.04,0.352,,,
750,1370.HK,Aowei Holding Limited,-24.79,0.711,,,
751,1475.HK,Nissin Foods Company Limited,-4.82,0.124,,,
752,1166.HK,Solartech International Holdings Limited,-39.8,1.241,,,
753,1822.HK,"China Wood International Holding Co., Limited",-20.52,0.567,,,
754,1140.HK,HK.AI Capital Limited,-26.95,0.772,,,
755,0860.HK,Apollo Future Mobility Group Limited,-17.74,0.479,,,
756,0931.HK,China HK Power Smart Energy Group Limited,-20.78,0.569,,,
757,0158.HK,Melbourne Enterprises Limited,-3.55,0.089,,,
758,1183.HK,MECOM Power and Construction Limited,-15.26,0.403,,,
759,9609.HK,"Hebei Haiwei Electronic New Material Technology Co., Ltd",-23.39,0.646,,,
760,6868.HK,Tenfu (Cayman) Holdings Company Limited,-6.92,0.174,,,
761,0759.HK,CEC International Holdings Limited,-11.3,0.289,,,
762,8317.HK,Finet Group Limited,-24.42,0.669,,,
763,1055.HK,China Southern Airlines Company Limited,-17.91,0.472,,,
764,9913.HK,Chi Kan Holdings Limited,-7.48,0.187,,,
765,0606.HK,SCE Intelligent Commercial Management Holdings Limited,-10.21,0.257,,,
766,1973.HK,"Tian Tu Capital Co., Ltd.",-28.7,0.796,,,
767,8472.HK,Lapco Holdings Limited,-41.04,1.228,,,
768,0312.HK,Shirble Department Store Holdings (China) Limited,-32.5,0.911,,,
769,1000.HK,Beijing Media Corporation Limited,-27.18,0.736,,,
770,8096.HK,Tasty Concepts Holding Limited,-21.07,0.549,,,
771,1099.HK,Sinopharm Group Co. Ltd.,-9.81,0.237,,,
772,0101.HK,Hang Lung Properties Limited,-12.51,0.306,,,
773,8328.HK,Xinyi Electric Storage Holdings Limited,-25.86,0.679,,,
774,0497.HK,CSI Properties Limited,-10.19,0.246,,,
775,3690.HK,Meituan,-19.02,0.478,,,
776,6886.HK,"Huatai Securities Co., Ltd.",-9.71,0.232,,,
777,1170.HK,Kingmaker Footwear Holdings Limited,-9.39,0.222,,,
778,6031.HK,"Sany Heavy Industry Co.,Ltd",-13.71,0.33,,,
779,2518.HK,Autohome Inc.,-17.13,0.42,,,
780,0331.HK,FSE Lifestyle Services Limited,-4.34,0.099,,,
781,3369.HK,"Qinhuangdao Port Co., Ltd.",-9.77,0.227,,,
782,2688.HK,ENN Energy Holdings Limited,-14.98,0.356,,,
783,8136.HK,IMS Group Holdings Limited,-10.56,0.244,,,
784,0384.HK,China Gas Holdings Limited,-16.87,0.401,,,
785,0052.HK,Fairwood Holdings Limited,-9.32,0.212,,,
786,1848.HK,China Aircraft Leasing Group Holdings Limited,-9.91,0.226,,,
787,2260.HK,Vanov Holdings Company Limited,-11.61,0.265,,,
788,1908.HK,C&D International Investment Group Limited,-18.38,0.435,,,
789,0632.HK,CHK Oil Limited,-37.59,0.996,,,
790,0571.HK,eSun Holdings Limited,-19.43,0.461,,,
791,1191.HK,"Crealights Technology Co., Ltd.",-72.2,2.61,,,
792,1115.HK,5100 Xizang Glacier Company Limited,-18.95,0.448,,,
793,3983.HK,China BlueChemical Ltd.,-11.7,0.266,,,
794,0953.HK,Shaw Brothers Holdings Limited,-25.53,0.623,,,
795,2543.HK,"Dahon Tech (Shenzhen) Co., Ltd.",-21.05,0.494,,,
796,1778.HK,"Colour Life Services Group Co., Limited",-21.31,0.498,,,
797,0970.HK,New Sparkle Roll International Group Limited,-23.58,0.557,,,
798,1988.HK,"China Minsheng Banking Corp., Ltd.",-12.16,0.27,,,
799,0022.HK,Mexan Limited,-42.09,1.116,,,
800,0455.HK,Tianda Pharmaceuticals Limited,-23.84,0.558,,,
801,2324.HK,Capital VC Limited,-20.72,0.476,,,
802,3686.HK,Clifford Modern Living Holdings Limited,-15.06,0.335,,,
803,0552.HK,China Communications Services Corporation Limited,-9.68,0.209,,,
804,0752.HK,Pico Far East Holdings Limited,-8.65,0.186,,,
805,1310.HK,HKBN Ltd.,-12.01,0.262,,,
806,1938.HK,Chu Kong Petroleum and Natural Gas Steel Pipe Holdings Limited,-27.22,0.642,,,
807,6822.HK,King's Flair International (Holdings) Limited,-5.91,0.124,,,
808,6686.HK,Noah Holdings Limited,-10.69,0.228,,,
809,0027.HK,Galaxy Entertainment Group Limited,-13.98,0.303,,,
810,1395.HK,ELL Environmental Holdings Limited,-15.07,0.326,,,
811,2000.HK,SIM Technology Group Limited,-15.46,0.334,,,
812,9890.HK,Tanwan Inc.,-22.19,0.496,,,
813,8153.HK,Jiading International Group Holdings Ltd,-21.45,0.477,,,
814,2610.HK,Nanshan Aluminium International Holdings Limited,-27.68,0.638,,,
815,1083.HK,Towngas Smart Energy Company Limited,-14.66,0.314,,,
816,0075.HK,Y. T. Realty Group Limited,-13.12,0.278,,,
817,2326.HK,New Provenance Everlasting Holdings Limited,-8.57,0.176,,,
818,0259.HK,Yeebo (International Holdings) Limited,-29.54,0.68,,,
819,6979.HK,ZJLD Group Inc,-11.22,0.233,,,
820,3881.HK,CiDi Inc.,-23.6,0.522,,,
821,1426.HK,Spring Real Estate Investment Trust,-21.55,0.471,,,
822,0093.HK,Zero Fintech Group Limited,-21.74,0.476,,,
823,8117.HK,China Primary Energy Holdings Limited,-32.71,0.763,,,
824,8545.HK,Amuse Group Holding Limited,-9.34,0.19,,,
825,0604.HK,Shenzhen Investment Limited,-19.5,0.418,,,
826,1627.HK,Able Engineering Holdings Limited,-21.6,0.468,,,
827,2577.HK,"InnoScience (Suzhou) Technology Holding Co., Ltd.",-33.22,0.769,,,
828,2171.HK,CARsgen Therapeutics Holdings Limited,-24.48,0.537,,,
829,2076.HK,Kanzhun Limited,-18.73,0.396,,,
830,0673.HK,China Health Group Limited,-26.78,0.592,,,
831,1759.HK,Sino Gas Holdings Group Limited,-23.4,0.505,,,
832,9990.HK,Archosaur Games Inc.,-21.77,0.464,,,
833,2386.HK,"SINOPEC Engineering (Group) Co., Ltd.",-17.89,0.372,,,
834,1152.HK,Momentum Financial Holdings Limited,-30.76,0.687,,,
835,3303.HK,Jutal Offshore Oil Services Limited,-17.15,0.354,,,
836,2701.HK,Nsing Technologies Inc.,-35.5,0.815,,,
837,0994.HK,CT Vision (International) Holdings Limited,-22.13,0.468,,,
838,1251.HK,SPT Energy Group Inc.,-27.67,0.602,,,
839,0771.HK,Automated Systems Holdings Limited,-11.99,0.238,,,
840,0710.HK,BOE Varitronix Limited,-15.2,0.307,,,
841,2152.HK,"Suxin Joyful Life Services Co., Ltd.",-10.27,0.201,,,
842,8379.HK,Prime Intelligence Solutions Group Limited,-21.5,0.446,,,
843,9877.HK,"Jenscare Scientific Co., Ltd.",-22.47,0.467,,,
844,82824.HK,E Fund (HK) Solactive Global Gold Miner Select Index ETF,-29.74,0.644,,,
845,1606.HK,"China Development Bank Financial Leasing Co., Ltd.",-10.46,0.203,,,
846,0096.HK,Yusei Holdings Limited,-12.06,0.235,,,
847,8195.HK,Legendary Education Group Limited,-16.17,0.321,,,
848,9888.HK,"Baidu, Inc.",-22.57,0.46,,,
849,0978.HK,China Merchants Land Limited,-14.01,0.272,,,
850,3813.HK,Pou Sheng International (Holdings) Limited,-17.0,0.335,,,
851,0800.HK,WeRide Inc.,-23.87,0.486,,,
852,1243.HK,Wang On Properties Limited,-17.27,0.339,,,
853,1079.HK,PINE Technology Holdings Limited,-25.14,0.513,,,
854,0303.HK,Vtech Holdings Limited,-11.1,0.21,,,
855,0867.HK,China Medical System Holdings Limited,-15.6,0.301,,,
856,2369.HK,Coolpad Group Limited,-36.87,0.807,,,
857,0223.HK,Elife Holdings Limited,-28.31,0.585,,,
858,1880.HK,China Tourism Group Duty Free Corporation Limited,-21.29,0.422,,,
859,0840.HK,Xinjiang Tianye Water Saving Irrigation System Company Limited,-18.89,0.369,,,
860,8071.HK,China Netcom Technology Holdings Limited,-38.84,0.856,,,
861,1878.HK,SouthGobi Resources Ltd.,-15.33,0.292,,,
862,0617.HK,Paliburg Holdings Limited,-29.35,0.606,,,
863,0248.HK,HKC International Holdings Limited,-25.07,0.504,,,
864,1910.HK,Samsonite Group S.A.,-18.96,0.367,,,
865,2419.HK,Dekon Food and Agriculture Group,-23.38,0.46,,,
866,1397.HK,Baguio Green Group Limited,-19.84,0.381,,,
867,3900.HK,Greentown China Holdings Limited,-27.39,0.548,,,
868,8037.HK,China Biotech Services Holdings Limited,-33.6,0.696,,,
869,2459.HK,Sanergy Group Limited,-35.35,0.741,,,
870,2658.HK,"Guangdong Tianyu Semiconductor Co., Ltd.",-22.62,0.439,,,
871,2525.HK,Hesai Group,-31.27,0.638,,,
872,1147.HK,Edensoft Holdings Limited,-29.1,0.58,,,
873,0380.HK,China Pipe Group Limited,-11.61,0.21,,,
874,8026.HK,China Brilliant Global Limited,-21.85,0.416,,,
875,1681.HK,Consun Pharmaceutical Group Limited,-16.53,0.306,,,
876,9668.HK,"China Bohai Bank Co., Ltd.",-15.72,0.289,,,
877,0213.HK,National Electronics Holdings Limited,-10.81,0.193,,,
878,2580.HK,"Aux Electric Co., Ltd.",-20.5,0.382,,,
879,8082.HK,Qing Hua Holding Group Company Limited,-53.55,1.239,,,
880,6958.HK,Zhenro Services Group Limited,-19.09,0.349,,,
881,1063.HK,Suncorp Technologies Limited,-36.45,0.736,,,
882,0760.HK,Talent Property Group Limited,-21.58,0.398,,,
883,83690.HK,Meituan,-24.81,0.466,,,
884,1186.HK,China Railway Construction Corporation Limited,-11.18,0.194,,,
885,1316.HK,Nexteer Automotive Group Limited,-30.08,0.576,,,
886,9958.HK,Litian Pictures Holdings Limited,-29.53,0.561,,,
887,1401.HK,Future Machine Limited,-47.06,1.001,,,
888,0335.HK,Upbest Group Limited,-4.43,0.073,,,
889,3390.HK,Tycoon Group Holdings Limited,-17.52,0.306,,,
890,1236.HK,"Shenzhen Ldrobot Co., Ltd",-18.03,0.315,,,
891,0418.HK,Founder Holdings Limited,-18.23,0.319,,,
892,0602.HK,Jiahua Stores Holdings Limited,-22.02,0.393,,,
893,8006.HK,Sino Splendid Holdings Limited,-24.12,0.433,,,
894,2112.HK,Grace Life-tech Holdings Limited,-29.29,0.542,,,
895,2559.HK,Dida Inc.,-60.13,1.398,,,
896,6833.HK,Sinco Pharmaceuticals Holdings Limited,-13.52,0.227,,,
897,0999.HK,Xiaocaiyuan International Holding Ltd.,-17.94,0.306,,,
898,1122.HK,"Qingling Motors Co., Ltd.",-31.44,0.576,,,
899,1812.HK,Shandong Chenming Paper Holdings Limited,-24.76,0.432,,,
900,0082.HK,Crazy Sports Group Limited,-17.89,0.3,,,
901,9911.HK,Newborn Town Inc.,-27.14,0.479,,,
902,0956.HK,China Suntien Green Energy Corporation Limited,-15.95,0.263,,,
903,2208.HK,"Goldwind Science&Technology Co., Ltd.",-25.89,0.45,,,
904,0696.HK,TravelSky Technology Limited,-13.84,0.225,,,
905,9626.HK,Bilibili Inc.,-34.83,0.638,,,
906,1073.HK,Da Yu Financial Holdings Limited,-16.73,0.275,,,
907,2009.HK,BBMG Corporation,-17.87,0.294,,,
908,0788.HK,China Tower Corporation Limited,-16.56,0.269,,,
909,0591.HK,China High Precision Automation Group Limited,-31.09,0.548,,,
910,9993.HK,Radiance Holdings (Group) Company Limited,-45.21,0.876,,,
911,2727.HK,"Shanghai Electric Group Co., Ltd.",-24.41,0.413,,,
912,1555.HK,MIE Holdings Corporation,-23.28,0.391,,,
913,6889.HK,"DYNAM JAPAN HOLDINGS Co., Ltd.",-9.22,0.143,,,
914,2111.HK,Best Pacific International Holdings Limited,-17.97,0.291,,,
915,3395.HK,JX Energy Ltd.,-35.62,0.641,,,
916,0980.HK,"Lianhua Supermarket Holdings Co., Ltd.",-23.08,0.383,,,
917,1069.HK,China Health Technology Group Holding Company Limited,-29.48,0.508,,,
918,2348.HK,Dawnrays Pharmaceutical (Holdings) Limited,-9.53,0.147,,,
919,0168.HK,Tsingtao Brewery Company Limited,-17.19,0.275,,,
920,1999.HK,Man Wah Holdings Limited,-20.85,0.341,,,
921,9676.HK,"Shiyue Daotian Group Co., Ltd.",-28.94,0.496,,,
922,9680.HK,Chenqi Technology Limited,-30.68,0.53,,,
923,0150.HK,Hypebeast Limited,-19.66,0.319,,,
924,0055.HK,Neway Group Holdings Limited,-17.52,0.281,,,
925,8430.HK,C&N Holdings Limited,-43.83,0.827,,,
926,1361.HK,361 Degrees International Limited,-20.52,0.334,,,
927,2331.HK,Li Ning Company Limited,-19.53,0.315,,,
928,2866.HK,"COSCO SHIPPING Development Co., Ltd.",-15.75,0.249,,,
929,9988.HK,Alibaba Group Holding Limited,-29.95,0.512,,,
930,0354.HK,Chinasoft International Limited,-32.62,0.561,,,
931,2506.HK,"Xunfei Healthcare Technology Co., Ltd.",-27.18,0.451,,,
932,9979.HK,Greentown Management Holdings Company Limited,-26.34,0.434,,,
933,0181.HK,Fujian Holdings Limited,-27.06,0.447,,,
934,2181.HK,Mabpharm Limited,-25.54,0.418,,,
935,3337.HK,Anton Oilfield Services Group,-35.53,0.617,,,
936,1116.HK,Huiyuan Cowins Technology Group Limited,-23.3,0.376,,,
937,0476.HK,Ev Dynamics (Holdings) Limited,-36.54,0.637,,,
938,9992.HK,Pop Mart International Group Limited,-32.81,0.555,,,
939,2573.HK,"Newtrend Group Holding Co., Ltd.",-34.91,0.598,,,
940,3898.HK,"Zhuzhou CRRC Times Electric Co., Ltd.",-22.23,0.35,,,
941,3662.HK,Starjoy Wellness and Travel Company Limited,-24.32,0.386,,,
942,0926.HK,Besunyen Holdings Company Limited,-8.41,0.122,,,
943,0245.HK,China Vered Financial Holding Corporation Limited,-11.1,0.162,,,
944,0538.HK,Ajisen (China) Holdings Limited,-12.15,0.179,,,
945,6626.HK,Yuexiu Services Group Limited,-23.99,0.375,,,
946,9699.HK,"Hangzhou SF Intra-city Industrial Co., Ltd.",-33.98,0.562,,,
947,1916.HK,"Jiangxi Bank Co., Ltd.",-12.98,0.19,,,
948,8163.HK,NOIZ Group Limited,-45.11,0.797,,,
949,0486.HK,"United Company RUSAL, International Public Joint-Stock Company",-25.57,0.395,,,
950,2560.HK,"Anhui Conch Material Technology Co., Ltd.",-13.36,0.192,,,
951,2818.HK,Pando Bitcoin ETF,-28.19,0.438,,,
952,89888.HK,"Baidu, Inc.",-28.54,0.444,,,
953,2291.HK,"LEPU ScienTech Medical Technology (Shanghai) Co., Ltd.",-26.19,0.4,,,
954,0863.HK,OSL Group Limited,-20.38,0.3,,,
955,8308.HK,Gudou Holdings Limited,-30.81,0.481,,,
956,0169.HK,Wanda Hotel Development Company Limited,-35.25,0.565,,,
957,0915.HK,Daohe Global Group Limited,-39.87,0.659,,,
958,1691.HK,JS Global Lifestyle Company Limited,-19.83,0.289,,,
959,0090.HK,Puxing Energy Limited,-29.28,0.449,,,
960,7766.HK,CSOP Tesla Daily (2x) Leveraged Product USD,-44.32,0.751,,,
961,0258.HK,Tomson Group Limited,-18.31,0.261,,,
962,3319.HK,"A-Living Smart City Services Co., Ltd.",-32.19,0.494,,,
963,3888.HK,Kingsoft Corporation Limited,-25.26,0.371,,,
964,0521.HK,CWT International Limited,-29.67,0.447,,,
965,1853.HK,Jilin Province Chuncheng Heating Company Limited,-26.39,0.39,,,
966,0256.HK,Citychamp Watch & Jewellery Group Limited,-45.31,0.758,,,
967,1385.HK,Shanghai Fudan Microelectronics Group Company Limited,-33.43,0.515,,,
968,0882.HK,Tianjin Development Holdings Limited,-16.47,0.23,,,
969,1198.HK,Royale Home Holdings Limited,-36.91,0.578,,,
970,0897.HK,Wai Yuen Tong Medicine Holdings Limited,-19.74,0.279,,,
971,2659.HK,"Shanghai Bao Pharmaceuticals Co., Ltd.",-66.75,1.345,,,
972,1873.HK,Viva Biotech Holdings,-40.95,0.658,,,
973,0152.HK,Shenzhen International Holdings Limited,-27.03,0.397,,,
974,0934.HK,Sinopec Kantons Holdings Limited,-11.86,0.16,,,
975,9857.HK,Linmon Media Limited,-28.8,0.427,,,
976,0166.HK,New Times Corporation Limited,-28.08,0.413,,,
977,1921.HK,Dalipal Holdings Limited,-35.04,0.538,,,
978,0943.HK,Zhongzheng International Company Limited,-27.31,0.399,,,
979,6936.HK,"S.F. Holding Co., Ltd.",-15.07,0.206,,,
980,1080.HK,Shengli Oil & Gas Pipe Holdings Limited,-29.25,0.432,,,
981,1382.HK,Pacific Textiles Holdings Limited,-28.6,0.421,,,
982,1172.HK,Magnus Concordia Group Limited,-17.5,0.241,,,
983,6181.HK,"Laopu Gold Co., Ltd.",-35.96,0.552,,,
984,2026.HK,Pony AI Inc.,-43.65,0.705,,,
985,6622.HK,Zhaoke Ophthalmology Limited,-27.55,0.4,,,
986,0518.HK,Tungtex (Holdings) Company Limited,-19.82,0.275,,,
987,8269.HK,Go Up Education Technology Limited,-29.64,0.435,,,
988,9630.HK,"Circuit Fabology Microelectronics Equipment Co., Ltd.",-77.01,1.732,,,
989,0475.HK,Central Development Holdings Limited,-43.33,0.694,,,
990,6100.HK,Tongdao Liepin Group,-26.03,0.372,,,
991,0572.HK,Future World Holdings Limited,-19.85,0.273,,,
992,0285.HK,BYD Electronic (International) Company Limited,-30.16,0.441,,,
993,9611.HK,"Shanghai Longcheer Technology Co., Ltd.",-28.25,0.407,,,
994,0500.HK,Frontier Services Group Limited,-25.44,0.36,,,
995,0065.HK,Grand Ocean Advanced Resources Company Limited,-29.65,0.429,,,
996,2281.HK,"Luzhou Xinglu Water (Group) Co., Ltd.",-17.44,0.235,,,
997,0666.HK,"REPT BATTERO Energy Co., Ltd.",-31.63,0.463,,,
998,0142.HK,First Pacific Company Limited,-20.51,0.28,,,
999,1857.HK,China Everbright Water Limited,-9.24,0.119,,,
1000,9926.HK,"Akeso, Inc.",-32.03,0.465,,,
1001,0874.HK,Guangzhou Baiyunshan Pharmaceutical Holdings Company Limited,-20.05,0.27,,,
1002,1216.HK,"Zhongyuan Bank Co., Ltd.",-14.47,0.189,,,
1003,2068.HK,China Aluminum International Engineering Corporation Limited,-22.86,0.312,,,
1004,1029.HK,IRC Limited,-25.34,0.35,,,
1005,8275.HK,China New Consumption Group Limited,-21.6,0.292,,,
1006,1459.HK,"Jujiang Construction Group Co., Ltd.",-16.77,0.22,,,
1007,2880.HK,"Liaoning Port Co., Ltd.",-23.01,0.31,,,
1008,1528.HK,Red Star Macalline Group Corporation Ltd.,-23.8,0.322,,,
1009,0816.HK,"Jinmao Property Services Co., Limited",-17.03,0.222,,,
1010,0974.HK,China Shun Ke Long Holdings Limited,-31.38,0.442,,,
1011,6049.HK,"Poly Property Services Co., Ltd.",-15.7,0.202,,,
1012,3301.HK,Ronshine China Holdings Limited,-50.57,0.814,,,
1013,0123.HK,Yuexiu Property Company Limited,-31.52,0.443,,,
1014,2238.HK,"Guangzhou Automobile Group Co., Ltd.",-33.0,0.468,,,
1015,0013.HK,HUTCHMED (China) Limited,-21.76,0.288,,,
1016,2421.HK,KRP Development Holdings Limited,-15.91,0.203,,,
1017,0753.HK,Air China Limited,-31.03,0.432,,,
1018,1064.HK,Zhong Hua International Holdings Limited,-24.21,0.323,,,
1019,2685.HK,Quantgroup Holding Limited,-66.75,1.24,,,
1020,1110.HK,Kingworld Medicines Group Limited,-17.76,0.228,,,
1021,2477.HK,"WellCell Holdings Co., Limited",-70.75,1.374,,,
1022,0183.HK,Winfull Group Holdings Limited,-22.19,0.292,,,
1023,0397.HK,Minerva Group Holding Limited,-22.31,0.293,,,
1024,6820.HK,FriendTimes Inc.,-34.44,0.487,,,
1025,6033.HK,Telecom Digital Holdings Limited,-28.59,0.389,,,
1026,8268.HK,Smart City Development Holdings Limited,-44.55,0.669,,,
1027,9973.HK,"Chery Automobile Co., Ltd.",-16.8,0.212,,,
1028,2306.HK,YH Entertainment Group,-23.22,0.303,,,
1029,1271.HK,Grand Ming Group Holdings Limited,-57.94,0.966,,,
1030,2371.HK,Chuanglian Holdings Limited,-35.16,0.492,,,
1031,1860.HK,Mobvista Inc.,-40.89,0.594,,,
1032,9880.HK,Ubtech Robotics Corp Ltd,-39.05,0.559,,,
1033,6998.HK,Edding Genor Group Holdings Limited,-40.72,0.585,,,
1034,0936.HK,Kaisa Capital Investment Holdings Limited,-34.74,0.479,,,
1035,0057.HK,Chen Hsong Holdings Limited,-12.78,0.155,,,
1036,1516.HK,Sunac Services Holdings Limited,-41.14,0.591,,,
1037,89988.HK,Alibaba Group Holding Limited,-35.36,0.488,,,
1038,9999.HK,"NetEase, Inc.",-18.11,0.225,,,
1039,2609.HK,Bayzed Health Group Inc,-49.5,0.754,,,
1040,7388.HK,CSOP NVIDIA Daily (-2x) Inverse Product,-45.67,0.675,,,
1041,0483.HK,Bauhaus International (Holdings) Limited,-33.6,0.451,,,
1042,0032.HK,The Cross-Harbour (Holdings) Limited,-8.7,0.102,,,
1043,2100.HK,BAIOO Family Interactive Limited,-36.93,0.505,,,
1044,9860.HK,Adicon Holdings Limited,-37.91,0.522,,,
1045,8622.HK,Joyzyme Group Limited,-46.37,0.677,,,
1046,3828.HK,Ming Fai International Holdings Limited,-22.03,0.273,,,
1047,1111.HK,Huashi Group Holdings Limited,-23.44,0.293,,,
1048,2593.HK,Herbs Generation Group Holdings Limited,-22.27,0.276,,,
1049,1281.HK,Xinda Investment Holdings Limited,-18.27,0.222,,,
1050,1556.HK,Chinney Kin Wing Holdings Limited,-23.32,0.291,,,
1051,8511.HK,Min Fu International Holding Limited,-38.32,0.524,,,
1052,8619.HK,NIU Holdings Limited,-56.39,0.887,,,
1053,1782.HK,International Business Digital Technology Limited,-37.31,0.505,,,
1054,2655.HK,"Guoxia Technology Co., Ltd.",-59.36,0.953,,,
1055,6928.HK,TOMO Holdings Limited,-38.62,0.523,,,
1056,0348.HK,China Healthwise Holdings Limited,-43.08,0.602,,,
1057,0703.HK,Future Bright Holdings Limited,-33.86,0.444,,,
1058,1612.HK,Vincent Medical Holdings Limited,-25.06,0.31,,,
1059,3838.HK,China Starch Holdings Limited,-15.23,0.178,,,
1060,2517.HK,"Guoquan Food (Shanghai) Co., Ltd.",-41.29,0.566,,,
1061,8277.HK,Steed Oriental (Holdings) Company Limited,-29.84,0.378,,,
1062,0214.HK,Asia Orient Holdings Limited,-26.87,0.334,,,
1063,6055.HK,China Tobacco International (HK) Company Limited,-39.72,0.535,,,
1064,0719.HK,Shandong Xinhua Pharmaceutical Company Limited,-20.11,0.24,,,
1065,8217.HK,"Ju Fu Tang Biotech Holdings Co., Ltd",-49.04,0.703,,,
1066,6106.HK,"Shanghai Seer Intelligent Technology Co., Ltd.",-77.92,1.52,,,
1067,1503.HK,China Merchants Commercial Real Estate Investment Trust,-15.02,0.173,,,
1068,0763.HK,ZTE Corporation,-29.61,0.369,,,
1069,1736.HK,China Parenting Network Holdings Limited,-36.93,0.481,,,
1070,1052.HK,Yuexiu Transport Infrastructure Limited,-18.84,0.22,,,
1071,1114.HK,Brilliance China Automotive Holdings Limited,-38.15,0.498,,,
1072,0658.HK,"China High Speed Transmission Equipment Group Co., Ltd.",-35.77,0.459,,,
1073,2625.HK,Jiangsu Horizon Chain Supermarket Company Limited,-56.01,0.834,,,
1074,1253.HK,China Green Broad Ecological Technology Company Limited,-34.39,0.435,,,
1075,2211.HK,Universal Health International Group Holding Limited,-56.13,0.834,,,
1076,1176.HK,Zhuguang Holdings Group Company Limited,-55.22,0.811,,,
1077,0046.HK,Computer And Technologies Holdings Limited,-17.81,0.203,,,
1078,2772.HK,Zhongliang Holdings Group Company Limited,-48.11,0.663,,,
1079,82331.HK,Li Ning Company Limited,-25.27,0.299,,,
1080,1373.HK,International Housewares Retail Company Limited,-15.48,0.173,,,
1081,0684.HK,Allan International Holdings Limited,-19.4,0.221,,,
1082,0124.HK,Guangdong Land Holdings Limited,-26.68,0.317,,,
1083,0609.HK,Tiande Chemical Holdings Limited,-27.65,0.33,,,
1084,0360.HK,New Focus Auto Tech Holdings Limited,-38.03,0.484,,,
1085,2105.HK,"Laekna, Inc.",-53.65,0.768,,,
1086,3661.HK,SG Micro Corp,-67.79,1.108,,,
1087,8019.HK,Hao Wen Holdings Limited,-63.1,0.98,,,
1088,2666.HK,Genertec Universal Medical Group Company Limited,-17.96,0.2,,,
1089,3887.HK,HashKey Holdings Limited,-61.3,0.929,,,
1090,8143.HK,Good Fellow Healthcare Holdings Limited,-59.42,0.884,,,
1091,3738.HK,Vobile Group Limited,-43.37,0.565,,,
1092,2222.HK,NVC International Holdings Limited,-17.34,0.192,,,
1093,0682.HK,Chaoda Modern Agriculture (Holdings) Limited,-34.01,0.415,,,
1094,2377.HK,"China Boqi Environmental (Holding) Co., Ltd.",-17.0,0.188,,,
1095,8179.HK,Palinda Group Holdings Limited,-22.64,0.257,,,
1096,2149.HK,"BaTeLab Co., Ltd.",-35.49,0.435,,,
1097,8491.HK,Cool Link (Holdings) Limited,-43.0,0.554,,,
1098,9658.HK,Super Hi International Holding Ltd.,-27.8,0.324,,,
1099,0268.HK,Kingdee International Software Group Company Limited,-45.77,0.601,,,
1100,6060.HK,"ZhongAn Online P & C Insurance Co., Ltd.",-32.93,0.396,,,
1101,6186.HK,China Feihe Limited,-25.94,0.297,,,
1102,0491.HK,Emperor Culture Group Limited,-28.32,0.329,,,
1103,0667.HK,China East Education Holdings Limited,-40.13,0.502,,,
1104,2652.HK,"CF PharmTech, Inc.",-48.95,0.653,,,
1105,2566.HK,"Hangzhou Jiuyuan Genetic Biopharmaceutical Co., Ltd.",-48.27,0.639,,,
1106,1583.HK,Qinqin Foodstuffs Group (Cayman) Company Limited,-21.43,0.238,,,
1107,0357.HK,Hainan Meilan International Airport Company Limited,-45.21,0.584,,,
1108,6676.HK,ZG Group,-62.01,0.924,,,
1109,1811.HK,"CGN New Energy Holdings Co., Ltd.",-24.58,0.277,,,
1110,0588.HK,Beijing North Star Company Limited,-22.59,0.251,,,
1111,1846.HK,EuroEyes International Eye Clinic Limited,-20.44,0.224,,,
1112,2327.HK,Meilleure Health International Industry Group Limited,-16.01,0.171,,,
1113,1572.HK,China Art Financial Holdings Limited,-27.19,0.309,,,
1114,1901.HK,Feiyang International Holdings Group Limited,-50.43,0.669,,,
1115,0952.HK,Quam Plus International Financial Limited,-28.7,0.327,,,
1116,0314.HK,"Sipai Health Technology Co., Ltd.",-44.68,0.566,,,
1117,2048.HK,E-House (China) Enterprise Holdings Limited,-61.07,0.885,,,
1118,1030.HK,Seazen Group Limited,-42.36,0.523,,,
1119,0154.HK,Beijing Enterprises Environment Group Limited,-29.25,0.332,,,
1120,0914.HK,Anhui Conch Cement Company Limited,-24.66,0.271,,,
1121,1357.HK,"Meitu, Inc.",-43.65,0.543,,,
1122,1257.HK,China Everbright Greentech Limited,-18.46,0.196,,,
1123,9600.HK,Newlink Technology Inc.,-38.74,0.464,,,
1124,1900.HK,"China ITS (Holdings) Co., Ltd.",-37.08,0.438,,,
1125,0968.HK,Xinyi Solar Holdings Limited,-32.21,0.368,,,
1126,8482.HK,Wan Leader International Limited,-27.59,0.306,,,
1127,2119.HK,Tsit Wing International Holdings Limited,-12.61,0.129,,,
1128,3958.HK,Orient Securities Company Limited,-24.75,0.27,,,
1129,0406.HK,Yau Lee Holdings Limited,-28.57,0.316,,,
1130,2802.HK,CSOP HSCEI Covered Call Active ETF Class A HKD,-14.05,0.143,,,
1131,2158.HK,Yidu Tech Inc.,-38.62,0.454,,,
1132,6128.HK,Graphex Group Limited,-66.03,0.979,,,
1133,0960.HK,Longfor Group Holdings Limited,-42.36,0.51,,,
1134,2400.HK,XD Inc.,-43.54,0.527,,,
1135,6877.HK,Top Eminent Healthcare Group Limited,-50.66,0.648,,,
1136,2558.HK,"Jinshang Bank Co., Ltd.",-15.85,0.162,,,
1137,3639.HK,Yida China Holdings Limited,-56.14,0.752,,,
1138,0547.HK,Digital Domain Holdings Limited,-38.88,0.454,,,
1139,2650.HK,"Shanghai Zhida Technology Development Co., Ltd.",-68.84,1.039,,,
1140,1813.HK,KWG Group Holdings Limited,-60.31,0.83,,,
1141,8365.HK,Hatcher Group Limited,-52.81,0.679,,,
1142,6887.HK,"Sunshine Lake Pharma Co., Ltd.",-22.84,0.238,,,
1143,1719.HK,China Infrastructure & Logistics Group Ltd.,-34.43,0.384,,,
1144,2210.HK,"Beijing Capital Jiaye Property Services Co., Limited",-26.11,0.276,,,
1145,8402.HK,Plateau Treasures Limited,-44.08,0.522,,,
1146,9989.HK,"Shenzhen Hepalink Pharmaceutical Group Co., Ltd.",-18.56,0.187,,,
1147,9637.HK,Alebund Pharmaceuticals (Jiangsu) Limited,-80.02,1.378,,,
1148,6067.HK,"Shenzhen Senior Technology Material Co., Ltd.",-64.35,0.903,,,
1149,0848.HK,Maoye International Holdings Limited,-20.96,0.211,,,
1150,0815.HK,China Silver Group Limited,-43.42,0.502,,,
1151,6865.HK,"Flat Glass Group Co., Ltd.",-38.51,0.43,,,
1152,9660.HK,Horizon Robotics,-46.42,0.549,,,
1153,9985.HK,WEILONG Delicious Global Holdings Ltd,-33.37,0.36,,,
1154,1315.HK,Green Economy Development Limited,-36.08,0.395,,,
1155,2313.HK,Shenzhou International Group Holdings Limited,-38.73,0.431,,,
1156,1745.HK,Lvji Technology Holdings Inc.,-64.88,0.899,,,
1157,2480.HK,"Beijing Luzhu Biotechnology Co., Ltd.",-41.44,0.469,,,
1158,1950.HK,Diwang Industrial Holdings Limited,-48.73,0.58,,,
1159,1877.HK,"Shanghai Junshi Biosciences Co., Ltd.",-39.1,0.433,,,
1160,0298.HK,Chuang's China Investments Limited,-25.31,0.257,,,
1161,8329.HK,Shenzhen Neptunus Interlong Bio-technique Company Limited,-26.21,0.267,,,
1162,1206.HK,Technovator International Limited,-45.71,0.53,,,
1163,8326.HK,Tonking New Energy Group Holdings Limited,-23.27,0.233,,,
1164,0080.HK,CAI Corp,-34.15,0.365,,,
1165,2165.HK,Ling Yue Services Group Limited,-23.44,0.235,,,
1166,2533.HK,Black Sesame International Holding Limited,-47.57,0.559,,,
1167,2293.HK,Bamboos Health Care Holdings Limited,-25.58,0.259,,,
1168,8375.HK,Data Union Capital International Holdings Group Limited,-54.44,0.674,,,
1169,2138.HK,EC Healthcare,-40.0,0.442,,,
1170,3332.HK,Nanjing Sinolife United Company Limited,-52.25,0.629,,,
1171,0029.HK,Dynamic Holdings Limited,-27.74,0.281,,,
1172,8081.HK,Baijuyi Holdings Group Limited,-36.26,0.387,,,
1173,1177.HK,Sino Biopharmaceutical Limited,-31.37,0.323,,,
1174,6960.HK,"Shuangdeng Group Co., Ltd.",-53.82,0.651,,,
1175,2693.HK,"Anhui Jinyan Kaolin New Materials Co., Ltd.",-35.82,0.378,,,
1176,1418.HK,Sinomax Group Limited,-33.12,0.343,,,
1177,2550.HK,Easou Technology Holdings Limited,-34.68,0.362,,,
1178,0697.HK,Shoucheng Holdings Limited,-38.87,0.417,,,
1179,0806.HK,Value Partners Group Limited,-23.72,0.231,,,
1180,1876.HK,Budweiser Brewing Company APAC Limited,-23.06,0.224,,,
1181,1026.HK,Universal Technologies Holdings Limited,-52.63,0.625,,,
1182,1799.HK,"Xinte Energy Co., Ltd.",-46.41,0.524,,,
1183,0830.HK,China State Construction Development Holdings Limited,-34.96,0.364,,,
1184,0179.HK,Johnson Electric Holdings Limited,-46.45,0.524,,,
1185,9616.HK,Neutech Group Limited,-19.04,0.18,,,
1186,1349.HK,"Shanghai Fudan-Zhangjiang Bio-Pharmaceutical Co.,Ltd.",-29.93,0.301,,,
1187,3868.HK,Xinyi Energy Holdings Limited,-33.37,0.343,,,
1188,1695.HK,S&P International Holding Limited,-22.46,0.216,,,
1189,1413.HK,FEG Holdings Corporation Limited,-50.2,0.58,,,
1190,0564.HK,ZCZL Industrial Technology Group Company Limited,-39.18,0.416,,,
1191,6078.HK,"Hygeia Healthcare Holdings Co., Limited",-27.5,0.27,,,
1192,0271.HK,Asiasec Properties Limited,-24.29,0.234,,,
1193,1600.HK,Tian Lun Gas Holdings Limited,-18.39,0.171,,,
1194,6715.HK,"Hangzhou Qiandaohu Xunlong Sci-tech Co., Ltd.",-84.85,1.479,,,
1195,2237.HK,China Graphite Group Limited,-36.63,0.378,,,
1196,0913.HK,Harbour Digital Asset Capital Limited,-41.08,0.436,,,
1197,2363.HK,Tongda Hong Tai Holdings Limited,-39.07,0.409,,,
1198,8121.HK,Guoen Holdings Limited,-52.83,0.613,,,
1199,1692.HK,Town Ray Holdings Limited,-22.2,0.209,,,
1200,0385.HK,Chinney Alliance Group Limited,-34.67,0.351,,,
1201,0125.HK,Sun Hing Vision Group Holdings Limited,-22.2,0.209,,,
1202,0127.HK,Chinese Estates Holdings Limited,-18.68,0.172,,,
1203,2002.HK,China Sunshine Paper Holdings Company Limited,-41.9,0.443,,,
1204,0855.HK,China Water Affairs Group Limited,-22.83,0.214,,,
1205,0327.HK,PAX Global Technology Limited,-28.84,0.28,,,
1206,1195.HK,Kingwell Group Limited,-48.29,0.532,,,
1207,1889.HK,Sanai Health Industry Group Company Limited,-52.81,0.604,,,
1208,2661.HK,QingSong Health Corporation,-89.26,1.685,,,
1209,6138.HK,"Harbin Bank Co., Ltd.",-29.5,0.285,,,
1210,0423.HK,Hong Kong Economic Times Holdings Limited,-14.29,0.127,,,
1211,0216.HK,"Chinney Investments, Limited",-24.27,0.227,,,
1212,0553.HK,Nanjing Panda Electronics Company Limited,-33.33,0.327,,,
1213,2282.HK,MGM China Holdings Limited,-34.85,0.345,,,
1214,1810.HK,Xiaomi Corporation,-46.26,0.496,,,
1215,1800.HK,China Communications Construction Company Limited,-26.32,0.246,,,
1216,2228.HK,XtalPi Holdings Limited,-45.22,0.479,,,
1217,3931.HK,"CALB Group Co., Ltd.",-47.83,0.516,,,
1218,2051.HK,Vala Inc.,-51.53,0.572,,,
1219,2130.HK,CN Logistics International Holdings Limited,-9.29,0.079,,,
1220,0599.HK,E. Bon Holdings Limited,-24.83,0.229,,,
1221,3606.HK,"Fuyao Glass Industry Group Co., Ltd.",-27.32,0.254,,,
1222,6860.HK,FingerTango Inc.,-36.62,0.361,,,
1223,0241.HK,Alibaba Health Information Technology Limited,-47.84,0.51,,,
1224,9922.HK,Jiumaojiu International Holdings Limited,-41.68,0.422,,,
1225,0272.HK,Shui On Land Limited,-36.6,0.357,,,
1226,3800.HK,GCL Technology Holdings Limited,-43.93,0.451,,,
1227,1765.HK,"XJ International Holdings Co., Ltd.",-31.14,0.292,,,
1228,1477.HK,Ocumension Therapeutics,-36.96,0.36,,,
1229,0762.HK,China Unicom (Hong Kong) Limited,-34.66,0.333,,,
1230,8296.HK,Sino-Life Group Limited,-54.0,0.597,,,
1231,0818.HK,Hi Sun Technology (China) Limited,-33.21,0.315,,,
1232,6608.HK,Bairong AI Inc.,-47.87,0.503,,,
1233,1280.HK,China Qidian Guofeng Holdings Limited,-57.89,0.661,,,
1234,0969.HK,Hua Lien International (Holding) Company Limited,-35.38,0.339,,,
1235,8540.HK,Victory Securities (Holdings) Company Limited,-15.75,0.134,,,
1236,2368.HK,Eagle Nice (International) Holdings Limited,-19.49,0.169,,,
1237,2230.HK,Medialink Group Limited,-22.57,0.199,,,
1238,2508.HK,Saint Bella Group Limited,-46.77,0.483,,,
1239,6988.HK,Joy Spreader Group Inc.,-62.05,0.732,,,
1240,1250.HK,Shandong Hi-Speed New Energy Group Limited,-40.11,0.394,,,
1241,6919.HK,Renrui Human Resources Technology Holdings Limited,-28.8,0.263,,,
1242,1726.HK,HKE Holdings Limited,-33.28,0.311,,,
1243,0333.HK,Top Form International Limited,-32.52,0.301,,,
1244,1599.HK,"Beijing Urban Construction Design & Development Group Co., Limited",-18.1,0.154,,,
1245,2402.HK,"Beijing SinoHytec Co., Ltd.",-55.04,0.6,,,
1246,9961.HK,Trip.com Group Limited,-38.59,0.37,,,
1247,6881.HK,"China Galaxy Securities Co., Ltd.",-29.99,0.272,,,
1248,2495.HK,Voicecomm International Limited,-55.14,0.597,,,
1249,0608.HK,High Fashion International Limited,-28.0,0.249,,,
1250,0798.HK,China Electronics Optics Valley Union Holding Company Limited,-38.96,0.372,,,
1251,0950.HK,Lee's Pharmaceutical Holdings Limited,-38.71,0.369,,,
1252,0323.HK,Maanshan Iron & Steel Company Limited,-33.84,0.31,,,
1253,1021.HK,"Guangdong Huayan Robotics Co., Ltd.",-66.46,0.795,,,
1254,0997.HK,Chinlink International Holdings Limited,-40.47,0.385,,,
1255,0020.HK,SenseTime Group Inc.,-47.37,0.473,,,
1256,1610.HK,COFCO Joycome Foods Limited,-39.62,0.374,,,
1257,0061.HK,Green Leader Holdings Group Limited,-41.37,0.395,,,
1258,2357.HK,AviChina Industry & Technology Company Limited,-31.17,0.278,,,
1259,1969.HK,"China Chunlai Education Group Co., Ltd.",-69.5,0.853,,,
1260,0672.HK,Zhong An Group Limited,-41.89,0.4,,,
1261,1098.HK,Road King Infrastructure Limited,-27.82,0.242,,,
1262,0922.HK,Anxian Yuan China Holdings Limited,-32.31,0.289,,,
1263,8613.HK,Oriental Payment Group Holdings Limited,-44.87,0.437,,,
1264,0165.HK,China Everbright Limited,-46.34,0.456,,,
1265,2360.HK,Best Mart 360 Holdings Limited,-18.48,0.152,,,
1266,0929.HK,IPE Group Limited,-39.82,0.371,,,
1267,3633.HK,Zhongyu Energy Holdings Limited,-19.39,0.159,,,
1268,0346.HK,Yanchang Petroleum International Limited,-43.28,0.411,,,
1269,2050.HK,"Zhejiang Sanhua Intelligent Controls Co.,Ltd",-40.71,0.378,,,
1270,3688.HK,Top Spring International Holdings Limited,-49.6,0.491,,,
1271,2582.HK,"Jiangsu Guofu Hydrogen Energy Equipment Co., Ltd.",-77.78,1.042,,,
1272,0713.HK,World Houseware (Holdings) Limited,-30.33,0.262,,,
1273,8249.HK,Zhejiang RuiYuan Intelligent Control Technology Company Limited,-58.17,0.618,,,
1274,6618.HK,JD Health International Inc.,-43.72,0.413,,,
1275,2251.HK,"Beijing Airdoc Technology Co., Ltd.",-37.73,0.34,,,
1276,0279.HK,Arta TechFin Corporation Limited,-52.69,0.529,,,
1277,3886.HK,Town Health International Medical Group Limited,-31.06,0.267,,,
1278,0413.HK,South China Holdings Company Limited,-32.04,0.277,,,
1279,2169.HK,Canggang Railway Limited,-36.18,0.321,,,
1280,2882.HK,3DG Holdings (International) Limited,-38.97,0.351,,,
1281,1522.HK,BII Railway Transportation Technology Holdings Company Limited,-31.12,0.266,,,
1282,2460.HK,China Resources Beverage (Holdings) Company Limited,-30.62,0.261,,,
1283,0460.HK,Sihuan Pharmaceutical Holdings Group Ltd.,-50.65,0.495,,,
1284,0305.HK,Wuling Motors Holdings Limited,-29.85,0.252,,,
1285,1181.HK,Tang Palace (China) Holdings Limited,-45.41,0.425,,,
1286,81810.HK,Xiaomi Corporation,-50.32,0.489,,,
1287,1828.HK,FWD Group Holdings Limited,-32.33,0.276,,,
1288,0439.HK,Genesis Scale Holdings Limited,-53.83,0.537,,,
1289,1771.HK,Sunfonda Group Holdings Limited,-41.75,0.377,,,
1290,1928.HK,Sands China Ltd.,-33.05,0.281,,,
1291,1405.HK,DPC Dash Ltd,-58.35,0.6,,,
1292,0636.HK,KLN Logistics Group Limited,-23.64,0.19,,,
1293,9636.HK,JF SmartInvest Holdings Ltd,-57.23,0.582,,,
1294,0235.HK,CSC Holdings Limited,-31.26,0.261,,,
1295,2411.HK,Shenzhen Pagoda Industrial (Group) Corporation Limited,-34.25,0.291,,,
1296,0103.HK,Shougang Century Holdings Limited,-46.36,0.429,,,
1297,9919.HK,Activation Group Holdings Limited,-19.42,0.151,,,
1298,0716.HK,Singamas Container Holdings Limited,-31.44,0.261,,,
1299,2373.HK,Beauty Farm Medical and Health Industry Inc.,-43.56,0.393,,,
1300,1842.HK,Grown Up Group Investment Holdings Limited,-36.51,0.313,,,
1301,0596.HK,Inspur Digital Enterprise Technology Limited,-69.93,0.801,,,
1302,6830.HK,Huazhong In-Vehicle Holdings Company Limited,-24.87,0.198,,,
1303,2008.HK,Phoenix Media Investment (Holdings) Limited,-39.08,0.338,,,
1304,6677.HK,Sino-Ocean Service Holding Limited,-35.09,0.295,,,
1305,0789.HK,Artini Holdings Limited,-62.04,0.644,,,
1306,1022.HK,Feiyu Technology International Company Ltd.,-52.1,0.492,,,
1307,1676.HK,Gaodi Holdings Limited,-58.29,0.581,,,
1308,1313.HK,China Resources Building Materials Technology Holdings Limited,-40.66,0.352,,,
1309,3399.HK,Guangdong Yueyun Transportation Company Limited,-24.63,0.192,,,
1310,1713.HK,"Sichuan Energy Investment Development Co., Ltd.",-27.18,0.215,,,
1311,3883.HK,China Aoyuan Group Limited,-61.69,0.629,,,
1312,0694.HK,Beijing Capital International Airport Company Limited,-43.31,0.378,,,
1313,3933.HK,The United Laboratories International Holdings Limited,-42.3,0.366,,,
1314,6826.HK,"Shanghai Haohai Biological Technology Co., Ltd.",-36.15,0.3,,,
1315,2799.HK,"China CITIC Financial Asset Management Co., Ltd.",-38.91,0.326,,,
1316,0698.HK,Tongda Group Holdings Limited,-50.81,0.465,,,
1317,0519.HK,Novautek Technologies Group Limited,-36.15,0.296,,,
1318,2552.HK,Hua Medicine (Shanghai) Ltd.,-44.64,0.388,,,
1319,2030.HK,Cabbeen Fashion Limited,-16.56,0.12,,,
1320,0809.HK,Global Bio-chem Technology Group Company Limited,-55.92,0.53,,,
1321,1359.HK,"China Cinda Asset Management Co., Ltd.",-30.07,0.235,,,
1322,0780.HK,Tongcheng Travel Holdings Limited,-45.55,0.395,,,
1323,3623.HK,China Success Finance Group Holdings Limited,-53.83,0.498,,,
1324,2635.HK,"Nuobikan Artificial Intelligence Technology (Chengdu) Co., Ltd.",-74.37,0.855,,,
1325,1148.HK,Xinchen China Power Holdings Limited,-35.92,0.29,,,
1326,6682.HK,"Phancy Group Co., Ltd.",-56.92,0.539,,,
1327,0347.HK,Angang Steel Company Limited,-46.11,0.398,,,
1328,3709.HK,EEKA Fashion Holdings Limited,-30.21,0.234,,,
1329,1024.HK,Kuaishou Technology,-57.03,0.534,,,
1330,0366.HK,Luks Group (Vietnam Holdings) Company Limited,-17.26,0.123,,,
1331,7489.HK,"VOYAH Automotive Technology Co., Ltd.",-71.88,0.786,,,
1332,80020.HK,SenseTime Group Inc.,-51.44,0.456,,,
1333,0837.HK,Carpenter Tan Holdings Limited,-19.57,0.14,,,
1334,1515.HK,China Resources Medical Holdings Company Limited,-26.27,0.196,,,
1335,6806.HK,"Shenwan Hongyuan Group Co., Ltd.",-26.03,0.193,,,
1336,1086.HK,Goodbaby International Holdings Limited,-25.78,0.191,,,
1337,1412.HK,Q P Group Holdings Limited,-31.66,0.242,,,
1338,1949.HK,Platt Nera International Limited,-38.13,0.303,,,
1339,1981.HK,Cathay Group Holdings Inc.,-45.16,0.376,,,
1340,8223.HK,Ziyuanyuan Holdings Group Limited,-78.99,0.939,,,
1341,1817.HK,Mulsanne Group Holding Limited,-31.52,0.239,,,
1342,86618.HK,JD Health International Inc.,-47.77,0.405,,,
1343,9608.HK,Sundy Service Group Co. Ltd,-44.96,0.372,,,
1344,1725.HK,China Strategic Technology Group Limited,-64.26,0.629,,,
1345,0832.HK,Central China Real Estate Limited,-58.92,0.546,,,
1346,3882.HK,Sky Light Holdings Limited,-42.25,0.341,,,
1347,8521.HK,WebX International Holdings Company Limited,-54.24,0.481,,,
1348,2192.HK,"Medlive Technology Co., Ltd.",-40.06,0.318,,,
1349,2283.HK,TK Group (Holdings) Limited,-31.44,0.235,,,
1350,8041.HK,IntelliMark AI International Limited,-36.99,0.287,,,
1351,9678.HK,"Unisound AI Technology Co., Ltd.",-76.71,0.868,,,
1352,2438.HK,Mobvoi Inc.,-55.02,0.489,,,
1353,2581.HK,BenQ BM Holding Cayman Corp.,-42.4,0.341,,,
1354,1858.HK,"Beijing Chunlizhengda Medical Instruments Co., Ltd.",-45.51,0.374,,,
1355,1338.HK,BaWang International (Group) Holding Limited,-32.94,0.248,,,
1356,1825.HK,Sterling Group Holdings Limited,-43.89,0.355,,,
1357,3836.HK,China Harmony Auto Holding Limited,-58.21,0.53,,,
1358,3669.HK,China Yongda Automobiles Services Holdings Limited,-54.25,0.475,,,
1359,0535.HK,Gemdale Properties and Investment Corporation Limited,-48.2,0.4,,,
1360,0775.HK,"CK Life Sciences Int'l., (Holdings) Inc.",-39.94,0.311,,,
1361,8401.HK,Hua Xia Water Group Limited,-67.07,0.66,,,
1362,0772.HK,China Literature Limited,-45.02,0.361,,,
1363,0302.HK,CMGE Technology Group Limited,-56.93,0.502,,,
1364,0063.HK,China Asia Valley Group Limited,-47.58,0.388,,,
1365,0933.HK,Viva Goods Company Limited,-44.43,0.353,,,
1366,1358.HK,PW Medtech Group Limited,-38.37,0.29,,,
1367,2352.HK,Dowell Service Group Co. Limited,-47.29,0.381,,,
1368,2858.HK,Yixin Group Limited,-50.77,0.419,,,
1369,8348.HK,Tianjin Binhai Teda Logistics (Group) Corporation Limited,-41.22,0.317,,,
1370,1274.HK,"iMotion Automotive Technology (Suzhou) Co., Ltd.",-65.68,0.619,,,
1371,3613.HK,Beijing Tong Ren Tang Chinese Medicine Company Limited,-30.25,0.214,,,
1372,2473.HK,XXF Group Holdings Limited,-85.39,1.071,,,
1373,2122.HK,Kidsland International Holdings Limited,-64.5,0.597,,,
1374,3880.HK,Medtide Inc.,-30.54,0.216,,,
1375,2493.HK,"Mabwell (Shanghai) Bioscience Co., Ltd.",-30.66,0.217,,,
1376,81024.HK,Kuaishou Technology,-60.08,0.529,,,
1377,2565.HK,"PegBio Co., Ltd.",-82.3,0.959,,,
1378,2590.HK,"Beijing Geekplus Technology Co., Ltd.",-65.46,0.604,,,
1379,0450.HK,Hung Hing Printing Group Limited,-20.71,0.136,,,
1380,8066.HK,Phoenitron Holdings Limited,-60.24,0.526,,,
1381,0757.HK,Solargiga Energy Holdings Limited,-43.22,0.328,,,
1382,1217.HK,China Innovation Investment Limited,-37.82,0.276,,,
1383,1773.HK,Tianli International Holdings Limited,-58.5,0.497,,,
1384,2429.HK,Beijing UBOX Online Technology Corp.,-42.59,0.318,,,
1385,2013.HK,Weimob Inc.,-62.64,0.552,,,
1386,3313.HK,ArtGo Holdings Limited,-53.45,0.432,,,
1387,0218.HK,Shenwan Hongyuan (H.K.) Limited,-52.24,0.415,,,
1388,6169.HK,China YuHua Education Corporation Limited,-38.52,0.276,,,
1389,0120.HK,Cosmopolitan International Holdings Limited,-51.51,0.406,,,
1390,0573.HK,Tao Heung Holdings Limited,-28.6,0.192,,,
1391,0361.HK,Hanfort Development Holdings Limited,-57.01,0.471,,,
1392,0700.HK,Tencent Holdings Limited,-31.65,0.216,,,
1393,1458.HK,Zhou Hei Ya International Holdings Company Limited,-38.15,0.271,,,
1394,1060.HK,Damai Entertainment Holdings Limited,-52.78,0.417,,,
1395,1520.HK,Virtual Mind Holding Company Limited,-59.67,0.501,,,
1396,1666.HK,Tong Ren Tang Technologies Co. Ltd.,-34.73,0.24,,,
1397,0986.HK,Dufu Liquor Group Limited,-70.89,0.67,,,
1398,2415.HK,MedSci Healthcare Holdings Limited,-50.43,0.389,,,
1399,2692.HK,"Shenzhen Zhaowei Machinery & Electronics Co., Ltd.",-53.2,0.419,,,
1400,3990.HK,Midea Real Estate Holding Limited,-44.4,0.326,,,
1401,0712.HK,Comtec Solar Systems Group Limited,-55.79,0.449,,,
1402,8176.HK,SuperRobotics Holdings Limited,-77.91,0.806,,,
1403,6196.HK,"Bank of Zhengzhou Co., Ltd.",-32.25,0.216,,,
1404,0149.HK,China Agri-Products Exchange Limited,-26.85,0.174,,,
1405,0471.HK,Silkwave Inc,-78.07,0.802,,,
1406,2250.HK,B.Duck Semk Holdings International Limited,-68.59,0.621,,,
1407,2405.HK,Powerwin Tech Group Limited,-71.29,0.666,,,
1408,0028.HK,Tian An China Investments Company Limited,-29.33,0.192,,,
1409,1238.HK,Powerlong Real Estate Holdings Limited,-38.49,0.267,,,
1410,3636.HK,"Yunnan Jinxun Resources Co., Ltd.",-73.25,0.698,,,
1411,0839.HK,China Education Group Holdings Limited,-43.57,0.312,,,
1412,3383.HK,Agile Group Holdings Limited,-59.32,0.484,,,
1413,0905.HK,Walnut Capital Limited,-82.23,0.894,,,
1414,6051.HK,Youzan Technology Limited,-61.02,0.503,,,
1415,1289.HK,Wuxi Sunlit Science and Technology Company Limited,-21.13,0.13,,,
1416,1586.HK,China Leon Inspection Holding Limited,-51.18,0.385,,,
1417,2212.HK,Future Bright Mining Holdings Limited,-29.66,0.192,,,
1418,2297.HK,Rainmed Medical Limited,-41.37,0.289,,,
1419,6069.HK,SY Holdings Group Limited,-37.22,0.252,,,
1420,1075.HK,Capinfo Company Limited,-42.91,0.301,,,
1421,2196.HK,"Shanghai Fosun Pharmaceutical (Group) Co., Ltd.",-37.02,0.249,,,
1422,1066.HK,Shandong Weigao Group Medical Polymer Company Limited,-42.57,0.297,,,
1423,0296.HK,Emperor Entertainment Hotel Limited,-27.28,0.172,,,
1424,0438.HK,IRICO Group New Energy Company Limited,-46.99,0.334,,,
1425,9606.HK,"Duality Biotherapeutics, Inc.",-49.19,0.356,,,
1426,2121.HK,"AInnovation Technology Group Co., Ltd",-53.46,0.397,,,
1427,2195.HK,Unity Enterprise Holdings Limited,-48.13,0.342,,,
1428,1890.HK,China Kepei Education Group Limited,-37.77,0.248,,,
1429,0732.HK,Truly International Holdings Limited,-23.24,0.14,,,
1430,0382.HK,Edvantage Group Holdings Limited,-64.88,0.534,,,
1431,8513.HK,MaxWin International Holdings Limited,-67.2,0.567,,,
1432,8635.HK,Elephant Holdings Group Limited,-75.38,0.704,,,
1433,0343.HK,Culturecom Holdings Limited,-53.66,0.396,,,
1434,1476.HK,"Financial Street Securities Co., Limited",-38.34,0.251,,,
1435,0736.HK,China Properties Investment Holdings Limited,-75.08,0.696,,,
1436,2186.HK,Luye Pharma Group Ltd.,-43.57,0.296,,,
1437,0171.HK,Silver Grant International Holdings Group Limited,-58.66,0.451,,,
1438,1683.HK,Hope Life International Holdings Limited,-72.7,0.651,,,
1439,1786.HK,CRCC High-Tech Equipment Corporation Limited,-26.16,0.158,,,
1440,6959.HK,Changjiu Holdings Limited,-51.01,0.365,,,
1441,2643.HK,CaoCao Inc.,-70.87,0.616,,,
1442,2007.HK,Country Garden Holdings Company Limited,-66.44,0.548,,,
1443,0717.HK,Emperor Capital Group Limited,-48.85,0.341,,,
1444,6669.HK,Acotec Scientific Holdings Limited,-48.81,0.341,,,
1445,1203.HK,GDH Guangnan (Holdings) Limited,-28.21,0.171,,,
1446,8159.HK,China United Venture Investment Limited,-61.71,0.482,,,
1447,1388.HK,Embry Holdings Limited,-33.5,0.209,,,
1448,2519.HK,"AuGroup (SHENZHEN) Cross-Border Business Co., Ltd.",-46.91,0.321,,,
1449,6660.HK,"AIM Vaccine Co., Ltd.",-58.79,0.444,,,
1450,1530.HK,3SBio Inc.,-45.66,0.309,,,
1451,0873.HK,Shimao Services Holdings Limited,-49.42,0.343,,,
1452,2777.HK,"Guangzhou R&F Properties Co., Ltd.",-69.73,0.589,,,
1453,2482.HK,"Logory Logistics Technology Co., Ltd.",-63.45,0.499,,,
1454,1333.HK,"Breton Technology Co., Ltd.",-67.83,0.557,,,
1455,1896.HK,Maoyan Entertainment,-43.45,0.286,,,
1456,7630.HK,"IMPACT Therapeutics, Inc",-94.27,1.305,,,
1457,0807.HK,SIIC Environment Holdings Ltd.,-17.98,0.101,,,
1458,3978.HK,China Beststudy Education Group,-45.93,0.306,,,
1459,9898.HK,Weibo Corporation,-46.69,0.313,,,
1460,6656.HK,"Sigenergy Technology Co., Ltd",-74.0,0.65,,,
1461,0554.HK,Hans Group Holdings Limited,-30.7,0.183,,,
1462,9983.HK,Central China New Life Limited,-67.05,0.538,,,
1463,9980.HK,"Eastroc Beverage (Group) Co., Ltd.",-62.73,0.481,,,
1464,3952.HK,"Zhejiang Laifual Drive Co., Ltd.",-62.97,0.483,,,
1465,1137.HK,Hong Kong Technology Venture Company Limited,-35.14,0.215,,,
1466,0546.HK,Fufeng Group Limited,-44.98,0.294,,,
1467,8069.HK,Flydoo Technology Holding Limited,-48.83,0.328,,,
1468,3683.HK,Great Harvest Maeta Holdings Limited,-55.28,0.391,,,
1469,6810.HK,"Shanghai Sunmi Technology Co., Ltd.",-47.92,0.318,,,
1470,1456.HK,"Guolian Minsheng Securities Co., Ltd.",-40.23,0.252,,,
1471,0227.HK,First Shanghai Investments Limited,-53.96,0.376,,,
1472,1068.HK,China Yurun Food Group Limited,-48.7,0.325,,,
1473,7688.HK,"Shanghai Top Numerical Control Technology Co., Ltd.",-90.53,1.07,,,
1474,8198.HK,Crypto Flow Technology Limited,-66.98,0.527,,,
1475,8446.HK,"Brightstar Technology Group Co., Ltd.",-67.64,0.536,,,
1476,1563.HK,Alliance International Education Leasing Holdings Limited,-39.67,0.246,,,
1477,2176.HK,CCID Consulting Company Limited,-67.49,0.532,,,
1478,9930.HK,Horizon Construction Development Limited,-42.26,0.266,,,
1479,2551.HK,"APT Electronics Co., Ltd.",-49.85,0.332,,,
1480,3601.HK,360 Ludashi Holdings Limited,-41.79,0.261,,,
1481,8003.HK,Great World Company Holdings Ltd,-55.37,0.381,,,
1482,2500.HK,Venus Medtech (Hangzhou) Inc.,-68.13,0.533,,,
1483,6687.HK,JST Group Corporation Limited,-60.31,0.434,,,
1484,0563.HK,Shanghai Industrial Urban Development Group Limited,-30.97,0.177,,,
1485,0895.HK,Dongjiang Environmental Company Limited,-35.54,0.209,,,
1486,9899.HK,NetEase Cloud Music Inc.,-64.36,0.479,,,
1487,2322.HK,Modern Innovative Digital Technology Company Limited,-55.78,0.381,,,
1488,1003.HK,Huanxi Media Group Limited,-42.93,0.265,,,
1489,3638.HK,Hunlicar Group Limited,-69.53,0.544,,,
1490,0512.HK,Grand Pharmaceutical Group Limited,-40.03,0.24,,,
1491,2553.HK,"Beijing Shougang LanzaTech Technology Co., Ltd.",-97.19,1.483,,,
1492,2410.HK,"TYK Medicines, Inc",-65.15,0.484,,,
1493,1053.HK,Chongqing Iron & Steel Company Limited,-35.09,0.203,,,
1494,2669.HK,China Overseas Property Holdings Limited,-31.12,0.176,,,
1495,1375.HK,"Central China Securities Co., Ltd.",-36.0,0.209,,,
1496,0927.HK,Fujikon Industrial Holdings Limited,-33.27,0.189,,,
1497,0132.HK,Hing Yip Holdings Limited,-41.82,0.252,,,
1498,1958.HK,BAIC Motor Corporation Limited,-61.03,0.43,,,
1499,6118.HK,Austar Lifesciences Limited,-33.59,0.189,,,
1500,80700.HK,Tencent Holdings Limited,-36.89,0.211,,,
1501,1618.HK,Metallurgical Corporation of China Ltd.,-50.12,0.315,,,
1502,1318.HK,"Mao Geping Cosmetics Co., Ltd.",-52.25,0.334,,,
1503,0861.HK,Digital China Holdings Limited,-46.47,0.283,,,
1504,2185.HK,"Shanghai Bio-heart Biological Technology Co., Ltd.",-71.2,0.549,,,
1505,1918.HK,Sunac China Holdings Limited,-63.62,0.45,,,
1506,0337.HK,Greenland Hong Kong Holdings Limited,-53.54,0.344,,,
1507,1698.HK,Tencent Music Entertainment Group,-62.68,0.438,,,
1508,6989.HK,Excellence Commercial Property & Facilities Management Group Limited,-55.48,0.362,,,
1509,2738.HK,Huajin International Holdings Limited,-82.32,0.743,,,
1510,0442.HK,Domaine Power Holdings Limited,-40.53,0.234,,,
1511,1769.HK,Scholar Education Group,-64.72,0.458,,,
1512,0330.HK,Esprit Holdings Limited,-62.88,0.436,,,
1513,2012.HK,Sunshine Oilsands Ltd.,-60.33,0.408,,,
1514,2325.HK,Yunkang Group Limited,-55.34,0.357,,,
1515,2393.HK,Yestar Healthcare Holdings Company Limited,-57.09,0.372,,,
1516,2617.HK,"TransThera Sciences (Nanjing), Inc.",-89.0,0.917,,,
1517,2312.HK,Long Investment Corp,-68.69,0.503,,,
1518,1247.HK,Miko International Holdings Limited,-63.24,0.435,,,
1519,2665.HK,Seyond Holdings Ltd.,-83.2,0.75,,,
1520,2555.HK,"Sichuan Baicha Baidao Industrial Co., Ltd.",-47.56,0.284,,,
1521,1798.HK,"China Datang Corporation Renewable Power Co., Limited",-58.12,0.379,,,
1522,2383.HK,TOM Group Limited,-19.82,0.098,,,
1523,0686.HK,"Beijing Energy International Holding Co., Ltd.",-42.31,0.241,,,
1524,2561.HK,VISEN Pharmaceuticals,-54.26,0.339,,,
1525,2536.HK,Palasino Holdings Limited,-63.04,0.427,,,
1526,2591.HK,"Guangzhou Innogen Pharmaceutical Group Co., Ltd",-88.36,0.873,,,
1527,0819.HK,Tianneng Power International Limited,-52.92,0.324,,,
1528,0984.HK,"AEON Stores (Hong Kong) Co., Limited",-45.28,0.26,,,
1529,2633.HK,Jacobson Pharma Corporation Limited,-26.7,0.136,,,
1530,0376.HK,Yunfeng Financial Group Limited,-63.22,0.424,,,
1531,2150.HK,Nayuki Holdings Limited,-48.92,0.289,,,
1532,1688.HK,Lingyi iTech (Guangdong) Company,-92.08,1.009,,,
1533,1569.HK,Minsheng Education Group Company Limited,-51.02,0.306,,,
1534,0750.HK,China Shuifa Singyes Energy Holdings Limited,-33.69,0.177,,,
1535,1689.HK,Huaxi Holdings Company Limited,-42.37,0.235,,,
1536,1368.HK,Xtep International Holdings Limited,-37.04,0.198,,,
1537,1215.HK,Kai Yuan Holdings Limited,-38.34,0.206,,,
1538,2586.HK,Dmall Inc.,-59.09,0.375,,,
1539,8107.HK,Ficus Technology Holdings Limited,-78.31,0.623,,,
1540,8292.HK,VSING Limited,-73.52,0.546,,,
1541,1317.HK,China Maple Leaf Educational Systems Limited,-57.37,0.355,,,
1542,6858.HK,Honma Golf Limited,-18.51,0.087,,,
1543,3677.HK,"Jiangsu Zenergy Battery Technologies Group Co., Ltd.",-57.6,0.354,,,
1544,6628.HK,Transcenta Holding Limited,-74.49,0.551,,,
1545,8391.HK,Cornerstone Technologies Holdings Limited,-58.79,0.364,,,
1546,1879.HK,"Shanghai Xizhi Technology Co., Ltd.",-91.19,0.936,,,
1547,3818.HK,"China Dongxiang (Group) Co., Ltd.",-47.58,0.267,,,
1548,1518.HK,New Century Healthcare Holding Co. Limited,-65.62,0.433,,,
1549,87001.HK,Hui Xian Real Estate Investment Trust,-35.3,0.18,,,
1550,6922.HK,"Cryofocus Medtech (Shanghai) Co., Ltd.",-57.56,0.346,,,
1551,3913.HK,KWG Living Group Holdings Limited,-40.22,0.21,,,
1552,2779.HK,China Xinhua Education Group Limited,-53.04,0.305,,,
1553,1292.HK,"Changan Minsheng APLL Logistics Co., Ltd.",-49.22,0.273,,,
1554,0309.HK,Xinhua News Media Holdings Limited,-54.34,0.313,,,
1555,1833.HK,Ping An Healthcare and Technology Company Limited,-65.09,0.414,,,
1556,2675.HK,"Shenzhen Edge Medical Co., Ltd.",-61.65,0.378,,,
1557,0493.HK,GOME Retail Holdings Limited,-51.03,0.283,,,
1558,0511.HK,TVB Limited,-36.56,0.182,,,
1559,1379.HK,Wenling Zhejiang Measuring and Cutting Tools Trading Centre Company Limited,-56.08,0.324,,,
1560,1662.HK,Yee Hop Holdings Limited,-83.81,0.687,,,
1561,0691.HK,China Shanshui Cement Group Limited,-67.18,0.431,,,
1562,0909.HK,Ming Yuan Cloud Group Holdings Limited,-65.91,0.417,,,
1563,1966.HK,China SCE Group Holdings Limited,-60.06,0.355,,,
1564,0242.HK,Shun Tak Holdings Limited,-44.14,0.227,,,
1565,6086.HK,Fangzhou Inc.,-81.79,0.633,,,
1566,3889.HK,Global Corn Group Limited,-55.45,0.311,,,
1567,8315.HK,Century Plaza Hotel Group,-56.7,0.321,,,
1568,1709.HK,DL Holdings Group Limited,-69.54,0.448,,,
1569,2161.HK,JBM (Healthcare) Limited,-38.24,0.187,,,
1570,2097.HK,MIXUE Group,-47.31,0.246,,,
1571,0151.HK,Want Want China Holdings Limited,-41.37,0.206,,,
1572,1498.HK,PuraPharm Corporation Limited,-38.3,0.186,,,
1573,2137.HK,Brii Biosciences Limited,-55.03,0.303,,,
1574,0187.HK,Beijing Jingcheng Machinery Electric Company Limited,-44.24,0.223,,,
1575,1675.HK,AsiaInfo Technologies Limited,-56.83,0.317,,,
1576,1108.HK,Triumph New Energy Company Limited,-48.3,0.25,,,
1577,2033.HK,Time Watch Investments Limited,-39.35,0.191,,,
1578,0993.HK,XinKong International Capital Holdings Limited,-57.42,0.32,,,
1579,2598.HK,"Lianlian DigiTech Co., Ltd.",-60.45,0.346,,,
1580,1121.HK,Golden Solar New Energy Technology Holdings Limited,-76.58,0.523,,,
1581,3991.HK,Changhong Jiahua Holdings Limited,-46.95,0.236,,,
1582,2335.HK,"Shaanxi Micot Pharmaceutical Technology Co., Ltd.",-75.58,0.505,,,
1583,8471.HK,Reach New Holdings Limited,-91.23,0.835,,,
1584,0829.HK,Shenguan Holdings (Group) Limited,-49.23,0.25,,,
1585,0560.HK,Chu Kong Shipping Enterprises (Group) Company Limited,-21.69,0.091,,,
1586,0558.HK,L.K. Technology Holdings Limited,-71.24,0.444,,,
1587,8645.HK,Byte Metaverse Holdings Limited,-68.41,0.411,,,
1588,2575.HK,"Xuanzhu Biopharmaceutical Co., Ltd.",-84.9,0.652,,,
1589,1727.HK,Hebei Construction Group Corporation Limited,-51.89,0.263,,,
1590,0410.HK,SOHO China Limited,-42.33,0.199,,,
1591,1588.HK,Chanjet Information Technology Company Limited,-56.79,0.297,,,
1592,3918.HK,NagaCorp Ltd.,-43.93,0.207,,,
1593,6839.HK,"Yunnan Water Investment Co., Limited",-52.69,0.265,,,
1594,9896.HK,MINISO Group Holding Limited,-59.17,0.315,,,
1595,1244.HK,3D Medicines Inc.,-68.6,0.403,,,
1596,6978.HK,Immunotech Biopharm Ltd,-89.1,0.737,,,
1597,1061.HK,Essex Bio-Technology Limited,-56.0,0.289,,,
1598,2221.HK,New Concepts Holdings Limited,-47.71,0.229,,,
1599,0370.HK,Hong Kong Robotics Group Holding Limited,-79.61,0.536,,,
1600,1717.HK,Ausnutria Dairy Corporation Ltd,-53.68,0.268,,,
1601,3678.HK,"Soho Holly Futures Co., Ltd.",-48.11,0.229,,,
1602,0136.HK,China Ruyi Holdings Limited,-56.0,0.284,,,
1603,0520.HK,"Xiabuxiabu Catering Management (China) Holdings Co., Ltd.",-74.88,0.466,,,
1604,0880.HK,SJM Holdings Limited,-59.59,0.311,,,
1605,2605.HK,MetaLight Inc.,-71.26,0.422,,,
1606,1696.HK,Sisram Medical Ltd,-61.24,0.323,,,
1607,0587.HK,China Conch Environment Protection Holdings Limited,-58.37,0.298,,,
1608,0018.HK,Oriental Media Group Limited,-39.43,0.172,,,
1609,0085.HK,China Electronics Huada Technology Company Limited,-47.14,0.216,,,
1610,2333.HK,Great Wall Motor Company Limited,-52.37,0.251,,,
1611,1268.HK,China MeiDong Auto Holdings Limited,-81.34,0.541,,,
1612,0405.HK,Yuexiu Real Estate Investment Trust,-31.49,0.129,,,
1613,0129.HK,Asia Standard International Group Limited,-47.76,0.217,,,
1614,0570.HK,China Traditional Chinese Medicine Holdings Co. Limited,-45.62,0.202,,,
1615,8128.HK,Sino Energy Conservation International Limited,-45.69,0.203,,,
1616,2672.HK,"Baige Online Digital Technology Co., Ltd.",-74.56,0.439,,,
1617,1371.HK,China Ecotourism Group Limited,-68.7,0.373,,,
1618,2216.HK,Broncus Holding Corporation,-80.32,0.511,,,
1619,1942.HK,MOG Digitech Holdings Limited,-80.58,0.511,,,
1620,1701.HK,Tu Yi Holding Company Limited,-48.13,0.209,,,
1621,1276.HK,"Jiangsu Hengrui Pharmaceuticals Co.,Ltd",-49.69,0.216,,,
1622,0202.HK,EverChina Int'l Holdings Company Limited,-76.91,0.446,,,
1623,0068.HK,Manycore Tech Inc.,-92.19,0.742,,,
1624,3869.HK,Hospital Corporation of China Limited,-52.36,0.229,,,
1625,2407.HK,Gaush Meditech Ltd,-51.72,0.224,,,
1626,0765.HK,Perfectech International Holdings Limited,-64.72,0.316,,,
1627,1680.HK,Macau Legend Development Limited,-79.06,0.463,,,
1628,1641.HK,"Hongxing Coldchain (Hunan) Co., Ltd.",-72.94,0.389,,,
1629,82333.HK,Great Wall Motor Company Limited,-55.88,0.247,,,
1630,2540.HK,Lesi Group Limited,-52.88,0.225,,,
1631,9663.HK,"Sino-Synergy Hydrogen Energy Technology (Jiaxing) Co., Ltd.",-62.64,0.287,,,
1632,9669.HK,Beisen Holding Limited,-63.25,0.291,,,
1633,0367.HK,Chuang's Consortium International Limited,-32.68,0.118,,,
1634,1640.HK,Qian Xun Technology Limited,-90.35,0.642,,,
1635,0764.HK,Eternity Investment Limited,-77.79,0.425,,,
1636,9868.HK,XPeng Inc.,-53.68,0.223,,,
1637,6681.HK,BrainAurora Medical Technology Limited,-82.87,0.483,,,
1638,0828.HK,Dynasty Fine Wines Group Limited,-43.03,0.162,,,
1639,2469.HK,Fenbi Ltd.,-88.61,0.583,,,
1640,0813.HK,Shimao Group Holdings Limited,-85.01,0.515,,,
1641,6955.HK,"Shandong Boan Biotechnology Co., Ltd.",-72.81,0.36,,,
1642,9927.HK,"Seres Group Co.,Ltd",-73.51,0.365,,,
1643,2443.HK,Autostreets Development Limited,-67.56,0.312,,,
1644,2570.HK,Shanghai REFIRE Group Limited,-90.2,0.612,,,
1645,0701.HK,CNT Group Limited,-57.85,0.239,,,
1646,6909.HK,BetterLife Holding Limited,-58.39,0.237,,,
1647,2153.HK,"Tat Hong Equipment Service Co., Ltd.",-25.2,0.08,,,
1648,9923.HK,Yeahka Limited,-57.02,0.225,,,
1649,9690.HK,TUHU Car Inc.,-39.4,0.135,,,
1650,6855.HK,Ascentage Pharma Group International,-58.58,0.233,,,
1651,6913.HK,South China Vocational Education Group Company Limited,-66.2,0.285,,,
1652,8203.HK,Kaisun Holdings Limited,-74.25,0.352,,,
1653,1697.HK,"Shandong International Trust Co., Ltd.",-43.14,0.15,,,
1654,6168.HK,"Zhou Liu Fu Jewellery Co., Ltd.",-70.34,0.314,,,
1655,2145.HK,"Shanghai Chicmax Cosmetic Co., Ltd.",-78.35,0.373,,,
1656,6603.HK,IFBH Limited,-84.1,0.441,,,
1657,1978.HK,LH Group Limited,-35.01,0.107,,,
1658,1468.HK,Jakota Capital (Holding) Group,-84.65,0.427,,,
1659,0138.HK,CCT Fortis Holdings Limited,-70.41,0.283,,,
1660,1756.HK,China Science and Education Industry Group Limited,-57.08,0.192,,,
1661,8427.HK,WS-SK Target Group Limited,-90.33,0.499,,,
1662,1233.HK,Times China Holdings Limited,-85.43,0.409,,,
1663,0884.HK,CIFI Holdings (Group) Co. Ltd.,-85.41,0.401,,,
1664,3650.HK,Keep Inc.,-72.36,0.273,,,
1665,3377.HK,Sino-Ocean Group Holding Limited,-73.14,0.277,,,
1666,2342.HK,Comba Telecom Systems Holdings Limited,-78.66,0.314,,,
1667,2231.HK,JY Grandmark Holdings Limited,-94.24,0.55,,,
1668,0881.HK,Zhongsheng Group Holdings Limited,-72.81,0.256,,,
1669,9955.HK,ClouDr Group Limited,-64.45,0.195,,,
1670,2003.HK,VCREDIT Holdings Limited,-74.98,0.254,,,
1671,9981.HK,"ShenZhen Woer Heat-Shrinkable Material Co.,Ltd.",-77.49,0.272,,,
1672,0126.HK,Carrianna Group Holdings Company Limited,-43.44,0.107,,,
1673,3309.HK,C-MER Medical Holdings Limited,-60.22,0.161,,,
1674,2001.HK,China New Higher Education Group Limited,-60.79,0.159,,,
1675,1081.HK,"Dajin Heavy Industry Co.,Ltd.",-98.69,0.639,,,
1676,2125.HK,Strawbear Entertainment Group,-55.27,0.128,,,
1677,0664.HK,"Hangzhou Tongshifu Cultural and Creative (Group) Co., Ltd.",-87.37,0.311,,,
1678,6658.HK,"Liuliumei Co., Ltd.",-71.62,0.045,,,
1679,7656.HK,"Reconova Technologies Co., Ltd.",-95.53,,,,
1680,8297.HK,Ocean Star Technology Group Limited,0.0,0.0,,,
1681,8525.HK,Baiying Holdings Group Limited,0.0,0.0,,,
1682,6745.HK,"Befar Group Co., Ltd",27.48,,,,
1683,2667.HK,"Beijing Tong Ren Tang Healthcare Investment Co., Ltd.",-60.25,,,,
1684,0601.HK,Rare Earth Magnesium Technology Group Holdings Limited,0.0,0.0,,,
1685,0852.HK,Strong Petrochemical Holdings Limited,0.0,0.0,,,
1686,0128.HK,ENM Holdings Limited,0.0,0.0,,,
1687,0269.HK,China Resources and Transportation Group Limited,0.0,0.0,,,
1688,0537.HK,"Rigol Technologies Co., Ltd.",15.15,,,,
1689,6880.HK,Momenta Global Limited,-20.57,,,,
1690,7687.HK,"EACON Group Co., Ltd",-83.93,,,,
1691,9971.HK,"BASiC Semiconductor Co., Ltd.",-73.24,,,,
1692,1770.HK,DKE Holding Company Limited,-98.54,,,,
1693,2249.HK,Nexchip Semiconductor Corporation,71.91,,,,
1694,3308.HK,"Zhongji Innolight Co., Ltd.",1.17,,,,
