Rank,Ticker,Name,Return (%),Risk,Volatility,Follows Market Direction ?,Industry,Sector,Rating
1,2887G.TW,"TS Financial Holding Co., Ltd.",27.36,0.04,0.057,No,,,
2,2887H.TW,"TS Financial Holding Co., Ltd.",21.7,0.048,0.055,No,,,
3,8112A.TW,"Supreme Electronics Co., Ltd.",10.24,0.028,0.007,No,,,
4,2885.TW,"Yuanta Financial Holding Co., Ltd.",120.44,0.266,0.556,Yes,,,
5,2883B.TW,"KGI Financial Holding Co., Ltd.",11.82,0.043,0.035,No,,,
6,3633.TWO,Epoch Chemtronics Corp.,111.9,0.305,0.501,Yes,,,
7,2527.TW,Hung Ching Development & Construction Co. Ltd,88.91,0.264,0.489,Yes,,,
8,2535.TW,"Da-Cin Construction Co.,Ltd.",73.32,0.234,0.522,Yes,,,
9,5288.TW,"Eurocharm Holdings Co., Ltd.",88.7,0.277,0.282,Yes,,,
10,2851.TW,Central Reinsurance Corporation,129.35,0.374,0.02,No,,,
11,6027.TWO,"Reliance Securities Co.,Ltd.",81.17,0.266,0.471,Yes,,,
12,2897.TW,"O-Bank Co., Ltd.",22.97,0.093,0.061,No,,,
13,2942.TWO,"Jing-Jan Retail Business Co., Ltd.",36.1,0.14,0.16,No,,,
14,6707.TWO,Afastor Corporation,162.54,0.453,0.726,Yes,,,
15,2330.TW,Taiwan Semiconductor Manufacturing Company Limited,106.2,0.336,0.907,Yes,,,
16,2855.TW,President Securities Corporation,156.54,0.445,0.893,Yes,,,
17,4706.TWO,Tah Kong Chemical Industrial Corporation,21.43,0.089,0.115,Yes,,,
18,4938.TW,Pegatron Corporation,39.57,0.154,0.246,Yes,,,
19,2882.TW,"Cathay Financial Holding Co., Ltd.",91.24,0.315,0.407,Yes,,,
20,6944.TW,Mega Union Technology Inc.,99.3,0.337,0.544,Yes,,,
21,^TWII,TWSE Capitalization Weighted Stock Index,97.04,0.331,1.0,Yes,,,
22,2887I.TW,"TS Financial Holding Co., Ltd.",4.09,0.019,0.027,No,,,
23,2395.TW,"Advantech Co., Ltd.",152.42,0.47,0.656,Yes,,,
24,2881.TW,"Fubon Financial Holding Co., Ltd.",83.88,0.311,0.356,Yes,,,
25,2836A.TW,"Bank of Kaohsiung Co., Ltd.",7.73,0.038,0.064,No,,,
26,6894.TWO,Waste Recovery Technology Inc.,97.62,0.363,0.612,Yes,,,
27,1260.TWO,Flavor Full Foods Inc.,119.35,0.422,0.145,Yes,,,
28,6026.TWO,"Grand Fortune Securities Co.,Ltd",53.13,0.231,0.452,Yes,,,
29,8109.TWO,"P-Duke Technology Co.,Ltd.",40.99,0.188,0.452,Yes,,,
30,4305.TWO,"Shih-Kuen Plastics Co., Ltd.",17.44,0.088,0.011,Yes,,,
31,2890.TW,SinoPac Financial Holdings Company Limited,91.25,0.378,0.028,No,,,
32,2891.TW,"CTBC Financial Holding Co., Ltd.",69.37,0.307,0.354,Yes,,,
33,3022.TW,IEI Integration Corp.,48.92,0.231,0.244,Yes,,,
34,2108.TW,"NANTEX Industry Co., Ltd.",40.9,0.201,0.144,Yes,,,
35,6021.TWO,"Good Finance Securities Co., Ltd.",121.19,0.475,1.269,Yes,,,
36,1301.TW,Formosa Plastics Corporation,94.45,0.396,0.391,Yes,,,
37,3265.TWO,"Winstek Semiconductor Co., Ltd.",119.74,0.473,0.873,Yes,,,
38,2850.TW,"Shinkong Insurance Co., Ltd.",46.13,0.228,0.064,Yes,,,
39,6139.TW,"L&K Engineering Co., Ltd.",159.92,0.593,1.319,Yes,,,
40,6577.TWO,Promate Solutions Corporation,22.99,0.126,0.019,Yes,,,
41,2908.TW,"Test-Rite International Co., Ltd.",13.57,0.077,0.115,Yes,,,
42,2891C.TW,"CTBC Financial Holding Co., Ltd.",5.74,0.034,0.019,No,,,
43,2107.TW,Formosan Rubber Group Inc.,21.48,0.119,0.091,Yes,,,
44,2348A.TW,"Hi-Yes International Co., Ltd.",11.49,0.067,0.012,Yes,,,
45,6259.TWO,"Bull Will Co., Ltd.",125.72,0.521,0.82,Yes,,,
46,5904.TWO,"POYA International Co., Ltd.",85.02,0.393,0.248,Yes,,,
47,3631.TWO,Chernan Metal Industrial Corp.,149.34,0.599,1.187,Yes,,,
48,1560.TW,Kinik Company,154.96,0.62,1.45,Yes,,,
49,6196.TW,Marketech International Corp.,143.84,0.59,1.51,Yes,,,
50,2347.TW,Synnex Technology International Corporation,54.85,0.284,0.031,No,,,
51,8091.TWO,Feedback Technology Corp.,143.66,0.593,1.375,Yes,,,
52,6780.TWO,"Study King Co., Ltd.",77.28,0.379,0.659,Yes,,,
53,2488.TW,"Hanpin Electron Co., Ltd.",17.7,0.108,0.198,Yes,,,
54,7867.TWO,"Test Rite Retail Co., Ltd.",24.26,0.145,0.323,Yes,,,
55,1708.TW,Sesoda Corporation,95.5,0.458,0.336,No,,,
56,2882A.TW,"Cathay Financial Holding Co., Ltd.",3.74,0.024,0.04,No,,,
57,1590.TW,Airtac International Group,134.13,0.597,1.373,Yes,,,
58,6136.TW,"Fullerton Technology Co., Ltd.",9.86,0.064,0.058,Yes,,,
59,6691.TW,"Yankey Engineering Co., Ltd.",77.25,0.401,0.804,Yes,,,
60,2887E.TW,"TS Financial Holding Co., Ltd.",5.9,0.039,0.008,Yes,,,
61,3066.TWO,"Taiwan Oasis Technology Co., Ltd.",97.28,0.481,0.022,Yes,,,
62,6574.TWO,"Mikobeaute International Co., Ltd.",97.75,0.483,0.585,No,,,
63,2345.TW,Accton Technology Corporation,139.96,0.626,1.184,Yes,,,
64,2905.TW,"Mercuries & Associates Holding, Ltd.",59.66,0.329,0.091,No,,,
65,6414.TW,Ennoconn Corporation,45.32,0.263,0.383,Yes,,,
66,6525.TW,"GEM Services, Inc.",109.62,0.531,1.0,Yes,,,
67,6197.TW,JPC Connectivity Inc.,133.65,0.613,1.321,Yes,,,
68,6951.TW,"Chin Hsin Environ Engineering Co., Ltd.",16.28,0.106,0.01,Yes,,,
69,1409.TW,Shinkong Synthetic Fibers Corporation,115.53,0.556,0.608,Yes,,,
70,7827.TW,HanchorBio Inc.,155.03,0.685,1.104,Yes,,,
71,3033.TW,"Weikeng Industrial Co., Ltd.",86.02,0.449,0.795,Yes,,,
72,5434.TW,"Topco Scientific Co.,Ltd.",93.61,0.486,1.224,Yes,,,
73,2409.TW,AUO Corporation,157.8,0.705,1.287,Yes,,,
74,2838.TW,Union Bank of Taiwan,25.93,0.167,0.095,No,,,
75,3049.TW,HannsTouch Holdings Company,161.74,0.719,0.599,Yes,,,
76,2881B.TW,"Fubon Financial Holding Co., Ltd.",2.65,0.019,0.024,No,,,
77,1730.TW,"Farcent Enterprise Co.,Ltd",4.8,0.034,0.011,No,,,
78,2495.TW,"Infortrend Technology, Inc.",113.81,0.569,0.845,Yes,,,
79,2605.TW,Sincere Navigation Corporation,79.12,0.435,0.824,No,,,
80,6190.TWO,"Wonderful Hi-tech Co., Ltd.",114.4,0.577,1.339,Yes,,,
81,2617.TW,"Taiwan Navigation Co., Ltd.",21.93,0.147,0.017,Yes,,,
82,3356.TW,GeoVision Inc.,43.22,0.268,0.48,Yes,,,
83,2071.TWO,"Chen Nan Iron Wire Co.,Ltd",119.19,0.595,1.4,No,,,
84,5538.TW,"Tong Ming Enterprise Co., Ltd.",41.9,0.264,0.356,Yes,,,
85,3556.TWO,eGalax_eMPIA Technology Inc.,91.76,0.498,1.123,Yes,,,
86,1531.TW,"Kaulin Mfg. Co., Ltd.",16.02,0.112,0.068,No,,,
87,9136.TW,Ju Teng International Holdings Limited,129.92,0.646,0.721,Yes,,,
88,3034.TW,Novatek Microelectronics Corp.,39.32,0.252,0.329,Yes,,,
89,4904.TW,"Far EasTone Telecommunications Co., Ltd.",21.67,0.149,0.047,Yes,,,
90,1725.TW,"Yuan Jen Enterprises Co.,Ltd.",26.52,0.183,0.159,Yes,,,
91,8383.TWO,"Chen Full International Co., Ltd.",84.08,0.485,0.595,Yes,,,
92,3702.TW,WPG Holdings Limited,77.18,0.454,0.107,No,,,
93,4163.TWO,INTAI Technology Corporation,45.65,0.297,0.224,Yes,,,
94,2369.TW,"Lingsen Precision Industries, Ltd.",93.59,0.53,1.001,Yes,,,
95,3046.TW,AOPEN Incorporated,43.25,0.285,0.407,Yes,,,
96,2880.TW,"Hua Nan Financial Holdings Co., Ltd.",59.7,0.373,0.066,No,,,
97,5340.TWO,Baotek Industrial Materials Ltd.,154.54,0.762,1.097,Yes,,,
98,5011.TWO,OFCO Industrial Corporation,111.65,0.607,1.005,Yes,,,
99,2762.TW,World Gym Corporation,28.6,0.2,0.118,Yes,,,
100,5471.TW,"Sonix Technology Co.,Ltd.",90.26,0.523,1.128,Yes,,,
101,6016.TWO,"Concord Securities Co., Ltd.",127.9,0.677,1.47,Yes,,,
102,6967.TWO,Trans-Sun Materials Technology Company Limited,44.36,0.301,0.52,Yes,,,
103,6108.TW,APCB Inc.,90.33,0.537,0.673,Yes,,,
104,2465.TW,Leadtek Research Inc.,109.71,0.622,1.155,Yes,,,
105,6996.TWO,Forcelead Technology Corp.,30.66,0.221,0.546,Yes,,,
106,6506.TWO,Shuang-Bang Industrial Corp.,21.5,0.161,0.191,Yes,,,
107,2008.TW,Kao Hsing Chang Iron & Steel Corp.,20.8,0.156,0.071,Yes,,,
108,2010.TW,"Chun Yuan Steel Industry Co., Ltd.",24.54,0.181,0.193,No,,,
109,1312.TW,Grand Pacific Petrochemical Corporation,92.67,0.554,0.103,Yes,,,
110,5483.TWO,Sino-American Silicon Products Inc.,80.36,0.497,1.29,Yes,,,
111,3023.TW,"SINBON Electronics Co., Ltd.",52.7,0.355,0.523,Yes,,,
112,2449.TW,"King Yuan Electronics Co., Ltd.",105.05,0.609,1.381,Yes,,,
113,6603.TWO,"Fu Chun Shin Machinery Manufacture Co., Ltd.",74.61,0.473,0.424,Yes,,,
114,6613.TWO,Nova Technology Corporation,93.34,0.566,0.644,Yes,,,
115,2312.TW,"Kinpo Electronics, Inc.",106.68,0.625,1.609,Yes,,,
116,3044.TW,Tripod Technology Corporation,113.38,0.655,1.655,Yes,,,
117,3094.TW,"Davicom Semiconductor, Inc.",74.32,0.48,1.029,Yes,,,
118,4527.TWO,"Kuen Ling Machinery Refrigerating Co., Ltd.",17.84,0.139,0.125,Yes,,,
119,3489.TWO,"Sun Brothers Development Co., Limited",37.09,0.272,0.568,No,,,
120,3030.TW,"Test Research, Inc.",105.31,0.631,0.889,Yes,,,
121,3088.TWO,"Axiomtek Co., Ltd.",81.06,0.518,1.279,Yes,,,
122,3673.TW,"TPK Holding Co., Ltd.",134.78,0.755,1.468,Yes,,,
123,1268.TWO,"Hi-Lai Foods Co., Ltd",14.23,0.114,0.112,Yes,,,
124,4106.TW,Wellell Inc.,17.3,0.138,0.118,Yes,,,
125,8182.TWO,Harmony Electronics Co. Ltd,81.76,0.526,1.249,Yes,,,
126,8070.TW,Chang Wah Electromaterials Inc.,42.04,0.306,0.624,Yes,,,
127,3010.TW,Wah Lee Industrial Corporation,53.02,0.372,0.632,Yes,,,
128,5007.TW,San Shing Fastech Corp.,15.6,0.126,0.147,Yes,,,
129,1434.TW,"Formosa Taffeta Co., Ltd.",27.33,0.211,0.015,Yes,,,
130,2937.TWO,"Gseven Co., Ltd.",21.96,0.173,0.119,Yes,,,
131,2441.TW,Greatek Electronics Inc.,155.95,0.848,1.324,Yes,,,
132,6705.TWO,"MARTAS Precision Slide Co.,Ltd",79.5,0.52,0.467,Yes,,,
133,9905.TW,"Great China Metal Ind. Co., Ltd.",9.9,0.082,0.044,No,,,
134,6206.TW,"Flytech Technology Co., Ltd.",49.11,0.354,0.564,Yes,,,
135,8349A.TWO,QST International Corp.,4.78,0.041,0.038,No,,,
136,2049.TW,Hiwin Technologies Corporation,98.68,0.619,1.325,Yes,,,
137,4576.TW,Hiwin Mikrosystem Corporation,151.41,0.842,1.702,Yes,,,
138,6518.TWO,"Concord Medical Co., Ltd.",25.92,0.205,0.384,Yes,,,
139,7729.TWO,Steminent Biotherapeutics Inc.,87.65,0.572,0.111,Yes,,,
140,7868.TWO,Inforcom Technology Inc.,140.15,0.809,0.449,Yes,,,
141,6166.TW,Adlink Technology Inc.,158.96,0.883,1.705,Yes,,,
142,6163.TWO,HwaCom Systems Inc.,132.06,0.78,0.288,No,,,
143,3709.TWO,Trigold Holdings Limited,87.3,0.577,1.183,Yes,,,
144,6494.TWO,"Nyquest Technology Co., Ltd.",78.49,0.532,1.396,Yes,,,
145,9960.TWO,Dacome International Ltd.,66.44,0.468,0.532,Yes,,,
146,6486.TWO,Interactive Digital Technologies Inc.,16.39,0.137,0.005,Yes,,,
147,1593.TWO,"Chi Hua Fitness Co., Ltd.",23.59,0.192,0.026,No,,,
148,6015.TWO,"Horizon Securities Co., Ltd.",83.23,0.563,1.272,Yes,,,
149,1558.TW,"Zeng Hsing Industrial Co., Ltd.",25.38,0.207,0.042,No,,,
150,6902.TW,"Gogolook Co., Ltd.",91.21,0.604,1.172,Yes,,,
151,5292.TW,Desiccant Technology Corporation,96.38,0.633,0.317,No,,,
152,4956.TW,"Epileds Technologies, Inc.",136.36,0.813,1.035,Yes,,,
153,3583.TW,Scientech Corporation,158.24,0.9,1.562,Yes,,,
154,6133.TW,Golden Bridge Electech Inc.,52.08,0.39,0.389,Yes,,,
155,2882B.TW,"Cathay Financial Holding Co., Ltd.",1.82,0.017,0.019,No,,,
156,3209.TW,Alltek Technology Corporation,95.87,0.636,0.895,Yes,,,
157,6509.TWO,"Taiwan Hopax Chemicals Manufacturing Co., Ltd.",53.47,0.403,0.035,No,,,
158,6532.TWO,"Calitech Co., Ltd.",113.87,0.725,0.654,Yes,,,
159,2316.TW,"WUS Printed Circuit Co., Ltd.",127.32,0.791,1.352,Yes,,,
160,6277.TW,"Aten International Co., Ltd",38.28,0.308,0.424,No,,,
161,5609.TWO,Dimerco Express Corporation,6.2,0.057,0.019,Yes,,,
162,3231.TW,Wistron Corporation,41.17,0.329,0.357,Yes,,,
163,4534.TWO,"Trinity Precision Technology Co., Ltd.",123.56,0.783,1.096,Yes,,,
164,6638.TWO,"Goldtek Technology Co., Ltd.",80.44,0.569,0.035,No,,,
165,3141.TWO,"Ultra Chip, Inc.",138.08,0.854,1.62,Yes,,,
166,7558.TWO,Bryton Inc.,119.54,0.772,0.033,Yes,,,
167,2414.TW,"Unitech Computer Co., Ltd.",32.98,0.274,0.19,Yes,,,
168,5285.TW,"Jih Lin Technology Co., Ltd.",121.44,0.784,1.523,Yes,,,
169,6208.TWO,Highlight Tech Corp.,119.54,0.777,1.608,Yes,,,
170,1597.TW,"Chieftek Precision Co., Ltd.",141.19,0.879,1.806,Yes,,,
171,3095.TWO,"Chi Cheng Enterprise Co., Ltd.",51.42,0.406,0.865,Yes,,,
172,4905.TWO,Tainet Communication System Corp.,69.11,0.518,0.369,No,,,
173,7848.TWO,"Chi Yi Hsin Technology Co., Ltd",37.88,0.314,0.394,Yes,,,
174,6292.TWO,Axis Corporation,90.4,0.642,0.577,Yes,,,
175,6832.TWO,"King's Metal Fiber Technologies Co., Ltd.",87.15,0.628,0.785,Yes,,,
176,2460.TW,"GEM Terminal Industry Co.,Ltd.",90.5,0.653,1.223,Yes,,,
177,3504.TW,Young Optics Inc.,83.87,0.617,1.5,Yes,,,
178,3131.TWO,Grand Process Technology Corporation,101.54,0.713,0.199,No,,,
179,6220.TWO,"YFC-Boneagle Electric Co., Ltd.",57.59,0.46,0.465,Yes,,,
180,7822.TW,"V5 Technologies Co., Ltd.",139.87,0.901,0.34,Yes,,,
181,8098.TWO,"Dura Tek, Inc.",68.93,0.532,0.054,Yes,,,
182,1605.TW,Walsin Lihwa Corporation,89.35,0.653,1.03,Yes,,,
183,9933.TW,CTCI Corporation,36.9,0.317,0.044,Yes,,,
184,8298.TWO,Genie Networks Limited,92.08,0.674,0.279,No,,,
185,6005.TW,Capital Securities Corporation,65.41,0.517,0.962,Yes,,,
186,5254.TWO,"Cen Link Co., Ltd.",59.18,0.477,0.875,Yes,,,
187,2421.TW,"Sunonwealth Electric Machine Industry Co., Ltd.",73.3,0.568,0.908,Yes,,,
188,2852.TW,"The First Insurance Co., Ltd.",13.69,0.131,0.078,Yes,,,
189,910322.TW,Tingyi (Cayman Islands) Holding Corp.,37.79,0.329,0.313,No,,,
190,1735.TW,"Evermore Chemical Industry Co., Ltd.",65.19,0.52,0.105,No,,,
191,2412.TW,"Chunghwa Telecom Co., Ltd.",6.56,0.065,0.027,Yes,,,
192,1762.TW,"Chunghwa Chemical Synthesis & Biotech Co., Ltd.",54.6,0.452,0.53,Yes,,,
193,6957.TW,"Horizon Fixture Group Co., Ltd.",41.87,0.364,0.057,No,,,
194,4587.TWO,"LNC Technology Co., Ltd",126.64,0.872,1.385,Yes,,,
195,2356.TW,Inventec Corporation,77.97,0.609,1.203,Yes,,,
196,6282.TW,AcBel Polytech Inc.,87.69,0.674,1.312,Yes,,,
197,4207.TWO,"Taiwan Fructose Co., Ltd.",20.15,0.193,0.06,Yes,,,
198,4916.TW,Parpro Corporation,139.32,0.945,1.446,Yes,,,
199,2727.TW,Wowprime Corp.,11.61,0.115,0.127,No,,,
200,1460.TW,"Everest Textile Co., Ltd.",14.22,0.14,0.058,No,,,
201,1742.TWO,"Taiwan Wax Company,Ltd.",29.93,0.277,0.079,No,,,
202,9942.TW,NAK Sealing Technologies Corporation,12.85,0.128,0.167,Yes,,,
203,4807.TW,"Regal Holding Co., Ltd.",100.22,0.751,1.339,Yes,,,
204,6640.TWO,"Gallant Micro. Machining Co., LTD.",138.59,0.947,0.489,No,,,
205,5306.TW,KMC (Kuei Meng) International Inc.,14.08,0.14,0.036,No,,,
206,3438.TWO,"Advanced Analog Technology, Inc.",69.37,0.568,1.027,Yes,,,
207,5262.TWO,Gigastone Corporation,54.76,0.469,0.578,No,,,
208,9912.TW,"Associated Industries China, Inc.",9.67,0.098,0.086,No,,,
209,6415.TW,Silergy Corp.,133.15,0.927,2.035,Yes,,,
210,2377.TW,"Micro-Star International Co., Ltd.",54.52,0.469,0.805,Yes,,,
211,3714.TW,ENNOSTAR Inc.,114.37,0.834,1.235,Yes,,,
212,1259.TWO,"An-Shin Food Services Co.,Ltd.",11.29,0.114,0.006,No,,,
213,1721.TW,"Sunko Ink Co., Ltd.",97.69,0.745,1.367,Yes,,,
214,6530.TWO,Axcen Photonics Corporation,88.99,0.694,0.778,Yes,,,
215,3680.TWO,"Gudeng Precision Industrial Co., Ltd.",73.16,0.6,1.472,Yes,,,
216,1519.TW,"Fortune Electric Co., Ltd.",66.1,0.555,1.16,Yes,,,
217,6510.TWO,"Chunghwa Precision Test Tech. Co., Ltd.",86.11,0.684,0.764,Yes,,,
218,3324.TWO,"Auras Technology Co., Ltd.",95.82,0.745,1.413,Yes,,,
219,3577.TWO,"ICP Das Co., Ltd.",132.94,0.946,1.048,Yes,,,
220,8016.TW,Sitronix Technology Corporation,59.47,0.514,1.123,Yes,,,
221,1236.TW,"Hunya Foods Co., Ltd.",14.13,0.144,0.022,Yes,,,
222,2474.TW,"Catcher Technology Co., Ltd.",25.64,0.25,0.323,Yes,,,
223,8390.TWO,Jiin Yeeh Ding Enterprises Corp.,79.57,0.651,0.559,Yes,,,
224,3036.TW,"WT Microelectronics Co., Ltd.",71.6,0.6,0.339,Yes,,,
225,2362.TW,Clevo Co.,25.43,0.249,0.285,Yes,,,
226,1785.TWO,Solar Applied Materials Technology Corporation,158.12,1.078,1.136,Yes,,,
227,7832.TWO,Intelligene Inc.,46.33,0.423,0.15,No,,,
228,6152.TW,Prime Electronics & Satellitics Inc.,86.08,0.699,0.784,Yes,,,
229,1342.TW,"Cathay Consolidated, Inc.",39.18,0.369,0.536,Yes,,,
230,9105.TW,Cal-Comp Electronics (Thailand) Public Company Limited,68.85,0.59,1.122,Yes,,,
231,2324.TW,"Compal Electronics, Inc.",40.18,0.378,0.739,Yes,,,
232,5347.TWO,Vanguard International Semiconductor Corporation,103.63,0.812,1.449,Yes,,,
233,2945.TW,"Simple Mart Retail Co., Ltd.",14.35,0.15,0.2,Yes,,,
234,3213.TWO,Mildef Crete Inc.,22.07,0.223,0.3,Yes,,,
235,3162.TWO,United Alloy-Tech Company,60.21,0.534,1.217,Yes,,,
236,6604.TWO,"Juoku Technology Co., Ltd.",54.74,0.494,0.473,Yes,,,
237,7901.TWO,Da Da Broadband Ltd.,35.51,0.342,0.672,No,,,
238,6168.TW,Harvatek Corporation,60.28,0.535,0.616,Yes,,,
239,6789.TW,VisEra Technologies Company Ltd.,139.75,1.012,2.062,Yes,,,
240,8342.TWO,"I Jang Industrial Co.,Ltd.",9.14,0.098,0.013,No,,,
241,4566.TW,"GLOBAL TEK FABRICATION CO., Ltd.",28.31,0.283,0.55,Yes,,,
242,4906.TW,"Gemtek Technology Co., Ltd.",84.23,0.704,0.229,Yes,,,
243,4927.TW,"Apex International Co., Ltd.",143.44,1.037,1.561,Yes,,,
244,2406.TW,Gigastorage Corporation,58.9,0.531,0.323,Yes,,,
245,2323.TW,CMC Magnetics Corporation,28.42,0.285,0.174,Yes,,,
246,3444.TWO,Niching Industrial Corporation,101.4,0.817,1.583,Yes,,,
247,7825.TWO,"New Smart Technology Co., Ltd.",154.31,1.102,0.426,Yes,,,
248,4167.TWO,Savior Lifetec Corporation,31.17,0.312,0.258,No,,,
249,6202.TW,Holtek Semiconductor Inc.,69.82,0.616,1.406,Yes,,,
250,6917.TWO,"Andros Pharmaceuticals Co.,Ltd",116.91,0.91,0.991,Yes,,,
251,6151.TWO,"Ginar Technology Co.,Ltd.",37.44,0.368,0.574,Yes,,,
252,3715.TW,"Dynamic Holding Co., Ltd.",73.52,0.645,0.231,Yes,,,
253,3543.TW,"Jochu Technology Co., Ltd.",104.68,0.85,0.14,Yes,,,
254,2065.TWO,"Sheh Fung Screws Co.,Ltd",36.58,0.364,0.269,Yes,,,
255,5299.TWO,Excelliance MOS Corporation,50.48,0.481,1.134,Yes,,,
256,7556.TWO,Yeedex Electronic Corporation,119.1,0.937,1.765,Yes,,,
257,7768.TW,"Praise Victor Industrial Co., Ltd.",107.65,0.875,0.628,Yes,,,
258,3092.TW,"Hotron Precision Electronic Industrial Co.,Ltd.",106.91,0.872,0.748,Yes,,,
259,6642.TWO,"Fuzetec Technology Co., Ltd.",75.76,0.672,1.104,Yes,,,
260,4768.TWO,Ingentec Corporation,144.43,1.088,0.991,Yes,,,
261,7902.TWO,"Uwell Biopharma, Inc.",137.49,1.065,0.965,Yes,,,
262,3308.TW,"Bestec Power Electronics Co., Ltd.",52.72,0.513,0.623,Yes,,,
263,6842.TWO,"Nexora Technology Co., LTD.",108.69,0.906,1.064,Yes,,,
264,4977.TW,"PCL Technologies, Inc.",87.5,0.771,0.941,Yes,,,
265,4952.TW,Generalplus Technology Inc.,39.63,0.405,1.017,Yes,,,
266,5356.TWO,"Sirtec International Co.,Ltd.",15.39,0.172,0.334,Yes,,,
267,6244.TWO,Motech Industries Inc.,69.49,0.651,1.066,Yes,,,
268,1608.TW,"Hua Eng Wire & Cable Co., Ltd.",36.35,0.382,0.468,Yes,,,
269,3430.TWO,"Chitec Technology Co., Ltd.",136.67,1.089,2.874,Yes,,,
270,1563.TW,"SuperAlloy Industrial Co., Ltd.",83.16,0.757,0.879,Yes,,,
271,3516.TWO,ADO Optronics Corporation,38.06,0.399,0.716,Yes,,,
272,4559.TWO,"Joy Industrial Co., Ltd.",46.04,0.469,0.47,Yes,,,
273,2423.TW,"Good Will Instrument Co., Ltd.",56.25,0.557,1.017,Yes,,,
274,3563.TW,Machvision Inc.,53.05,0.533,0.006,Yes,,,
275,7704.TWO,"Finesse Technology Co., Ltd",56.61,0.564,0.954,Yes,,,
276,2032.TW,"Sinkang Industries Co., Ltd.",26.81,0.296,0.219,Yes,,,
277,2382.TW,Quanta Computer Inc.,30.21,0.331,0.727,Yes,,,
278,3388.TWO,Topco Technologies Corp.,105.77,0.924,1.641,Yes,,,
279,5871.TW,Chailease Holding Company Limited,15.48,0.18,0.147,No,,,
280,8028.TW,Phoenix Silicon International Corporation,60.6,0.602,1.423,Yes,,,
281,6673.TWO,Innovision FlexTech Corporation,154.78,1.212,2.033,Yes,,,
282,6706.TW,"Fittech Co., Ltd.",133.21,1.094,1.445,Yes,,,
283,6664.TWO,"Group Up Industrial Co., Ltd.",71.59,0.69,1.346,Yes,,,
284,2881A.TW,"Fubon Financial Holding Co., Ltd.",2.08,0.026,0.044,No,,,
285,6739.TWO,Grade Upon Technology Corp,80.44,0.757,1.058,Yes,,,
286,2542.TW,Highwealth Construction Corp.,20.29,0.233,0.416,Yes,,,
287,4960.TW,Cheng Mei Materials Technology Corporation,130.63,1.087,0.111,Yes,,,
288,2436.TW,"Weltrend Semiconductor, Inc.",46.31,0.486,1.084,Yes,,,
289,4995.TWO,Litemax Electronics Inc.,17.06,0.199,0.314,Yes,,,
290,2820.TW,China Bills Finance Corporation,8.08,0.098,0.033,Yes,,,
291,6788.TWO,Brillian Network & Automation Integrated System Co. Ltd.,100.21,0.901,0.691,Yes,,,
292,3580.TWO,"UVAT Technology Co., Ltd.",46.47,0.491,1.07,Yes,,,
293,3591.TW,Edison Opto Corporation,33.84,0.375,0.686,Yes,,,
294,7730.TW,"Nano Electronics and Micro System Technologies, Inc.",107.57,0.958,0.544,No,,,
295,1773.TW,"Shiny Chemical Industrial Co., Ltd.",35.5,0.392,1.13,Yes,,,
296,4540.TW,"Tbi Motion Technology Co., Ltd.",107.93,0.963,2.237,Yes,,,
297,8033.TW,Thunder Tiger Corp.,41.39,0.448,0.172,Yes,,,
298,6192.TW,"Lumax International Corp., Ltd.",24.96,0.288,0.641,Yes,,,
299,6870.TWO,Turn Cloud Technology Service Inc.,59.13,0.608,0.393,Yes,,,
300,7792.TWO,"Am-Power Machine International Enterprise Co., Ltd.",123.41,1.067,1.213,Yes,,,
301,3339.TWO,"Tekcore Co., Ltd",90.26,0.852,0.638,Yes,,,
302,6234.TWO,Tera Autotech Corporation,131.07,1.121,1.976,Yes,,,
303,6819.TWO,Oriental System Technology Inc.,122.37,1.07,1.841,Yes,,,
304,8240.TWO,Wah Hong Industrial Corp.,59.33,0.615,0.474,Yes,,,
305,3025.TW,"Loop Telecommunication International, Inc.",47.15,0.509,0.617,Yes,,,
306,3689.TWO,U.D. Electronic Corp.,40.13,0.444,0.983,Yes,,,
307,1456.TW,"I-Hwa Industrial Co.,Ltd",15.55,0.19,0.19,No,,,
308,5488.TWO,"Sunf Pu Technology Co., Ltd.",23.36,0.278,0.377,Yes,,,
309,3678.TWO,Ushine Photonics Corporation,52.91,0.569,0.313,Yes,,,
310,8083.TWO,Pro-Hawk Corporation,13.98,0.174,0.251,Yes,,,
311,3171.TWO,"Yem Chio Distribution Co., Ltd.",31.72,0.368,0.38,No,,,
312,6914.TW,"PSS Co.,Ltd.",8.46,0.108,0.116,No,,,
313,3354.TWO,"Microcosm Technology Co., Ltd.",92.37,0.895,0.865,Yes,,,
314,7813.TWO,Yu-Chen SYSTEM Technology CORP.,63.12,0.667,1.167,Yes,,,
315,1527.TW,Basso Industry Corp.,5.89,0.077,0.071,Yes,,,
316,6790.TW,"Yuen Foong Yu Consumer Products Co., Ltd.",5.95,0.077,0.087,No,,,
317,6959.TWO,"Ion Electronic Materials Co., Ltd.",92.44,0.901,1.396,Yes,,,
318,1470.TW,evertex fabrinology limited,16.02,0.201,0.052,Yes,,,
319,7714.TWO,Uniforce Technology Corporation,47.42,0.531,0.013,Yes,,,
320,6227.TWO,Macnica Galaxy Inc.,47.57,0.533,0.789,Yes,,,
321,2355.TW,"Chin-Poon Industrial Co., Ltd.",58.91,0.642,0.587,Yes,,,
322,6592A.TW,"Hotai Finance Co., Ltd.",2.13,0.029,0.023,No,,,
323,2388.TW,"VIA Technologies, Inc.",48.78,0.551,0.895,Yes,,,
324,4980.TWO,Jorjin Technologies Inc.,54.43,0.605,1.215,Yes,,,
325,7754.TWO,"AnnJi Pharmaceutical Co., Ltd.",30.05,0.364,0.243,No,,,
326,8058.TWO,"Nytex Composites Co., Ltd.",57.63,0.635,0.681,No,,,
327,4582.TW,"Hengs Technology Co., Ltd.",52.15,0.587,0.005,Yes,,,
328,6761.TWO,"Wendell Industrial Co., Ltd",64.57,0.699,1.341,Yes,,,
329,8111.TWO,"Ligitek Electronics Co.,Ltd",41.35,0.484,0.503,Yes,,,
330,3704.TW,Zyxel Group Corporation,35.98,0.432,0.728,Yes,,,
331,6977.TWO,"United Purification Technology Co., Ltd.",66.33,0.726,0.11,No,,,
332,2609.TW,Yang Ming Marine Transport Corporation,23.19,0.294,0.264,Yes,,,
333,2740.TWO,"Hua Hsuan Real Estate Co.,Ltd.",54.94,0.627,0.41,Yes,,,
334,6164.TW,Ledtech Electronics Corp.,32.36,0.4,0.339,Yes,,,
335,2845.TW,Far Eastern International Bank Ltd.,10.14,0.137,0.063,No,,,
336,7744.TWO,W&B Technology Ltd.,83.71,0.885,1.396,Yes,,,
337,2114.TW,"Hsin Yung Chien Co., Ltd.",5.42,0.076,0.124,Yes,,,
338,4912.TW,"Lemtech Holdings Co., Limited",51.53,0.608,0.535,Yes,,,
339,1472.TW,"Triocean Industrial Corporation Co., Ltd.",8.91,0.124,0.183,No,,,
340,4953.TWO,WITS Corp.,13.26,0.181,0.37,Yes,,,
341,2425.TW,Chaintech Technology Corporation,36.84,0.462,0.381,Yes,,,
342,1240.TWO,Morn Sun Feed Mill Corp.,4.99,0.071,0.042,No,,,
343,2612.TW,Chinese Maritime Transport Ltd.,24.88,0.328,0.533,Yes,,,
344,5432.TWO,Solomon Data International Corporation,82.27,0.902,0.616,Yes,,,
345,3685.TWO,"Tradetool Auto Co., Ltd.",60.84,0.716,0.391,Yes,,,
346,2640.TWO,"Taiwan Taxi Co.,Ltd.",49.08,0.602,1.128,No,,,
347,6579.TW,AAEON Technology Inc.,44.95,0.559,0.911,Yes,,,
348,2376.TW,"Giga-Byte Technology Co., Ltd.",40.34,0.51,1.029,Yes,,,
349,6263.TWO,Planet Technology Corporation,30.58,0.402,0.643,Yes,,,
350,3691.TWO,Giga Solar Materials Corp.,69.6,0.807,1.602,Yes,,,
351,6431.TW,"Kuangli Bio-Tech Holdings Co., Ltd.",44.55,0.561,0.443,No,,,
352,2636.TW,T3EX Global Holdings Corp.,7.09,0.103,0.14,No,,,
353,8433.TWO,"Bon Fame Co., Ltd.",15.49,0.218,0.39,No,,,
354,1447.TW,"Li Peng Enterprise Co., Ltd.",27.96,0.375,0.418,Yes,,,
355,3097.TWO,Partner Tech Corp.,12.65,0.181,0.031,No,,,
356,2013.TW,"China Steel Structure Co., Ltd.",4.6,0.068,0.08,No,,,
357,3031.TW,Bright LED Electronics Corp.,51.36,0.638,1.211,Yes,,,
358,4903.TWO,United Fiber Optic Communication Inc.,30.16,0.403,0.043,No,,,
359,5324.TWO,Shihlin Development Company Limited,22.77,0.313,0.33,No,,,
360,1269.TWO,"Kanpai Co., Ltd",23.37,0.324,0.11,Yes,,,
361,6134.TWO,"Wanshih Electronic Co., Ltd.",40.44,0.528,1.022,Yes,,,
362,6786.TWO,iSTART-TEK INC.,82.86,0.95,1.274,Yes,,,
363,2404.TW,"United Integrated Services Co., Ltd.",44.61,0.578,1.26,Yes,,,
364,6938.TWO,"Neweb Information Co., Ltd.",14.21,0.207,0.191,Yes,,,
365,6927.TWO,"Integrated Solutions Technology, Inc.",79.77,0.93,1.024,Yes,,,
366,8088.TWO,Panram International Corp.,56.92,0.711,1.046,Yes,,,
367,3332.TWO,"Cincon Electronics Co., Ltd.",32.81,0.445,0.909,Yes,,,
368,3226.TWO,"LFA Co., Ltd.",33.06,0.454,0.322,Yes,,,
369,3518.TW,"Paragon Technologies Co., Ltd.",58.56,0.739,1.548,Yes,,,
370,3526.TWO,"Alltop Technology Co., Ltd.",32.44,0.45,1.024,Yes,,,
371,1339.TW,"Y.C.C. Parts Mfg. Co., Ltd.",12.92,0.193,0.282,Yes,,,
372,2618.TW,EVA Airways Corp.,22.44,0.324,0.192,Yes,,,
373,6624.TWO,Ever-Clear Environmental Eng. Corp.,56.86,0.73,0.592,No,,,
374,6750.TWO,"Tech-Top Engineering Co., Ltd.",30.26,0.426,0.661,Yes,,,
375,2476.TW,"G-SHANK Enterprise Co., Ltd.",38.81,0.535,1.117,Yes,,,
376,1313.TW,UPC Technology Corporation,27.65,0.398,0.251,No,,,
377,6526.TW,Airoha Technology Corp.,34.35,0.484,1.169,Yes,,,
378,3057.TW,"Promise Technology, Inc.",54.06,0.714,0.754,Yes,,,
379,4720.TW,Tex Year Industries Inc.,46.52,0.631,1.159,Yes,,,
380,1528.TW,Anderson Industrial Corporation,62.0,0.804,0.025,Yes,,,
381,1203.TW,Ve Wong Corporation,14.04,0.217,0.095,Yes,,,
382,2911.TW,"Les Enphants Co., Ltd.",57.98,0.767,0.82,Yes,,,
383,9939.TW,"Taiwan Hon Chuan Enterprise Co., Ltd.",10.55,0.166,0.062,Yes,,,
384,3437.TW,Advanced Optoelectronic Technology Inc.,42.4,0.592,0.332,Yes,,,
385,3587.TWO,Materials Analysis Technology Inc.,52.64,0.711,1.559,Yes,,,
386,8477.TWO,"Xxtechec Co., Ltd.",38.94,0.552,0.684,Yes,,,
387,6146.TWO,Sporton International Inc.,20.29,0.309,0.636,Yes,,,
388,9918.TW,Shin Shin Natural Gas Company Limited,13.62,0.214,0.493,No,,,
389,1312A.TW,Grand Pacific Petrochemical Corporation,11.43,0.181,0.044,No,,,
390,3684.TWO,"Grand-Tek Technology Co., Ltd.",37.6,0.543,0.44,Yes,,,
391,6756.TW,"VIA Labs, Inc.",25.27,0.382,0.937,Yes,,,
392,2317.TW,"Hon Hai Precision Industry Co., Ltd.",38.38,0.555,1.245,Yes,,,
393,3349.TWO,Dexin Corporation,42.14,0.602,0.789,No,,,
394,6153.TW,"Career Technology (Mfg.) Co., Ltd.",38.44,0.557,0.731,Yes,,,
395,2340.TW,Taiwan-Asia Semiconductor Corporation,55.05,0.755,1.606,Yes,,,
396,1777.TWO,"SYN-TECH Chem. & Pharm. Co., Ltd.",6.9,0.113,0.071,No,,,
397,5460.TWO,Mustang Industrial Corp.,8.26,0.135,0.004,Yes,,,
398,3303.TWO,Univacco Technology Inc.,16.64,0.263,0.267,Yes,,,
399,7777.TWO,ABICO Asia Capital Corporation,65.06,0.877,1.349,Yes,,,
400,4440.TW,"Yi Shin Textile Industrial Co., Ltd.",10.4,0.17,0.082,Yes,,,
401,6729.TWO,Luminescence Technology Corp.,39.0,0.573,0.582,Yes,,,
402,1341.TW,"Fulin Plastic Industry (Cayman) Holding Co., Ltd.",8.28,0.137,0.207,Yes,,,
403,6874.TWO,"M-POWER INFORMATION Co., LTD.",24.24,0.378,0.519,No,,,
404,8926.TW,Taiwan Cogeneration Corporation,43.85,0.642,1.119,Yes,,,
405,9917.TW,"Taiwan Secom Co., Ltd.",5.91,0.1,0.185,No,,,
406,6634.TWO,Sinew Pharma Inc.,63.42,0.874,1.636,Yes,,,
407,9911.TW,Taiwan Sakura Corporation,3.21,0.056,0.008,No,,,
408,2034.TW,"YC Inox Co.,Ltd",12.74,0.212,0.122,Yes,,,
409,6425.TWO,Easy Field Corporation,52.02,0.753,1.292,Yes,,,
410,8048.TWO,Ruby Tech Corporation,41.42,0.622,0.46,Yes,,,
411,6878.TWO,"O'Pay Electronic Payment Co., Ltd.",67.12,0.934,0.565,No,,,
412,5263.TWO,Brogent Technologies Inc.,19.52,0.32,0.506,Yes,,,
413,2402.TW,"Ichia Technologies, Inc.",43.61,0.656,1.242,Yes,,,
414,3661.TW,"Alchip Technologies, Limited",66.55,0.933,2.268,Yes,,,
415,5452.TWO,UNIC Technology Corp.,31.08,0.491,0.413,Yes,,,
416,1314.TW,China Petrochemical Development Corporation,17.89,0.3,0.122,No,,,
417,3669.TW,AVer Information Inc.,23.49,0.385,0.265,Yes,,,
418,3717.TW,"Excellence Optoelectronics Holding Co., Inc.",28.9,0.464,0.158,No,,,
419,7712.TWO,Potens Semiconductor Corp.,58.53,0.852,1.447,Yes,,,
420,3479.TWO,Avalue Technology Incorporation,36.27,0.569,0.942,Yes,,,
421,8050.TWO,IBASE Technology Inc.,31.26,0.501,0.644,Yes,,,
422,1210.TW,"Great Wall Enterprise Co., Ltd.",5.9,0.105,0.192,No,,,
423,5353.TWO,"Tailyn Technologies, Inc.",14.05,0.243,0.484,Yes,,,
424,5410.TWO,"Leo Systems, Inc.",22.04,0.369,0.753,Yes,,,
425,3390.TWO,"Sunflex Tech Co., Ltd.",28.71,0.473,1.157,Yes,,,
426,7872.TWO,"Green Solution Technology Co., Ltd.",62.71,0.922,0.199,Yes,,,
427,2236.TW,"Patec Precision Industry Co., Ltd.",23.97,0.403,0.39,Yes,,,
428,9950.TWO,Eminent Luggage Corporation,4.09,0.075,0.002,No,,,
429,3551.TWO,Shih Her Technologies Inc.,30.23,0.499,1.052,Yes,,,
430,6825.TWO,"Qbic Technology Co., Ltd.",27.19,0.456,0.465,Yes,,,
431,2915.TW,Ruentex Industries Ltd.,15.74,0.276,0.024,No,,,
432,2440.TW,"Space Shuttle Hi-Tech Co., Ltd.",25.96,0.439,0.971,Yes,,,
433,5276.TWO,Da Hui Limited,16.99,0.298,0.433,Yes,,,
434,1455.TW,"Zig Sheng Industrial Co., Ltd.",22.49,0.387,0.05,Yes,,,
435,6605.TW,"Depo Auto Parts Industrial Co., Ltd.",14.51,0.258,0.156,Yes,,,
436,6570.TWO,Aplex Technology Inc.,39.43,0.644,0.833,Yes,,,
437,5210.TWO,"Apex International Financial Engineering Res. & Tech. Co., Ltd",19.68,0.347,0.3,Yes,,,
438,6821.TWO,"LinkCom Manufacturing Co.,LTD.",50.26,0.795,0.119,No,,,
439,8942.TWO,"Xxentria Technology Materials Co., Ltd.",17.84,0.319,0.398,Yes,,,
440,3219.TWO,"Aethertek technology co., Ltd.",54.59,0.858,0.74,Yes,,,
441,8431.TWO,"Superior Plating Technology Co., Ltd.",41.66,0.686,0.541,Yes,,,
442,1437.TW,GTM Holdings Corporation,9.81,0.183,0.119,No,,,
443,6409.TW,Voltronic Power Technology Corp.,47.05,0.763,0.545,Yes,,,
444,3594.TWO,ARBOR Technology Corp.,24.07,0.427,0.774,Yes,,,
445,3024.TW,"Action Electronics Co., Ltd.",29.32,0.51,0.794,Yes,,,
446,2393.TW,"Everlight Electronics Co., Ltd.",18.78,0.341,0.053,No,,,
447,7899.TWO,Certain Micro Application Technology Inc.,85.96,1.255,0.333,No,,,
448,5493.TWO,Sanlien Technology Corp.,20.98,0.379,0.787,Yes,,,
449,3152.TWO,Advanced Ceramic X Corporation,37.72,0.642,1.484,Yes,,,
450,3520.TWO,"Jhen Vei Electronic Co., Ltd.",17.03,0.313,0.017,Yes,,,
451,6456.TW,General Interface Solution (GIS) Holding Limited,45.63,0.758,1.167,Yes,,,
452,5236.TW,Sunplus Innovation Technology Inc.,25.27,0.453,1.157,Yes,,,
453,5302.TWO,"Syntek Semiconductor Co., Ltd.",25.56,0.46,0.73,Yes,,,
454,2450.TW,"Senao International Co.,Ltd.",4.27,0.084,0.153,Yes,,,
455,4533.TWO,"Shieh Yih Machinery Industry Co., Ltd.",47.67,0.796,0.739,Yes,,,
456,4105.TWO,TTY Biopharm Company Limited,6.6,0.129,0.194,Yes,,,
457,6411.TWO,Amazing Microelectronic Corp.,44.12,0.75,1.616,Yes,,,
458,8905.TWO,"Eagle Cold Storage Enterprise Co., Ltd.",21.81,0.403,0.215,No,,,
459,2025.TW,"Chien Shing Stainless Steel Co., Ltd.",25.62,0.468,0.357,Yes,,,
460,5283.TW,"Heran Co., Ltd.",11.83,0.229,0.178,Yes,,,
461,8932.TWO,"Wiselink Co., Ltd.",29.01,0.53,1.042,Yes,,,
462,1503.TW,Shihlin Electric & Engineering Corp.,31.53,0.573,1.273,Yes,,,
463,8930.TWO,CKM Applied Materials Corp.,11.51,0.226,0.36,No,,,
464,6154.TWO,"Sunfar Computer Co., Ltd",5.45,0.11,0.004,Yes,,,
465,6610.TWO,"TWi Biotechnology, Inc.",65.0,1.059,1.665,Yes,,,
466,2548.TW,"Huaku Development Co., Ltd.",12.81,0.252,0.166,No,,,
467,1402.TW,Far Eastern New Century Corporation,9.33,0.188,0.031,Yes,,,
468,4561.TWO,"Kenturn Nano. Tec. Co., Ltd.",45.15,0.798,1.608,Yes,,,
469,3338.TW,"TaiSol Electronics Co., Ltd.",22.19,0.431,0.891,Yes,,,
470,1307.TW,"San Fang Chemical Industry Co., Ltd.",11.25,0.229,0.057,Yes,,,
471,2249.TWO,"Young Shine Electric Co., Ltd.",24.23,0.47,0.147,Yes,,,
472,5013.TWO,"New Best Wire Industrial Co.,Ltd",12.55,0.257,0.119,Yes,,,
473,6275.TWO,Yen Sun Technology Corporation,18.43,0.372,0.676,Yes,,,
474,1256.TW,"Sunjuice Holdings Co., Limited",20.41,0.411,0.622,Yes,,,
475,1513.TW,Chung-Hsin Electric and Machinery Manufacturing Corp.,15.68,0.322,0.75,Yes,,,
476,8147.TWO,Nextronics Engineering Corp.,33.67,0.646,1.263,Yes,,,
477,3533.TW,"Lotes Co., Ltd.",27.24,0.537,0.643,Yes,,,
478,3535.TW,"Favite, Inc.",32.19,0.625,1.295,Yes,,,
479,7731.TWO,"MARX Biotech Co., Ltd.",27.78,0.549,0.655,Yes,,,
480,4569.TW,"Sixxon Tech. Co., Ltd.",28.41,0.561,1.345,Yes,,,
481,2645.TW,Evergreen Aviation Technologies Corporation,15.75,0.335,0.538,Yes,,,
482,2739.TW,"My Humble House Hospitality Management Consulting Co., Ltd.",6.84,0.152,0.018,Yes,,,
483,6103.TWO,Avid Electronics Corp.,35.03,0.704,0.259,No,,,
484,8462.TW,Power Wind Health Industry Incorporated,11.86,0.263,0.081,No,,,
485,9921.TW,"Giant Manufacturing Co., Ltd.",16.88,0.368,0.003,No,,,
486,3228.TWO,"RDC Semiconductor Co., Ltd.",33.26,0.687,1.281,Yes,,,
487,6776.TW,Weblink International Inc.,9.28,0.212,0.098,Yes,,,
488,6655.TW,"Keding Enterprises Co., Ltd.",8.48,0.198,0.206,Yes,,,
489,3002.TW,AHOKU Electronic Company,28.76,0.619,0.483,Yes,,,
490,8093.TWO,Enermax Technology Corporation,21.69,0.481,0.218,No,,,
491,6517.TWO,"BASO Precision Optics Co., LTD",18.22,0.414,0.33,Yes,,,
492,4711.TWO,"Yong Shun Chemical Co., Ltd",6.43,0.154,0.099,Yes,,,
493,6122.TWO,"King Polytechnic Engineering Co., Ltd.",8.02,0.192,0.024,Yes,,,
494,8215.TW,BenQ Materials Corporation,18.82,0.432,0.715,Yes,,,
495,3211.TWO,Dynapack International Technology Corporation,30.14,0.663,0.493,Yes,,,
496,2419.TW,Hitron Technologies Inc.,17.82,0.413,0.279,Yes,,,
497,6126.TWO,"Singatron Enterprise Co.,Ltd",20.12,0.464,1.122,Yes,,,
498,6922.TWO,Neousys Technology Inc.,17.27,0.406,0.618,Yes,,,
499,2903.TW,"Far Eastern Department Stores, Ltd.",7.29,0.179,0.175,No,,,
500,6470.TWO,"U-MEDIA Communications, Inc.",14.88,0.356,0.393,Yes,,,
501,2349.TW,RITEK Corporation,39.17,0.856,0.56,Yes,,,
502,3138.TW,Auden Techno Corp.,41.85,0.908,1.143,Yes,,,
503,6508.TWO,Huikwang Corporation,10.34,0.253,0.626,No,,,
504,5212.TWO,"Hyweb Technology Co., Ltd.",4.44,0.112,0.242,No,,,
505,1723.TW,China Steel Chemical Corporation,13.7,0.332,0.412,No,,,
506,8499.TW,"Top Bright Holding Co., Ltd.",22.51,0.531,0.946,Yes,,,
507,2014.TW,Chung Hung Steel Corporation,12.92,0.32,0.143,Yes,,,
508,5443.TWO,"Gallant Precision Machining Co., Ltd.",24.96,0.591,0.835,Yes,,,
509,2520.TW,"Kindom Development Co., Ltd.",9.56,0.241,0.265,No,,,
510,7890.TWO,Eti Ca Battery Inc.,27.26,0.652,0.094,No,,,
511,6932.TWO,Merdury Biopharmaceutical Corporation,31.37,0.743,0.344,Yes,,,
512,3071.TWO,Adda Corporation,12.08,0.312,0.464,Yes,,,
513,5450.TWO,Nam Liong Global Corporation,9.74,0.254,0.228,No,,,
514,5240.TWO,ACTi Corporation,29.44,0.719,0.271,No,,,
515,6615.TWO,"Sofiva Genomics Co.,Ltd.",11.2,0.296,0.225,Yes,,,
516,1525.TW,Kian Shen Corporation,6.19,0.168,0.058,Yes,,,
517,1440.TW,"Tainan Spinning Co., Ltd.",9.01,0.243,0.093,Yes,,,
518,6818.TWO,Advanced Wireless & Antenna Inc.,30.28,0.761,0.801,No,,,
519,8077.TWO,"Green World Hotels Co., Ltd.",8.53,0.237,0.349,Yes,,,
520,6195.TWO,Scan-D Corporation,6.33,0.179,0.004,Yes,,,
521,6233.TWO,Prolific Technology Inc.,19.0,0.515,0.619,Yes,,,
522,2838A.TW,Union Bank of Taiwan,0.46,0.014,0.004,No,,,
523,1101.TW,"TCC Group Holdings Co., Ltd.",8.53,0.243,0.301,Yes,,,
524,3051.TW,Optimax Technology Corporation,25.7,0.685,1.483,Yes,,,
525,6568.TWO,"Rafael Microelectronics, Inc.",24.89,0.672,0.121,Yes,,,
526,3706.TW,MiTAC Holdings Corporation,9.75,0.28,0.522,Yes,,,
527,2432.TW,Acer Gadget Inc.,8.1,0.236,0.183,No,,,
528,1451.TW,"Nien Hsing Textile Co., Ltd.",3.92,0.117,0.045,No,,,
529,3701.TW,"FIC Global, Inc.",33.67,0.901,0.59,Yes,,,
530,3060.TW,"Min Aik Technology Co., Ltd.",20.6,0.581,0.313,Yes,,,
531,5271.TWO,"Horng Tong Enterprise Co., Ltd.",53.81,1.358,1.214,No,,,
532,6109.TWO,Atech OEM Inc.,10.4,0.311,0.374,Yes,,,
533,7927.TWO,"Linkage Electric Co., Ltd.",31.49,0.867,,,,,
534,6423.TWO,Yield Microelectronics Corp.,19.12,0.555,0.955,Yes,,,
535,8454.TW,momo.com Inc.,20.06,0.58,0.553,Yes,,,
536,3416.TW,Winmate Inc.,10.02,0.303,0.623,Yes,,,
537,2417.TW,"AVerMedia Technologies, Inc.",17.91,0.525,1.18,Yes,,,
538,6862.TW,"Trio Technology International Group Co., Ltd.",28.18,0.798,1.88,Yes,,,
539,4439.TW,TST Group Holding Ltd.,12.27,0.37,0.039,Yes,,,
540,8941.TWO,"Grand Hall Enterprise Co., Ltd.",3.76,0.119,0.078,No,,,
541,6812.TWO,"Saultech Technology Co., Ltd",31.54,0.893,1.188,Yes,,,
542,6485.TWO,"ASolid Technology Co., Ltd.",26.65,0.769,1.431,Yes,,,
543,2353.TW,Acer Incorporated,12.44,0.383,0.593,Yes,,,
544,7891.TWO,"BoYen Therapeutics, Inc.",9.15,0.286,0.498,No,,,
545,1417.TW,Carnival Industrial Corporation,4.89,0.157,0.283,No,,,
546,4721.TWO,Mechema Chemicals International Corp.,12.27,0.382,0.759,Yes,,,
547,1514.TW,"Allis Electric Co.,Ltd.",14.98,0.468,1.19,Yes,,,
548,2889.TW,"IBF Financial Holdings Co., Ltd.",5.58,0.186,0.035,Yes,,,
549,4117.TWO,General Biologicals Corporation,69.58,1.875,0.791,Yes,,,
550,3206.TWO,Kingstate Electronics Corp.,11.86,0.393,0.106,Yes,,,
551,6189.TW,"Promate Electronic Co.,Ltd.",4.88,0.167,0.362,Yes,,,
552,6904.TWO,"Proxene Tools Co., Ltd.",5.9,0.201,0.041,No,,,
553,7718.TWO,Spec Products Corp.,3.3,0.114,0.115,No,,,
554,2537.TW,"WE & WIN Development Co., LTD",7.8,0.266,0.145,No,,,
555,1468.TW,Chang-Ho Fibre Corporation,8.08,0.281,0.072,Yes,,,
556,5227.TWO,"Advanced Lithium Electrochemistry (Cayman) Co., Ltd.",15.44,0.524,0.088,No,,,
557,1517.TW,Lee Chi Enterprises Company Ltd.,6.73,0.239,0.01,No,,,
558,1435.TW,Chung Fu Tex-International Corporation,43.15,1.335,0.031,Yes,,,
559,4590.TW,"Fukuta Electric & Machinery Co., Ltd.",9.56,0.337,0.057,Yes,,,
560,5607.TW,"Farglory Free Trade Zone Investment Holding Co., Ltd.",9.96,0.352,0.592,Yes,,,
561,4120.TWO,"Orient EuroPharma Co., Ltd.",5.65,0.204,0.324,No,,,
562,4157.TWO,TaiGen Biopharmaceuticals Holdings Limited,13.75,0.487,0.121,No,,,
563,5014.TWO,"Chain Chon Industrial Co., Ltd.",7.77,0.283,0.282,Yes,,,
564,8908.TWO,ShinHsiung Natural Gas Inc.,3.83,0.142,0.11,No,,,
565,4765.TWO,"Pancolour Ink Co., Ltd.",28.66,0.964,0.356,No,,,
566,7721.TW,"Microprogram Information Co.,Ltd",14.31,0.514,0.126,No,,,
567,3230.TWO,"Jiin Ming Industry Co., Ltd.",31.06,1.052,0.235,Yes,,,
568,1471.TW,Solytech Enterprise Corporation,14.17,0.518,0.546,Yes,,,
569,3372.TWO,Taiwan IC Packaging Corporation,16.63,0.602,1.175,Yes,,,
570,1524.TW,"Gordon Auto Body Parts Co., Ltd.",11.41,0.423,0.628,Yes,,,
571,8345.TWO,"Super Qin Enterprise Co., Ltd.",5.71,0.218,0.087,No,,,
572,6572.TWO,"PlexBio Co., Ltd.",38.48,1.291,2.364,Yes,,,
573,2015.TW,"Feng Hsin Steel Co., Ltd.",4.1,0.159,0.088,Yes,,,
574,8341.TW,"Sunny Friend Environmental Technology Co., Ltd.",3.01,0.119,0.052,Yes,,,
575,2380.TW,Avision Inc.,9.69,0.379,0.159,No,,,
576,7893.TWO,"Radbon Electronics Co., Ltd.",18.1,0.685,0.807,Yes,,,
577,4702.TWO,"Allied Industrial Corp., Ltd.",2.33,0.096,0.058,No,,,
578,6170.TWO,Welldone Company,2.5,0.104,0.003,Yes,,,
579,4767.TWO,"Cherng Tay Technology Co., Ltd.",4.26,0.178,0.124,Yes,,,
580,7812.TW,,8.43,0.346,0.355,Yes,,,
581,7812.TWO,TMY Technology Inc.,8.43,0.346,0.355,Yes,,,
582,7689.TW,Climax Technology Co. Ltd.,11.93,0.484,1.074,Yes,,,
583,9935.TW,"Ching Feng Home Fashions Co.,Ltd",3.58,0.153,0.26,No,,,
584,3266.TW,"Sunty Development Co., LTD",3.53,0.152,0.009,Yes,,,
585,6953.TWO,"Gudeng Equipment Co., LTD.",13.32,0.551,1.0,Yes,,,
586,6751.TWO,Acer Synergy Tech Corp.,10.61,0.445,0.136,Yes,,,
587,4976.TW,"Calin Technology Co., Ltd.",7.32,0.318,0.43,Yes,,,
588,9946.TW,San Far Property Limited,6.92,0.302,0.245,No,,,
589,2755.TWO,"YoungQin International Co., Ltd.",6.64,0.294,0.082,No,,,
590,6124.TWO,Yeh Chiang Technology Corporation,7.13,0.315,0.597,Yes,,,
591,6245.TWO,Lanner Electronics Inc.,7.41,0.33,0.483,Yes,,,
592,6668.TW,"Zhong Yang Technology Co.,Ltd",8.29,0.368,0.622,Yes,,,
593,6847.TWO,"Puriblood Medical Co., Ltd.",9.2,0.414,0.518,Yes,,,
594,8416.TWO,"Solidwizard Technology Co., Ltd.",3.15,0.151,0.159,Yes,,,
595,7713.TWO,"WeLeader Biomedical Co., Ltd.",2.14,0.106,0.05,No,,,
596,4510.TWO,"Kao Fong Machinery Co., Ltd",10.82,0.524,0.638,Yes,,,
597,2338.TW,Taiwan Mask Corporation,11.36,0.553,1.236,Yes,,,
598,1423.TW,Reward Wool Industry Corporation,1.77,0.09,0.062,Yes,,,
599,4417.TWO,"King Chou Marine Technology Co., Ltd.",3.7,0.189,0.053,No,,,
600,2457.TW,"Phihong Technology Co., Ltd.",10.68,0.535,1.026,Yes,,,
601,8411.TW,Kingcan Holdings Limited,2.44,0.127,0.12,No,,,
602,2610.TW,"China Airlines, Ltd.",7.1,0.367,0.308,Yes,,,
603,2611.TW,"Tze Shin International Co., Ltd.",2.91,0.154,0.037,No,,,
604,1449.TW,"Chia Her Industrial Co., Ltd.",6.14,0.32,0.462,Yes,,,
605,4188.TWO,AmCad BioMed Corporation,12.91,0.664,0.337,Yes,,,
606,3122.TWO,"Megawin Technology Co., Ltd.",10.39,0.556,1.336,Yes,,,
607,1439.TW,"Ascent Development Co., Ltd.",4.61,0.253,0.051,No,,,
608,6735.TWO,"AMIDA Technology, Inc.",27.91,1.404,2.82,Yes,,,
609,5269.TW,ASMedia Technology Inc.,7.6,0.43,1.177,Yes,,,
610,2254.TW,Coplus Inc.,4.06,0.241,0.0,Yes,,,
611,4538.TWO,"WINSON Machinery Co., LTD.",2.99,0.179,0.1,Yes,,,
612,3380.TW,Alpha Networks Inc.,6.04,0.374,0.255,Yes,,,
613,6592B.TW,"Hotai Finance Co., Ltd.",0.55,0.035,0.046,No,,,
614,4530.TWO,Tianyi Water Energy Solutions Inc.,5.11,0.325,0.126,No,,,
615,1216.TW,Uni-President Enterprises Corp.,1.82,0.118,0.026,No,,,
616,6720.TWO,"Major-Power Technology Co., Ltd.",5.5,0.36,0.219,Yes,,,
617,5481.TWO,"Sino Tactful Co., Ltd.",4.28,0.288,0.29,No,,,
618,4755.TW,"San Fu Chemical Co., Ltd.",6.25,0.42,0.711,Yes,,,
619,6958.TW,"Infinite Finance Co., Ltd.",5.05,0.352,0.155,Yes,,,
620,4550.TWO,Chang Jia M&E Engineering Corp.,1.81,0.129,0.209,Yes,,,
621,8432.TWO,TSH Biopharm Corporation Limited,2.06,0.148,0.067,Yes,,,
622,2509.TW,"Chainqui Construction Development Co., Ltd.",4.04,0.288,0.174,No,,,
623,8928.TWO,Dynamic Precision Industry Corporation,3.11,0.223,0.034,No,,,
624,3623.TWO,Transtouch Technology Inc.,5.54,0.399,0.709,Yes,,,
625,2029.TW,"Sheng Yu Steel Co., Ltd.",1.74,0.129,0.08,Yes,,,
626,6229.TWO,"V-TAC Technology Co.,Ltd.",4.75,0.352,0.939,Yes,,,
627,6803.TWO,ECOVE Environment Corp.,0.72,0.055,0.062,Yes,,,
628,6787.TWO,"Kingray Technology Co., Ltd.",8.71,0.65,0.539,Yes,,,
629,6161.TWO,"Jetway Information Co., Ltd.",7.1,0.54,0.913,Yes,,,
630,3432.TW,"Tai Twun Enterprise Co., Ltd.",5.84,0.454,0.696,Yes,,,
631,8424.TWO,"Wellpool Co., Ltd.",0.66,0.054,0.003,No,,,
632,5439.TWO,"First Hi-tec Enterprise Co., Ltd.",9.11,0.76,1.497,Yes,,,
633,8481.TW,"Transart Graphics Co., Ltd.",0.92,0.084,0.057,No,,,
634,6703.TWO,"Shiny Brands Group Co., Ltd.",1.92,0.176,0.289,No,,,
635,2906.TW,"Collins Co., Ltd.",2.59,0.24,0.084,No,,,
636,8213.TW,"Taiwan Printed Circuit Board Techvest Co.,Ltd.",3.86,0.363,1.01,Yes,,,
637,1516.TW,"Falcon Power Co., Ltd.",4.4,0.42,0.394,Yes,,,
638,5608.TW,"Shih Wei Navigation Co., Ltd.",3.64,0.37,0.141,Yes,,,
639,8067.TWO,"Gish International Co., Ltd",3.01,0.319,0.129,Yes,,,
640,4961.TW,Fitipower Integrated Technology Inc.,2.23,0.238,0.217,Yes,,,
641,3484.TWO,Solteam Incorporation,2.4,0.259,0.224,Yes,,,
642,1526.TW,Sun Race Sturmey-Archer Corporation,4.13,0.459,0.094,No,,,
643,2066.TWO,"Sumeeko Industries Co., Ltd.",3.71,0.444,0.638,Yes,,,
644,6179.TWO,"ATE Energy International Co., Ltd.",3.13,0.391,0.047,Yes,,,
645,4570.TWO,"Jason Co., Ltd.",1.16,0.153,0.197,Yes,,,
646,1103.TW,Chia Hsin Cement Corporation,0.84,0.116,0.023,No,,,
647,6629.TWO,"Thai Kin Co., Ltd.",2.24,0.318,0.416,Yes,,,
648,2497.TW,"E-Lead Electronic Co., Ltd.",2.91,0.419,0.454,Yes,,,
649,5245.TWO,WiseChip Semiconductor Inc.,4.1,0.605,0.941,Yes,,,
650,2329.TW,"Orient Semiconductor Electronics, Limited",2.82,0.433,0.944,Yes,,,
651,6859.TWO,"Best Precision Industrial Co., Ltd.",2.28,0.363,0.513,Yes,,,
652,1227.TW,Standard Foods Corporation,0.83,0.134,0.224,No,,,
653,2540.TW,"JSL Construction & Development Co., Ltd.",1.54,0.261,0.019,No,,,
654,3118.TWO,Level Biotechnology Inc.,0.19,0.033,0.053,Yes,,,
655,5455.TWO,"Sheng Yi Development Co.,Ltd",1.59,0.288,0.097,Yes,,,
656,8921.TWO,"Shen's Art Printing Co., Ltd.",0.65,0.119,0.191,Yes,,,
657,6467.TWO,Taho Pharmaceuticals Ltd.,3.74,0.676,0.004,No,,,
658,1319.TW,"Tong Yang Industry Co., Ltd.",2.52,0.482,0.686,Yes,,,
659,6690.TWO,Acer Cyber Security Inc.,0.54,0.107,0.142,Yes,,,
660,6725.TWO,"Cica-Huntek Chemical Technology Taiwan Co., Ltd.",3.16,0.627,1.062,Yes,,,
661,1612.TW,"Hong Tai Electric Industrial Co., Ltd.",1.34,0.273,0.542,Yes,,,
662,4107.TWO,Bioteque Corporation,0.46,0.1,0.039,Yes,,,
663,7758.TWO,"Keelgoal Energy Co., Ltd",1.56,0.368,0.001,No,,,
664,7732.TW,"King Shing Industrial Co, LTD.",0.97,0.261,0.304,Yes,,,
665,3567.TWO,ETREND Hightech Corp.,0.84,0.238,0.61,Yes,,,
666,9945.TW,"Ruentex Development Co.,Ltd.",0.87,0.259,0.05,Yes,,,
667,3188.TWO,"Golden Long Teng Development Co., Ltd.",0.98,0.294,0.171,No,,,
668,8049.TWO,"Ampire Co., Ltd.",0.48,0.149,0.321,Yes,,,
669,3622.TW,"Young Fast Optoelectronics Co., Ltd.",0.77,0.283,0.075,Yes,,,
670,3052.TW,Apex Science & Engineering Corp.,0.37,0.138,0.028,No,,,
671,6279.TWO,Hu Lane Associate Inc.,0.57,0.228,0.298,Yes,,,
672,6855.TWO,"Eclatorq Technology Co., Ltd.",0.66,0.271,0.237,Yes,,,
673,6565.TWO,"ThroughTek Co., Ltd.",1.36,0.574,1.012,Yes,,,
674,5344.TWO,"Vate Technology Co., Ltd.",0.79,0.377,0.546,Yes,,,
675,7880.TWO,Santa Phoenix Technology Co. Ltd.,1.27,0.622,0.711,Yes,,,
676,3402.TWO,Wholetech System Hitech Limited,0.78,0.384,0.891,Yes,,,
677,6826.TWO,Taiwan Puritic Corp.,0.66,0.35,0.523,Yes,,,
678,3530.TW,"Silicon Optronics, Inc.",0.65,0.449,0.742,Yes,,,
679,3019.TW,"Asia Optical Co., Inc.",0.34,0.425,1.061,Yes,,,
680,2397.TW,DFI Inc.,0.17,0.32,0.682,Yes,,,
681,2104.TW,"International CSRC Investment Holdings Co., Ltd.",0.05,0.285,0.015,Yes,,,
682,6753.TW,"Lungteh Shipbuilding Co., Ltd.",0.03,0.352,0.413,Yes,,,
683,1336.TWO,"Taihan Precision Technology Co., Ltd.",0.01,0.257,0.151,Yes,,,
684,6886.TWO,"Far East Bio-Tec Co., Ltd.",-0.0,0.128,0.135,No,,,
685,3029.TW,"Zero One Technology Co., Ltd.",-0.1,0.302,0.309,Yes,,,
686,2731.TW,"Lion Travel Service Co., Ltd.",-0.08,0.206,0.276,Yes,,,
687,5547.TWO,"Jioushun Construction Co., Ltd.",-0.08,0.198,0.253,No,,,
688,4115.TWO,"Sunder Biomedical Tech. Co., Ltd.",-0.38,0.469,0.609,Yes,,,
689,6945.TWO,"AP Biosciences, Inc.",-0.58,0.621,0.721,No,,,
690,8163.TW,Darfon Electronics Corp.,-0.68,0.639,1.158,Yes,,,
691,3038.TW,Emerging Display Technologies Corp.,-0.31,0.252,0.482,Yes,,,
692,2354.TW,"Foxconn Technology Co., Ltd.",-0.45,0.353,0.539,Yes,,,
693,6969.TW,"Transcene Co., Ltd",-0.68,0.469,0.181,No,,,
694,2364.TW,Twinhead International Corp.,-0.3,0.207,0.202,Yes,,,
695,6793.TWO,"Tien Li Offshore Wind Technology Co., Ltd.",-0.87,0.529,0.303,Yes,,,
696,8068.TWO,Chander Electronics Corp.,-1.23,0.746,0.426,Yes,,,
697,6576.TWO,"Foresee Pharmaceuticals Co., Ltd.",-0.35,0.146,0.214,Yes,,,
698,7806.TWO,Gin Hwa Biotech Incorporation,-0.66,0.262,0.27,No,,,
699,4549.TWO,"FineTek Co., Ltd.",-1.32,0.468,0.977,Yes,,,
700,6882.TWO,Reallusion Inc.,-1.83,0.6,1.467,Yes,,,
701,3521.TWO,"TSG Development Co., Ltd.",-1.1,0.349,0.055,Yes,,,
702,6867.TWO,"Tan De Tech Co., Ltd",-1.23,0.36,0.584,Yes,,,
703,4119.TW,"SCI Pharmtech, Inc.",-1.33,0.347,0.113,No,,,
704,1110.TW,"Southeast Cement Co., Ltd.",-0.58,0.151,0.021,Yes,,,
705,7773.TWO,"FullHope Biomedical Co.,Ltd.",-1.78,0.448,0.705,Yes,,,
706,8435.TWO,Zimmite Taiwan Ltd.,-0.93,0.231,0.034,Yes,,,
707,8054.TWO,"Alcor Micro,Corp.",-2.73,0.634,0.957,Yes,,,
708,3062.TW,CyberTAN Technology Inc.,-2.26,0.519,0.313,Yes,,,
709,2387.TW,Sunrex Technology Corporation,-0.97,0.207,0.249,Yes,,,
710,6906.TW,Groundhog Inc.,-4.44,0.939,1.286,Yes,,,
711,4432.TWO,"Hakers Enterprise Co., Ltd.",-1.5,0.296,0.036,No,,,
712,8114.TW,"Posiflex Technology, Inc.",-2.57,0.494,0.731,Yes,,,
713,2753.TW,Bafang Yunji International Company Limited,-0.92,0.157,0.051,No,,,
714,4526.TW,"Tongtai Machine & Tool Co., Ltd.",-2.72,0.447,0.878,Yes,,,
715,2102.TW,Federal Corporation,-0.99,0.152,0.06,No,,,
716,8906.TWO,"Forward Graphic Enterprise Co., Ltd.",-3.87,0.568,0.06,No,,,
717,6898.TWO,"ChainSea Information Integration Co.,Ltd.",-2.42,0.345,0.473,Yes,,,
718,4545.TW,"Min Aik Precision Industrial Co., Ltd.",-3.29,0.456,0.649,Yes,,,
719,5903.TWO,"Taiwan FamilyMart Co., Ltd.",-0.39,0.053,0.035,Yes,,,
720,1591.TWO,"Inmax Holding Co., Ltd.",-7.22,0.991,1.033,Yes,,,
721,7885.TWO,Honlynn Co. Ltd,-5.02,0.672,0.956,Yes,,,
722,4744.TWO,CVC Technologies Inc.,-3.5,0.46,0.643,No,,,
723,6625.TW,"B'in Live Co., Ltd.",-1.74,0.226,0.208,Yes,,,
724,4419.TWO,"King House CO., Ltd.",-3.66,0.466,0.683,No,,,
725,5009.TWO,Gloria Material Technology Corp.,-1.89,0.233,0.423,Yes,,,
726,2252.TWO,Cubtek Inc.,-3.72,0.457,0.247,No,,,
727,3004.TW,National Aerospace Fasteners Corporation,-3.18,0.39,0.612,Yes,,,
728,6695.TW,"iCatch Technology, Inc.",-3.86,0.471,1.138,Yes,,,
729,1713.TW,Cathay Chemical Works Inc.,-1.54,0.186,0.323,Yes,,,
730,8472.TWO,"Navicare Biotech Co., Ltd.",-4.7,0.572,0.735,No,,,
731,6552.TW,"JMC Electronics Co., Ltd.",-4.17,0.5,1.183,Yes,,,
732,4123.TWO,"Center Laboratories, Inc.",-2.08,0.244,0.059,No,,,
733,8923.TWO,China Times Publishing Comp.,-0.83,0.095,0.002,No,,,
734,6811.TWO,Acer E-Enabling Service Business Inc.,-1.92,0.219,0.393,Yes,,,
735,8464.TW,"Nien Made Enterprise Co., LTD.",-3.27,0.358,0.135,Yes,,,
736,3293.TWO,"International Games System Co.,Ltd.",-1.66,0.169,0.293,No,,,
737,6863.TW,"Arizon RFID Technology (Cayman) Co., Ltd.",-6.62,0.681,0.209,Yes,,,
738,911608.TW,BH Global Corporation Limited,-2.01,0.202,0.031,Yes,,,
739,6901.TW,Diamond Biofund Inc.,-6.36,0.644,0.33,Yes,,,
740,8104.TW,RiTdisplay Corporation,-5.72,0.574,1.081,Yes,,,
741,3311.TW,Silitech Technology Corporation,-2.87,0.279,0.511,Yes,,,
742,6210.TWO,"Kintech Electronics Co., Ltd.",-1.6,0.152,0.331,Yes,,,
743,6165.TW,Lang Inc.,-3.1,0.276,0.177,Yes,,,
744,7719.TWO,Carbon-Based Technology Inc.,-6.04,0.546,0.157,Yes,,,
745,6199.TWO,"TienPin United Enterprise CO., LTD.",-3.83,0.342,0.523,No,,,
746,6533.TW,Andes Technology Corporation,-6.23,0.547,0.702,Yes,,,
747,3050.TW,U-Tech Media Corporation,-2.91,0.248,0.2,Yes,,,
748,7860.TWO,"TEH SENG Pharmaceutical Mfg. Co., Ltd.",-4.9,0.409,0.144,No,,,
749,1604.TW,Sampo Corporation,-0.84,0.067,0.117,No,,,
750,2115.TW,Luhai Holding Corp.,-2.38,0.193,0.152,Yes,,,
751,7805.TWO,"QNAP Systems, Inc.",-5.96,0.486,0.183,Yes,,,
752,2022.TW,"Tycoons Group Enterprise Co.,Ltd.",-2.3,0.182,0.159,No,,,
753,4402.TWO,"J.D Development Co., LTD",-8.43,0.679,0.375,No,,,
754,5863.TWO,Taipei Star Bank,-1.43,0.109,0.09,Yes,,,
755,2444.TW,"AboCom Systems, Inc.",-3.79,0.285,0.575,Yes,,,
756,4170.TWO,Vectorite Biomedical Inc.,-3.83,0.285,0.592,Yes,,,
757,1615.TW,Dah San Electric Wire & Cable Corp.,-2.09,0.154,0.053,Yes,,,
758,2328.TW,Pan-International Industrial Corp.,-5.67,0.421,1.116,Yes,,,
759,3548.TWO,"Jarllytec Co. , Ltd.",-6.66,0.497,0.977,Yes,,,
760,7907.TWO,"Laien Parts Technology Co., Ltd.",-7.94,0.596,0.774,Yes,,,
761,3032.TW,"Compucase Enterprise Co., Ltd.",-7.58,0.547,0.901,Yes,,,
762,6231.TWO,Insyde Software Corp.,-7.42,0.534,0.124,Yes,,,
763,4737.TW,Bionime Corporation,-4.98,0.343,0.685,No,,,
764,9962.TWO,"Yeou Yih Steel Co., Ltd.",-3.72,0.254,0.014,No,,,
765,4131.TWO,"NeoCore Technology Co., Ltd.",-4.35,0.297,0.177,No,,,
766,3130.TW,104 Corporation,-0.85,0.057,0.072,Yes,,,
767,7708.TWO,"Family International Gourmet Co., Ltd",-1.14,0.076,0.047,No,,,
768,7607.TWO,DuoGenic StemCells corporation,-7.18,0.488,0.487,No,,,
769,3629.TWO,"Gravity Co., Ltd.",-10.14,0.698,0.315,No,,,
770,6712.TWO,"Ever Supreme Bio Technology Co., Ltd",-5.02,0.336,0.103,Yes,,,
771,2064.TWO,"Camellia Metal Co., Ltd.",-4.43,0.285,0.476,Yes,,,
772,6804.TWO,"Axman Enterprise Co., Ltd.",-3.68,0.236,0.31,No,,,
773,4535.TWO,"Fine Blanking & Tool Co., Ltd",-1.73,0.109,0.063,No,,,
774,4766.TW,"Nan Pao Resins Chemical Co., Ltd.",-4.7,0.299,0.652,Yes,,,
775,6112.TW,Metaage Corporation,-5.17,0.322,0.562,Yes,,,
776,1102.TW,Asia Cement Corporation,-2.38,0.144,0.063,No,,,
777,2207.TW,"Hotai Motor Co.,Ltd.",-5.65,0.346,0.027,No,,,
778,5533.TW,Founding Construction Development Corp.,-1.4,0.082,0.087,No,,,
779,4168.TWO,GlycoNex Incorporation,-6.12,0.367,0.548,Yes,,,
780,4111.TWO,"Chi Sheng Pharma & Biotech Co., Ltd",-0.94,0.054,0.138,Yes,,,
781,4166.TWO,"Orient Pharma Co., Ltd.",-2.5,0.144,0.114,Yes,,,
782,5859.TWO,"Farglory Life Insurance Co., Ltd.",-2.43,0.136,0.17,No,,,
783,6492.TWO,"Senhwa Biosciences, Inc.",-8.57,0.493,0.211,Yes,,,
784,7896.TWO,Sil-More Industrial Limited,-14.83,0.87,0.825,Yes,,,
785,6412.TW,"Chicony Power Technology Co., Ltd.",-8.96,0.505,1.018,Yes,,,
786,7779.TWO,"Carry International Co., Ltd",-9.3,0.517,0.557,Yes,,,
787,2881C.TW,"Fubon Financial Holding Co., Ltd.",-0.97,0.051,0.052,No,,,
788,4934.TW,"Tainergy Tech Co., Ltd.",-9.17,0.489,0.82,Yes,,,
789,6222.TWO,"Li Hsuan Development & Construction Co., Ltd.",-2.65,0.135,0.042,No,,,
790,912000.TW,SIM Technology Group Limited,-5.13,0.262,0.165,Yes,,,
791,6512.TWO,"GoMax Electronics Co., Ltd.",-1.74,0.087,0.009,Yes,,,
792,3322.TWO,"Joinsoon Electronics Manufacturing CO., LTD.",-9.3,0.474,0.851,Yes,,,
793,6129.TWO,Princeton Technology Corporation,-7.65,0.387,0.805,Yes,,,
794,5234.TW,Daxin Materials Corporation,-12.18,0.616,1.419,Yes,,,
795,2073.TWO,Syong Shun Metal Co. Ltd.,-2.82,0.135,0.23,No,,,
796,2539.TW,"Sakura Development Co.,Ltd",-5.35,0.253,0.448,No,,,
797,5478.TWO,Soft-World International Corporation,-2.78,0.128,0.016,No,,,
798,8176.TWO,"Z-Com, Inc.",-3.07,0.139,0.055,No,,,
799,2480.TW,Stark Technology Inc.,-5.29,0.242,0.079,Yes,,,
800,6028.TWO,"Golden Insurance Brokers Co.,Ltd.",-9.51,0.43,0.582,Yes,,,
801,7876.TWO,Obigen Pharma Inc.,-3.18,0.139,0.254,No,,,
802,3546.TWO,"USERJOY Technology Co.,Ltd.",-5.58,0.245,0.08,Yes,,,
803,1784.TWO,BIONET Corp.,-11.46,0.517,0.671,Yes,,,
804,3499.TWO,GlobalSat WorldCom Corporation,-10.51,0.468,0.43,No,,,
805,4745.TWO,"Cowealth Medical Holding Co., Ltd.",-15.68,0.713,0.11,No,,,
806,5315.TWO,United Radiant Technology Corporation,-5.46,0.234,0.144,Yes,,,
807,3672.TWO,Connection Technology Systems Inc.,-7.37,0.318,0.251,Yes,,,
808,5309.TWO,Sysgration Ltd.,-11.0,0.482,0.98,Yes,,,
809,1618.TW,"Hold-Key Electric Wire & Cable Co., Ltd",-6.81,0.292,0.665,Yes,,,
810,8085.TWO,"Forward Electronics Co., Ltd.",-13.85,0.603,0.148,Yes,,,
811,3257.TW,Champion Microelectronic Corporation,-13.47,0.581,1.122,Yes,,,
812,8069.TWO,E Ink Holdings Inc.,-17.8,0.783,1.201,Yes,,,
813,6868.TWO,Iscom Online International Information Inc.,-10.73,0.453,0.676,Yes,,,
814,2949.TWO,"H.H.Galaxy Co., Ltd.",-7.3,0.297,0.499,Yes,,,
815,6641.TW,"GSD Technologies Co., Ltd.",-7.09,0.279,0.469,Yes,,,
816,8032.TWO,"Koryo Electronics Co., Ltd.",-9.56,0.379,0.901,Yes,,,
817,3558.TWO,"Senao Networks, Inc.",-12.85,0.51,1.089,Yes,,,
818,4506.TWO,GFC. LTD.,-3.74,0.141,0.127,No,,,
819,4147.TWO,TaiMed Biologics Inc.,-11.64,0.457,0.004,Yes,,,
820,4772.TWO,Taiwan Speciality Chemicals Corporation,-11.1,0.428,0.989,Yes,,,
821,6438.TW,"Symtek Automation Asia Co., Ltd.",-9.28,0.343,0.29,Yes,,,
822,2516.TW,New Asia Construction & Development Corp.,-4.65,0.168,0.093,Yes,,,
823,6936.TW,"Vetnostrum Animal Health Co., Ltd.",-3.08,0.11,0.098,Yes,,,
824,5469.TW,HannStar Board Corporation,-11.01,0.407,0.581,Yes,,,
825,6215.TW,Aurotek Corporation,-13.14,0.485,1.213,Yes,,,
826,3523.TWO,"EFUN Technology Co.,Ltd",-11.38,0.415,0.097,Yes,,,
827,6592.TW,"Hotai Finance Co., Ltd.",-4.81,0.168,0.25,No,,,
828,4430.TWO,"Yao I Fabric Co., Ltd.",-3.86,0.134,0.093,Yes,,,
829,4564.TW,Mosa Industrial Corporation,-9.25,0.329,0.202,No,,,
830,2352.TW,Qisda Corporation,-13.25,0.477,0.8,Yes,,,
831,6791.TWO,Taiwan Auto-Design Co.,-11.72,0.417,0.811,Yes,,,
832,6890.TW,"Lai Yih Footwear Co., Ltd.",-12.99,0.461,0.182,Yes,,,
833,6104.TWO,"Genesys Logic, Inc.",-9.16,0.318,0.766,Yes,,,
834,1343.TWO,Sun Rise E&T Corporation,-14.73,0.521,0.687,No,,,
835,1805.TW,"Better Life Group Co., LTD.",-7.11,0.236,0.008,No,,,
836,4563.TWO,"Quaser Machine Tools, Inc.",-16.71,0.581,1.155,Yes,,,
837,1529.TW,"Luxe Green Energy Technology Co., Ltd.",-11.84,0.4,0.552,Yes,,,
838,6911.TWO,Chyunn Environment Corporation,-6.73,0.219,0.333,Yes,,,
839,2511.TW,Prince Housing & Development Corp.,-5.19,0.166,0.095,No,,,
840,6708.TWO,Mars Semiconductor Corp.,-4.56,0.145,0.278,Yes,,,
841,5355.TWO,"Gia Tzoong Enterprise Co.,Ltd",-15.89,0.531,0.874,Yes,,,
842,3043.TW,"Powercom Co., Ltd",-7.32,0.232,0.518,Yes,,,
843,6796.TW,Medimaging Integrated Solution Inc.,-11.8,0.379,0.005,Yes,,,
844,9914.TW,"Merida Industry Co., Ltd.",-11.98,0.385,0.21,Yes,,,
845,7737.TWO,Kdan Mobile Software Ltd.,-11.6,0.37,0.519,Yes,,,
846,4729.TWO,Mildex Optical Inc.,-14.47,0.465,0.693,Yes,,,
847,1795.TW,"Lotus Pharmaceutical Co., Ltd.",-17.12,0.555,0.643,Yes,,,
848,6684.TWO,"Algoltek, Inc.",-15.96,0.51,0.737,Yes,,,
849,3522.TWO,"Toplus Global Co., Ltd.",-14.03,0.443,0.184,Yes,,,
850,4114.TWO,Synmosa Biopharma Corporation,-3.28,0.096,0.035,Yes,,,
851,6115.TW,"I-Sheng Electric Wire & Cable Co., Ltd.",-2.89,0.084,0.055,Yes,,,
852,4162.TWO,"PharmaEngine, Inc.",-7.67,0.227,0.017,Yes,,,
853,1712.TW,Sinon Corporation,-4.35,0.126,0.22,No,,,
854,3630.TWO,"Newmax Technology Co., Ltd.",-14.63,0.445,0.641,Yes,,,
855,1233.TW,"Ten Ren Tea Co., Ltd.",-6.17,0.178,0.175,Yes,,,
856,5516.TWO,Sun-Sea Construction Corporation,-8.9,0.26,0.096,Yes,,,
857,4148.TW,All Cosmos Bio-Tech Holding Corporation,-11.4,0.336,0.872,No,,,
858,6612.TWO,"ICARES Medicus, Inc.",-10.81,0.316,0.06,Yes,,,
859,4909.TWO,"New Era Electronics Co., Ltd",-18.62,0.564,0.707,Yes,,,
860,6473.TWO,"meimaii Technology Co., Ltd",-14.08,0.412,0.72,Yes,,,
861,5530.TWO,Lungyen Life Service Corporation,-7.87,0.222,0.261,Yes,,,
862,3168.TW,Data Image Corporation,-7.15,0.199,0.176,Yes,,,
863,6754.TW,"Rich Honour International Designs Co., Ltd.",-4.81,0.132,0.091,No,,,
864,2258.TW,"Foxtron Vehicle Technologies Co., Ltd.",-14.44,0.414,0.74,Yes,,,
865,7402.TWO,Brinno Incorporated,-14.65,0.416,0.134,Yes,,,
866,5312.TWO,"Formosa Optical Technology Co.,Ltd.",-3.59,0.096,0.021,Yes,,,
867,6246.TWO,Taiwan Thick-Film Ind. Corp,-15.22,0.43,0.384,No,,,
868,2374.TW,"Ability Enterprise Co., Ltd.",-13.77,0.384,1.027,Yes,,,
869,4974.TWO,Asia Tech Image Inc.,-7.98,0.215,0.491,Yes,,,
870,6892.TWO,"Taiwan Bio Therapeutics Co., Ltd",-6.37,0.169,0.247,Yes,,,
871,3205.TWO,Sagittarius Life Science Corp,-12.72,0.348,0.39,No,,,
872,1293.TWO,"Lytone Enterprise, Inc.",-6.22,0.164,0.173,Yes,,,
873,5398.TWO,Mediera Corporation,-20.21,0.573,0.638,No,,,
874,4589.TWO,"Motion Technology Electric & Machinery Co., Ltd.",-9.09,0.243,0.525,Yes,,,
875,3564.TWO,"AEWIN Technologies Co.,Ltd.",-11.92,0.323,0.679,Yes,,,
876,6462.TWO,Egis Technology Inc.,-16.06,0.444,1.19,Yes,,,
877,3527.TWO,"Macroblock, Inc.",-15.05,0.411,0.783,Yes,,,
878,2321.TW,"Tecom Co., Ltd.",-10.89,0.285,0.163,Yes,,,
879,3041.TW,ALi Corporation,-14.98,0.399,0.924,Yes,,,
880,8102.TWO,"Jeilin Technology Co., Ltd.",-13.85,0.365,0.059,Yes,,,
881,7749.TW,Intelligo Technology Inc.,-19.68,0.531,1.375,Yes,,,
882,6988.TW,Wellysun Inc.,-22.85,0.622,0.903,Yes,,,
883,1598.TW,Dyaco International Inc.,-6.67,0.166,0.011,Yes,,,
884,1432.TW,TRK Corporation,-3.05,0.073,0.026,No,,,
885,4142.TW,Adimmune Corporation,-5.98,0.146,0.101,No,,,
886,6667.TWO,"Trusval Technology Co., Ltd.",-13.74,0.348,0.803,Yes,,,
887,2505.TW,"Kuo Yang Construction Co., Ltd.",-5.11,0.124,0.194,No,,,
888,7747.TWO,GrandTech Cloud Services Inc.,-8.99,0.222,0.268,Yes,,,
889,3013.TW,Chenming Electronic Tech. Corp.,-18.53,0.48,0.923,Yes,,,
890,1463.TW,CS Group Investment Holding Limited,-9.88,0.244,0.109,No,,,
891,6620.TWO,"Handa Pharmaceuticals, Inc.",-19.71,0.512,0.38,Yes,,,
892,2012.TW,"Chun Yu Works & Co., Ltd.",-11.43,0.283,0.009,Yes,,,
893,4732.TWO,NatureWise Biotech & Medicals Corporation,-9.23,0.226,0.037,Yes,,,
894,1733.TW,Apex Biotechnology Corp.,-7.24,0.174,0.016,No,,,
895,3540.TWO,"Thermaltake Technology Co., Ltd.",-19.11,0.483,0.723,Yes,,,
896,2348.TW,"Hi-Yes International Co., Ltd.",-7.06,0.167,0.393,No,,,
897,3227.TWO,PixArt Imaging Inc.,-13.94,0.342,0.941,Yes,,,
898,4544.TWO,"Chun Zu Machinery Industry Co., Ltd.",-10.55,0.251,0.077,Yes,,,
899,8044.TWO,PChome Online Inc.,-18.75,0.465,0.9,Yes,,,
900,6618.TWO,"UHT Unitech Co., Ltd.",-19.63,0.489,0.164,Yes,,,
901,8938.TWO,"Advanced International Multitech Co., Ltd.",-9.16,0.216,0.294,No,,,
902,2477.TW,"Meiloon Industrial Co., Ltd.",-4.37,0.1,0.029,No,,,
903,6689.TW,"eCloudvalley Digital Technology Co., Ltd.",-12.44,0.296,0.257,No,,,
904,3592.TW,Raydium Semiconductor Corporation,-14.01,0.335,0.666,Yes,,,
905,6534.TW,"CH Biotech R&D Co., Ltd.",-12.36,0.293,0.029,No,,,
906,5529.TWO,"MEGA International Development Co.,Ltd.",-12.8,0.303,0.013,No,,,
907,2020.TW,Mayer Steel Pipe Corporation,-4.15,0.094,0.034,No,,,
908,7760.TW,"Enjoy Warmth Co., Ltd.",-9.1,0.211,0.259,No,,,
909,2462.TW,"Taiwan Line Tek Electronic Co., Ltd.",-14.76,0.347,0.617,Yes,,,
910,4438.TW,"Quang Viet Enterprise Co., Ltd.",-12.95,0.302,0.31,Yes,,,
911,4924.TWO,HTM International Holding Ltd.,-18.68,0.447,0.654,Yes,,,
912,8367.TW,Chien Shing Harbour Service Company Limited,-3.92,0.087,0.149,No,,,
913,8446.TWO,HIM International Music Inc.,-5.65,0.125,0.168,No,,,
914,911622.TW,Tycoons Worldwide Group (Thailand) Public Company Limited,-7.68,0.169,0.161,No,,,
915,7829.TWO,Yoda Pharmaceuticals Inc.,-14.83,0.337,0.354,Yes,,,
916,2752.TWO,"Tofu Restaurant Co., Ltd.",-6.29,0.137,0.17,No,,,
917,4588.TW,Arch Meter Corporation,-11.2,0.248,0.535,Yes,,,
918,2208.TW,CSBC Corporation,-16.47,0.372,0.095,Yes,,,
919,6142.TW,"Cameo Communications, Inc.",-10.51,0.227,0.06,No,,,
920,8249.TW,Creative Sensor Inc.,-19.59,0.44,0.973,Yes,,,
921,6230.TW,Nidec Chaun-Choung Technology Corporation,-21.3,0.481,0.795,Yes,,,
922,1626.TW,Airmate (Cayman) International Co Limited,-17.24,0.378,0.516,Yes,,,
923,2504.TW,"Goldsun Building Materials Co., Ltd.",-7.24,0.15,0.084,Yes,,,
924,7851.TWO,"H2, Inc.",-32.97,0.786,1.724,Yes,,,
925,6117.TW,In Win Development Inc.,-18.35,0.395,0.824,Yes,,,
926,3059.TW,Altek Corporation,-19.34,0.418,0.887,Yes,,,
927,5487.TWO,Tontek Design Technology Ltd.,-6.64,0.134,0.025,Yes,,,
928,3531.TWO,"Shian Yih Electronic Industry Co.,Ltd",-6.4,0.129,0.136,Yes,,,
929,6527.TWO,Crystalvue Medical Corporation,-8.94,0.18,0.118,Yes,,,
930,2231.TW,Cub Elecparts Inc.,-19.46,0.413,0.671,No,,,
931,7799.TW,Heron Neutron Medical Corp.,-32.45,0.739,1.207,Yes,,,
932,5244.TW,"Brightek Optoelectronic Co., Ltd.",-15.45,0.318,0.354,Yes,,,
933,2204.TW,China Motor Corporation,-8.75,0.173,0.007,No,,,
934,1532.TW,"China Metal Products Co., Ltd.",-11.44,0.228,0.068,Yes,,,
935,2007.TW,"Yieh Hsing Enterprise Co., Ltd.",-12.31,0.244,0.01,No,,,
936,1454.TW,"Taiwan Taffeta Fabric Co., Ltd.",-12.38,0.246,0.183,Yes,,,
937,6955.TW,"Bonraybio Co., Ltd.",-18.23,0.372,0.261,Yes,,,
938,4562.TW,"Ying Han Technology Co., Ltd.",-23.5,0.489,1.276,Yes,,,
939,3217.TWO,Argosy Research Inc.,-14.98,0.297,0.701,Yes,,,
940,2643.TWO,"Soonest Express Co., Ltd.",-5.86,0.111,0.007,Yes,,,
941,6621.TWO,"UniPharma Co., Ltd.",-9.71,0.186,0.293,No,,,
942,2427.TW,Mercuries Data Systems Ltd.,-13.18,0.257,0.028,No,,,
943,9907.TW,Ton Yi Industrial Corp.,-8.05,0.153,0.077,No,,,
944,2063.TWO,"Sheh Kai Precision Co., Ltd.",-8.32,0.158,0.031,Yes,,,
945,6516.TWO,"Kingwaytek Technology Co., Ltd.",-7.8,0.148,0.087,Yes,,,
946,3434.TWO,ACULA Technology Corp.,-7.67,0.145,0.172,Yes,,,
947,1569.TWO,"Bin Chuan Enterprise Co., Ltd.",-21.47,0.434,0.896,Yes,,,
948,7886.TWO,"Kojem International Co., Ltd.",-34.66,0.757,0.505,Yes,,,
949,7547.TWO,"Intumit, Inc.",-32.41,0.697,1.008,No,,,
950,1464.TW,"De Licacy Industrial Co., Ltd.",-5.93,0.109,0.011,No,,,
951,1783.TW,Maxigen Biotech Inc.,-9.16,0.168,0.105,No,,,
952,6931.TW,"Qing Song Health Co.,Ltd.",-17.13,0.327,0.136,No,,,
953,6125.TWO,"Kenmec Mechanical Engineering Co., Ltd.",-24.48,0.487,0.962,Yes,,,
954,8463.TW,"Ruentex Materials Co.,Ltd.",-11.16,0.206,0.287,Yes,,,
955,6171.TWO,"Tacheng Real Estate Co.,Ltd.",-10.81,0.197,0.108,No,,,
956,3483.TWO,"Forcecon Technology Co., Ltd.",-23.14,0.448,1.183,Yes,,,
957,6833.TWO,T-Conn Precision Corporation,-13.96,0.257,0.429,Yes,,,
958,6183.TW,Trade-Van Information Services Co.,-4.61,0.081,0.009,No,,,
959,2201.TW,Yulon Motor Company Ltd.,-12.23,0.22,0.053,Yes,,,
960,3708.TW,"Swancor Holding Co., LTD.",-16.08,0.294,0.447,Yes,,,
961,8443.TW,"SHUI-MU International Co., Ltd.",-6.59,0.114,0.061,No,,,
962,2038.TW,Hai Kwang Enterprise Corporation,-13.48,0.242,0.056,No,,,
963,2536.TW,"Hong Pu Real Estate Development Co., Ltd.",-15.42,0.276,0.053,No,,,
964,7516.TWO,"Sea Mild Biotechnology Co., Ltd.",-11.22,0.197,0.349,Yes,,,
965,9904.TW,Pou Chen Corporation,-8.9,0.154,0.026,No,,,
966,5213.TWO,"YeaShin International Development Co., Ltd.",-7.57,0.13,0.119,No,,,
967,1217.TW,AGV Products Corporation,-3.1,0.052,0.044,No,,,
968,6578.TWO,DaBomb Protein Biotech Corp.,-13.11,0.23,0.003,No,,,
969,8937.TWO,"Her Chee Industrial Co., Ltd.",-25.35,0.474,0.012,No,,,
970,4523.TWO,"Everbrite Technology Co., Ltd.",-19.45,0.349,0.707,Yes,,,
971,6680.TWO,Sintrones Technology Corp.,-21.62,0.393,0.264,Yes,,,
972,8933.TWO,Ideal Bike Corporation,-20.31,0.363,0.166,No,,,
973,7842.TWO,"Greenet Co., Ltd.",-27.59,0.513,0.021,Yes,,,
974,1229.TW,Lien Hwa Industrial Holdings Corporation,-8.42,0.141,0.242,No,,,
975,2701.TW,Wan Hwa Enterprise Company Ltd.,-4.63,0.076,0.002,Yes,,,
976,4433.TWO,"Singtex Industrial Co., Ltd.",-9.23,0.154,0.112,Yes,,,
977,3687.TWO,"MacroWell OMG Digital Entertainment Co., Ltd.",-14.73,0.253,0.424,Yes,,,
978,2706.TW,First Hotel Company Ltd.,-5.74,0.093,0.031,Yes,,,
979,4303.TWO,HsinLi Chemical Industrial Corp.,-23.73,0.422,0.11,Yes,,,
980,4528.TWO,"Chian Hsing Forging Industrial Co., Ltd.",-18.01,0.308,0.1,Yes,,,
981,1781.TWO,"Health & Life Co., Ltd.",-16.86,0.283,0.061,No,,,
982,9941.TW,Taiwan Acceptance Corporation,-13.59,0.224,0.261,No,,,
983,3596.TW,Arcadyan Technology Corporation,-21.3,0.365,0.835,Yes,,,
984,8349.TWO,QST International Corp.,-12.74,0.208,0.063,No,,,
985,7912.TWO,Zenithtek Inc.,-43.68,0.862,2.615,Yes,,,
986,6757.TW,"Tigerair Taiwan Co., Ltd.",-20.88,0.356,0.533,Yes,,,
987,3419.TW,"Wha Yu Industrial Co., Ltd.",-14.56,0.24,0.207,Yes,,,
988,4414.TW,"Roo Hsing Co., Ltd",-23.42,0.404,0.929,No,,,
989,3703.TW,Continental Holdings Corporation,-9.54,0.151,0.221,No,,,
990,1903.TW,Shihlin Paper Corporation,-9.36,0.148,0.156,Yes,,,
991,3011.TW,"Ji-Haw Industrial Co.,Ltd.",-26.12,0.449,0.537,Yes,,,
992,3294.TWO,Megaforce Company Limited,-28.87,0.504,0.99,Yes,,,
993,2641.TWO,Franbo Lines Corp.,-12.16,0.193,0.342,Yes,,,
994,6191.TW,Global Brands Manufacture Ltd.,-24.6,0.41,0.689,Yes,,,
995,6929.TWO,"We Can Medicines Co., Ltd.",-22.76,0.375,0.681,No,,,
996,7762.TWO,"Pet Pharm Biotech Co., Ltd.",-25.62,0.429,0.666,Yes,,,
997,6472.TW,"Bora Pharmaceuticals Co., Ltd.",-30.22,0.518,0.125,Yes,,,
998,2371.TW,"Tatung Co., Ltd.",-24.45,0.404,0.577,Yes,,,
999,6928.TW,"Ubiqconn Technology, Inc.",-18.46,0.294,0.455,Yes,,,
1000,2912.TW,President Chain Store Corporation,-9.29,0.141,0.143,No,,,
1001,2365.TW,KYE Systems Corp.,-25.25,0.417,1.061,Yes,,,
1002,6918.TW,"A Plus Biotechnology Co., Ltd.",-9.17,0.138,0.11,No,,,
1003,2385.TW,"Chicony Electronics Co., Ltd.",-17.24,0.271,0.35,Yes,,,
1004,6665.TWO,Healthconn Corp.,-19.49,0.31,0.345,Yes,,,
1005,8488.TW,Jiyuan Packaging Holdings Limited,-7.0,0.104,0.071,Yes,,,
1006,1321.TW,"Ocean Plastics Co., Ltd.",-10.65,0.161,0.319,No,,,
1007,8440.TWO,"E&E Recycling,Inc.",-17.87,0.28,0.578,Yes,,,
1008,6962.TW,ITH Corporation,-20.81,0.33,0.708,Yes,,,
1009,8107.TWO,"Tayih Kenmos Auto parts Co., Ltd.",-17.33,0.268,0.458,Yes,,,
1010,6167.TWO,Powertip Technology Corporation,-15.29,0.233,0.018,No,,,
1011,6248.TWO,TMP Steel Corporation,-14.81,0.224,0.126,Yes,,,
1012,7740.TW,"Seetel New Energy Co., Ltd.",-26.6,0.426,0.381,Yes,,,
1013,9902.TW,"Tidehold Development Co., Ltd.",-12.86,0.191,0.278,Yes,,,
1014,4557.TW,Yusin Holding Corp.,-22.2,0.344,0.296,No,,,
1015,1603.TW,"China Wire & Cable Co., Ltd.",-17.13,0.258,0.448,Yes,,,
1016,3664.TWO,Array Inc.,-50.25,0.937,0.265,Yes,,,
1017,9955.TW,"Super Dragon Technology Co., Ltd",-20.08,0.306,0.176,Yes,,,
1018,6114.TWO,Juic International Corporation,-14.95,0.22,0.195,Yes,,,
1019,8359.TWO,"Cashbox Partyworld Co., Ltd.",-13.64,0.199,0.286,No,,,
1020,1477.TW,"Makalot Industrial Co., Ltd.",-25.28,0.39,0.228,Yes,,,
1021,6808.TWO,3D Global Biotech Inc.,-28.87,0.455,0.167,No,,,
1022,6283.TW,"Shun On Electronic Co., Ltd.",-18.56,0.276,0.555,Yes,,,
1023,1522.TW,"TYC Brother Industrial Co., Ltd.",-26.69,0.415,0.708,Yes,,,
1024,1225.TW,"Formosa Oilseed Processing Co., Ltd.",-13.12,0.189,0.06,Yes,,,
1025,6856.TWO,"SHINE TREND International Multimedia Technology CO., LTD.",-11.75,0.168,0.061,No,,,
1026,2106.TW,Kenda Rubber Industrial Co. Ltd.,-12.4,0.175,0.057,No,,,
1027,7870.TWO,Accordance Systems Inc.,-27.77,0.424,0.567,Yes,,,
1028,4178.TW,"StemCyte International, Ltd.",-27.13,0.413,0.443,No,,,
1029,7831.TWO,"Jesper Co., Ltd.",-15.94,0.226,0.138,Yes,,,
1030,3224.TWO,MetaTech (AP) Inc.,-23.75,0.352,0.242,Yes,,,
1031,1101B.TW,"TCC Group Holdings Co., Ltd.",-1.15,0.015,0.023,No,,,
1032,6816.TWO,MetaEdge Corporation,-11.68,0.16,0.067,No,,,
1033,4116.TWO,BenQ Medical Technology Corporation,-11.92,0.163,0.073,Yes,,,
1034,2916.TWO,Munsin Garment Corporation,-8.84,0.119,0.075,No,,,
1035,4581.TW,World Known MFG (Cayman) Limited,-5.5,0.073,0.023,Yes,,,
1036,1536.TW,"Hota Industrial Mfg. Co., Ltd.",-20.09,0.285,0.582,Yes,,,
1037,7767.TWO,High Performance Information Co. Ltd.,-18.3,0.257,0.2,No,,,
1038,1599.TWO,"Aeontek Co., Ltd.",-19.64,0.277,0.037,Yes,,,
1039,2405.TW,Shuttle Inc.,-18.21,0.254,0.356,Yes,,,
1040,6999.TWO,Han.biomedical Inc.,-20.55,0.291,0.426,Yes,,,
1041,2227.TW,"Yulon Nissan Motor Co., Ltd",-13.07,0.177,0.201,Yes,,,
1042,2528.TW,Crowell Development Corp.,-15.43,0.211,0.188,No,,,
1043,1476.TW,"Eclat Textile Co., Ltd.",-24.0,0.342,0.274,Yes,,,
1044,2712.TW,"FarGlory Hotel Co.,Ltd",-26.38,0.38,0.502,Yes,,,
1045,4743.TWO,"Oneness Biotech Co., Ltd.",-28.82,0.419,0.486,Yes,,,
1046,6590.TWO,"Provision Information Co.,Ltd.",-9.02,0.117,0.068,No,,,
1047,5906.TW,"Tainan Enterprise (Cayman) Co., Limited",-20.8,0.286,0.153,Yes,,,
1048,4133.TW,Abnova (Taiwan) Corporation,-17.74,0.239,0.212,Yes,,,
1049,6677.TWO,"Anxo Pharmaceutical Co., Ltd.",-23.74,0.33,0.411,Yes,,,
1050,1760.TW,Panion & Bf Biotech Inc.,-15.29,0.203,0.08,Yes,,,
1051,4972.TWO,Tons Lightology Inc.,-6.66,0.084,0.091,No,,,
1052,6854.TW,PlayNitride Inc.,-34.39,0.505,1.008,Yes,,,
1053,5223.TWO,"Anli International Co., Ltd.",-15.82,0.209,0.255,Yes,,,
1054,9940.TW,Sinyi Realty Inc.,-13.44,0.175,0.036,No,,,
1055,4154.TWO,"Raku Co., Ltd",-26.03,0.361,0.428,No,,,
1056,6919.TW,"Caliway Biopharmaceuticals Co., Ltd.",-39.76,0.6,1.062,Yes,,,
1057,7821.TW,MiTAC Digital Technology Corporation,-29.72,0.42,0.922,No,,,
1058,6650.TWO,"Art Emperor Technology And Culture Co., Ltd.",-26.32,0.364,0.13,Yes,,,
1059,6939.TWO,TFBS Bioscience Inc.,-23.88,0.325,0.45,Yes,,,
1060,7839.TWO,Pro360 Inc.,-25.81,0.355,0.08,Yes,,,
1061,2538.TW,"Kee Tai Properties Co., Ltd.",-12.26,0.157,0.09,No,,,
1062,1539.TW,"Chiu Ting Machinery Co., Ltd.",-11.68,0.148,0.224,Yes,,,
1063,2939.TW,"Yong Yi International Group Co., Ltd",-23.23,0.313,0.323,No,,,
1064,4441.TW,"Great Giant Fibre Garment Co., Ltd.",-26.53,0.363,0.72,Yes,,,
1065,1104.TW,Universal Cement Corporation,-7.38,0.091,0.069,No,,,
1066,6549.TWO,"TaiwanJ Pharmaceuticals Co., Ltd.",-12.4,0.156,0.158,Yes,,,
1067,6589.TW,EirGenix Inc.,-28.75,0.396,0.236,No,,,
1068,6128.TW,"General Plastic Industrial Co., Ltd.",-24.97,0.333,0.572,Yes,,,
1069,6940.TWO,"Gus Technology Co., Ltd.",-38.35,0.554,0.108,Yes,,,
1070,7849.TWO,"Shine Passion Engineering Co., Ltd.",-36.59,0.522,1.083,Yes,,,
1071,8201.TW,"Inventec Besta Co.,Ltd",-23.42,0.307,0.664,Yes,,,
1072,3501.TW,"Well Shin Technology Co., Ltd.",-17.98,0.228,0.171,Yes,,,
1073,9906.TW,Hsin Ba Ba Corporation,-27.59,0.369,0.404,No,,,
1074,2718.TWO,Allmind Holdings Corporation,-21.09,0.272,0.252,Yes,,,
1075,7783.TWO,Giant Heavy Machinery Service Corporation,-33.69,0.466,0.598,Yes,,,
1076,6236.TWO,Neith Corporation,-38.59,0.549,0.008,Yes,,,
1077,3150.TW,Syncomm Technology Corp.,-22.3,0.284,0.468,Yes,,,
1078,6741.TWO,"91APP, Inc.",-20.08,0.251,0.229,Yes,,,
1079,8999.TWO,"Taiwan Lamination Industries, Inc.",-9.78,0.116,0.022,No,,,
1080,4513.TWO,"Falcon Machine Tools Co., Ltd.",-18.99,0.235,0.055,No,,,
1081,2062.TW,Sunspring Metal Corporation,-14.02,0.169,0.154,Yes,,,
1082,6180.TWO,"Gamania Digital Entertainment Co., Ltd.",-28.9,0.375,0.449,Yes,,,
1083,2023.TW,"Yieh Phui Enterprise Co., Ltd.",-9.58,0.111,0.046,No,,,
1084,6596.TWO,Kuang Hong Arts Management Incorporation,-24.91,0.312,0.584,Yes,,,
1085,6732.TWO,Sensortek Technology Corp.,-28.46,0.364,0.708,Yes,,,
1086,2732.TWO,"La Kaffa International Co., Ltd.",-8.9,0.101,0.065,No,,,
1087,911868.TW,Neo-Neon Holdings Limited,-11.06,0.126,0.127,Yes,,,
1088,2101.TW,"Nankang Rubber Tire Corp.,Ltd.",-14.71,0.17,0.384,No,,,
1089,7840.TWO,"Nice Garden Industrial Co., Ltd.",-10.17,0.115,0.048,No,,,
1090,8171.TWO,Formosa Electronic Industries Inc.,-26.64,0.327,0.435,Yes,,,
1091,6858.TWO,Ipevo Corporation,-25.85,0.315,0.151,No,,,
1092,5703.TWO,"The Landis Taipei Hotel Co., Ltd",-10.43,0.117,0.247,Yes,,,
1093,7725.TWO,LabTurbo Biotech Corporation,-13.69,0.155,0.17,Yes,,,
1094,2534.TW,"Hung Sheng Construction Co., Ltd.",-12.28,0.138,0.208,No,,,
1095,3465.TWO,"New Advanced Electronics Technologies Co., Ltd.",-35.31,0.453,0.067,Yes,,,
1096,6728.TWO,Up Young Cornerstone Corp.,-17.13,0.196,0.284,Yes,,,
1097,7820.TWO,"Liying Environmental Protection Technology Co., Ltd.",-34.28,0.433,0.154,Yes,,,
1098,2439.TW,"Merry Electronics Co., Ltd.",-18.11,0.208,0.48,Yes,,,
1099,4915.TW,Primax Electronics Ltd.,-19.1,0.22,0.435,Yes,,,
1100,6709.TWO,"Advagene Biopharma Co., Ltd.",-27.04,0.325,0.515,Yes,,,
1101,6986.TWO,"HeXun Biosciences Co., Ltd.",-30.24,0.368,0.114,Yes,,,
1102,6639.TWO,"Grand Green Energy Co., LTD.",-38.62,0.496,0.317,Yes,,,
1103,7710.TWO,ASRock Industrial Computer Corporation,-18.63,0.211,0.309,Yes,,,
1104,2614.TW,Eastern Media International Corporation,-16.98,0.19,0.277,No,,,
1105,8097.TWO,ATW Technology Inc.,-22.9,0.264,0.146,Yes,,,
1106,6692.TWO,"Acmepoint Energy Services Co.,LTD",-25.13,0.293,0.37,Yes,,,
1107,6504.TW,"Nan Liu Enterprise Co., Ltd.",-15.9,0.176,0.202,No,,,
1108,6622.TWO,"Bossdom Digiinnovation Co., Ltd.",-28.25,0.335,0.522,Yes,,,
1109,7756.TWO,"Donutes International Co., Ltd.",-15.06,0.166,0.041,No,,,
1110,2745.TWO,"Life Travel & Tourist Service Co., Ltd.",-14.09,0.154,0.247,Yes,,,
1111,7894.TWO,Hypersonic Inc.,-62.56,0.959,,,,,
1112,8442.TW,WW Holding Inc.,-30.1,0.358,0.068,Yes,,,
1113,1457.TW,"Yi Jinn Industrial Co., Ltd.",-8.83,0.093,0.13,No,,,
1114,6599.TWO,Poindus Systems Corp.,-26.92,0.311,0.055,Yes,,,
1115,6912.TWO,"Yi Chun Green Technology Co., Ltd.",-27.37,0.316,0.098,No,,,
1116,1325.TW,Universal Incorporation,-16.98,0.185,0.063,No,,,
1117,9951.TWO,"Macauto Industrial Co., Ltd.",-7.42,0.077,0.109,Yes,,,
1118,5465.TWO,"Loyalty Founder Enterprise Co.,Ltd.",-24.29,0.272,0.441,Yes,,,
1119,3040.TW,"Global View Co., Ltd.",-39.29,0.483,0.985,No,,,
1120,7785.TWO,Pershing Technology Services Corporation,-40.64,0.504,0.331,No,,,
1121,5206.TWO,"Kunyue Development Co., Ltd.",-27.38,0.309,0.293,No,,,
1122,1752.TW,"Nang Kuang Pharmaceutical Co., Ltd.",-10.18,0.104,0.042,No,,,
1123,6130.TWO,"Shangya Technology Co., Ltd.",-34.76,0.407,0.12,Yes,,,
1124,7455.TWO,Dexatek Technology Ltd.,-22.71,0.244,0.362,Yes,,,
1125,4195.TW,"Genomics BioSci & Tech. Co.,Ltd.",-41.31,0.498,0.305,No,,,
1126,6865.TWO,"WebComm Technology Co., Ltd.",-41.81,0.505,0.868,No,,,
1127,7764.TWO,Formosa Saint Jose Corporation,-28.37,0.313,0.392,Yes,,,
1128,5278.TWO,"Sunfun Info Co., Ltd.",-23.14,0.248,0.134,Yes,,,
1129,2247.TW,Pan German Universal Motors Ltd.,-18.81,0.196,0.055,Yes,,,
1130,5704.TWO,Hotel Royal Chihpen,-16.17,0.166,0.044,No,,,
1131,3085.TWO,"Newretail Co., Ltd",-20.95,0.22,0.323,No,,,
1132,9938.TW,Taiwan Paiho Limited,-17.41,0.178,0.085,Yes,,,
1133,1702.TW,"Namchow Holdings Co., Ltd.",-13.57,0.135,0.166,No,,,
1134,8072.TW,AV TECH Corporation,-22.26,0.232,0.42,Yes,,,
1135,6496.TWO,Excelsior Biopharma Inc.,-17.71,0.18,0.257,No,,,
1136,7765.TW,"CHT Security Co., Ltd.",-22.76,0.237,0.284,Yes,,,
1137,6763.TWO,"Green World Fintech Service Co., Ltd.",-23.21,0.242,0.314,Yes,,,
1138,1540.TW,"Roundtop Machinery Industries Co., Ltd.",-18.23,0.185,0.16,Yes,,,
1139,5514.TWO,"Sunfon Construction Co., Ltd.",-14.82,0.147,0.084,No,,,
1140,6723.TWO,"JG Environmental Technology Co.,Ltd.",-23.7,0.246,0.392,Yes,,,
1141,2733.TWO,"Vigor Kobo Co.,Ltd.",-22.63,0.234,0.219,No,,,
1142,2072.TW,"Century Wind Power Co., Ltd.",-42.33,0.486,0.69,Yes,,,
1143,7726.TWO,"Carilex Medical, Inc.",-18.68,0.184,0.025,Yes,,,
1144,5706.TW,"Phoenix Tours International, Inc.",-7.94,0.074,0.01,Yes,,,
1145,1109.TW,"Hsing Ta Cement Co.,Ltd",-9.17,0.085,0.031,Yes,,,
1146,5287.TWO,"ADDCN Technology Co., Ltd",-12.05,0.114,0.139,No,,,
1147,6952.TW,"Dawushan Farm Technology Co., Ltd.",-17.6,0.17,0.211,Yes,,,
1148,9802.TW,"Fulgent Sun International (Holding) Co., Ltd.",-26.35,0.267,0.058,Yes,,,
1149,7776.TWO,Anya Biopharm Inc.,-36.83,0.396,0.312,No,,,
1150,6923.TW,CHUNGTAI RESOURCE Technology CORP.,-29.38,0.301,0.288,Yes,,,
1151,1541.TW,"CHANG TYPE Industrial Co., Ltd.",-16.28,0.154,0.172,No,,,
1152,5601.TWO,Taiwan Allied Container Terminal Corp.,-19.23,0.183,0.148,Yes,,,
1153,5525.TW,"Sweeten Real Estate Development Co.,Ltd.",-18.79,0.178,0.246,No,,,
1154,6875.TWO,Pharmosa Biopharm Inc.,-28.94,0.291,0.071,Yes,,,
1155,5457.TWO,Speed Tech Corp.,-33.65,0.347,0.295,Yes,,,
1156,6984.TWO,"ACpay Co., Ltd.",-39.15,0.418,0.459,Yes,,,
1157,8099.TWO,Tatung System Technologies Inc.,-23.99,0.232,0.287,Yes,,,
1158,4161.TWO,Bioptik Technology Incorporation,-17.91,0.168,0.078,Yes,,,
1159,6722.TW,"Whetron Electronics Co.,Ltd.",-32.09,0.325,0.12,Yes,,,
1160,8038.TWO,"Changs Ascending Enterprise Co., Ltd.",-35.6,0.365,0.656,Yes,,,
1161,6972.TWO,Protrade Applied Materials Corp.,-21.65,0.203,0.208,No,,,
1162,6873.TW,"HD Renewable Energy Co., Ltd.",-40.72,0.43,0.937,Yes,,,
1163,4552.TW,Lida Holdings Limited,-23.71,0.224,0.184,Yes,,,
1164,7881.TWO,Eyecare Tech Inc.,-19.4,0.178,0.331,Yes,,,
1165,5205.TWO,Taiwan Green Environment Technology Inc.,-33.03,0.328,0.386,No,,,
1166,6583.TWO,"Jason's Entertainment Co., Ltd.",-33.25,0.33,0.127,No,,,
1167,2235.TWO,"I Yuan Precision Industrial Co., Ltd.",-19.82,0.181,0.253,Yes,,,
1168,6645.TW,"Kim Forest Enterprise Co., Ltd.",-45.3,0.488,0.322,Yes,,,
1169,6752.TWO,Galaxy Software Services Corporation,-23.43,0.219,0.392,Yes,,,
1170,7931.TWO,"Susen Green Energy Co., Ltd.",-23.91,0.223,,,,,
1171,7818.TW,"Kemflo International Co., Ltd.",-40.78,0.422,0.44,No,,,
1172,3115.TWO,"Trust-Search Corp.,Ltd.",-28.2,0.269,0.063,No,,,
1173,6755.TWO,"Lian Hong Art. Co., Ltd.",-45.42,0.486,0.537,Yes,,,
1174,8458.TWO,1 Production Film Co.,-33.04,0.325,0.429,No,,,
1175,1473.TW,"Tainan Enterprises Co., Ltd.",-20.57,0.188,0.014,Yes,,,
1176,6123.TWO,GrandTech C.G. Systems Inc.,-14.17,0.125,0.119,Yes,,,
1177,4126.TWO,"Pacific Hospital Supply Co., Ltd",-7.58,0.064,0.019,Yes,,,
1178,6767.TWO,"Wiltrom Co., Ltd.",-17.92,0.16,0.192,Yes,,,
1179,5907.TW,Grand Ocean Retail Group Ltd.,-17.01,0.151,0.212,No,,,
1180,5202.TWO,NewSoft Technology Corporation,-37.09,0.366,0.424,Yes,,,
1181,6961.TWO,"Uni Travel Services Co., Ltd.",-30.17,0.284,0.053,No,,,
1182,4763.TW,"Jinan Acetate Chemical Co., Ltd.",-26.59,0.245,0.109,Yes,,,
1183,3541.TWO,"Cypress Technology Co.,Ltd.",-19.4,0.171,0.093,Yes,,,
1184,6212.TWO,"Li Ming Development Construction Co., Ltd.",-28.2,0.261,0.242,Yes,,,
1185,6555.TWO,"Long Time Technology Co., Ltd.",-45.05,0.466,0.908,Yes,,,
1186,1453.TW,"Ta Jiang Co., Ltd.",-16.63,0.144,0.097,Yes,,,
1187,3027.TW,"Billion Electric Co., Ltd.",-28.36,0.262,0.487,Yes,,,
1188,6758.TWO,"A-SPINE Asia Co., Ltd.",-29.41,0.271,0.288,No,,,
1189,8279.TWO,"Syngen Biotech Co.,Ltd.",-32.05,0.3,0.166,Yes,,,
1190,2498.TW,HTC Corporation,-31.37,0.292,0.482,Yes,,,
1191,6869.TW,"J&V Energy Technology Co., Ltd.",-40.64,0.4,0.772,Yes,,,
1192,2239.TW,"Cayman Engley Industrial Co., Ltd.",-41.18,0.406,0.078,No,,,
1193,1235.TW,"Shin Tai Industry Co., Ltd.",-28.95,0.261,0.512,Yes,,,
1194,7583.TWO,International Ocean Group,-57.89,0.643,0.259,No,,,
1195,4113.TWO,"We & Win Diversification Co., Ltd.",-36.64,0.345,0.11,No,,,
1196,2228.TW,"Iron Force Industrial Co., Ltd.",-25.23,0.221,0.029,Yes,,,
1197,2644.TWO,"Jong Shyn Shipbuilding Co., Ltd.",-17.88,0.15,0.067,Yes,,,
1198,7879.TWO,Advanced Material Systems Corporation,-65.78,0.784,0.341,Yes,,,
1199,2748.TW,FDC International Hotels Corporation,-11.87,0.096,0.023,Yes,,,
1200,2024.TW,"Chih Lien Industrial Co., Ltd.",-21.13,0.179,0.08,Yes,,,
1201,4128.TWO,"Microbio Co., Ltd.",-34.33,0.314,0.145,Yes,,,
1202,6968.TWO,Wonder Pets Enterprises Corporation,-27.8,0.244,0.093,No,,,
1203,6564.TWO,Enimmune Corporation,-21.17,0.179,0.031,No,,,
1204,3252.TWO,"Haiwan International Development Co., Ltd",-20.94,0.176,0.07,No,,,
1205,5878.TWO,"Taiming Assurance Broker Co.,Ltd.",-8.38,0.066,0.012,Yes,,,
1206,6118.TWO,Xander International Corp.,-25.29,0.217,0.384,Yes,,,
1207,6539.TWO,"DV Biomed Co., Ltd.",-26.54,0.229,0.056,Yes,,,
1208,5301.TWO,"CJW International Co., Ltd.",-47.64,0.471,0.42,Yes,,,
1209,6721.TWO,Sincere Security Corp. Ltd.,-10.85,0.085,0.129,Yes,,,
1210,5251.TWO,JSW Pacific Corporation,-40.46,0.378,0.341,Yes,,,
1211,7826.TWO,Twister5 Co. Ltd.,-23.57,0.197,0.488,Yes,,,
1212,4175.TWO,"MedFirst Healthcare Services, Inc.",-10.03,0.078,0.014,Yes,,,
1213,3713.TWO,"Hsinjing Holding Co., Ltd.",-35.77,0.322,0.358,Yes,,,
1214,6885.TW,"BRIM Biotechnology, Inc.",-28.39,0.244,0.065,Yes,,,
1215,6221.TWO,"Genesis Technology, Inc.",-33.51,0.297,0.46,Yes,,,
1216,5015.TWO,Rodex Fasteners Corp.,-23.43,0.194,0.128,Yes,,,
1217,3128.TWO,"Hi Sharp Intelligence Technology Co.,Ltd.",-30.65,0.264,0.304,Yes,,,
1218,7722.TW,LINE Pay Taiwan Limited,-48.08,0.467,0.266,Yes,,,
1219,2524.TW,"King's Town Construction Co., Ltd.",-25.45,0.212,0.024,Yes,,,
1220,8916.TWO,"Kwong Lung Enterprise Co., Ltd.",-12.35,0.096,0.056,No,,,
1221,8426.TWO,Redwood Group Ltd,-23.55,0.193,0.186,No,,,
1222,1438.TW,"SanDi Properties Co.,Ltd.",-39.18,0.351,0.127,No,,,
1223,3466.TWO,Skardin Industrial Corporation,-43.04,0.394,0.437,Yes,,,
1224,6235.TW,Waffer Technology Corporation,-37.03,0.325,0.538,Yes,,,
1225,4968.TW,RichWave Technology Corporation,-37.41,0.328,0.875,Yes,,,
1226,3272.TWO,"Good Way Technology Co., Ltd.",-39.0,0.346,0.901,Yes,,,
1227,6841.TWO,"Ever Fortune.AI Co., Ltd.",-25.25,0.205,0.014,No,,,
1228,3047.TW,"EDIMAX Technology Co., Ltd.",-27.53,0.226,0.385,Yes,,,
1229,3164.TW,GenMont Biotech Incorporation,-13.65,0.104,0.12,No,,,
1230,1234.TW,Hey Song Corporation,-9.22,0.067,0.033,No,,,
1231,1806.TW,"Champion Building Materials Co.,Ltd.",-14.19,0.106,0.053,Yes,,,
1232,6744.TWO,Feng Chi Biotech Corp.,-26.65,0.214,0.345,Yes,,,
1233,7803.TW,"aetherAI Co., Ltd.",-43.97,0.394,1.235,Yes,,,
1234,6266.TWO,Top Union Electronics Corp.,-11.9,0.088,0.107,Yes,,,
1235,1316.TW,"Sun Yad Construction Co.,Ltd",-28.55,0.231,0.029,Yes,,,
1236,6659.TWO,"Timing Pharmaceutial Co.,Ltd.",-27.32,0.219,0.318,Yes,,,
1237,8409.TWO,EBM Technologies Incorporated,-19.61,0.15,0.108,Yes,,,
1238,2722.TW,"Chateau International Development Co., Ltd.",-22.63,0.175,0.215,Yes,,,
1239,1340.TW,Victory New Materials Limited Company,-36.46,0.306,0.261,No,,,
1240,5604.TWO,"Chung Lien Co., Ltd",-13.88,0.102,0.074,No,,,
1241,5403.TWO,Dimerco Data System Corporation,-20.13,0.152,0.124,No,,,
1242,2442.TW,"Jean Co.,Ltd",-23.86,0.183,0.29,No,,,
1243,3552.TWO,"Tung Thih Electronic Co., Ltd.",-34.81,0.285,0.152,No,,,
1244,1480.TWO,"Tung Mung Development Co., Ltd.",-19.91,0.149,0.089,Yes,,,
1245,2901.TW,Shin Shin Co Ltd.,-8.0,0.056,0.031,No,,,
1246,2433.TW,Huxen Corporation,-10.3,0.073,0.015,No,,,
1247,5546.TW,Yonggu Group Inc.,-35.63,0.291,0.655,Yes,,,
1248,6872.TWO,NaviFUS Corp.,-31.78,0.253,0.544,Yes,,,
1249,4401.TWO,"Toung Loong Textile Mfg.Co.,Ltd.",-17.24,0.126,0.048,No,,,
1250,4935.TW,Global Lighting Technologies Inc.,-25.21,0.192,0.321,Yes,,,
1251,2482.TW,Uniform Industrial Corporation,-16.04,0.116,0.153,Yes,,,
1252,2646.TW,"STARLUX Airlines Co., Ltd.",-16.12,0.116,0.044,Yes,,,
1253,5508.TWO,"Yungshin Construction & Development Co.,Ltd.",-36.27,0.294,0.153,No,,,
1254,6595.TWO,Julien's International Entertainment Group,-13.59,0.097,0.025,Yes,,,
1255,6733.TWO,"BioGend Therapeutics Co., Ltd.",-35.43,0.285,0.168,No,,,
1256,6697.TWO,"Information Technology Total Services Co., Ltd",-14.8,0.106,0.082,Yes,,,
1257,1736.TW,"Johnson Health Tech .Co., Ltd.",-25.61,0.193,0.124,Yes,,,
1258,1584.TWO,S-Tech Corp.,-31.28,0.243,0.143,Yes,,,
1259,3379.TWO,Taiwan Benefit Company,-45.97,0.395,0.719,Yes,,,
1260,2756.TWO,Lian Fa International Dining Business Corp.,-30.28,0.234,0.052,Yes,,,
1261,3056.TW,"Fu Hua Innovation Co., Ltd.",-27.1,0.205,0.023,Yes,,,
1262,3632.TWO,Papago Inc.,-25.09,0.188,0.088,No,,,
1263,7790.TWO,"Spirit Scientific Co., Ltd.",-36.8,0.294,0.106,Yes,,,
1264,4160.TWO,Genetics Generation Advancement Corp.,-26.37,0.197,0.189,Yes,,,
1265,910861.TW,Digital China Holdings Limited,-36.26,0.288,0.539,Yes,,,
1266,6768.TW,"Sports Gear Co., Ltd.",-32.56,0.252,0.245,Yes,,,
1267,7723.TWO,"Jhu Jian Catering Co., Ltd.",-47.14,0.404,0.208,No,,,
1268,3373.TWO,Radiant Innovation Inc.,-14.98,0.104,0.138,Yes,,,
1269,4420.TWO,"Kwang Ming Silk Mill Co., Ltd.",-22.55,0.163,0.002,Yes,,,
1270,3058.TW,Leader Electronics Inc.,-27.62,0.205,0.173,Yes,,,
1271,1587.TW,Cryomax Cooling System Corp.,-42.66,0.347,0.272,Yes,,,
1272,1220.TW,"Tai Roun Products Co.,Ltd.",-15.96,0.11,0.092,Yes,,,
1273,5211.TWO,Penpower Technology LTD.,-38.67,0.305,0.081,Yes,,,
1274,1614.TW,"Taiwan Sanyo Electric Co.,Ltd.",-16.1,0.11,0.152,Yes,,,
1275,2314.TW,Microelectronics Technology Inc.,-50.22,0.427,0.122,No,,,
1276,7808.TWO,BIONET Therapeutics Corp.,-42.68,0.342,0.482,Yes,,,
1277,8466.TW,"M.J. International Co., Ltd.",-34.39,0.261,0.212,Yes,,,
1278,8401.TWO,"Bai Sha Technology Co., Ltd.",-17.63,0.121,0.143,Yes,,,
1279,6657.TW,"Energenesis Biomedical CO.,LTD.",-43.56,0.351,0.48,Yes,,,
1280,8410.TWO,"Sentien Printing Factory Co., Ltd.",-23.1,0.163,0.198,Yes,,,
1281,2608.TW,Kerry TJ Logistics Company Limited,-12.82,0.085,0.083,No,,,
1282,6272.TW,"Wieson Technologies Co., Ltd.",-48.47,0.402,0.842,Yes,,,
1283,1446.TW,"Hong Ho Precision Textile Co.,Ltd.",-24.76,0.175,0.069,No,,,
1284,2067.TWO,"Chia Yi Steel Co., Ltd.",-43.16,0.343,0.24,Yes,,,
1285,6593.TWO,"Taiwan Numerical Powers Co., Ltd.",-32.78,0.243,0.237,Yes,,,
1286,4746.TW,"Formosa Laboratories, Inc.",-21.79,0.15,0.075,Yes,,,
1287,7561.TWO,"Bioray Biotech Co., Ltd",-34.82,0.259,0.172,No,,,
1288,6982.TWO,"Walrus Pump Co., Ltd.",-30.75,0.223,0.523,Yes,,,
1289,2506.TW,"Pacific Construction Co., Ltd",-9.7,0.062,0.105,No,,,
1290,4584.TWO,"Jufan Industrial Co., Ltd.",-22.72,0.156,0.184,Yes,,,
1291,6523.TWO,"Dr. Wu Skincare Co., Ltd.",-22.61,0.153,0.244,No,,,
1292,8404.TW,Paiho Shih Holdings Corporation,-33.84,0.245,0.247,Yes,,,
1293,1732.TW,Mao Bao Inc.,-12.12,0.077,0.046,Yes,,,
1294,3083.TWO,Chinese Gamer International Corporation,-30.04,0.211,0.259,Yes,,,
1295,7595.TWO,"Pharmigene, Inc.",-40.47,0.304,0.041,No,,,
1296,7784.TWO,"Anbogen Therapeutics, Inc.",-27.16,0.187,0.497,Yes,,,
1297,4108.TW,PhytoHealth Corporation,-24.37,0.165,0.243,Yes,,,
1298,2941.TWO,Mister International Enterprise Corp.,-49.08,0.392,0.36,No,,,
1299,3325.TWO,"Casing Macron Technology Co., Ltd.",-38.36,0.283,0.285,Yes,,,
1300,3064.TWO,Astro Corporation,-58.28,0.503,0.293,Yes,,,
1301,7724.TWO,"U-ARK Technology Co., Ltd",-45.93,0.354,0.291,Yes,,,
1302,4183.TWO,EPS Bio Technology Corp.,-26.41,0.178,0.314,No,,,
1303,2429.TW,"Abonmax Co., Ltd",-69.22,0.657,1.408,Yes,,,
1304,1506.TW,"Right Way Industrial Co.,Ltd",-23.84,0.157,0.006,No,,,
1305,6035.TWO,EASYCARD Corporation,-20.42,0.132,0.189,No,,,
1306,8917.TWO,"Hsin Tai Gas Co., Ltd.",-11.91,0.073,0.101,No,,,
1307,6541.TW,"Tanvex BioPharma, Inc.",-34.79,0.243,0.372,Yes,,,
1308,1445.TW,"Universal Textile Co., Ltd.",-29.86,0.202,0.217,Yes,,,
1309,4714.TWO,"U-Best Innovative Technology Co., Ltd.",-46.39,0.35,0.667,Yes,,,
1310,1418.TW,TongHwa Corporation,-18.55,0.117,0.106,Yes,,,
1311,6143.TWO,"Netronix, Inc.",-35.46,0.247,0.343,Yes,,,
1312,6144.TWO,"Deltamac(Taiwan)Co.,Ltd",-33.76,0.233,0.083,Yes,,,
1313,7836.TWO,"KNST Co., Ltd.",-37.92,0.269,0.322,Yes,,,
1314,6846.TWO,"Greenyn Biotechnology Co., Ltd",-21.23,0.135,0.026,No,,,
1315,4138.TWO,Dynamic Medical Technologies Inc.,-21.11,0.133,0.161,No,,,
1316,7824.TWO,Nada Holdings Corp,-49.96,0.381,0.387,Yes,,,
1317,1813.TWO,"Polylite Taiwan Co., Ltd.",-18.07,0.111,0.092,No,,,
1318,5203.TW,CyberLink Corp.,-37.09,0.255,0.193,Yes,,,
1319,8101.TW,Arima Communications Corp.,-31.18,0.206,0.106,Yes,,,
1320,6976.TWO,"Acepodia, Inc.",-34.2,0.231,0.287,Yes,,,
1321,7888.TWO,Libo Pharma Corp.,-49.28,0.37,0.023,Yes,,,
1322,7873.TWO,"Raytek Semiconductor, Inc",-87.8,1.078,3.828,Yes,,,
1323,2514.TW,"Long Bon International Co.,Ltd",-22.18,0.138,0.135,Yes,,,
1324,6926.TWO,"Shine-On BioMedical Co.,Ltd.",-19.13,0.117,0.26,No,,,
1325,6850.TWO,BiOptic Inc.,-32.34,0.214,0.144,Yes,,,
1326,5531.TW,"Shining Building Business Co.,Ltd.",-21.63,0.134,0.223,No,,,
1327,6671.TW,"San Neng Group Holdings Co., LTD.",-34.93,0.234,0.316,Yes,,,
1328,6838.TW,"Formosa Pharmaceuticals, Inc.",-25.84,0.162,0.026,No,,,
1329,6294.TWO,"Tekom Technologies, Inc",-38.88,0.264,0.236,No,,,
1330,6558.TW,SYNergy ScienTech Corp.,-49.36,0.361,0.758,Yes,,,
1331,3625.TWO,C-Tech United Corp.,-49.35,0.36,0.105,Yes,,,
1332,6176.TW,Radiant Opto-Electronics Corporation,-49.27,0.358,0.814,Yes,,,
1333,4190.TW,Jourdeness Group Limited,-22.24,0.135,0.049,No,,,
1334,2734.TWO,"Ezfly International Travel Agent Co., Ltd.",-25.65,0.159,0.18,Yes,,,
1335,6785.TWO,Alar Pharmaceuticals Inc.,-58.54,0.46,0.228,Yes,,,
1336,5201.TWO,K WAY Information Corporation,-36.5,0.24,0.434,No,,,
1337,6219.TWO,"Full Wang International Development Co., Ltd.",-41.95,0.284,0.028,No,,,
1338,3557.TW,"Jia Wei Lifestyle, Inc.",-41.17,0.277,0.039,Yes,,,
1339,1616.TW,Evertop Wire Cable Corporation,-40.94,0.275,0.586,Yes,,,
1340,6815.TWO,"Diamond Biotechnology Co., Ltd",-56.66,0.429,0.384,Yes,,,
1341,2543.TW,"Hwang Chang General Contractor Co., Ltd",-44.66,0.306,0.067,No,,,
1342,5902.TWO,"Tait Marketing & Distribution Co., Ltd.",-22.64,0.133,0.129,No,,,
1343,1512.TW,"Jui Li Enterprise Co., Ltd.",-24.33,0.144,0.034,No,,,
1344,6140.TWO,"Dimension Computer Technology Co., Ltd.",-48.73,0.34,0.599,Yes,,,
1345,4416.TWO,"Shanyuan Co., Ltd.",-74.73,0.679,0.972,Yes,,,
1346,2904.TW,Prime Oil Chemical Service Corporation,-23.78,0.14,0.139,No,,,
1347,8467.TW,Bonny Worldwide Limited,-44.85,0.303,0.205,Yes,,,
1348,2758.TWO,Louisa Professional Coffee Ltd.,-31.85,0.197,0.394,No,,,
1349,1796.TWO,"GeneFerm Biotechnology Co., Ltd.",-47.35,0.326,0.556,Yes,,,
1350,2468.TW,Fortune Information Systems Corp,-35.64,0.225,0.107,Yes,,,
1351,1565.TWO,"St.Shine Optical Co.,Ltd.",-30.28,0.185,0.143,Yes,,,
1352,6216.TW,DrayTek Corporation,-23.43,0.137,0.126,Yes,,,
1353,4174.TWO,"OBI Pharma, Inc.",-51.28,0.362,0.207,No,,,
1354,6264.TWO,Kingland Property Corporation Ltd.,-18.63,0.105,0.105,Yes,,,
1355,8489.TWO,"Samebest Co., LTD.",-44.76,0.297,0.291,Yes,,,
1356,2430.TW,"Tsann Kuen Enterprise Co.,Ltd",-25.82,0.15,0.011,No,,,
1357,2736.TWO,HOYA Resort Hotel Group,-23.19,0.132,0.181,Yes,,,
1358,2724.TWO,"Architectural Aesthetics Global Development CO.,LTD.",-44.06,0.286,0.294,No,,,
1359,9919.TW,"KNH Enterprise Co., Ltd.",-20.91,0.117,0.046,No,,,
1360,6158.TWO,P-Two Industries Inc.,-33.33,0.199,0.33,Yes,,,
1361,3609.TWO,"HEP Tech Co., Ltd.",-64.14,0.491,0.249,Yes,,,
1362,6674.TW,"Compal Broadband Networks, Inc.",-28.82,0.167,0.371,Yes,,,
1363,7415.TWO,"BE Epitaxy Semiconductor Technology Co., Ltd.",-61.88,0.462,,,,,
1364,5905.TWO,"Nan Ren Lake Leisure Amusement Co., Ltd.",-28.92,0.167,0.238,Yes,,,
1365,6887.TW,"BORETECH Resource Recovery Engineering CO., LTD.",-46.05,0.297,0.473,No,,,
1366,6148.TWO,Azion Corporation,-39.55,0.243,0.058,No,,,
1367,5258.TW,"Castles Technology Co., Ltd.",-40.25,0.248,0.162,Yes,,,
1368,8403.TWO,"ShareHope Medicine Co., Ltd.",-22.63,0.125,0.035,No,,,
1369,3447.TW,XAVi Technologies Corporation,-54.71,0.377,0.42,Yes,,,
1370,1535.TW,China Ecotek Corporation,-12.25,0.064,0.073,No,,,
1371,1410.TW,"Nan Yang Dyeing & Finishing Co.,Ltd",-29.87,0.171,0.19,No,,,
1372,1108.TW,Lucky Cement Co.,-18.0,0.096,0.077,Yes,,,
1373,6580.TWO,"TaiRx, Inc.",-53.8,0.365,0.529,Yes,,,
1374,6648.TWO,"Das Technology Co., Ltd.",-43.98,0.276,0.377,Yes,,,
1375,1201.TW,Wei Chuan Foods Corporation,-20.2,0.109,0.032,No,,,
1376,9910.TW,"Feng Tay Enterprises Co., Ltd.",-43.15,0.268,0.102,No,,,
1377,6198.TWO,"Rich Circle Development Co., Ltd.",-33.31,0.193,0.34,Yes,,,
1378,6908.TW,Acer Gaming Inc.,-51.43,0.339,0.641,Yes,,,
1379,8929.TWO,"Fu Burg Industrial Co., Ltd.",-27.59,0.154,0.232,No,,,
1380,1338.TW,Hiroca Holdings Ltd.,-34.31,0.199,0.404,Yes,,,
1381,8450.TWO,"Pili International Multimedia Co.,Ltd.",-17.16,0.09,0.097,No,,,
1382,7752.TWO,"Century Huaxin Wind Energy Co., Ltd.",-61.68,0.441,0.395,No,,,
1383,1580.TWO,Sinmag Equipment Corporation,-18.27,0.096,0.097,No,,,
1384,2741.TWO,"Renjie Oldsichuan Catering Management Consultant Co., Ltd.",-44.7,0.276,0.298,No,,,
1385,8011.TW,"Tai Tung Communication Co., Ltd.",-26.71,0.146,0.061,Yes,,,
1386,6857.TWO,Acer Medical Inc.,-25.78,0.14,0.173,Yes,,,
1387,1538.TW,"Jenn Feng Industrial Tools Co., Ltd.",-64.06,0.467,0.788,Yes,,,
1388,7811.TWO,"Minson Integration, Inc.",-41.64,0.251,0.269,Yes,,,
1389,7918.TWO,XALLOY Advanced Materials Corporation,-77.9,0.675,2.341,Yes,,,
1390,6281.TW,E-Life Corporation,-22.63,0.121,0.188,No,,,
1391,6169.TWO,InterServ International Inc.,-38.75,0.227,0.025,No,,,
1392,9943.TW,"Holiday Entertainment Co.,Ltd",-18.27,0.095,0.019,No,,,
1393,8478.TW,"Alexander Marine Co., Ltd.",-35.42,0.203,0.106,Yes,,,
1394,8940.TW,"New Palace International Co., Ltd.",-25.5,0.137,0.114,Yes,,,
1395,2761.TWO,"G-Yen Hutong Co., Ltd.",-33.24,0.186,0.198,Yes,,,
1396,7915.TWO,U-LEAM Inc.,-82.74,0.761,0.809,Yes,,,
1397,2530.TW,"Delpha Construction Co.,Ltd.",-37.02,0.21,0.309,No,,,
1398,6807.TW,FY Group Ltd.,-31.66,0.173,0.145,No,,,
1399,2230.TWO,"C.T.I. Traffic Industries Co., Ltd.",-73.99,0.582,0.038,No,,,
1400,3259.TWO,"Solid State System Co., Ltd.",-39.76,0.225,0.092,Yes,,,
1401,4999.TW,Sinher Technology Inc.,-27.3,0.143,0.249,Yes,,,
1402,6186.TWO,"Shin Ruenn development Co., LTD",-44.01,0.256,0.157,Yes,,,
1403,3073.TWO,"Teamphon Energy Co., Ltd.",-46.21,0.272,0.068,No,,,
1404,6201.TW,"Ya Horng Electronic Co., Ltd.",-18.26,0.089,0.041,Yes,,,
1405,7847.TWO,"Li Yu Chu Co., Ltd.",-55.65,0.35,0.308,Yes,,,
1406,9958.TW,"Century Iron and Steel Industrial Co.,Ltd.",-47.37,0.278,0.085,Yes,,,
1407,6997.TWO,"Nextlink Technology Co., Limited",-30.77,0.161,0.132,Yes,,,
1408,7850.TWO,Protect Animal Health Inc.,-62.2,0.416,0.561,Yes,,,
1409,8444.TWO,Green River Holding Co. Ltd.,-66.34,0.462,0.67,No,,,
1410,6963.TWO,"Texture Maker Enterprise Co., Ltd",-22.2,0.11,0.053,No,,,
1411,7909.TWO,"Ye Siang Enterprise Co., Ltd.",-73.34,0.552,0.175,Yes,,,
1412,2913.TW,Taiwan Tea Corporation,-21.86,0.107,0.083,No,,,
1413,7705.TW,"Mercuries F&B Co., Ltd.",-25.79,0.129,0.005,Yes,,,
1414,6843.TWO,"JDV Control Valves Co., Ltd.",-32.16,0.167,0.004,No,,,
1415,6844.TWO,"Norbel Baby Co., Ltd",-30.38,0.156,0.054,No,,,
1416,1436.TW,"Hua Yu Lien Development Co., Ltd",-41.49,0.228,0.148,No,,,
1417,6550.TW,Polaris Group,-69.63,0.492,0.728,Yes,,,
1418,2929.TW,TOPBI International Holdings Limited,-40.64,0.219,0.187,Yes,,,
1419,1707.TW,Grape King Bio Ltd,-28.72,0.142,0.186,No,,,
1420,1413.TW,"Hung Chou Fiber Ind. Co., Ltd",-13.59,0.062,0.042,No,,,
1421,6228.TWO,"Pacific Image Electronics Co., Ltd.",-43.32,0.235,0.067,Yes,,,
1422,4104.TW,"Excelsior Medical Co., Ltd.",-13.11,0.059,0.05,No,,,
1423,6543.TWO,"Perfect Medical Industry Co., Ltd.",-38.85,0.198,0.062,Yes,,,
1424,6637.TWO,Medical Imaging Corporation,-25.45,0.119,0.029,Yes,,,
1425,6864.TWO,"Anti-Microbial Savior BioteQ Co., Ltd.",-51.26,0.286,0.057,Yes,,,
1426,2255.TWO,"JET Optoelectronics Co., Ltd.",-52.46,0.292,0.434,Yes,,,
1427,7745.TWO,"Red Sunrise Co., Ltd.",-65.77,0.414,0.578,Yes,,,
1428,7862.TWO,"Acegreen Eco-Material Technology Co., Ltd.",-59.74,0.354,0.344,No,,,
1429,9924.TW,"Taiwan Fu Hsing Industrial Co.,Ltd.",-28.64,0.133,0.049,No,,,
1430,6188.TWO,Quanta Storage Inc.,-41.04,0.205,0.353,Yes,,,
1431,1586.TWO,"China Fineblanking Technology Co.,Ltd.",-33.91,0.161,0.127,Yes,,,
1432,4129.TWO,United Orthopedic Corporation,-31.67,0.147,0.168,Yes,,,
1433,3313.TWO,"Feei Cherng Develop Technology Co., Ltd.",-45.41,0.228,0.035,No,,,
1434,7736.TW,Hushan Autoparts Inc.,-22.68,0.098,0.123,Yes,,,
1435,4205.TWO,"Chung Hwa Food Industrial Co., Ltd.",-18.56,0.078,0.164,No,,,
1436,5225.TW,Eastech Holding Limited,-44.14,0.216,0.087,Yes,,,
1437,4109.TWO,"Jia Jie Biomedical Co., Ltd.",-37.6,0.175,0.194,No,,,
1438,3297.TWO,"Hunt Electronic Co., Ltd.",-50.59,0.257,0.26,Yes,,,
1439,6737.TWO,"Solid Year Co., Ltd.",-56.4,0.3,0.341,Yes,,,
1440,7841.TWO,Cybersoft Digital Services Corporation,-42.14,0.199,0.006,Yes,,,
1441,1441.TW,"Tah Tong Textile Co., Ltd.",-24.06,0.1,0.044,Yes,,,
1442,4173.TWO,"Arich Enterprise Co., Ltd.",-29.4,0.125,0.125,Yes,,,
1443,2729.TWO,TTFB Company Limited,-14.86,0.058,0.114,No,,,
1444,4911.TWO,"G&E Herbal Biotechnology Co., Ltd.",-38.95,0.176,0.068,No,,,
1445,2642.TW,"Taiwan Pelican Express Co., Ltd.",-32.08,0.138,0.098,Yes,,,
1446,6184.TW,Dafeng TV Ltd.,-13.18,0.051,0.031,Yes,,,
1447,7791.TW,"Lucky Royal Co., Ltd.",-29.93,0.127,0.224,Yes,,,
1448,6994.TW,"Foxwell Power Co., Ltd.",-63.61,0.349,0.521,Yes,,,
1449,4726.TWO,Mycenax Biotech Inc.,-38.37,0.169,0.043,Yes,,,
1450,2754.TWO,"Kura Sushi Asia Co., Ltd.",-30.2,0.125,0.048,Yes,,,
1451,5603.TWO,Sea & Land Integrated Corp.,-27.56,0.112,0.09,No,,,
1452,8045.TW,"TWOWAY Communications, Inc.",-42.13,0.187,0.182,Yes,,,
1453,4172.TWO,InnoPharmax Inc.,-47.4,0.218,0.118,Yes,,,
1454,6876.TWO,"LAUNXP Biomedical Co., Ltd",-56.07,0.274,0.225,No,,,
1455,8924.TWO,"O-TA Precision Industry Co., Ltd.",-27.76,0.111,0.139,Yes,,,
1456,8066.TWO,Lifestyle Global Enterprise Inc.,-34.91,0.144,0.034,No,,,
1457,7819.TWO,Systex Fintech Corporation,-72.52,0.415,0.011,Yes,,,
1458,7833.TWO,"Greenrock Energy Co., Ltd.",-60.02,0.295,0.036,No,,,
1459,8437.TWO,Dadi Early-Childhood Education Group Limited,-49.54,0.221,0.359,Yes,,,
1460,4426.TW,"Li Cheng Enterprise Co., Ltd.",-27.19,0.103,0.15,No,,,
1461,4724.TWO,"Meribank Biotech Co., Ltd",-55.43,0.257,0.292,Yes,,,
1462,8429.TW,Jinli Group Holdings Limited,-25.27,0.094,0.016,No,,,
1463,6704.TWO,"Gwo Xi Stem Cell Applied Technology Co. , Ltd",-39.5,0.159,0.142,Yes,,,
1464,2743.TWO,"Richmond International Travel & Tours Co.,Ltd",-35.9,0.141,0.336,Yes,,,
1465,2726.TWO,Yummy Town (Cayman) Holdings Corporation,-50.62,0.219,0.364,Yes,,,
1466,1786.TW,SciVision Biotech Inc.,-53.26,0.233,0.28,Yes,,,
1467,7889.TWO,"TSA International Co., Ltd.",-37.42,0.145,0.04,No,,,
1468,4164.TW,CHC Healthcare Group,-46.4,0.189,0.132,Yes,,,
1469,3078.TWO,"Channel Well Technology Co.,Ltd.",-37.51,0.143,0.169,Yes,,,
1470,7507.TWO,Enrestec Inc.,-53.41,0.228,0.254,No,,,
1471,1264.TWO,Tehmag Foods Corporation,-12.0,0.039,0.018,No,,,
1472,2424.TW,"Lung Hwa Electronics Co., Ltd.",-85.78,0.546,0.262,Yes,,,
1473,1213.TW,"Oceanic Beverages Co., Inc.",-42.06,0.161,0.006,No,,,
1474,6591.TW,Sun Max Tech Limited,-45.76,0.179,0.29,Yes,,,
1475,2926.TWO,Eslite Spectrum Corporation,-32.82,0.116,0.121,Yes,,,
1476,7771.TWO,Greenbase Technology Corp,-47.19,0.183,0.047,No,,,
1477,7566.TWO,"Argo Yachts Development Co.,Ltd.",-43.43,0.164,0.024,No,,,
1478,4930.TW,"Star Comgistic Capital Co., Ltd.",-30.48,0.104,0.095,Yes,,,
1479,8272.TWO,Changing Information Technology Inc.,-31.28,0.105,0.168,Yes,,,
1480,6817.TWO,"Winston Medical Supply Co., Ltd.",-57.85,0.233,0.329,Yes,,,
1481,7898.TWO,"InPsytech, Inc.",-90.05,0.581,1.297,Yes,,,
1482,7919.TWO,Altasec Technology Corporation,-90.62,0.588,1.864,Yes,,,
1483,7759.TWO,"Sunhawk Vision Biotech, Inc.",-60.69,0.246,0.096,Yes,,,
1484,5364.TWO,"Lealea Hotels & Resorts Co., Ltd.",-52.64,0.198,0.268,No,,,
1485,6276.TWO,Antec Inc.,-55.82,0.214,0.116,Yes,,,
1486,8089.TWO,Comtrend Corporation,-51.36,0.188,0.155,Yes,,,
1487,6535.TWO,"Lumosa Therapeutics Co., Ltd.",-75.38,0.354,0.259,Yes,,,
1488,4192.TWO,"SynCore Biotechnology Co.,Ltd",-34.32,0.107,0.119,Yes,,,
1489,6925.TWO,"eLand Information Co., Ltd",-63.86,0.243,0.109,No,,,
1490,3644.TWO,"Linco Technology Co., Ltd.",-80.53,0.357,,,,,
1491,6482.TWO,"Fun Yours Technology Co.,Ltd.",-46.74,0.125,0.001,Yes,,,
1492,2719.TWO,TSG Star Travel Corp.,-45.13,0.117,0.283,Yes,,,
1493,7770.TWO,"ZEITEC Semiconductor Co., LTD.",-57.37,0.163,0.176,No,,,
1494,1295.TWO,Synbio Tech Inc.,-63.48,0.175,0.022,Yes,,,
1495,7913.TWO,QBit Semiconductor Ltd.,-64.26,0.166,0.289,Yes,,,
1496,7922.TWO,EVOASIS INC.,-62.09,0.132,0.411,Yes,,,
1497,7794.TWO,Acerpure Inc.,26.03,,,,,,
1498,7835.TW,H2U Corporation,-54.64,,,,,,
1499,7904.TWO,"Citiesocial Co., Ltd.",-76.68,,,,,,
1500,7933.TWO,"Weblisher Data Tech Co., Ltd.",-60.63,,,,,,
1501,7422.TWO,"SMOBiO Technology, Inc",-51.84,,,,,,
1502,7748.TWO,"Jollify Creative, Ltd.",-85.6,,,,,,
1503,6849.TWO,"Chyi Ding Technologies Co., Ltd",-19.89,,,,,,
